case,id,band,family,degree,params,oracle,solver,roots,ms,status
and03_chebyshev_T_d128_b321,37,1,chebyshev_T,128,t03 d128 b321,128,IsaRRI,128,4.7511,OK
and03_chebyshev_T_d128_b321,37,1,chebyshev_T,128,t03 d128 b321,128,msolve,128,11.3261,OK
and03_chebyshev_T_d128_b321,37,1,chebyshev_T,128,t03 d128 b321,128,anewdsc,128,31.5190,OK
and03_chebyshev_T_d128_b321,37,1,chebyshev_T,128,t03 d128 b321,128,anewdsc_i0,128,33.2280,OK
and03_chebyshev_T_d128_b321,37,1,chebyshev_T,128,t03 d128 b321,128,sage,128,74.2430,OK
and03_chebyshev_T_d128_b321,37,1,chebyshev_T,128,t03 d128 b321,128,pari,128,3.4971,OK
and03_chebyshev_T_d128_b321,37,1,chebyshev_T,128,t03 d128 b321,128,z3,128,65.2640,OK
and03_chebyshev_T_d128_b321,37,1,chebyshev_T,128,t03 d128 b321,128,cgal,128,157.4940,OK
and03_chebyshev_T_d128_b321,37,1,chebyshev_T,128,t03 d128 b321,128,libpoly,128,33.2702,OK
and03_chebyshev_T_d181_b456,38,2,chebyshev_T,181,t03 d181 b456,181,IsaRRI,181,43.8624,OK
and03_chebyshev_T_d181_b456,38,2,chebyshev_T,181,t03 d181 b456,181,msolve,181,28.6173,OK
and03_chebyshev_T_d181_b456,38,2,chebyshev_T,181,t03 d181 b456,181,anewdsc,180,82.6720,OK
and03_chebyshev_T_d181_b456,38,2,chebyshev_T,181,t03 d181 b456,181,anewdsc_i0,181,85.5130,OK
and03_chebyshev_T_d181_b456,38,2,chebyshev_T,181,t03 d181 b456,181,sage,181,101.2130,OK
and03_chebyshev_T_d181_b456,38,2,chebyshev_T,181,t03 d181 b456,181,pari,181,9.7193,OK
and03_chebyshev_T_d181_b456,38,2,chebyshev_T,181,t03 d181 b456,181,z3,181,215.7190,OK
and03_chebyshev_T_d181_b456,38,2,chebyshev_T,181,t03 d181 b456,181,cgal,181,452.2570,OK
and03_chebyshev_T_d181_b456,38,2,chebyshev_T,181,t03 d181 b456,181,libpoly,181,92.1745,OK
and03_chebyshev_T_d256_b646,39,3,chebyshev_T,256,t03 d256 b646,256,IsaRRI,256,23.0538,OK
and03_chebyshev_T_d256_b646,39,3,chebyshev_T,256,t03 d256 b646,256,msolve,256,93.4976,OK
and03_chebyshev_T_d256_b646,39,3,chebyshev_T,256,t03 d256 b646,256,anewdsc,256,240.7890,OK
and03_chebyshev_T_d256_b646,39,3,chebyshev_T,256,t03 d256 b646,256,anewdsc_i0,256,245.8140,OK
and03_chebyshev_T_d256_b646,39,3,chebyshev_T,256,t03 d256 b646,256,sage,256,147.0910,OK
and03_chebyshev_T_d256_b646,39,3,chebyshev_T,256,t03 d256 b646,256,pari,256,29.6670,OK
and03_chebyshev_T_d256_b646,39,3,chebyshev_T,256,t03 d256 b646,256,z3,256,880.0200,OK
and03_chebyshev_T_d256_b646,39,3,chebyshev_T,256,t03 d256 b646,256,cgal,256,1295.8800,OK
and03_chebyshev_T_d256_b646,39,3,chebyshev_T,256,t03 d256 b646,256,libpoly,256,263.2820,OK
and03_chebyshev_T_d362_b916,40,4,chebyshev_T,362,t03 d362 b916,362,IsaRRI,362,65.7450,OK
and03_chebyshev_T_d362_b916,40,4,chebyshev_T,362,t03 d362 b916,362,msolve,362,283.2500,OK
and03_chebyshev_T_d362_b916,40,4,chebyshev_T,362,t03 d362 b916,362,anewdsc,362,673.7940,OK
and03_chebyshev_T_d362_b916,40,4,chebyshev_T,362,t03 d362 b916,362,anewdsc_i0,362,694.0720,OK
and03_chebyshev_T_d362_b916,40,4,chebyshev_T,362,t03 d362 b916,362,sage,362,294.5000,OK
and03_chebyshev_T_d362_b916,40,4,chebyshev_T,362,t03 d362 b916,362,pari,362,88.0915,OK
and03_chebyshev_T_d362_b916,40,4,chebyshev_T,362,t03 d362 b916,362,z3,362,4087.9700,OK
and03_chebyshev_T_d362_b916,40,4,chebyshev_T,362,t03 d362 b916,362,cgal,362,4177.8600,OK
and03_chebyshev_T_d362_b916,40,4,chebyshev_T,362,t03 d362 b916,362,libpoly,362,767.6010,OK
and03_chebyshev_T_d512_b1297,41,5,chebyshev_T,512,t03 d512 b1297,512,IsaRRI,512,144.7000,OK
and03_chebyshev_T_d512_b1297,41,5,chebyshev_T,512,t03 d512 b1297,512,msolve,512,876.5810,OK
and03_chebyshev_T_d512_b1297,41,5,chebyshev_T,512,t03 d512 b1297,512,anewdsc,512,2365.2300,OK
and03_chebyshev_T_d512_b1297,41,5,chebyshev_T,512,t03 d512 b1297,512,anewdsc_i0,512,2597.1450,OK
and03_chebyshev_T_d512_b1297,41,5,chebyshev_T,512,t03 d512 b1297,512,sage,512,425.8100,OK
and03_chebyshev_T_d512_b1297,41,5,chebyshev_T,512,t03 d512 b1297,512,pari,512,304.6230,OK
and03_chebyshev_T_d512_b1297,41,5,chebyshev_T,512,t03 d512 b1297,512,z3,512,15835.2000,OK
and03_chebyshev_T_d512_b1297,41,5,chebyshev_T,512,t03 d512 b1297,512,cgal,512,13389.4000,OK
and03_chebyshev_T_d512_b1297,41,5,chebyshev_T,512,t03 d512 b1297,512,libpoly,512,2282.8600,OK
and03_chebyshev_T_d724_b1836,42,6,chebyshev_T,724,t03 d724 b1836,724,IsaRRI,724,396.7500,OK
and03_chebyshev_T_d724_b1836,42,6,chebyshev_T,724,t03 d724 b1836,724,msolve,724,2938.2600,OK
and03_chebyshev_T_d724_b1836,42,6,chebyshev_T,724,t03 d724 b1836,724,anewdsc,724,7236.4490,OK
and03_chebyshev_T_d724_b1836,42,6,chebyshev_T,724,t03 d724 b1836,724,anewdsc_i0,724,6964.1740,OK
and03_chebyshev_T_d724_b1836,42,6,chebyshev_T,724,t03 d724 b1836,724,sage,724,1414.8290,OK
and03_chebyshev_T_d724_b1836,42,6,chebyshev_T,724,t03 d724 b1836,724,pari,724,1047.6800,OK
and03_chebyshev_T_d724_b1836,42,6,chebyshev_T,724,t03 d724 b1836,724,z3,724,60316.7000,OK
and03_chebyshev_T_d724_b1836,42,6,chebyshev_T,724,t03 d724 b1836,724,cgal,724,44631.4000,OK
and03_chebyshev_T_d724_b1836,42,6,chebyshev_T,724,t03 d724 b1836,724,libpoly,724,6946.8200,OK
and03_chebyshev_T_d1024_b2599,43,7,chebyshev_T,1024,t03 d1024 b2599,1024,IsaRRI,1024,1185.3200,OK
and03_chebyshev_T_d1024_b2599,43,7,chebyshev_T,1024,t03 d1024 b2599,1024,msolve,1024,9689.7000,OK
and03_chebyshev_T_d1024_b2599,43,7,chebyshev_T,1024,t03 d1024 b2599,1024,anewdsc,1024,28296.6790,OK
and03_chebyshev_T_d1024_b2599,43,7,chebyshev_T,1024,t03 d1024 b2599,1024,anewdsc_i0,1024,30004.0100,OK
and03_chebyshev_T_d1024_b2599,43,7,chebyshev_T,1024,t03 d1024 b2599,1024,sage,1024,5115.4750,OK
and03_chebyshev_T_d1024_b2599,43,7,chebyshev_T,1024,t03 d1024 b2599,1024,pari,1024,4083.0200,OK
and03_chebyshev_T_d1024_b2599,43,7,chebyshev_T,1024,t03 d1024 b2599,1024,z3,-1,180000.0000,TIMEOUT
and03_chebyshev_T_d1024_b2599,43,7,chebyshev_T,1024,t03 d1024 b2599,1024,cgal,1024,154163.0000,OK
and03_chebyshev_T_d1024_b2599,43,7,chebyshev_T,1024,t03 d1024 b2599,1024,libpoly,1024,22593.4000,OK
and03_chebyshev_T_d1448_b3677,44,8,chebyshev_T,1448,t03 d1448 b3677,1448,IsaRRI,1448,4521.0800,OK
and03_chebyshev_T_d1448_b3677,44,8,chebyshev_T,1448,t03 d1448 b3677,1448,msolve,1448,31186.3000,OK
and03_chebyshev_T_d1448_b3677,44,8,chebyshev_T,1448,t03 d1448 b3677,1448,anewdsc,1448,93220.5390,OK
and03_chebyshev_T_d1448_b3677,44,8,chebyshev_T,1448,t03 d1448 b3677,1448,anewdsc_i0,1448,89989.6600,OK
and03_chebyshev_T_d1448_b3677,44,8,chebyshev_T,1448,t03 d1448 b3677,1448,sage,1448,4867.4310,OK
and03_chebyshev_T_d1448_b3677,44,8,chebyshev_T,1448,t03 d1448 b3677,1448,pari,1448,14017.9000,OK
and03_chebyshev_T_d1448_b3677,44,8,chebyshev_T,1448,t03 d1448 b3677,1448,z3,-1,-1,SKIPPED(>=B7)
and03_chebyshev_T_d1448_b3677,44,8,chebyshev_T,1448,t03 d1448 b3677,1448,cgal,-1,180000.0000,TIMEOUT
and03_chebyshev_T_d1448_b3677,44,8,chebyshev_T,1448,t03 d1448 b3677,1448,libpoly,1448,76373.1000,OK
and03_chebyshev_T_d2048_b5202,45,9,chebyshev_T,2048,t03 d2048 b5202,2048,IsaRRI,2048,15814.3000,OK
and03_chebyshev_T_d2048_b5202,45,9,chebyshev_T,2048,t03 d2048 b5202,2048,msolve,2048,103960.0000,OK
and03_chebyshev_T_d2048_b5202,45,9,chebyshev_T,2048,t03 d2048 b5202,2048,anewdsc,-1,180000.0000,TIMEOUT
and03_chebyshev_T_d2048_b5202,45,9,chebyshev_T,2048,t03 d2048 b5202,2048,anewdsc_i0,-1,180000.0000,TIMEOUT
and03_chebyshev_T_d2048_b5202,45,9,chebyshev_T,2048,t03 d2048 b5202,2048,sage,2048,10005.4020,OK
and03_chebyshev_T_d2048_b5202,45,9,chebyshev_T,2048,t03 d2048 b5202,2048,pari,2048,55733.6000,OK
and03_chebyshev_T_d2048_b5202,45,9,chebyshev_T,2048,t03 d2048 b5202,2048,z3,-1,-1,SKIPPED(>=B7)
and03_chebyshev_T_d2048_b5202,45,9,chebyshev_T,2048,t03 d2048 b5202,2048,cgal,-1,-1,SKIPPED(>=B8)
and03_chebyshev_T_d2048_b5202,45,9,chebyshev_T,2048,t03 d2048 b5202,2048,libpoly,-1,180000.0000,TIMEOUT
and04_chebyshev_U_d128_b322,46,1,chebyshev_U,128,t04 d128 b322,128,IsaRRI,128,5.0467,OK
and04_chebyshev_U_d128_b322,46,1,chebyshev_U,128,t04 d128 b322,128,msolve,128,10.9935,OK
and04_chebyshev_U_d128_b322,46,1,chebyshev_U,128,t04 d128 b322,128,anewdsc,128,32.9840,OK
and04_chebyshev_U_d128_b322,46,1,chebyshev_U,128,t04 d128 b322,128,anewdsc_i0,128,34.8780,OK
and04_chebyshev_U_d128_b322,46,1,chebyshev_U,128,t04 d128 b322,128,sage,128,83.2190,OK
and04_chebyshev_U_d128_b322,46,1,chebyshev_U,128,t04 d128 b322,128,pari,128,3.5723,OK
and04_chebyshev_U_d128_b322,46,1,chebyshev_U,128,t04 d128 b322,128,z3,128,62.9130,OK
and04_chebyshev_U_d128_b322,46,1,chebyshev_U,128,t04 d128 b322,128,cgal,128,158.9520,OK
and04_chebyshev_U_d128_b322,46,1,chebyshev_U,128,t04 d128 b322,128,libpoly,128,33.6048,OK
and04_chebyshev_U_d181_b457,47,2,chebyshev_U,181,t04 d181 b457,181,IsaRRI,181,43.7306,OK
and04_chebyshev_U_d181_b457,47,2,chebyshev_U,181,t04 d181 b457,181,msolve,181,27.7256,OK
and04_chebyshev_U_d181_b457,47,2,chebyshev_U,181,t04 d181 b457,181,anewdsc,180,82.1380,OK
and04_chebyshev_U_d181_b457,47,2,chebyshev_U,181,t04 d181 b457,181,anewdsc_i0,181,84.8970,OK
and04_chebyshev_U_d181_b457,47,2,chebyshev_U,181,t04 d181 b457,181,sage,181,100.7160,OK
and04_chebyshev_U_d181_b457,47,2,chebyshev_U,181,t04 d181 b457,181,pari,181,9.8117,OK
and04_chebyshev_U_d181_b457,47,2,chebyshev_U,181,t04 d181 b457,181,z3,181,213.6410,OK
and04_chebyshev_U_d181_b457,47,2,chebyshev_U,181,t04 d181 b457,181,cgal,181,449.4710,OK
and04_chebyshev_U_d181_b457,47,2,chebyshev_U,181,t04 d181 b457,181,libpoly,181,90.9796,OK
and04_chebyshev_U_d256_b647,48,3,chebyshev_U,256,t04 d256 b647,256,IsaRRI,256,22.7071,OK
and04_chebyshev_U_d256_b647,48,3,chebyshev_U,256,t04 d256 b647,256,msolve,256,94.6519,OK
and04_chebyshev_U_d256_b647,48,3,chebyshev_U,256,t04 d256 b647,256,anewdsc,256,246.2930,OK
and04_chebyshev_U_d256_b647,48,3,chebyshev_U,256,t04 d256 b647,256,anewdsc_i0,256,252.9270,OK
and04_chebyshev_U_d256_b647,48,3,chebyshev_U,256,t04 d256 b647,256,sage,256,136.4960,OK
and04_chebyshev_U_d256_b647,48,3,chebyshev_U,256,t04 d256 b647,256,pari,256,29.0772,OK
and04_chebyshev_U_d256_b647,48,3,chebyshev_U,256,t04 d256 b647,256,z3,256,881.5920,OK
and04_chebyshev_U_d256_b647,48,3,chebyshev_U,256,t04 d256 b647,256,cgal,256,1297.5100,OK
and04_chebyshev_U_d256_b647,48,3,chebyshev_U,256,t04 d256 b647,256,libpoly,256,265.8000,OK
and04_chebyshev_U_d362_b917,49,4,chebyshev_U,362,t04 d362 b917,362,IsaRRI,362,62.0011,OK
and04_chebyshev_U_d362_b917,49,4,chebyshev_U,362,t04 d362 b917,362,msolve,362,279.3280,OK
and04_chebyshev_U_d362_b917,49,4,chebyshev_U,362,t04 d362 b917,362,anewdsc,362,755.6040,OK
and04_chebyshev_U_d362_b917,49,4,chebyshev_U,362,t04 d362 b917,362,anewdsc_i0,362,784.7440,OK
and04_chebyshev_U_d362_b917,49,4,chebyshev_U,362,t04 d362 b917,362,sage,362,276.9950,OK
and04_chebyshev_U_d362_b917,49,4,chebyshev_U,362,t04 d362 b917,362,pari,362,87.2033,OK
and04_chebyshev_U_d362_b917,49,4,chebyshev_U,362,t04 d362 b917,362,z3,362,4063.5300,OK
and04_chebyshev_U_d362_b917,49,4,chebyshev_U,362,t04 d362 b917,362,cgal,362,4170.7900,OK
and04_chebyshev_U_d362_b917,49,4,chebyshev_U,362,t04 d362 b917,362,libpoly,362,765.8080,OK
and04_chebyshev_U_d512_b1298,50,5,chebyshev_U,512,t04 d512 b1298,512,IsaRRI,512,157.3060,OK
and04_chebyshev_U_d512_b1298,50,5,chebyshev_U,512,t04 d512 b1298,512,msolve,512,872.9080,OK
and04_chebyshev_U_d512_b1298,50,5,chebyshev_U,512,t04 d512 b1298,512,anewdsc,512,2367.2310,OK
and04_chebyshev_U_d512_b1298,50,5,chebyshev_U,512,t04 d512 b1298,512,anewdsc_i0,512,2588.2750,OK
and04_chebyshev_U_d512_b1298,50,5,chebyshev_U,512,t04 d512 b1298,512,sage,512,423.5210,OK
and04_chebyshev_U_d512_b1298,50,5,chebyshev_U,512,t04 d512 b1298,512,pari,512,305.9670,OK
and04_chebyshev_U_d512_b1298,50,5,chebyshev_U,512,t04 d512 b1298,512,z3,512,15866.3000,OK
and04_chebyshev_U_d512_b1298,50,5,chebyshev_U,512,t04 d512 b1298,512,cgal,512,13511.9000,OK
and04_chebyshev_U_d512_b1298,50,5,chebyshev_U,512,t04 d512 b1298,512,libpoly,512,2301.6900,OK
and04_chebyshev_U_d724_b1837,51,6,chebyshev_U,724,t04 d724 b1837,724,IsaRRI,724,416.4260,OK
and04_chebyshev_U_d724_b1837,51,6,chebyshev_U,724,t04 d724 b1837,724,msolve,724,2935.3400,OK
and04_chebyshev_U_d724_b1837,51,6,chebyshev_U,724,t04 d724 b1837,724,anewdsc,724,7129.2080,OK
and04_chebyshev_U_d724_b1837,51,6,chebyshev_U,724,t04 d724 b1837,724,anewdsc_i0,724,6948.8910,OK
and04_chebyshev_U_d724_b1837,51,6,chebyshev_U,724,t04 d724 b1837,724,sage,724,1844.2170,OK
and04_chebyshev_U_d724_b1837,51,6,chebyshev_U,724,t04 d724 b1837,724,pari,724,1057.0400,OK
and04_chebyshev_U_d724_b1837,51,6,chebyshev_U,724,t04 d724 b1837,724,z3,724,60026.9000,OK
and04_chebyshev_U_d724_b1837,51,6,chebyshev_U,724,t04 d724 b1837,724,cgal,724,44909.9000,OK
and04_chebyshev_U_d724_b1837,51,6,chebyshev_U,724,t04 d724 b1837,724,libpoly,724,6978.7400,OK
and04_chebyshev_U_d1024_b2599,52,7,chebyshev_U,1024,t04 d1024 b2599,1024,IsaRRI,1024,1337.4200,OK
and04_chebyshev_U_d1024_b2599,52,7,chebyshev_U,1024,t04 d1024 b2599,1024,msolve,1024,9683.6000,OK
and04_chebyshev_U_d1024_b2599,52,7,chebyshev_U,1024,t04 d1024 b2599,1024,anewdsc,1024,28457.3520,OK
and04_chebyshev_U_d1024_b2599,52,7,chebyshev_U,1024,t04 d1024 b2599,1024,anewdsc_i0,1024,29502.0970,OK
and04_chebyshev_U_d1024_b2599,52,7,chebyshev_U,1024,t04 d1024 b2599,1024,sage,1024,2825.0840,OK
and04_chebyshev_U_d1024_b2599,52,7,chebyshev_U,1024,t04 d1024 b2599,1024,pari,1024,4083.9600,OK
and04_chebyshev_U_d1024_b2599,52,7,chebyshev_U,1024,t04 d1024 b2599,1024,z3,-1,180000.0000,TIMEOUT
and04_chebyshev_U_d1024_b2599,52,7,chebyshev_U,1024,t04 d1024 b2599,1024,cgal,1024,154452.0000,OK
and04_chebyshev_U_d1024_b2599,52,7,chebyshev_U,1024,t04 d1024 b2599,1024,libpoly,1024,22576.4000,OK
and04_chebyshev_U_d1448_b3677,53,8,chebyshev_U,1448,t04 d1448 b3677,1448,IsaRRI,1448,4760.7300,OK
and04_chebyshev_U_d1448_b3677,53,8,chebyshev_U,1448,t04 d1448 b3677,1448,msolve,1448,30951.0000,OK
and04_chebyshev_U_d1448_b3677,53,8,chebyshev_U,1448,t04 d1448 b3677,1448,anewdsc,1448,93620.8700,OK
and04_chebyshev_U_d1448_b3677,53,8,chebyshev_U,1448,t04 d1448 b3677,1448,anewdsc_i0,1448,90539.0240,OK
and04_chebyshev_U_d1448_b3677,53,8,chebyshev_U,1448,t04 d1448 b3677,1448,sage,1448,5128.6210,OK
and04_chebyshev_U_d1448_b3677,53,8,chebyshev_U,1448,t04 d1448 b3677,1448,pari,1448,13739.1000,OK
and04_chebyshev_U_d1448_b3677,53,8,chebyshev_U,1448,t04 d1448 b3677,1448,z3,-1,-1,SKIPPED(>=B7)
and04_chebyshev_U_d1448_b3677,53,8,chebyshev_U,1448,t04 d1448 b3677,1448,cgal,-1,180000.0000,TIMEOUT
and04_chebyshev_U_d1448_b3677,53,8,chebyshev_U,1448,t04 d1448 b3677,1448,libpoly,1448,78901.2000,OK
and04_chebyshev_U_d2048_b5203,54,9,chebyshev_U,2048,t04 d2048 b5203,2048,IsaRRI,2048,16426.7000,OK
and04_chebyshev_U_d2048_b5203,54,9,chebyshev_U,2048,t04 d2048 b5203,2048,msolve,2048,102982.0000,OK
and04_chebyshev_U_d2048_b5203,54,9,chebyshev_U,2048,t04 d2048 b5203,2048,anewdsc,-1,180000.0000,TIMEOUT
and04_chebyshev_U_d2048_b5203,54,9,chebyshev_U,2048,t04 d2048 b5203,2048,anewdsc_i0,-1,180000.0000,TIMEOUT
and04_chebyshev_U_d2048_b5203,54,9,chebyshev_U,2048,t04 d2048 b5203,2048,sage,2048,10199.2510,OK
and04_chebyshev_U_d2048_b5203,54,9,chebyshev_U,2048,t04 d2048 b5203,2048,pari,2048,55001.2000,OK
and04_chebyshev_U_d2048_b5203,54,9,chebyshev_U,2048,t04 d2048 b5203,2048,z3,-1,-1,SKIPPED(>=B7)
and04_chebyshev_U_d2048_b5203,54,9,chebyshev_U,2048,t04 d2048 b5203,2048,cgal,-1,-1,SKIPPED(>=B8)
and04_chebyshev_U_d2048_b5203,54,9,chebyshev_U,2048,t04 d2048 b5203,2048,libpoly,-1,180000.0000,TIMEOUT
and06_gauss_logn_d16_b1025,75,1,gauss_logn,16,t06 d16 b1025,8,IsaRRI,8,2.5802,OK
and06_gauss_logn_d16_b1025,75,1,gauss_logn,16,t06 d16 b1025,8,msolve,8,16.5636,OK
and06_gauss_logn_d16_b1025,75,1,gauss_logn,16,t06 d16 b1025,8,anewdsc,8,9.2430,OK
and06_gauss_logn_d16_b1025,75,1,gauss_logn,16,t06 d16 b1025,8,anewdsc_i0,8,9.3070,OK
and06_gauss_logn_d16_b1025,75,1,gauss_logn,16,t06 d16 b1025,8,sage,8,51.0320,OK
and06_gauss_logn_d16_b1025,75,1,gauss_logn,16,t06 d16 b1025,8,pari,8,35.9324,OK
and06_gauss_logn_d16_b1025,75,1,gauss_logn,16,t06 d16 b1025,8,z3,8,2896.6800,OK
and06_gauss_logn_d16_b1025,75,1,gauss_logn,16,t06 d16 b1025,8,cgal,8,54.9379,OK
and06_gauss_logn_d16_b1025,75,1,gauss_logn,16,t06 d16 b1025,8,libpoly,8,72.8598,OK
and06_gauss_logn_d22_b1026,76,2,gauss_logn,22,t06 d22 b1026,6,IsaRRI,6,3.0585,OK
and06_gauss_logn_d22_b1026,76,2,gauss_logn,22,t06 d22 b1026,6,msolve,6,23.7311,OK
and06_gauss_logn_d22_b1026,76,2,gauss_logn,22,t06 d22 b1026,6,anewdsc,7,13.1260,OK
and06_gauss_logn_d22_b1026,76,2,gauss_logn,22,t06 d22 b1026,6,anewdsc_i0,6,15.0720,OK
and06_gauss_logn_d22_b1026,76,2,gauss_logn,22,t06 d22 b1026,6,sage,6,40.3230,OK
and06_gauss_logn_d22_b1026,76,2,gauss_logn,22,t06 d22 b1026,6,pari,6,59.2812,OK
and06_gauss_logn_d22_b1026,76,2,gauss_logn,22,t06 d22 b1026,6,z3,6,3772.3000,OK
and06_gauss_logn_d22_b1026,76,2,gauss_logn,22,t06 d22 b1026,6,cgal,6,82.2091,OK
and06_gauss_logn_d22_b1026,76,2,gauss_logn,22,t06 d22 b1026,6,libpoly,6,140.8560,OK
and06_gauss_logn_d32_b1027,77,3,gauss_logn,32,t06 d32 b1027,4,IsaRRI,4,4.3277,OK
and06_gauss_logn_d32_b1027,77,3,gauss_logn,32,t06 d32 b1027,4,msolve,4,37.1281,OK
and06_gauss_logn_d32_b1027,77,3,gauss_logn,32,t06 d32 b1027,4,anewdsc,4,6.2720,OK
and06_gauss_logn_d32_b1027,77,3,gauss_logn,32,t06 d32 b1027,4,anewdsc_i0,4,6.2870,OK
and06_gauss_logn_d32_b1027,77,3,gauss_logn,32,t06 d32 b1027,4,sage,4,41.4810,OK
and06_gauss_logn_d32_b1027,77,3,gauss_logn,32,t06 d32 b1027,4,pari,4,107.0430,OK
and06_gauss_logn_d32_b1027,77,3,gauss_logn,32,t06 d32 b1027,4,z3,4,4942.3300,OK
and06_gauss_logn_d32_b1027,77,3,gauss_logn,32,t06 d32 b1027,4,cgal,4,125.8820,OK
and06_gauss_logn_d32_b1027,77,3,gauss_logn,32,t06 d32 b1027,4,libpoly,4,301.3630,OK
and06_gauss_logn_d44_b1027,78,4,gauss_logn,44,t06 d44 b1027,4,IsaRRI,4,8.9276,OK
and06_gauss_logn_d44_b1027,78,4,gauss_logn,44,t06 d44 b1027,4,msolve,4,104.4230,OK
and06_gauss_logn_d44_b1027,78,4,gauss_logn,44,t06 d44 b1027,4,anewdsc,4,7.2560,OK
and06_gauss_logn_d44_b1027,78,4,gauss_logn,44,t06 d44 b1027,4,anewdsc_i0,4,6.7260,OK
and06_gauss_logn_d44_b1027,78,4,gauss_logn,44,t06 d44 b1027,4,sage,4,62.3830,OK
and06_gauss_logn_d44_b1027,78,4,gauss_logn,44,t06 d44 b1027,4,pari,4,249.1860,OK
and06_gauss_logn_d44_b1027,78,4,gauss_logn,44,t06 d44 b1027,4,z3,4,8615.1200,OK
and06_gauss_logn_d44_b1027,78,4,gauss_logn,44,t06 d44 b1027,4,cgal,4,260.6930,OK
and06_gauss_logn_d44_b1027,78,4,gauss_logn,44,t06 d44 b1027,4,libpoly,4,778.6500,OK
and06_gauss_logn_d64_b1027,79,5,gauss_logn,64,t06 d64 b1027,4,IsaRRI,4,16.8840,OK
and06_gauss_logn_d64_b1027,79,5,gauss_logn,64,t06 d64 b1027,4,msolve,4,322.6410,OK
and06_gauss_logn_d64_b1027,79,5,gauss_logn,64,t06 d64 b1027,4,anewdsc,4,9.7490,OK
and06_gauss_logn_d64_b1027,79,5,gauss_logn,64,t06 d64 b1027,4,anewdsc_i0,4,10.1700,OK
and06_gauss_logn_d64_b1027,79,5,gauss_logn,64,t06 d64 b1027,4,sage,4,75.7650,OK
and06_gauss_logn_d64_b1027,79,5,gauss_logn,64,t06 d64 b1027,4,pari,4,768.9980,OK
and06_gauss_logn_d64_b1027,79,5,gauss_logn,64,t06 d64 b1027,4,z3,4,18725.5000,OK
and06_gauss_logn_d64_b1027,79,5,gauss_logn,64,t06 d64 b1027,4,cgal,4,679.8200,OK
and06_gauss_logn_d64_b1027,79,5,gauss_logn,64,t06 d64 b1027,4,libpoly,4,2516.9700,OK
and06_gauss_logn_d90_b1027,80,6,gauss_logn,90,t06 d90 b1027,10,IsaRRI,10,119.8300,OK
and06_gauss_logn_d90_b1027,80,6,gauss_logn,90,t06 d90 b1027,10,msolve,10,2192.4100,OK
and06_gauss_logn_d90_b1027,80,6,gauss_logn,90,t06 d90 b1027,10,anewdsc,10,36.8550,OK
and06_gauss_logn_d90_b1027,80,6,gauss_logn,90,t06 d90 b1027,10,anewdsc_i0,10,37.6420,OK
and06_gauss_logn_d90_b1027,80,6,gauss_logn,90,t06 d90 b1027,10,sage,10,118.8510,OK
and06_gauss_logn_d90_b1027,80,6,gauss_logn,90,t06 d90 b1027,10,pari,10,4692.2200,OK
and06_gauss_logn_d90_b1027,80,6,gauss_logn,90,t06 d90 b1027,10,z3,10,84350.7000,OK
and06_gauss_logn_d90_b1027,80,6,gauss_logn,90,t06 d90 b1027,10,cgal,10,3857.0900,OK
and06_gauss_logn_d90_b1027,80,6,gauss_logn,90,t06 d90 b1027,10,libpoly,10,15457.9000,OK
and06_gauss_logn_d128_b1027,81,7,gauss_logn,128,t06 d128 b1027,8,IsaRRI,8,251.9670,OK
and06_gauss_logn_d128_b1027,81,7,gauss_logn,128,t06 d128 b1027,8,msolve,8,4880.6200,OK
and06_gauss_logn_d128_b1027,81,7,gauss_logn,128,t06 d128 b1027,8,anewdsc,8,70.9800,OK
and06_gauss_logn_d128_b1027,81,7,gauss_logn,128,t06 d128 b1027,8,anewdsc_i0,8,67.4350,OK
and06_gauss_logn_d128_b1027,81,7,gauss_logn,128,t06 d128 b1027,8,sage,8,114.8180,OK
and06_gauss_logn_d128_b1027,81,7,gauss_logn,128,t06 d128 b1027,8,pari,8,10967.5000,OK
and06_gauss_logn_d128_b1027,81,7,gauss_logn,128,t06 d128 b1027,8,z3,8,141159.0000,OK
and06_gauss_logn_d128_b1027,81,7,gauss_logn,128,t06 d128 b1027,8,cgal,8,7974.0500,OK
and06_gauss_logn_d128_b1027,81,7,gauss_logn,128,t06 d128 b1027,8,libpoly,8,39625.2000,OK
and06_gauss_logn_d180_b1028,82,8,gauss_logn,180,t06 d180 b1028,8,IsaRRI,8,674.5560,OK
and06_gauss_logn_d180_b1028,82,8,gauss_logn,180,t06 d180 b1028,8,msolve,8,13393.3000,OK
and06_gauss_logn_d180_b1028,82,8,gauss_logn,180,t06 d180 b1028,8,anewdsc,8,82.2050,OK
and06_gauss_logn_d180_b1028,82,8,gauss_logn,180,t06 d180 b1028,8,anewdsc_i0,8,74.1490,OK
and06_gauss_logn_d180_b1028,82,8,gauss_logn,180,t06 d180 b1028,8,sage,8,146.5740,OK
and06_gauss_logn_d180_b1028,82,8,gauss_logn,180,t06 d180 b1028,8,pari,8,31790.4000,OK
and06_gauss_logn_d180_b1028,82,8,gauss_logn,180,t06 d180 b1028,8,z3,-1,180000.0000,TIMEOUT
and06_gauss_logn_d180_b1028,82,8,gauss_logn,180,t06 d180 b1028,8,cgal,8,20601.8000,OK
and06_gauss_logn_d180_b1028,82,8,gauss_logn,180,t06 d180 b1028,8,libpoly,8,113593.0000,OK
and06_gauss_logn_d256_b1028,83,9,gauss_logn,256,t06 d256 b1028,4,IsaRRI,4,856.5020,OK
and06_gauss_logn_d256_b1028,83,9,gauss_logn,256,t06 d256 b1028,4,msolve,4,15537.4000,OK
and06_gauss_logn_d256_b1028,83,9,gauss_logn,256,t06 d256 b1028,4,anewdsc,4,68.5750,OK
and06_gauss_logn_d256_b1028,83,9,gauss_logn,256,t06 d256 b1028,4,anewdsc_i0,4,82.2280,OK
and06_gauss_logn_d256_b1028,83,9,gauss_logn,256,t06 d256 b1028,4,sage,4,154.7500,OK
and06_gauss_logn_d256_b1028,83,9,gauss_logn,256,t06 d256 b1028,4,pari,4,62283.1000,OK
and06_gauss_logn_d256_b1028,83,9,gauss_logn,256,t06 d256 b1028,4,z3,-1,-1,SKIPPED(>=B8)
and06_gauss_logn_d256_b1028,83,9,gauss_logn,256,t06 d256 b1028,4,cgal,4,27176.9000,OK
and06_gauss_logn_d256_b1028,83,9,gauss_logn,256,t06 d256 b1028,4,libpoly,-1,180000.0000,TIMEOUT
and06_gauss_logn_d362_b1028,84,10,gauss_logn,362,t06 d362 b1028,10,IsaRRI,10,5982.2200,OK
and06_gauss_logn_d362_b1028,84,10,gauss_logn,362,t06 d362 b1028,10,msolve,10,54221.2000,OK
and06_gauss_logn_d362_b1028,84,10,gauss_logn,362,t06 d362 b1028,10,anewdsc,10,336.5230,OK
and06_gauss_logn_d362_b1028,84,10,gauss_logn,362,t06 d362 b1028,10,anewdsc_i0,10,354.7170,OK
and06_gauss_logn_d362_b1028,84,10,gauss_logn,362,t06 d362 b1028,10,sage,10,503.8330,OK
and06_gauss_logn_d362_b1028,84,10,gauss_logn,362,t06 d362 b1028,10,pari,-1,180000.0000,TIMEOUT
and06_gauss_logn_d362_b1028,84,10,gauss_logn,362,t06 d362 b1028,10,z3,-1,-1,SKIPPED(>=B8)
and06_gauss_logn_d362_b1028,84,10,gauss_logn,362,t06 d362 b1028,10,cgal,-1,180000.0000,TIMEOUT
and06_gauss_logn_d362_b1028,84,10,gauss_logn,362,t06 d362 b1028,10,libpoly,-1,-1,SKIPPED(>=B9)
and06_gauss_logn_d512_b1029,85,11,gauss_logn,512,t06 d512 b1029,8,IsaRRI,8,12600.5000,OK
and06_gauss_logn_d512_b1029,85,11,gauss_logn,512,t06 d512 b1029,8,msolve,8,65104.9000,OK
and06_gauss_logn_d512_b1029,85,11,gauss_logn,512,t06 d512 b1029,8,anewdsc,8,412.7230,OK
and06_gauss_logn_d512_b1029,85,11,gauss_logn,512,t06 d512 b1029,8,anewdsc_i0,8,504.9340,OK
and06_gauss_logn_d512_b1029,85,11,gauss_logn,512,t06 d512 b1029,8,sage,8,428.4900,OK
and06_gauss_logn_d512_b1029,85,11,gauss_logn,512,t06 d512 b1029,8,pari,-1,-1,SKIPPED(>=B10)
and06_gauss_logn_d512_b1029,85,11,gauss_logn,512,t06 d512 b1029,8,z3,-1,-1,SKIPPED(>=B8)
and06_gauss_logn_d512_b1029,85,11,gauss_logn,512,t06 d512 b1029,8,cgal,-1,-1,SKIPPED(>=B10)
and06_gauss_logn_d512_b1029,85,11,gauss_logn,512,t06 d512 b1029,8,libpoly,-1,-1,SKIPPED(>=B9)
and06_gauss_logn_d724_b1029,86,12,gauss_logn,724,t06 d724 b1029,12,IsaRRI,12,61323.3000,OK
and06_gauss_logn_d724_b1029,86,12,gauss_logn,724,t06 d724 b1029,12,msolve,-1,180000.0000,TIMEOUT
and06_gauss_logn_d724_b1029,86,12,gauss_logn,724,t06 d724 b1029,12,anewdsc,12,1343.9580,OK
and06_gauss_logn_d724_b1029,86,12,gauss_logn,724,t06 d724 b1029,12,anewdsc_i0,12,1442.2970,OK
and06_gauss_logn_d724_b1029,86,12,gauss_logn,724,t06 d724 b1029,12,sage,12,1411.8500,OK
and06_gauss_logn_d724_b1029,86,12,gauss_logn,724,t06 d724 b1029,12,pari,-1,-1,SKIPPED(>=B10)
and06_gauss_logn_d724_b1029,86,12,gauss_logn,724,t06 d724 b1029,12,z3,-1,-1,SKIPPED(>=B8)
and06_gauss_logn_d724_b1029,86,12,gauss_logn,724,t06 d724 b1029,12,cgal,-1,-1,SKIPPED(>=B10)
and06_gauss_logn_d724_b1029,86,12,gauss_logn,724,t06 d724 b1029,12,libpoly,-1,-1,SKIPPED(>=B9)
and06_gauss_logn_d1024_b1029,87,13,gauss_logn,1024,t06 d1024 b1029,8,IsaRRI,8,129913.0000,OK
and06_gauss_logn_d1024_b1029,87,13,gauss_logn,1024,t06 d1024 b1029,8,msolve,-1,-1,SKIPPED(>=B12)
and06_gauss_logn_d1024_b1029,87,13,gauss_logn,1024,t06 d1024 b1029,8,anewdsc,8,2027.6240,OK
and06_gauss_logn_d1024_b1029,87,13,gauss_logn,1024,t06 d1024 b1029,8,anewdsc_i0,8,2045.6420,OK
and06_gauss_logn_d1024_b1029,87,13,gauss_logn,1024,t06 d1024 b1029,8,sage,8,4348.3610,OK
and06_gauss_logn_d1024_b1029,87,13,gauss_logn,1024,t06 d1024 b1029,8,pari,-1,-1,SKIPPED(>=B10)
and06_gauss_logn_d1024_b1029,87,13,gauss_logn,1024,t06 d1024 b1029,8,z3,-1,-1,SKIPPED(>=B8)
and06_gauss_logn_d1024_b1029,87,13,gauss_logn,1024,t06 d1024 b1029,8,cgal,-1,-1,SKIPPED(>=B10)
and06_gauss_logn_d1024_b1029,87,13,gauss_logn,1024,t06 d1024 b1029,8,libpoly,-1,-1,SKIPPED(>=B9)
and06_gauss_logn_d1448_b1030,88,14,gauss_logn,1448,t06 d1448 b1030,12,IsaRRI,-1,180000.0000,TIMEOUT
and06_gauss_logn_d1448_b1030,88,14,gauss_logn,1448,t06 d1448 b1030,12,msolve,-1,-1,SKIPPED(>=B12)
and06_gauss_logn_d1448_b1030,88,14,gauss_logn,1448,t06 d1448 b1030,12,anewdsc,12,5519.0400,OK
and06_gauss_logn_d1448_b1030,88,14,gauss_logn,1448,t06 d1448 b1030,12,anewdsc_i0,12,6521.9040,OK
and06_gauss_logn_d1448_b1030,88,14,gauss_logn,1448,t06 d1448 b1030,12,sage,12,7036.5000,OK
and06_gauss_logn_d1448_b1030,88,14,gauss_logn,1448,t06 d1448 b1030,12,pari,-1,-1,SKIPPED(>=B10)
and06_gauss_logn_d1448_b1030,88,14,gauss_logn,1448,t06 d1448 b1030,12,z3,-1,-1,SKIPPED(>=B8)
and06_gauss_logn_d1448_b1030,88,14,gauss_logn,1448,t06 d1448 b1030,12,cgal,-1,-1,SKIPPED(>=B10)
and06_gauss_logn_d1448_b1030,88,14,gauss_logn,1448,t06 d1448 b1030,12,libpoly,-1,-1,SKIPPED(>=B9)
and06_gauss_logn_d2048_b1030,89,15,gauss_logn,2048,t06 d2048 b1030,12,IsaRRI,-1,-1,SKIPPED(>=B14)
and06_gauss_logn_d2048_b1030,89,15,gauss_logn,2048,t06 d2048 b1030,12,msolve,-1,-1,SKIPPED(>=B12)
and06_gauss_logn_d2048_b1030,89,15,gauss_logn,2048,t06 d2048 b1030,12,anewdsc,12,11041.2690,OK
and06_gauss_logn_d2048_b1030,89,15,gauss_logn,2048,t06 d2048 b1030,12,anewdsc_i0,12,10799.5800,OK
and06_gauss_logn_d2048_b1030,89,15,gauss_logn,2048,t06 d2048 b1030,12,sage,12,13607.1070,OK
and06_gauss_logn_d2048_b1030,89,15,gauss_logn,2048,t06 d2048 b1030,12,pari,-1,-1,SKIPPED(>=B10)
and06_gauss_logn_d2048_b1030,89,15,gauss_logn,2048,t06 d2048 b1030,12,z3,-1,-1,SKIPPED(>=B8)
and06_gauss_logn_d2048_b1030,89,15,gauss_logn,2048,t06 d2048 b1030,12,cgal,-1,-1,SKIPPED(>=B10)
and06_gauss_logn_d2048_b1030,89,15,gauss_logn,2048,t06 d2048 b1030,12,libpoly,-1,-1,SKIPPED(>=B9)
and06_gauss_logn_d2896_b1030,90,16,gauss_logn,2896,t06 d2896 b1030,16,IsaRRI,-1,-1,SKIPPED(>=B14)
and06_gauss_logn_d2896_b1030,90,16,gauss_logn,2896,t06 d2896 b1030,16,msolve,-1,-1,SKIPPED(>=B12)
and06_gauss_logn_d2896_b1030,90,16,gauss_logn,2896,t06 d2896 b1030,16,anewdsc,16,26588.1140,OK
and06_gauss_logn_d2896_b1030,90,16,gauss_logn,2896,t06 d2896 b1030,16,anewdsc_i0,17,27310.6570,OK
and06_gauss_logn_d2896_b1030,90,16,gauss_logn,2896,t06 d2896 b1030,16,sage,16,40405.8480,OK
and06_gauss_logn_d2896_b1030,90,16,gauss_logn,2896,t06 d2896 b1030,16,pari,-1,-1,SKIPPED(>=B10)
and06_gauss_logn_d2896_b1030,90,16,gauss_logn,2896,t06 d2896 b1030,16,z3,-1,-1,SKIPPED(>=B8)
and06_gauss_logn_d2896_b1030,90,16,gauss_logn,2896,t06 d2896 b1030,16,cgal,-1,-1,SKIPPED(>=B10)
and06_gauss_logn_d2896_b1030,90,16,gauss_logn,2896,t06 d2896 b1030,16,libpoly,-1,-1,SKIPPED(>=B9)
and06_gauss_logn_d4096_b1031,91,17,gauss_logn,4096,t06 d4096 b1031,12,IsaRRI,-1,-1,SKIPPED(>=B14)
and06_gauss_logn_d4096_b1031,91,17,gauss_logn,4096,t06 d4096 b1031,12,msolve,-1,-1,SKIPPED(>=B12)
and06_gauss_logn_d4096_b1031,91,17,gauss_logn,4096,t06 d4096 b1031,12,anewdsc,12,30579.1190,OK
and06_gauss_logn_d4096_b1031,91,17,gauss_logn,4096,t06 d4096 b1031,12,anewdsc_i0,12,30260.2510,OK
and06_gauss_logn_d4096_b1031,91,17,gauss_logn,4096,t06 d4096 b1031,12,sage,12,84724.2580,OK
and06_gauss_logn_d4096_b1031,91,17,gauss_logn,4096,t06 d4096 b1031,12,pari,-1,-1,SKIPPED(>=B10)
and06_gauss_logn_d4096_b1031,91,17,gauss_logn,4096,t06 d4096 b1031,12,z3,-1,-1,SKIPPED(>=B8)
and06_gauss_logn_d4096_b1031,91,17,gauss_logn,4096,t06 d4096 b1031,12,cgal,-1,-1,SKIPPED(>=B10)
and06_gauss_logn_d4096_b1031,91,17,gauss_logn,4096,t06 d4096 b1031,12,libpoly,-1,-1,SKIPPED(>=B9)
and06_gauss_logn_d5792_b1031,92,18,gauss_logn,5792,t06 d5792 b1031,12,IsaRRI,-1,-1,SKIPPED(>=B14)
and06_gauss_logn_d5792_b1031,92,18,gauss_logn,5792,t06 d5792 b1031,12,msolve,-1,-1,SKIPPED(>=B12)
and06_gauss_logn_d5792_b1031,92,18,gauss_logn,5792,t06 d5792 b1031,12,anewdsc,12,94165.2150,OK
and06_gauss_logn_d5792_b1031,92,18,gauss_logn,5792,t06 d5792 b1031,12,anewdsc_i0,12,93504.3690,OK
and06_gauss_logn_d5792_b1031,92,18,gauss_logn,5792,t06 d5792 b1031,12,sage,12,127591.4550,OK
and06_gauss_logn_d5792_b1031,92,18,gauss_logn,5792,t06 d5792 b1031,12,pari,-1,-1,SKIPPED(>=B10)
and06_gauss_logn_d5792_b1031,92,18,gauss_logn,5792,t06 d5792 b1031,12,z3,-1,-1,SKIPPED(>=B8)
and06_gauss_logn_d5792_b1031,92,18,gauss_logn,5792,t06 d5792 b1031,12,cgal,-1,-1,SKIPPED(>=B10)
and06_gauss_logn_d5792_b1031,92,18,gauss_logn,5792,t06 d5792 b1031,12,libpoly,-1,-1,SKIPPED(>=B9)
and06_gauss_logn_d8192_b1031,93,19,gauss_logn,8192,t06 d8192 b1031,12,IsaRRI,-1,-1,SKIPPED(>=B14)
and06_gauss_logn_d8192_b1031,93,19,gauss_logn,8192,t06 d8192 b1031,12,msolve,-1,-1,SKIPPED(>=B12)
and06_gauss_logn_d8192_b1031,93,19,gauss_logn,8192,t06 d8192 b1031,12,anewdsc,-1,180000.0000,TIMEOUT
and06_gauss_logn_d8192_b1031,93,19,gauss_logn,8192,t06 d8192 b1031,12,anewdsc_i0,-1,180000.0000,TIMEOUT
and06_gauss_logn_d8192_b1031,93,19,gauss_logn,8192,t06 d8192 b1031,12,sage,-1,180000.0000,TIMEOUT
and06_gauss_logn_d8192_b1031,93,19,gauss_logn,8192,t06 d8192 b1031,12,pari,-1,-1,SKIPPED(>=B10)
and06_gauss_logn_d8192_b1031,93,19,gauss_logn,8192,t06 d8192 b1031,12,z3,-1,-1,SKIPPED(>=B8)
and06_gauss_logn_d8192_b1031,93,19,gauss_logn,8192,t06 d8192 b1031,12,cgal,-1,-1,SKIPPED(>=B10)
and06_gauss_logn_d8192_b1031,93,19,gauss_logn,8192,t06 d8192 b1031,12,libpoly,-1,-1,SKIPPED(>=B9)
and06_gauss_logn_d11584_b1031,94,20,gauss_logn,11584,t06 d11584 b1031,16,IsaRRI,-1,-1,SKIPPED(>=B14)
and06_gauss_logn_d11584_b1031,94,20,gauss_logn,11584,t06 d11584 b1031,16,msolve,-1,-1,SKIPPED(>=B12)
and06_gauss_logn_d11584_b1031,94,20,gauss_logn,11584,t06 d11584 b1031,16,anewdsc,-1,-1,SKIPPED(>=B19)
and06_gauss_logn_d11584_b1031,94,20,gauss_logn,11584,t06 d11584 b1031,16,anewdsc_i0,-1,-1,SKIPPED(>=B19)
and06_gauss_logn_d11584_b1031,94,20,gauss_logn,11584,t06 d11584 b1031,16,sage,-1,-1,SKIPPED(>=B19)
and06_gauss_logn_d11584_b1031,94,20,gauss_logn,11584,t06 d11584 b1031,16,pari,-1,-1,SKIPPED(>=B10)
and06_gauss_logn_d11584_b1031,94,20,gauss_logn,11584,t06 d11584 b1031,16,z3,-1,-1,SKIPPED(>=B8)
and06_gauss_logn_d11584_b1031,94,20,gauss_logn,11584,t06 d11584 b1031,16,cgal,-1,-1,SKIPPED(>=B10)
and06_gauss_logn_d11584_b1031,94,20,gauss_logn,11584,t06 d11584 b1031,16,libpoly,-1,-1,SKIPPED(>=B9)
and06_gauss_logn_d16384_b1032,95,21,gauss_logn,16384,t06 d16384 b1032,20,IsaRRI,-1,-1,SKIPPED(>=B14)
and06_gauss_logn_d16384_b1032,95,21,gauss_logn,16384,t06 d16384 b1032,20,msolve,-1,-1,SKIPPED(>=B12)
and06_gauss_logn_d16384_b1032,95,21,gauss_logn,16384,t06 d16384 b1032,20,anewdsc,-1,-1,SKIPPED(>=B19)
and06_gauss_logn_d16384_b1032,95,21,gauss_logn,16384,t06 d16384 b1032,20,anewdsc_i0,-1,-1,SKIPPED(>=B19)
and06_gauss_logn_d16384_b1032,95,21,gauss_logn,16384,t06 d16384 b1032,20,sage,-1,-1,SKIPPED(>=B19)
and06_gauss_logn_d16384_b1032,95,21,gauss_logn,16384,t06 d16384 b1032,20,pari,-1,-1,SKIPPED(>=B10)
and06_gauss_logn_d16384_b1032,95,21,gauss_logn,16384,t06 d16384 b1032,20,z3,-1,-1,SKIPPED(>=B8)
and06_gauss_logn_d16384_b1032,95,21,gauss_logn,16384,t06 d16384 b1032,20,cgal,-1,-1,SKIPPED(>=B10)
and06_gauss_logn_d16384_b1032,95,21,gauss_logn,16384,t06 d16384 b1032,20,libpoly,-1,-1,SKIPPED(>=B9)
and05_gauss_sqrtn_d16_b1025,55,1,gauss_sqrtn,16,t05 d16 b1025,4,IsaRRI,4,1.2060,OK
and05_gauss_sqrtn_d16_b1025,55,1,gauss_sqrtn,16,t05 d16 b1025,4,msolve,4,6.7362,OK
and05_gauss_sqrtn_d16_b1025,55,1,gauss_sqrtn,16,t05 d16 b1025,4,anewdsc,4,7.2060,OK
and05_gauss_sqrtn_d16_b1025,55,1,gauss_sqrtn,16,t05 d16 b1025,4,anewdsc_i0,4,5.5060,OK
and05_gauss_sqrtn_d16_b1025,55,1,gauss_sqrtn,16,t05 d16 b1025,4,sage,4,29.8470,OK
and05_gauss_sqrtn_d16_b1025,55,1,gauss_sqrtn,16,t05 d16 b1025,4,pari,4,14.6815,OK
and05_gauss_sqrtn_d16_b1025,55,1,gauss_sqrtn,16,t05 d16 b1025,4,z3,4,1065.4000,OK
and05_gauss_sqrtn_d16_b1025,55,1,gauss_sqrtn,16,t05 d16 b1025,4,cgal,4,28.3051,OK
and05_gauss_sqrtn_d16_b1025,55,1,gauss_sqrtn,16,t05 d16 b1025,4,libpoly,4,20.7023,OK
and05_gauss_sqrtn_d22_b1024,56,2,gauss_sqrtn,22,t05 d22 b1024,6,IsaRRI,6,3.7570,OK
and05_gauss_sqrtn_d22_b1024,56,2,gauss_sqrtn,22,t05 d22 b1024,6,msolve,6,23.7700,OK
and05_gauss_sqrtn_d22_b1024,56,2,gauss_sqrtn,22,t05 d22 b1024,6,anewdsc,6,9.4620,OK
and05_gauss_sqrtn_d22_b1024,56,2,gauss_sqrtn,22,t05 d22 b1024,6,anewdsc_i0,6,10.8940,OK
and05_gauss_sqrtn_d22_b1024,56,2,gauss_sqrtn,22,t05 d22 b1024,6,sage,6,46.3290,OK
and05_gauss_sqrtn_d22_b1024,56,2,gauss_sqrtn,22,t05 d22 b1024,6,pari,6,48.4877,OK
and05_gauss_sqrtn_d22_b1024,56,2,gauss_sqrtn,22,t05 d22 b1024,6,z3,6,2989.6800,OK
and05_gauss_sqrtn_d22_b1024,56,2,gauss_sqrtn,22,t05 d22 b1024,6,cgal,6,81.0664,OK
and05_gauss_sqrtn_d22_b1024,56,2,gauss_sqrtn,22,t05 d22 b1024,6,libpoly,6,68.3097,OK
and05_gauss_sqrtn_d32_b1026,57,3,gauss_sqrtn,32,t05 d32 b1026,8,IsaRRI,8,8.8748,OK
and05_gauss_sqrtn_d32_b1026,57,3,gauss_sqrtn,32,t05 d32 b1026,8,msolve,8,78.6041,OK
and05_gauss_sqrtn_d32_b1026,57,3,gauss_sqrtn,32,t05 d32 b1026,8,anewdsc,8,15.1620,OK
and05_gauss_sqrtn_d32_b1026,57,3,gauss_sqrtn,32,t05 d32 b1026,8,anewdsc_i0,8,11.4660,OK
and05_gauss_sqrtn_d32_b1026,57,3,gauss_sqrtn,32,t05 d32 b1026,8,sage,8,58.9260,OK
and05_gauss_sqrtn_d32_b1026,57,3,gauss_sqrtn,32,t05 d32 b1026,8,pari,8,177.8480,OK
and05_gauss_sqrtn_d32_b1026,57,3,gauss_sqrtn,32,t05 d32 b1026,8,z3,8,8402.0700,OK
and05_gauss_sqrtn_d32_b1026,57,3,gauss_sqrtn,32,t05 d32 b1026,8,cgal,8,246.3260,OK
and05_gauss_sqrtn_d32_b1026,57,3,gauss_sqrtn,32,t05 d32 b1026,8,libpoly,8,256.2990,OK
and05_gauss_sqrtn_d44_b1025,58,4,gauss_sqrtn,44,t05 d44 b1025,8,IsaRRI,8,16.1467,OK
and05_gauss_sqrtn_d44_b1025,58,4,gauss_sqrtn,44,t05 d44 b1025,8,msolve,8,214.2410,OK
and05_gauss_sqrtn_d44_b1025,58,4,gauss_sqrtn,44,t05 d44 b1025,8,anewdsc,8,13.1010,OK
and05_gauss_sqrtn_d44_b1025,58,4,gauss_sqrtn,44,t05 d44 b1025,8,anewdsc_i0,9,15.4110,OK
and05_gauss_sqrtn_d44_b1025,58,4,gauss_sqrtn,44,t05 d44 b1025,8,sage,8,83.1250,OK
and05_gauss_sqrtn_d44_b1025,58,4,gauss_sqrtn,44,t05 d44 b1025,8,pari,8,514.0700,OK
and05_gauss_sqrtn_d44_b1025,58,4,gauss_sqrtn,44,t05 d44 b1025,8,z3,8,18510.6000,OK
and05_gauss_sqrtn_d44_b1025,58,4,gauss_sqrtn,44,t05 d44 b1025,8,cgal,8,573.6750,OK
and05_gauss_sqrtn_d44_b1025,58,4,gauss_sqrtn,44,t05 d44 b1025,8,libpoly,8,713.0550,OK
and05_gauss_sqrtn_d64_b1025,59,5,gauss_sqrtn,64,t05 d64 b1025,16,IsaRRI,16,85.6055,OK
and05_gauss_sqrtn_d64_b1025,59,5,gauss_sqrtn,64,t05 d64 b1025,16,msolve,16,1306.1800,OK
and05_gauss_sqrtn_d64_b1025,59,5,gauss_sqrtn,64,t05 d64 b1025,16,anewdsc,16,37.8190,OK
and05_gauss_sqrtn_d64_b1025,59,5,gauss_sqrtn,64,t05 d64 b1025,16,anewdsc_i0,16,36.4850,OK
and05_gauss_sqrtn_d64_b1025,59,5,gauss_sqrtn,64,t05 d64 b1025,16,sage,16,136.1530,OK
and05_gauss_sqrtn_d64_b1025,59,5,gauss_sqrtn,64,t05 d64 b1025,16,pari,16,2700.0900,OK
and05_gauss_sqrtn_d64_b1025,59,5,gauss_sqrtn,64,t05 d64 b1025,16,z3,16,68679.0000,OK
and05_gauss_sqrtn_d64_b1025,59,5,gauss_sqrtn,64,t05 d64 b1025,16,cgal,16,2640.3900,OK
and05_gauss_sqrtn_d64_b1025,59,5,gauss_sqrtn,64,t05 d64 b1025,16,libpoly,16,3740.5600,OK
and05_gauss_sqrtn_d90_b1026,60,6,gauss_sqrtn,90,t05 d90 b1026,6,IsaRRI,6,73.4682,OK
and05_gauss_sqrtn_d90_b1026,60,6,gauss_sqrtn,90,t05 d90 b1026,6,msolve,6,1232.5900,OK
and05_gauss_sqrtn_d90_b1026,60,6,gauss_sqrtn,90,t05 d90 b1026,6,anewdsc,6,22.9140,OK
and05_gauss_sqrtn_d90_b1026,60,6,gauss_sqrtn,90,t05 d90 b1026,6,anewdsc_i0,6,24.7310,OK
and05_gauss_sqrtn_d90_b1026,60,6,gauss_sqrtn,90,t05 d90 b1026,6,sage,6,98.8500,OK
and05_gauss_sqrtn_d90_b1026,60,6,gauss_sqrtn,90,t05 d90 b1026,6,pari,6,2941.3800,OK
and05_gauss_sqrtn_d90_b1026,60,6,gauss_sqrtn,90,t05 d90 b1026,6,z3,6,54293.9000,OK
and05_gauss_sqrtn_d90_b1026,60,6,gauss_sqrtn,90,t05 d90 b1026,6,cgal,6,2517.4500,OK
and05_gauss_sqrtn_d90_b1026,60,6,gauss_sqrtn,90,t05 d90 b1026,6,libpoly,6,4085.2100,OK
and05_gauss_sqrtn_d128_b1026,61,7,gauss_sqrtn,128,t05 d128 b1026,12,IsaRRI,12,335.0290,OK
and05_gauss_sqrtn_d128_b1026,61,7,gauss_sqrtn,128,t05 d128 b1026,12,msolve,12,7919.1000,OK
and05_gauss_sqrtn_d128_b1026,61,7,gauss_sqrtn,128,t05 d128 b1026,12,anewdsc,12,58.9450,OK
and05_gauss_sqrtn_d128_b1026,61,7,gauss_sqrtn,128,t05 d128 b1026,12,anewdsc_i0,12,58.6050,OK
and05_gauss_sqrtn_d128_b1026,61,7,gauss_sqrtn,128,t05 d128 b1026,12,sage,12,147.1420,OK
and05_gauss_sqrtn_d128_b1026,61,7,gauss_sqrtn,128,t05 d128 b1026,12,pari,12,16439.3000,OK
and05_gauss_sqrtn_d128_b1026,61,7,gauss_sqrtn,128,t05 d128 b1026,12,z3,-1,180000.0000,TIMEOUT
and05_gauss_sqrtn_d128_b1026,61,7,gauss_sqrtn,128,t05 d128 b1026,12,cgal,12,12529.9000,OK
and05_gauss_sqrtn_d128_b1026,61,7,gauss_sqrtn,128,t05 d128 b1026,12,libpoly,12,21346.5000,OK
and05_gauss_sqrtn_d180_b1026,62,8,gauss_sqrtn,180,t05 d180 b1026,16,IsaRRI,16,1296.8500,OK
and05_gauss_sqrtn_d180_b1026,62,8,gauss_sqrtn,180,t05 d180 b1026,16,msolve,16,29938.9000,OK
and05_gauss_sqrtn_d180_b1026,62,8,gauss_sqrtn,180,t05 d180 b1026,16,anewdsc,16,142.0710,OK
and05_gauss_sqrtn_d180_b1026,62,8,gauss_sqrtn,180,t05 d180 b1026,16,anewdsc_i0,16,146.2790,OK
and05_gauss_sqrtn_d180_b1026,62,8,gauss_sqrtn,180,t05 d180 b1026,16,sage,16,216.6130,OK
and05_gauss_sqrtn_d180_b1026,62,8,gauss_sqrtn,180,t05 d180 b1026,16,pari,16,69562.2000,OK
and05_gauss_sqrtn_d180_b1026,62,8,gauss_sqrtn,180,t05 d180 b1026,16,z3,-1,-1,SKIPPED(>=B7)
and05_gauss_sqrtn_d180_b1026,62,8,gauss_sqrtn,180,t05 d180 b1026,16,cgal,16,44604.6000,OK
and05_gauss_sqrtn_d180_b1026,62,8,gauss_sqrtn,180,t05 d180 b1026,16,libpoly,16,86321.0000,OK
and05_gauss_sqrtn_d256_b1025,63,9,gauss_sqrtn,256,t05 d256 b1025,16,IsaRRI,16,3384.0100,OK
and05_gauss_sqrtn_d256_b1025,63,9,gauss_sqrtn,256,t05 d256 b1025,16,msolve,16,70484.2000,OK
and05_gauss_sqrtn_d256_b1025,63,9,gauss_sqrtn,256,t05 d256 b1025,16,anewdsc,16,391.5810,OK
and05_gauss_sqrtn_d256_b1025,63,9,gauss_sqrtn,256,t05 d256 b1025,16,anewdsc_i0,16,398.4600,OK
and05_gauss_sqrtn_d256_b1025,63,9,gauss_sqrtn,256,t05 d256 b1025,16,sage,16,274.5570,OK
and05_gauss_sqrtn_d256_b1025,63,9,gauss_sqrtn,256,t05 d256 b1025,16,pari,-1,180000.0000,TIMEOUT
and05_gauss_sqrtn_d256_b1025,63,9,gauss_sqrtn,256,t05 d256 b1025,16,z3,-1,-1,SKIPPED(>=B7)
and05_gauss_sqrtn_d256_b1025,63,9,gauss_sqrtn,256,t05 d256 b1025,16,cgal,16,97107.0000,OK
and05_gauss_sqrtn_d256_b1025,63,9,gauss_sqrtn,256,t05 d256 b1025,16,libpoly,-1,180000.0000,TIMEOUT
and05_gauss_sqrtn_d362_b1025,64,10,gauss_sqrtn,362,t05 d362 b1025,14,IsaRRI,14,6227.1000,OK
and05_gauss_sqrtn_d362_b1025,64,10,gauss_sqrtn,362,t05 d362 b1025,14,msolve,14,36824.0000,OK
and05_gauss_sqrtn_d362_b1025,64,10,gauss_sqrtn,362,t05 d362 b1025,14,anewdsc,14,390.8160,OK
and05_gauss_sqrtn_d362_b1025,64,10,gauss_sqrtn,362,t05 d362 b1025,14,anewdsc_i0,14,400.6910,OK
and05_gauss_sqrtn_d362_b1025,64,10,gauss_sqrtn,362,t05 d362 b1025,14,sage,14,365.6570,OK
and05_gauss_sqrtn_d362_b1025,64,10,gauss_sqrtn,362,t05 d362 b1025,14,pari,-1,-1,SKIPPED(>=B9)
and05_gauss_sqrtn_d362_b1025,64,10,gauss_sqrtn,362,t05 d362 b1025,14,z3,-1,-1,SKIPPED(>=B7)
and05_gauss_sqrtn_d362_b1025,64,10,gauss_sqrtn,362,t05 d362 b1025,14,cgal,14,179942.0000,OK
and05_gauss_sqrtn_d362_b1025,64,10,gauss_sqrtn,362,t05 d362 b1025,14,libpoly,-1,-1,SKIPPED(>=B9)
and05_gauss_sqrtn_d512_b1026,65,11,gauss_sqrtn,512,t05 d512 b1026,18,IsaRRI,18,20910.2000,OK
and05_gauss_sqrtn_d512_b1026,65,11,gauss_sqrtn,512,t05 d512 b1026,18,msolve,18,105214.0000,OK
and05_gauss_sqrtn_d512_b1026,65,11,gauss_sqrtn,512,t05 d512 b1026,18,anewdsc,19,868.1710,OK
and05_gauss_sqrtn_d512_b1026,65,11,gauss_sqrtn,512,t05 d512 b1026,18,anewdsc_i0,19,895.9440,OK
and05_gauss_sqrtn_d512_b1026,65,11,gauss_sqrtn,512,t05 d512 b1026,18,sage,18,796.2290,OK
and05_gauss_sqrtn_d512_b1026,65,11,gauss_sqrtn,512,t05 d512 b1026,18,pari,-1,-1,SKIPPED(>=B9)
and05_gauss_sqrtn_d512_b1026,65,11,gauss_sqrtn,512,t05 d512 b1026,18,z3,-1,-1,SKIPPED(>=B7)
and05_gauss_sqrtn_d512_b1026,65,11,gauss_sqrtn,512,t05 d512 b1026,18,cgal,-1,180000.0000,TIMEOUT
and05_gauss_sqrtn_d512_b1026,65,11,gauss_sqrtn,512,t05 d512 b1026,18,libpoly,-1,-1,SKIPPED(>=B9)
and05_gauss_sqrtn_d724_b1026,66,12,gauss_sqrtn,724,t05 d724 b1026,20,IsaRRI,20,64949.4000,OK
and05_gauss_sqrtn_d724_b1026,66,12,gauss_sqrtn,724,t05 d724 b1026,20,msolve,-1,180000.0000,TIMEOUT
and05_gauss_sqrtn_d724_b1026,66,12,gauss_sqrtn,724,t05 d724 b1026,20,anewdsc,20,2138.6990,OK
and05_gauss_sqrtn_d724_b1026,66,12,gauss_sqrtn,724,t05 d724 b1026,20,anewdsc_i0,20,2150.8370,OK
and05_gauss_sqrtn_d724_b1026,66,12,gauss_sqrtn,724,t05 d724 b1026,20,sage,20,2193.0300,OK
and05_gauss_sqrtn_d724_b1026,66,12,gauss_sqrtn,724,t05 d724 b1026,20,pari,-1,-1,SKIPPED(>=B9)
and05_gauss_sqrtn_d724_b1026,66,12,gauss_sqrtn,724,t05 d724 b1026,20,z3,-1,-1,SKIPPED(>=B7)
and05_gauss_sqrtn_d724_b1026,66,12,gauss_sqrtn,724,t05 d724 b1026,20,cgal,-1,-1,SKIPPED(>=B11)
and05_gauss_sqrtn_d724_b1026,66,12,gauss_sqrtn,724,t05 d724 b1026,20,libpoly,-1,-1,SKIPPED(>=B9)
and05_gauss_sqrtn_d1024_b1027,67,13,gauss_sqrtn,1024,t05 d1024 b1027,10,IsaRRI,10,81037.4000,OK
and05_gauss_sqrtn_d1024_b1027,67,13,gauss_sqrtn,1024,t05 d1024 b1027,10,msolve,-1,-1,SKIPPED(>=B12)
and05_gauss_sqrtn_d1024_b1027,67,13,gauss_sqrtn,1024,t05 d1024 b1027,10,anewdsc,10,2128.2050,OK
and05_gauss_sqrtn_d1024_b1027,67,13,gauss_sqrtn,1024,t05 d1024 b1027,10,anewdsc_i0,10,2115.0760,OK
and05_gauss_sqrtn_d1024_b1027,67,13,gauss_sqrtn,1024,t05 d1024 b1027,10,sage,10,1782.9100,OK
and05_gauss_sqrtn_d1024_b1027,67,13,gauss_sqrtn,1024,t05 d1024 b1027,10,pari,-1,-1,SKIPPED(>=B9)
and05_gauss_sqrtn_d1024_b1027,67,13,gauss_sqrtn,1024,t05 d1024 b1027,10,z3,-1,-1,SKIPPED(>=B7)
and05_gauss_sqrtn_d1024_b1027,67,13,gauss_sqrtn,1024,t05 d1024 b1027,10,cgal,-1,-1,SKIPPED(>=B11)
and05_gauss_sqrtn_d1024_b1027,67,13,gauss_sqrtn,1024,t05 d1024 b1027,10,libpoly,-1,-1,SKIPPED(>=B9)
and05_gauss_sqrtn_d1448_b1026,68,14,gauss_sqrtn,1448,t05 d1448 b1026,12,IsaRRI,-1,180000.0000,TIMEOUT
and05_gauss_sqrtn_d1448_b1026,68,14,gauss_sqrtn,1448,t05 d1448 b1026,12,msolve,-1,-1,SKIPPED(>=B12)
and05_gauss_sqrtn_d1448_b1026,68,14,gauss_sqrtn,1448,t05 d1448 b1026,12,anewdsc,13,6517.3690,OK
and05_gauss_sqrtn_d1448_b1026,68,14,gauss_sqrtn,1448,t05 d1448 b1026,12,anewdsc_i0,13,5772.3270,OK
and05_gauss_sqrtn_d1448_b1026,68,14,gauss_sqrtn,1448,t05 d1448 b1026,12,sage,12,4830.6900,OK
and05_gauss_sqrtn_d1448_b1026,68,14,gauss_sqrtn,1448,t05 d1448 b1026,12,pari,-1,-1,SKIPPED(>=B9)
and05_gauss_sqrtn_d1448_b1026,68,14,gauss_sqrtn,1448,t05 d1448 b1026,12,z3,-1,-1,SKIPPED(>=B7)
and05_gauss_sqrtn_d1448_b1026,68,14,gauss_sqrtn,1448,t05 d1448 b1026,12,cgal,-1,-1,SKIPPED(>=B11)
and05_gauss_sqrtn_d1448_b1026,68,14,gauss_sqrtn,1448,t05 d1448 b1026,12,libpoly,-1,-1,SKIPPED(>=B9)
and05_gauss_sqrtn_d2048_b1027,69,15,gauss_sqrtn,2048,t05 d2048 b1027,14,IsaRRI,-1,-1,SKIPPED(>=B14)
and05_gauss_sqrtn_d2048_b1027,69,15,gauss_sqrtn,2048,t05 d2048 b1027,14,msolve,-1,-1,SKIPPED(>=B12)
and05_gauss_sqrtn_d2048_b1027,69,15,gauss_sqrtn,2048,t05 d2048 b1027,14,anewdsc,16,16098.0530,OK
and05_gauss_sqrtn_d2048_b1027,69,15,gauss_sqrtn,2048,t05 d2048 b1027,14,anewdsc_i0,16,16243.2500,OK
and05_gauss_sqrtn_d2048_b1027,69,15,gauss_sqrtn,2048,t05 d2048 b1027,14,sage,14,9905.3990,OK
and05_gauss_sqrtn_d2048_b1027,69,15,gauss_sqrtn,2048,t05 d2048 b1027,14,pari,-1,-1,SKIPPED(>=B9)
and05_gauss_sqrtn_d2048_b1027,69,15,gauss_sqrtn,2048,t05 d2048 b1027,14,z3,-1,-1,SKIPPED(>=B7)
and05_gauss_sqrtn_d2048_b1027,69,15,gauss_sqrtn,2048,t05 d2048 b1027,14,cgal,-1,-1,SKIPPED(>=B11)
and05_gauss_sqrtn_d2048_b1027,69,15,gauss_sqrtn,2048,t05 d2048 b1027,14,libpoly,-1,-1,SKIPPED(>=B9)
and05_gauss_sqrtn_d2746_b1027,70,16,gauss_sqrtn,2746,t05 d2746 b1027,16,IsaRRI,-1,-1,SKIPPED(>=B14)
and05_gauss_sqrtn_d2746_b1027,70,16,gauss_sqrtn,2746,t05 d2746 b1027,16,msolve,-1,-1,SKIPPED(>=B12)
and05_gauss_sqrtn_d2746_b1027,70,16,gauss_sqrtn,2746,t05 d2746 b1027,16,anewdsc,16,22978.5030,OK
and05_gauss_sqrtn_d2746_b1027,70,16,gauss_sqrtn,2746,t05 d2746 b1027,16,anewdsc_i0,16,23222.4540,OK
and05_gauss_sqrtn_d2746_b1027,70,16,gauss_sqrtn,2746,t05 d2746 b1027,16,sage,16,16516.6500,OK
and05_gauss_sqrtn_d2746_b1027,70,16,gauss_sqrtn,2746,t05 d2746 b1027,16,pari,-1,-1,SKIPPED(>=B9)
and05_gauss_sqrtn_d2746_b1027,70,16,gauss_sqrtn,2746,t05 d2746 b1027,16,z3,-1,-1,SKIPPED(>=B7)
and05_gauss_sqrtn_d2746_b1027,70,16,gauss_sqrtn,2746,t05 d2746 b1027,16,cgal,-1,-1,SKIPPED(>=B11)
and05_gauss_sqrtn_d2746_b1027,70,16,gauss_sqrtn,2746,t05 d2746 b1027,16,libpoly,-1,-1,SKIPPED(>=B9)
and05_gauss_sqrtn_d3640_b1027,71,17,gauss_sqrtn,3640,t05 d3640 b1027,16,IsaRRI,-1,-1,SKIPPED(>=B14)
and05_gauss_sqrtn_d3640_b1027,71,17,gauss_sqrtn,3640,t05 d3640 b1027,16,msolve,-1,-1,SKIPPED(>=B12)
and05_gauss_sqrtn_d3640_b1027,71,17,gauss_sqrtn,3640,t05 d3640 b1027,16,anewdsc,18,43571.0880,OK
and05_gauss_sqrtn_d3640_b1027,71,17,gauss_sqrtn,3640,t05 d3640 b1027,16,anewdsc_i0,18,42565.9100,OK
and05_gauss_sqrtn_d3640_b1027,71,17,gauss_sqrtn,3640,t05 d3640 b1027,16,sage,16,32353.8470,OK
and05_gauss_sqrtn_d3640_b1027,71,17,gauss_sqrtn,3640,t05 d3640 b1027,16,pari,-1,-1,SKIPPED(>=B9)
and05_gauss_sqrtn_d3640_b1027,71,17,gauss_sqrtn,3640,t05 d3640 b1027,16,z3,-1,-1,SKIPPED(>=B7)
and05_gauss_sqrtn_d3640_b1027,71,17,gauss_sqrtn,3640,t05 d3640 b1027,16,cgal,-1,-1,SKIPPED(>=B11)
and05_gauss_sqrtn_d3640_b1027,71,17,gauss_sqrtn,3640,t05 d3640 b1027,16,libpoly,-1,-1,SKIPPED(>=B9)
and05_gauss_sqrtn_d4832_b1026,72,18,gauss_sqrtn,4832,t05 d4832 b1026,14,IsaRRI,-1,-1,SKIPPED(>=B14)
and05_gauss_sqrtn_d4832_b1026,72,18,gauss_sqrtn,4832,t05 d4832 b1026,14,msolve,-1,-1,SKIPPED(>=B12)
and05_gauss_sqrtn_d4832_b1026,72,18,gauss_sqrtn,4832,t05 d4832 b1026,14,anewdsc,14,60290.7750,OK
and05_gauss_sqrtn_d4832_b1026,72,18,gauss_sqrtn,4832,t05 d4832 b1026,14,anewdsc_i0,14,61936.0930,OK
and05_gauss_sqrtn_d4832_b1026,72,18,gauss_sqrtn,4832,t05 d4832 b1026,14,sage,14,51228.7370,OK
and05_gauss_sqrtn_d4832_b1026,72,18,gauss_sqrtn,4832,t05 d4832 b1026,14,pari,-1,-1,SKIPPED(>=B9)
and05_gauss_sqrtn_d4832_b1026,72,18,gauss_sqrtn,4832,t05 d4832 b1026,14,z3,-1,-1,SKIPPED(>=B7)
and05_gauss_sqrtn_d4832_b1026,72,18,gauss_sqrtn,4832,t05 d4832 b1026,14,cgal,-1,-1,SKIPPED(>=B11)
and05_gauss_sqrtn_d4832_b1026,72,18,gauss_sqrtn,4832,t05 d4832 b1026,14,libpoly,-1,-1,SKIPPED(>=B9)
and05_gauss_sqrtn_d6428_b1026,73,19,gauss_sqrtn,6428,t05 d6428 b1026,6,IsaRRI,-1,-1,SKIPPED(>=B14)
and05_gauss_sqrtn_d6428_b1026,73,19,gauss_sqrtn,6428,t05 d6428 b1026,6,msolve,-1,-1,SKIPPED(>=B12)
and05_gauss_sqrtn_d6428_b1026,73,19,gauss_sqrtn,6428,t05 d6428 b1026,6,anewdsc,6,38325.3210,OK
and05_gauss_sqrtn_d6428_b1026,73,19,gauss_sqrtn,6428,t05 d6428 b1026,6,anewdsc_i0,6,38630.6290,OK
and05_gauss_sqrtn_d6428_b1026,73,19,gauss_sqrtn,6428,t05 d6428 b1026,6,sage,6,39563.4780,OK
and05_gauss_sqrtn_d6428_b1026,73,19,gauss_sqrtn,6428,t05 d6428 b1026,6,pari,-1,-1,SKIPPED(>=B9)
and05_gauss_sqrtn_d6428_b1026,73,19,gauss_sqrtn,6428,t05 d6428 b1026,6,z3,-1,-1,SKIPPED(>=B7)
and05_gauss_sqrtn_d6428_b1026,73,19,gauss_sqrtn,6428,t05 d6428 b1026,6,cgal,-1,-1,SKIPPED(>=B11)
and05_gauss_sqrtn_d6428_b1026,73,19,gauss_sqrtn,6428,t05 d6428 b1026,6,libpoly,-1,-1,SKIPPED(>=B9)
and05_gauss_sqrtn_d8594_b1027,74,20,gauss_sqrtn,8594,t05 d8594 b1027,8,IsaRRI,-1,-1,SKIPPED(>=B14)
and05_gauss_sqrtn_d8594_b1027,74,20,gauss_sqrtn,8594,t05 d8594 b1027,8,msolve,-1,-1,SKIPPED(>=B12)
and05_gauss_sqrtn_d8594_b1027,74,20,gauss_sqrtn,8594,t05 d8594 b1027,8,anewdsc,8,131427.2440,OK
and05_gauss_sqrtn_d8594_b1027,74,20,gauss_sqrtn,8594,t05 d8594 b1027,8,anewdsc_i0,8,115969.3530,OK
and05_gauss_sqrtn_d8594_b1027,74,20,gauss_sqrtn,8594,t05 d8594 b1027,8,sage,8,176985.7380,OK
and05_gauss_sqrtn_d8594_b1027,74,20,gauss_sqrtn,8594,t05 d8594 b1027,8,pari,-1,-1,SKIPPED(>=B9)
and05_gauss_sqrtn_d8594_b1027,74,20,gauss_sqrtn,8594,t05 d8594 b1027,8,z3,-1,-1,SKIPPED(>=B7)
and05_gauss_sqrtn_d8594_b1027,74,20,gauss_sqrtn,8594,t05 d8594 b1027,8,cgal,-1,-1,SKIPPED(>=B11)
and05_gauss_sqrtn_d8594_b1027,74,20,gauss_sqrtn,8594,t05 d8594 b1027,8,libpoly,-1,-1,SKIPPED(>=B9)
and07_hermite_d128_b869,96,1,hermite,128,t07 d128 b869,128,IsaRRI,128,4.8857,OK
and07_hermite_d128_b869,96,1,hermite,128,t07 d128 b869,128,msolve,128,10.7072,OK
and07_hermite_d128_b869,96,1,hermite,128,t07 d128 b869,128,anewdsc,128,29.4750,OK
and07_hermite_d128_b869,96,1,hermite,128,t07 d128 b869,128,anewdsc_i0,128,33.0770,OK
and07_hermite_d128_b869,96,1,hermite,128,t07 d128 b869,128,sage,128,86.0620,OK
and07_hermite_d128_b869,96,1,hermite,128,t07 d128 b869,128,pari,128,3.8299,OK
and07_hermite_d128_b869,96,1,hermite,128,t07 d128 b869,128,z3,128,66.6960,OK
and07_hermite_d128_b869,96,1,hermite,128,t07 d128 b869,128,cgal,128,158.0510,OK
and07_hermite_d128_b869,96,1,hermite,128,t07 d128 b869,128,libpoly,128,28.5937,OK
and07_hermite_d181_b1313,97,2,hermite,181,t07 d181 b1313,181,IsaRRI,181,46.1752,OK
and07_hermite_d181_b1313,97,2,hermite,181,t07 d181 b1313,181,msolve,181,30.3226,OK
and07_hermite_d181_b1313,97,2,hermite,181,t07 d181 b1313,181,anewdsc,180,87.0330,OK
and07_hermite_d181_b1313,97,2,hermite,181,t07 d181 b1313,181,anewdsc_i0,181,95.8480,OK
and07_hermite_d181_b1313,97,2,hermite,181,t07 d181 b1313,181,sage,181,111.0650,OK
and07_hermite_d181_b1313,97,2,hermite,181,t07 d181 b1313,181,pari,181,10.8358,OK
and07_hermite_d181_b1313,97,2,hermite,181,t07 d181 b1313,181,z3,181,225.3000,OK
and07_hermite_d181_b1313,97,2,hermite,181,t07 d181 b1313,181,cgal,181,445.9350,OK
and07_hermite_d181_b1313,97,2,hermite,181,t07 d181 b1313,181,libpoly,181,81.2798,OK
and07_hermite_d256_b1977,98,3,hermite,256,t07 d256 b1977,256,IsaRRI,256,23.8638,OK
and07_hermite_d256_b1977,98,3,hermite,256,t07 d256 b1977,256,msolve,256,91.7221,OK
and07_hermite_d256_b1977,98,3,hermite,256,t07 d256 b1977,256,anewdsc,256,235.7280,OK
and07_hermite_d256_b1977,98,3,hermite,256,t07 d256 b1977,256,anewdsc_i0,256,256.4490,OK
and07_hermite_d256_b1977,98,3,hermite,256,t07 d256 b1977,256,sage,256,251.6690,OK
and07_hermite_d256_b1977,98,3,hermite,256,t07 d256 b1977,256,pari,256,33.3596,OK
and07_hermite_d256_b1977,98,3,hermite,256,t07 d256 b1977,256,z3,256,821.4410,OK
and07_hermite_d256_b1977,98,3,hermite,256,t07 d256 b1977,256,cgal,256,1415.1100,OK
and07_hermite_d256_b1977,98,3,hermite,256,t07 d256 b1977,256,libpoly,256,239.0600,OK
and07_hermite_d362_b2968,99,4,hermite,362,t07 d362 b2968,362,IsaRRI,362,58.6302,OK
and07_hermite_d362_b2968,99,4,hermite,362,t07 d362 b2968,362,msolve,362,273.0580,OK
and07_hermite_d362_b2968,99,4,hermite,362,t07 d362 b2968,362,anewdsc,362,621.6360,OK
and07_hermite_d362_b2968,99,4,hermite,362,t07 d362 b2968,362,anewdsc_i0,362,743.3910,OK
and07_hermite_d362_b2968,99,4,hermite,362,t07 d362 b2968,362,sage,362,355.1690,OK
and07_hermite_d362_b2968,99,4,hermite,362,t07 d362 b2968,362,pari,362,107.7030,OK
and07_hermite_d362_b2968,99,4,hermite,362,t07 d362 b2968,362,z3,362,3966.2500,OK
and07_hermite_d362_b2968,99,4,hermite,362,t07 d362 b2968,362,cgal,362,4605.5600,OK
and07_hermite_d362_b2968,99,4,hermite,362,t07 d362 b2968,362,libpoly,362,702.1670,OK
and07_hermite_d512_b4443,100,5,hermite,512,t07 d512 b4443,512,IsaRRI,512,150.3350,OK
and07_hermite_d512_b4443,100,5,hermite,512,t07 d512 b4443,512,msolve,512,827.1290,OK
and07_hermite_d512_b4443,100,5,hermite,512,t07 d512 b4443,512,anewdsc,512,1761.2470,OK
and07_hermite_d512_b4443,100,5,hermite,512,t07 d512 b4443,512,anewdsc_i0,512,2177.3170,OK
and07_hermite_d512_b4443,100,5,hermite,512,t07 d512 b4443,512,sage,512,1032.4140,OK
and07_hermite_d512_b4443,100,5,hermite,512,t07 d512 b4443,512,pari,512,452.9290,OK
and07_hermite_d512_b4443,100,5,hermite,512,t07 d512 b4443,512,z3,512,15645.5000,OK
and07_hermite_d512_b4443,100,5,hermite,512,t07 d512 b4443,512,cgal,512,14912.7000,OK
and07_hermite_d512_b4443,100,5,hermite,512,t07 d512 b4443,512,libpoly,512,2119.2300,OK
and07_hermite_d724_b6631,101,6,hermite,724,t07 d724 b6631,724,IsaRRI,724,413.6610,OK
and07_hermite_d724_b6631,101,6,hermite,724,t07 d724 b6631,724,msolve,724,3126.7000,OK
and07_hermite_d724_b6631,101,6,hermite,724,t07 d724 b6631,724,anewdsc,724,5272.9270,OK
and07_hermite_d724_b6631,101,6,hermite,724,t07 d724 b6631,724,anewdsc_i0,724,6760.8100,OK
and07_hermite_d724_b6631,101,6,hermite,724,t07 d724 b6631,724,sage,724,2264.0480,OK
and07_hermite_d724_b6631,101,6,hermite,724,t07 d724 b6631,724,pari,724,1492.2200,OK
and07_hermite_d724_b6631,101,6,hermite,724,t07 d724 b6631,724,z3,724,59589.8000,OK
and07_hermite_d724_b6631,101,6,hermite,724,t07 d724 b6631,724,cgal,724,50058.2000,OK
and07_hermite_d724_b6631,101,6,hermite,724,t07 d724 b6631,724,libpoly,724,6579.6500,OK
and07_hermite_d1024_b9875,102,7,hermite,1024,t07 d1024 b9875,1024,IsaRRI,1024,1219.7900,OK
and07_hermite_d1024_b9875,102,7,hermite,1024,t07 d1024 b9875,1024,msolve,1024,9217.1100,OK
and07_hermite_d1024_b9875,102,7,hermite,1024,t07 d1024 b9875,1024,anewdsc,1024,15839.5700,OK
and07_hermite_d1024_b9875,102,7,hermite,1024,t07 d1024 b9875,1024,anewdsc_i0,1024,20709.6910,OK
and07_hermite_d1024_b9875,102,7,hermite,1024,t07 d1024 b9875,1024,sage,-1,-1,ERROR(RecursionError)
and07_hermite_d1024_b9875,102,7,hermite,1024,t07 d1024 b9875,1024,pari,1024,6123.3100,OK
and07_hermite_d1024_b9875,102,7,hermite,1024,t07 d1024 b9875,1024,z3,-1,180000.0000,TIMEOUT
and07_hermite_d1024_b9875,102,7,hermite,1024,t07 d1024 b9875,1024,cgal,-1,180000.0000,TIMEOUT
and07_hermite_d1024_b9875,102,7,hermite,1024,t07 d1024 b9875,1024,libpoly,1024,21427.5000,OK
and07_hermite_d1448_b14668,103,8,hermite,1448,t07 d1448 b14668,1448,IsaRRI,1448,4693.1500,OK
and07_hermite_d1448_b14668,103,8,hermite,1448,t07 d1448 b14668,1448,msolve,1448,29038.8000,OK
and07_hermite_d1448_b14668,103,8,hermite,1448,t07 d1448 b14668,1448,anewdsc,1448,45913.4800,OK
and07_hermite_d1448_b14668,103,8,hermite,1448,t07 d1448 b14668,1448,anewdsc_i0,1448,82388.8530,OK
and07_hermite_d1448_b14668,103,8,hermite,1448,t07 d1448 b14668,1448,sage,-1,-1,SKIPPED(>=B7)
and07_hermite_d1448_b14668,103,8,hermite,1448,t07 d1448 b14668,1448,pari,1448,20787.1000,OK
and07_hermite_d1448_b14668,103,8,hermite,1448,t07 d1448 b14668,1448,z3,-1,-1,SKIPPED(>=B7)
and07_hermite_d1448_b14668,103,8,hermite,1448,t07 d1448 b14668,1448,cgal,-1,-1,SKIPPED(>=B7)
and07_hermite_d1448_b14668,103,8,hermite,1448,t07 d1448 b14668,1448,libpoly,1448,72622.0000,OK
and07_hermite_d2048_b21748,104,9,hermite,2048,t07 d2048 b21748,2048,IsaRRI,2048,16336.4000,OK
and07_hermite_d2048_b21748,104,9,hermite,2048,t07 d2048 b21748,2048,msolve,2048,95530.3000,OK
and07_hermite_d2048_b21748,104,9,hermite,2048,t07 d2048 b21748,2048,anewdsc,2048,156047.4810,OK
and07_hermite_d2048_b21748,104,9,hermite,2048,t07 d2048 b21748,2048,anewdsc_i0,-1,180000.0000,TIMEOUT
and07_hermite_d2048_b21748,104,9,hermite,2048,t07 d2048 b21748,2048,sage,-1,-1,SKIPPED(>=B7)
and07_hermite_d2048_b21748,104,9,hermite,2048,t07 d2048 b21748,2048,pari,2048,84910.6000,OK
and07_hermite_d2048_b21748,104,9,hermite,2048,t07 d2048 b21748,2048,z3,-1,-1,SKIPPED(>=B7)
and07_hermite_d2048_b21748,104,9,hermite,2048,t07 d2048 b21748,2048,cgal,-1,-1,SKIPPED(>=B7)
and07_hermite_d2048_b21748,104,9,hermite,2048,t07 d2048 b21748,2048,libpoly,-1,180000.0000,TIMEOUT
and08_laguerre_d128_b743,105,1,laguerre,128,t08 d128 b743,128,IsaRRI,128,16.7948,OK
and08_laguerre_d128_b743,105,1,laguerre,128,t08 d128 b743,128,msolve,128,11.3342,OK
and08_laguerre_d128_b743,105,1,laguerre,128,t08 d128 b743,128,anewdsc,128,66.9640,OK
and08_laguerre_d128_b743,105,1,laguerre,128,t08 d128 b743,128,anewdsc_i0,128,71.7830,OK
and08_laguerre_d128_b743,105,1,laguerre,128,t08 d128 b743,128,sage,128,79.0880,OK
and08_laguerre_d128_b743,105,1,laguerre,128,t08 d128 b743,128,pari,128,31.0846,OK
and08_laguerre_d128_b743,105,1,laguerre,128,t08 d128 b743,128,z3,128,86.0448,OK
and08_laguerre_d128_b743,105,1,laguerre,128,t08 d128 b743,128,cgal,128,166.9570,OK
and08_laguerre_d128_b743,105,1,laguerre,128,t08 d128 b743,128,libpoly,128,31.5613,OK
and08_laguerre_d181_b1134,106,2,laguerre,181,t08 d181 b1134,181,IsaRRI,181,45.0918,OK
and08_laguerre_d181_b1134,106,2,laguerre,181,t08 d181 b1134,181,msolve,181,31.7686,OK
and08_laguerre_d181_b1134,106,2,laguerre,181,t08 d181 b1134,181,anewdsc,181,182.2760,OK
and08_laguerre_d181_b1134,106,2,laguerre,181,t08 d181 b1134,181,anewdsc_i0,181,211.1320,OK
and08_laguerre_d181_b1134,106,2,laguerre,181,t08 d181 b1134,181,sage,181,114.9520,OK
and08_laguerre_d181_b1134,106,2,laguerre,181,t08 d181 b1134,181,pari,181,98.3504,OK
and08_laguerre_d181_b1134,106,2,laguerre,181,t08 d181 b1134,181,z3,181,293.9750,OK
and08_laguerre_d181_b1134,106,2,laguerre,181,t08 d181 b1134,181,cgal,181,515.3410,OK
and08_laguerre_d181_b1134,106,2,laguerre,181,t08 d181 b1134,181,libpoly,181,83.7176,OK
and08_laguerre_d256_b1723,107,3,laguerre,256,t08 d256 b1723,256,IsaRRI,256,124.4390,OK
and08_laguerre_d256_b1723,107,3,laguerre,256,t08 d256 b1723,256,msolve,256,107.6480,OK
and08_laguerre_d256_b1723,107,3,laguerre,256,t08 d256 b1723,256,anewdsc,256,779.1610,OK
and08_laguerre_d256_b1723,107,3,laguerre,256,t08 d256 b1723,256,anewdsc_i0,256,580.4130,OK
and08_laguerre_d256_b1723,107,3,laguerre,256,t08 d256 b1723,256,sage,256,163.7310,OK
and08_laguerre_d256_b1723,107,3,laguerre,256,t08 d256 b1723,256,pari,256,366.4520,OK
and08_laguerre_d256_b1723,107,3,laguerre,256,t08 d256 b1723,256,z3,256,1245.3500,OK
and08_laguerre_d256_b1723,107,3,laguerre,256,t08 d256 b1723,256,cgal,256,1703.5000,OK
and08_laguerre_d256_b1723,107,3,laguerre,256,t08 d256 b1723,256,libpoly,256,231.1920,OK
and08_laguerre_d362_b2608,108,4,laguerre,362,t08 d362 b2608,362,IsaRRI,362,356.9850,OK
and08_laguerre_d362_b2608,108,4,laguerre,362,t08 d362 b2608,362,msolve,362,311.5660,OK
and08_laguerre_d362_b2608,108,4,laguerre,362,t08 d362 b2608,362,anewdsc,362,1383.4320,OK
and08_laguerre_d362_b2608,108,4,laguerre,362,t08 d362 b2608,362,anewdsc_i0,362,1795.2040,OK
and08_laguerre_d362_b2608,108,4,laguerre,362,t08 d362 b2608,362,sage,362,359.0160,OK
and08_laguerre_d362_b2608,108,4,laguerre,362,t08 d362 b2608,362,pari,362,1234.3900,OK
and08_laguerre_d362_b2608,108,4,laguerre,362,t08 d362 b2608,362,z3,362,5239.6900,OK
and08_laguerre_d362_b2608,108,4,laguerre,362,t08 d362 b2608,362,cgal,362,5421.8600,OK
and08_laguerre_d362_b2608,108,4,laguerre,362,t08 d362 b2608,362,libpoly,362,664.0010,OK
and08_laguerre_d512_b3933,109,5,laguerre,512,t08 d512 b3933,512,IsaRRI,512,1105.4800,OK
and08_laguerre_d512_b3933,109,5,laguerre,512,t08 d512 b3933,512,msolve,512,962.5950,OK
and08_laguerre_d512_b3933,109,5,laguerre,512,t08 d512 b3933,512,anewdsc,512,4302.3010,OK
and08_laguerre_d512_b3933,109,5,laguerre,512,t08 d512 b3933,512,anewdsc_i0,512,5514.9100,OK
and08_laguerre_d512_b3933,109,5,laguerre,512,t08 d512 b3933,512,sage,512,1003.2510,OK
and08_laguerre_d512_b3933,109,5,laguerre,512,t08 d512 b3933,512,pari,512,4976.2200,OK
and08_laguerre_d512_b3933,109,5,laguerre,512,t08 d512 b3933,512,z3,512,20046.0000,OK
and08_laguerre_d512_b3933,109,5,laguerre,512,t08 d512 b3933,512,cgal,512,18630.3000,OK
and08_laguerre_d512_b3933,109,5,laguerre,512,t08 d512 b3933,512,libpoly,512,2094.4400,OK
and08_laguerre_d724_b5910,110,6,laguerre,724,t08 d724 b5910,724,IsaRRI,724,4344.5100,OK
and08_laguerre_d724_b5910,110,6,laguerre,724,t08 d724 b5910,724,msolve,724,3399.5000,OK
and08_laguerre_d724_b5910,110,6,laguerre,724,t08 d724 b5910,724,anewdsc,724,13702.7850,OK
and08_laguerre_d724_b5910,110,6,laguerre,724,t08 d724 b5910,724,anewdsc_i0,724,81839.8070,OK
and08_laguerre_d724_b5910,110,6,laguerre,724,t08 d724 b5910,724,sage,724,1883.0750,OK
and08_laguerre_d724_b5910,110,6,laguerre,724,t08 d724 b5910,724,pari,724,17048.4000,OK
and08_laguerre_d724_b5910,110,6,laguerre,724,t08 d724 b5910,724,z3,724,72729.0000,OK
and08_laguerre_d724_b5910,110,6,laguerre,724,t08 d724 b5910,724,cgal,724,68765.9000,OK
and08_laguerre_d724_b5910,110,6,laguerre,724,t08 d724 b5910,724,libpoly,724,6844.7300,OK
and08_laguerre_d1024_b8854,111,7,laguerre,1024,t08 d1024 b8854,1024,IsaRRI,1024,15572.5000,OK
and08_laguerre_d1024_b8854,111,7,laguerre,1024,t08 d1024 b8854,1024,msolve,1024,10655.2000,OK
and08_laguerre_d1024_b8854,111,7,laguerre,1024,t08 d1024 b8854,1024,anewdsc,1024,56366.4470,OK
and08_laguerre_d1024_b8854,111,7,laguerre,1024,t08 d1024 b8854,1024,anewdsc_i0,-1,180000.0000,TIMEOUT
and08_laguerre_d1024_b8854,111,7,laguerre,1024,t08 d1024 b8854,1024,sage,1024,6320.7120,OK
and08_laguerre_d1024_b8854,111,7,laguerre,1024,t08 d1024 b8854,1024,pari,1024,66929.5000,OK
and08_laguerre_d1024_b8854,111,7,laguerre,1024,t08 d1024 b8854,1024,z3,-1,180000.0000,TIMEOUT
and08_laguerre_d1024_b8854,111,7,laguerre,1024,t08 d1024 b8854,1024,cgal,-1,180000.0000,TIMEOUT
and08_laguerre_d1024_b8854,111,7,laguerre,1024,t08 d1024 b8854,1024,libpoly,1024,24442.6000,OK
and08_laguerre_d1448_b13223,112,8,laguerre,1448,t08 d1448 b13223,1448,IsaRRI,1448,54484.9000,OK
and08_laguerre_d1448_b13223,112,8,laguerre,1448,t08 d1448 b13223,1448,msolve,1448,35845.4000,OK
and08_laguerre_d1448_b13223,112,8,laguerre,1448,t08 d1448 b13223,1448,anewdsc,1448,175010.8520,OK
and08_laguerre_d1448_b13223,112,8,laguerre,1448,t08 d1448 b13223,1448,anewdsc_i0,-1,-1,SKIPPED(>=B7)
and08_laguerre_d1448_b13223,112,8,laguerre,1448,t08 d1448 b13223,1448,sage,1448,21203.1080,OK
and08_laguerre_d1448_b13223,112,8,laguerre,1448,t08 d1448 b13223,1448,pari,-1,180000.0000,TIMEOUT
and08_laguerre_d1448_b13223,112,8,laguerre,1448,t08 d1448 b13223,1448,z3,-1,-1,SKIPPED(>=B7)
and08_laguerre_d1448_b13223,112,8,laguerre,1448,t08 d1448 b13223,1448,cgal,-1,-1,SKIPPED(>=B7)
and08_laguerre_d1448_b13223,112,8,laguerre,1448,t08 d1448 b13223,1448,libpoly,1448,92368.5000,OK
and08_laguerre_d2048_b19702,113,9,laguerre,2048,t08 d2048 b19702,2048,IsaRRI,-1,180000.0000,TIMEOUT
and08_laguerre_d2048_b19702,113,9,laguerre,2048,t08 d2048 b19702,2048,msolve,2048,112717.0000,OK
and08_laguerre_d2048_b19702,113,9,laguerre,2048,t08 d2048 b19702,2048,anewdsc,-1,180000.0000,TIMEOUT
and08_laguerre_d2048_b19702,113,9,laguerre,2048,t08 d2048 b19702,2048,anewdsc_i0,-1,-1,SKIPPED(>=B7)
and08_laguerre_d2048_b19702,113,9,laguerre,2048,t08 d2048 b19702,2048,sage,2048,53761.7330,OK
and08_laguerre_d2048_b19702,113,9,laguerre,2048,t08 d2048 b19702,2048,pari,-1,-1,SKIPPED(>=B8)
and08_laguerre_d2048_b19702,113,9,laguerre,2048,t08 d2048 b19702,2048,z3,-1,-1,SKIPPED(>=B7)
and08_laguerre_d2048_b19702,113,9,laguerre,2048,t08 d2048 b19702,2048,cgal,-1,-1,SKIPPED(>=B7)
and08_laguerre_d2048_b19702,113,9,laguerre,2048,t08 d2048 b19702,2048,libpoly,-1,180000.0000,TIMEOUT
and09_legendre_d128_b572,114,1,legendre,128,t09 d128 b572,128,IsaRRI,128,4.7467,OK
and09_legendre_d128_b572,114,1,legendre,128,t09 d128 b572,128,msolve,128,12.4634,OK
and09_legendre_d128_b572,114,1,legendre,128,t09 d128 b572,128,anewdsc,128,32.7850,OK
and09_legendre_d128_b572,114,1,legendre,128,t09 d128 b572,128,anewdsc_i0,128,34.8390,OK
and09_legendre_d128_b572,114,1,legendre,128,t09 d128 b572,128,sage,128,78.3840,OK
and09_legendre_d128_b572,114,1,legendre,128,t09 d128 b572,128,pari,128,4.0229,OK
and09_legendre_d128_b572,114,1,legendre,128,t09 d128 b572,128,z3,128,86.5221,OK
and09_legendre_d128_b572,114,1,legendre,128,t09 d128 b572,128,cgal,128,154.5760,OK
and09_legendre_d128_b572,114,1,legendre,128,t09 d128 b572,128,libpoly,128,37.6675,OK
and09_legendre_d181_b809,115,2,legendre,181,t09 d181 b809,181,IsaRRI,181,44.2355,OK
and09_legendre_d181_b809,115,2,legendre,181,t09 d181 b809,181,msolve,181,31.0311,OK
and09_legendre_d181_b809,115,2,legendre,181,t09 d181 b809,181,anewdsc,180,82.8010,OK
and09_legendre_d181_b809,115,2,legendre,181,t09 d181 b809,181,anewdsc_i0,181,86.1450,OK
and09_legendre_d181_b809,115,2,legendre,181,t09 d181 b809,181,sage,181,105.9630,OK
and09_legendre_d181_b809,115,2,legendre,181,t09 d181 b809,181,pari,181,11.2847,OK
and09_legendre_d181_b809,115,2,legendre,181,t09 d181 b809,181,z3,181,293.9750,OK
and09_legendre_d181_b809,115,2,legendre,181,t09 d181 b809,181,cgal,181,446.9150,OK
and09_legendre_d181_b809,115,2,legendre,181,t09 d181 b809,181,libpoly,181,103.6670,OK
and09_legendre_d256_b1153,116,3,legendre,256,t09 d256 b1153,256,IsaRRI,256,27.6770,OK
and09_legendre_d256_b1153,116,3,legendre,256,t09 d256 b1153,256,msolve,256,113.3730,OK
and09_legendre_d256_b1153,116,3,legendre,256,t09 d256 b1153,256,anewdsc,256,269.5140,OK
and09_legendre_d256_b1153,116,3,legendre,256,t09 d256 b1153,256,anewdsc_i0,256,306.0850,OK
and09_legendre_d256_b1153,116,3,legendre,256,t09 d256 b1153,256,sage,256,141.8370,OK
and09_legendre_d256_b1153,116,3,legendre,256,t09 d256 b1153,256,pari,256,34.8976,OK
and09_legendre_d256_b1153,116,3,legendre,256,t09 d256 b1153,256,z3,256,1387.5100,OK
and09_legendre_d256_b1153,116,3,legendre,256,t09 d256 b1153,256,cgal,256,1349.1500,OK
and09_legendre_d256_b1153,116,3,legendre,256,t09 d256 b1153,256,libpoly,256,298.5660,OK
and09_legendre_d362_b1630,117,4,legendre,362,t09 d362 b1630,362,IsaRRI,362,63.9721,OK
and09_legendre_d362_b1630,117,4,legendre,362,t09 d362 b1630,362,msolve,362,329.2260,OK
and09_legendre_d362_b1630,117,4,legendre,362,t09 d362 b1630,362,anewdsc,362,704.6680,OK
and09_legendre_d362_b1630,117,4,legendre,362,t09 d362 b1630,362,anewdsc_i0,362,775.8610,OK
and09_legendre_d362_b1630,117,4,legendre,362,t09 d362 b1630,362,sage,362,268.8720,OK
and09_legendre_d362_b1630,117,4,legendre,362,t09 d362 b1630,362,pari,362,113.7110,OK
and09_legendre_d362_b1630,117,4,legendre,362,t09 d362 b1630,362,z3,362,5467.6000,OK
and09_legendre_d362_b1630,117,4,legendre,362,t09 d362 b1630,362,cgal,362,4387.2800,OK
and09_legendre_d362_b1630,117,4,legendre,362,t09 d362 b1630,362,libpoly,362,871.9230,OK
and09_legendre_d512_b2315,118,5,legendre,512,t09 d512 b2315,512,IsaRRI,512,145.9770,OK
and09_legendre_d512_b2315,118,5,legendre,512,t09 d512 b2315,512,msolve,512,1052.3900,OK
and09_legendre_d512_b2315,118,5,legendre,512,t09 d512 b2315,512,anewdsc,512,2358.2600,OK
and09_legendre_d512_b2315,118,5,legendre,512,t09 d512 b2315,512,anewdsc_i0,512,2579.4900,OK
and09_legendre_d512_b2315,118,5,legendre,512,t09 d512 b2315,512,sage,512,462.8060,OK
and09_legendre_d512_b2315,118,5,legendre,512,t09 d512 b2315,512,pari,512,490.8830,OK
and09_legendre_d512_b2315,118,5,legendre,512,t09 d512 b2315,512,z3,512,20536.6000,OK
and09_legendre_d512_b2315,118,5,legendre,512,t09 d512 b2315,512,cgal,512,13843.0000,OK
and09_legendre_d512_b2315,118,5,legendre,512,t09 d512 b2315,512,libpoly,512,2649.8200,OK
and09_legendre_d724_b3274,119,6,legendre,724,t09 d724 b3274,724,IsaRRI,724,481.5730,OK
and09_legendre_d724_b3274,119,6,legendre,724,t09 d724 b3274,724,msolve,724,3635.9700,OK
and09_legendre_d724_b3274,119,6,legendre,724,t09 d724 b3274,724,anewdsc,724,7167.1720,OK
and09_legendre_d724_b3274,119,6,legendre,724,t09 d724 b3274,724,anewdsc_i0,724,6947.1810,OK
and09_legendre_d724_b3274,119,6,legendre,724,t09 d724 b3274,724,sage,724,1307.5580,OK
and09_legendre_d724_b3274,119,6,legendre,724,t09 d724 b3274,724,pari,724,1630.2900,OK
and09_legendre_d724_b3274,119,6,legendre,724,t09 d724 b3274,724,z3,724,76113.2000,OK
and09_legendre_d724_b3274,119,6,legendre,724,t09 d724 b3274,724,cgal,724,46352.6000,OK
and09_legendre_d724_b3274,119,6,legendre,724,t09 d724 b3274,724,libpoly,724,8504.4100,OK
and09_legendre_d1024_b4640,120,7,legendre,1024,t09 d1024 b4640,1024,IsaRRI,1024,1419.1500,OK
and09_legendre_d1024_b4640,120,7,legendre,1024,t09 d1024 b4640,1024,msolve,1024,12044.5000,OK
and09_legendre_d1024_b4640,120,7,legendre,1024,t09 d1024 b4640,1024,anewdsc,1024,28510.8060,OK
and09_legendre_d1024_b4640,120,7,legendre,1024,t09 d1024 b4640,1024,anewdsc_i0,1024,29636.7720,OK
and09_legendre_d1024_b4640,120,7,legendre,1024,t09 d1024 b4640,1024,sage,1024,2467.1850,OK
and09_legendre_d1024_b4640,120,7,legendre,1024,t09 d1024 b4640,1024,pari,1024,6759.4100,OK
and09_legendre_d1024_b4640,120,7,legendre,1024,t09 d1024 b4640,1024,z3,-1,180000.0000,TIMEOUT
and09_legendre_d1024_b4640,120,7,legendre,1024,t09 d1024 b4640,1024,cgal,1024,161484.0000,OK
and09_legendre_d1024_b4640,120,7,legendre,1024,t09 d1024 b4640,1024,libpoly,1024,27641.8000,OK
and09_legendre_d1448_b6562,121,8,legendre,1448,t09 d1448 b6562,1448,IsaRRI,1448,4567.3500,OK
and09_legendre_d1448_b6562,121,8,legendre,1448,t09 d1448 b6562,1448,msolve,1448,39505.1000,OK
and09_legendre_d1448_b6562,121,8,legendre,1448,t09 d1448 b6562,1448,anewdsc,1448,93445.2630,OK
and09_legendre_d1448_b6562,121,8,legendre,1448,t09 d1448 b6562,1448,anewdsc_i0,1448,89555.8000,OK
and09_legendre_d1448_b6562,121,8,legendre,1448,t09 d1448 b6562,1448,sage,1448,4865.4020,OK
and09_legendre_d1448_b6562,121,8,legendre,1448,t09 d1448 b6562,1448,pari,1448,22807.5000,OK
and09_legendre_d1448_b6562,121,8,legendre,1448,t09 d1448 b6562,1448,z3,-1,-1,SKIPPED(>=B7)
and09_legendre_d1448_b6562,121,8,legendre,1448,t09 d1448 b6562,1448,cgal,-1,180000.0000,TIMEOUT
and09_legendre_d1448_b6562,121,8,legendre,1448,t09 d1448 b6562,1448,libpoly,1448,96739.2000,OK
and09_legendre_d2048_b9291,122,9,legendre,2048,t09 d2048 b9291,2048,IsaRRI,2048,15963.4000,OK
and09_legendre_d2048_b9291,122,9,legendre,2048,t09 d2048 b9291,2048,msolve,2048,131946.0000,OK
and09_legendre_d2048_b9291,122,9,legendre,2048,t09 d2048 b9291,2048,anewdsc,-1,180000.0000,TIMEOUT
and09_legendre_d2048_b9291,122,9,legendre,2048,t09 d2048 b9291,2048,anewdsc_i0,-1,180000.0000,TIMEOUT
and09_legendre_d2048_b9291,122,9,legendre,2048,t09 d2048 b9291,2048,sage,2048,10145.3390,OK
and09_legendre_d2048_b9291,122,9,legendre,2048,t09 d2048 b9291,2048,pari,2048,97051.3000,OK
and09_legendre_d2048_b9291,122,9,legendre,2048,t09 d2048 b9291,2048,z3,-1,-1,SKIPPED(>=B7)
and09_legendre_d2048_b9291,122,9,legendre,2048,t09 d2048 b9291,2048,cgal,-1,-1,SKIPPED(>=B8)
and09_legendre_d2048_b9291,122,9,legendre,2048,t09 d2048 b9291,2048,libpoly,-1,180000.0000,TIMEOUT
and12_mignotte_irr_d129_b10,170,1,mignotte_irr,129,t12 d129 b10,3,IsaRRI,3,21.9528,OK
and12_mignotte_irr_d129_b10,170,1,mignotte_irr,129,t12 d129 b10,3,msolve,3,213.2260,OK
and12_mignotte_irr_d129_b10,170,1,mignotte_irr,129,t12 d129 b10,3,anewdsc,3,15.2070,OK
and12_mignotte_irr_d129_b10,170,1,mignotte_irr,129,t12 d129 b10,3,anewdsc_i0,3,15.4530,OK
and12_mignotte_irr_d129_b10,170,1,mignotte_irr,129,t12 d129 b10,3,sage,3,74.5110,OK
and12_mignotte_irr_d129_b10,170,1,mignotte_irr,129,t12 d129 b10,3,pari,3,298.5520,OK
and12_mignotte_irr_d129_b10,170,1,mignotte_irr,129,t12 d129 b10,3,z3,3,3157.5100,OK
and12_mignotte_irr_d129_b10,170,1,mignotte_irr,129,t12 d129 b10,3,cgal,3,592.3510,OK
and12_mignotte_irr_d129_b10,170,1,mignotte_irr,129,t12 d129 b10,3,libpoly,3,3.9520,OK
and12_mignotte_irr_d129_b16,171,2,mignotte_irr,129,t12 d129 b16,3,IsaRRI,3,52.1053,OK
and12_mignotte_irr_d129_b16,171,2,mignotte_irr,129,t12 d129 b16,3,msolve,3,580.0230,OK
and12_mignotte_irr_d129_b16,171,2,mignotte_irr,129,t12 d129 b16,3,anewdsc,3,25.3230,OK
and12_mignotte_irr_d129_b16,171,2,mignotte_irr,129,t12 d129 b16,3,anewdsc_i0,3,25.7040,OK
and12_mignotte_irr_d129_b16,171,2,mignotte_irr,129,t12 d129 b16,3,sage,3,79.1870,OK
and12_mignotte_irr_d129_b16,171,2,mignotte_irr,129,t12 d129 b16,3,pari,3,947.7200,OK
and12_mignotte_irr_d129_b16,171,2,mignotte_irr,129,t12 d129 b16,3,z3,3,11000.2000,OK
and12_mignotte_irr_d129_b16,171,2,mignotte_irr,129,t12 d129 b16,3,cgal,3,1261.4800,OK
and12_mignotte_irr_d129_b16,171,2,mignotte_irr,129,t12 d129 b16,3,libpoly,3,12.6350,OK
and12_mignotte_irr_d129_b22,172,3,mignotte_irr,129,t12 d129 b22,3,IsaRRI,3,80.4875,OK
and12_mignotte_irr_d129_b22,172,3,mignotte_irr,129,t12 d129 b22,3,msolve,3,1126.5000,OK
and12_mignotte_irr_d129_b22,172,3,mignotte_irr,129,t12 d129 b22,3,anewdsc,3,21.2020,OK
and12_mignotte_irr_d129_b22,172,3,mignotte_irr,129,t12 d129 b22,3,anewdsc_i0,3,21.9330,OK
and12_mignotte_irr_d129_b22,172,3,mignotte_irr,129,t12 d129 b22,3,sage,3,75.7300,OK
and12_mignotte_irr_d129_b22,172,3,mignotte_irr,129,t12 d129 b22,3,pari,3,2034.3500,OK
and12_mignotte_irr_d129_b22,172,3,mignotte_irr,129,t12 d129 b22,3,z3,3,25273.3000,OK
and12_mignotte_irr_d129_b22,172,3,mignotte_irr,129,t12 d129 b22,3,cgal,3,2116.0500,OK
and12_mignotte_irr_d129_b22,172,3,mignotte_irr,129,t12 d129 b22,3,libpoly,3,28.7722,OK
and12_mignotte_irr_d129_b32,173,4,mignotte_irr,129,t12 d129 b32,3,IsaRRI,3,131.5430,OK
and12_mignotte_irr_d129_b32,173,4,mignotte_irr,129,t12 d129 b32,3,msolve,3,2421.3400,OK
and12_mignotte_irr_d129_b32,173,4,mignotte_irr,129,t12 d129 b32,3,anewdsc,4,27.0270,OK
and12_mignotte_irr_d129_b32,173,4,mignotte_irr,129,t12 d129 b32,3,anewdsc_i0,3,44.1090,OK
and12_mignotte_irr_d129_b32,173,4,mignotte_irr,129,t12 d129 b32,3,sage,3,84.9600,OK
and12_mignotte_irr_d129_b32,173,4,mignotte_irr,129,t12 d129 b32,3,pari,3,5280.8800,OK
and12_mignotte_irr_d129_b32,173,4,mignotte_irr,129,t12 d129 b32,3,z3,3,69517.5000,OK
and12_mignotte_irr_d129_b32,173,4,mignotte_irr,129,t12 d129 b32,3,cgal,3,3979.9800,OK
and12_mignotte_irr_d129_b32,173,4,mignotte_irr,129,t12 d129 b32,3,libpoly,3,79.3807,OK
and12_mignotte_irr_d129_b44,174,5,mignotte_irr,129,t12 d129 b44,3,IsaRRI,3,149.2340,OK
and12_mignotte_irr_d129_b44,174,5,mignotte_irr,129,t12 d129 b44,3,msolve,3,4591.9700,OK
and12_mignotte_irr_d129_b44,174,5,mignotte_irr,129,t12 d129 b44,3,anewdsc,3,57.2600,OK
and12_mignotte_irr_d129_b44,174,5,mignotte_irr,129,t12 d129 b44,3,anewdsc_i0,3,20.6160,OK
and12_mignotte_irr_d129_b44,174,5,mignotte_irr,129,t12 d129 b44,3,sage,3,88.8320,OK
and12_mignotte_irr_d129_b44,174,5,mignotte_irr,129,t12 d129 b44,3,pari,3,12439.2000,OK
and12_mignotte_irr_d129_b44,174,5,mignotte_irr,129,t12 d129 b44,3,z3,3,169430.0000,OK
and12_mignotte_irr_d129_b44,174,5,mignotte_irr,129,t12 d129 b44,3,cgal,3,7036.3800,OK
and12_mignotte_irr_d129_b44,174,5,mignotte_irr,129,t12 d129 b44,3,libpoly,3,198.0830,OK
and12_mignotte_irr_d129_b64,175,6,mignotte_irr,129,t12 d129 b64,3,IsaRRI,3,229.4560,OK
and12_mignotte_irr_d129_b64,175,6,mignotte_irr,129,t12 d129 b64,3,msolve,3,9417.9400,OK
and12_mignotte_irr_d129_b64,175,6,mignotte_irr,129,t12 d129 b64,3,anewdsc,3,41.9550,OK
and12_mignotte_irr_d129_b64,175,6,mignotte_irr,129,t12 d129 b64,3,anewdsc_i0,3,30.3260,OK
and12_mignotte_irr_d129_b64,175,6,mignotte_irr,129,t12 d129 b64,3,sage,3,108.3200,OK
and12_mignotte_irr_d129_b64,175,6,mignotte_irr,129,t12 d129 b64,3,pari,3,35766.8000,OK
and12_mignotte_irr_d129_b64,175,6,mignotte_irr,129,t12 d129 b64,3,z3,-1,180000.0000,TIMEOUT
and12_mignotte_irr_d129_b64,175,6,mignotte_irr,129,t12 d129 b64,3,cgal,3,13781.4000,OK
and12_mignotte_irr_d129_b64,175,6,mignotte_irr,129,t12 d129 b64,3,libpoly,3,608.9110,OK
and12_mignotte_irr_d129_b90,176,7,mignotte_irr,129,t12 d129 b90,3,IsaRRI,3,297.2240,OK
and12_mignotte_irr_d129_b90,176,7,mignotte_irr,129,t12 d129 b90,3,msolve,3,19051.7000,OK
and12_mignotte_irr_d129_b90,176,7,mignotte_irr,129,t12 d129 b90,3,anewdsc,3,35.5310,OK
and12_mignotte_irr_d129_b90,176,7,mignotte_irr,129,t12 d129 b90,3,anewdsc_i0,3,36.2170,OK
and12_mignotte_irr_d129_b90,176,7,mignotte_irr,129,t12 d129 b90,3,sage,3,126.3020,OK
and12_mignotte_irr_d129_b90,176,7,mignotte_irr,129,t12 d129 b90,3,pari,3,82832.6000,OK
and12_mignotte_irr_d129_b90,176,7,mignotte_irr,129,t12 d129 b90,3,z3,-1,-1,SKIPPED(>=B6)
and12_mignotte_irr_d129_b90,176,7,mignotte_irr,129,t12 d129 b90,3,cgal,3,25986.5000,OK
and12_mignotte_irr_d129_b90,176,7,mignotte_irr,129,t12 d129 b90,3,libpoly,3,1492.8300,OK
and12_mignotte_irr_d129_b128,177,8,mignotte_irr,129,t12 d129 b128,3,IsaRRI,3,474.6620,OK
and12_mignotte_irr_d129_b128,177,8,mignotte_irr,129,t12 d129 b128,3,msolve,3,35950.6000,OK
and12_mignotte_irr_d129_b128,177,8,mignotte_irr,129,t12 d129 b128,3,anewdsc,3,100.8580,OK
and12_mignotte_irr_d129_b128,177,8,mignotte_irr,129,t12 d129 b128,3,anewdsc_i0,3,97.2920,OK
and12_mignotte_irr_d129_b128,177,8,mignotte_irr,129,t12 d129 b128,3,sage,3,183.0200,OK
and12_mignotte_irr_d129_b128,177,8,mignotte_irr,129,t12 d129 b128,3,pari,-1,180000.0000,TIMEOUT
and12_mignotte_irr_d129_b128,177,8,mignotte_irr,129,t12 d129 b128,3,z3,-1,-1,SKIPPED(>=B6)
and12_mignotte_irr_d129_b128,177,8,mignotte_irr,129,t12 d129 b128,3,cgal,3,50804.8000,OK
and12_mignotte_irr_d129_b128,177,8,mignotte_irr,129,t12 d129 b128,3,libpoly,3,3753.7400,OK
and12_mignotte_irr_d129_b180,178,9,mignotte_irr,129,t12 d129 b180,3,IsaRRI,3,604.8760,OK
and12_mignotte_irr_d129_b180,178,9,mignotte_irr,129,t12 d129 b180,3,msolve,3,68955.7000,OK
and12_mignotte_irr_d129_b180,178,9,mignotte_irr,129,t12 d129 b180,3,anewdsc,3,84.3150,OK
and12_mignotte_irr_d129_b180,178,9,mignotte_irr,129,t12 d129 b180,3,anewdsc_i0,3,35.7430,OK
and12_mignotte_irr_d129_b180,178,9,mignotte_irr,129,t12 d129 b180,3,sage,3,237.0070,OK
and12_mignotte_irr_d129_b180,178,9,mignotte_irr,129,t12 d129 b180,3,pari,-1,-1,SKIPPED(>=B8)
and12_mignotte_irr_d129_b180,178,9,mignotte_irr,129,t12 d129 b180,3,z3,-1,-1,SKIPPED(>=B6)
and12_mignotte_irr_d129_b180,178,9,mignotte_irr,129,t12 d129 b180,3,cgal,3,143669.0000,OK
and12_mignotte_irr_d129_b180,178,9,mignotte_irr,129,t12 d129 b180,3,libpoly,3,8672.6700,OK
and12_mignotte_irr_d129_b256,179,10,mignotte_irr,129,t12 d129 b256,3,IsaRRI,3,1245.0100,OK
and12_mignotte_irr_d129_b256,179,10,mignotte_irr,129,t12 d129 b256,3,msolve,3,136507.0000,OK
and12_mignotte_irr_d129_b256,179,10,mignotte_irr,129,t12 d129 b256,3,anewdsc,3,402.0180,OK
and12_mignotte_irr_d129_b256,179,10,mignotte_irr,129,t12 d129 b256,3,anewdsc_i0,3,404.1650,OK
and12_mignotte_irr_d129_b256,179,10,mignotte_irr,129,t12 d129 b256,3,sage,3,415.2100,OK
and12_mignotte_irr_d129_b256,179,10,mignotte_irr,129,t12 d129 b256,3,pari,-1,-1,SKIPPED(>=B8)
and12_mignotte_irr_d129_b256,179,10,mignotte_irr,129,t12 d129 b256,3,z3,-1,-1,SKIPPED(>=B6)
and12_mignotte_irr_d129_b256,179,10,mignotte_irr,129,t12 d129 b256,3,cgal,-1,180000.0000,TIMEOUT
and12_mignotte_irr_d129_b256,179,10,mignotte_irr,129,t12 d129 b256,3,libpoly,3,21869.8000,OK
and12_mignotte_irr_d129_b362,180,11,mignotte_irr,129,t12 d129 b362,3,IsaRRI,3,2349.9100,OK
and12_mignotte_irr_d129_b362,180,11,mignotte_irr,129,t12 d129 b362,3,msolve,-1,180000.0000,TIMEOUT
and12_mignotte_irr_d129_b362,180,11,mignotte_irr,129,t12 d129 b362,3,anewdsc,3,82.9070,OK
and12_mignotte_irr_d129_b362,180,11,mignotte_irr,129,t12 d129 b362,3,anewdsc_i0,3,83.1690,OK
and12_mignotte_irr_d129_b362,180,11,mignotte_irr,129,t12 d129 b362,3,sage,3,614.5610,OK
and12_mignotte_irr_d129_b362,180,11,mignotte_irr,129,t12 d129 b362,3,pari,-1,-1,SKIPPED(>=B8)
and12_mignotte_irr_d129_b362,180,11,mignotte_irr,129,t12 d129 b362,3,z3,-1,-1,SKIPPED(>=B6)
and12_mignotte_irr_d129_b362,180,11,mignotte_irr,129,t12 d129 b362,3,cgal,-1,-1,SKIPPED(>=B10)
and12_mignotte_irr_d129_b362,180,11,mignotte_irr,129,t12 d129 b362,3,libpoly,3,55695.4000,OK
and12_mignotte_irr_d129_b512,181,12,mignotte_irr,129,t12 d129 b512,3,IsaRRI,3,4327.2500,OK
and12_mignotte_irr_d129_b512,181,12,mignotte_irr,129,t12 d129 b512,3,msolve,-1,-1,SKIPPED(>=B11)
and12_mignotte_irr_d129_b512,181,12,mignotte_irr,129,t12 d129 b512,3,anewdsc,3,1012.0330,OK
and12_mignotte_irr_d129_b512,181,12,mignotte_irr,129,t12 d129 b512,3,anewdsc_i0,3,619.9910,OK
and12_mignotte_irr_d129_b512,181,12,mignotte_irr,129,t12 d129 b512,3,sage,3,1251.3050,OK
and12_mignotte_irr_d129_b512,181,12,mignotte_irr,129,t12 d129 b512,3,pari,-1,-1,SKIPPED(>=B8)
and12_mignotte_irr_d129_b512,181,12,mignotte_irr,129,t12 d129 b512,3,z3,-1,-1,SKIPPED(>=B6)
and12_mignotte_irr_d129_b512,181,12,mignotte_irr,129,t12 d129 b512,3,cgal,-1,-1,SKIPPED(>=B10)
and12_mignotte_irr_d129_b512,181,12,mignotte_irr,129,t12 d129 b512,3,libpoly,3,134038.0000,OK
and12_mignotte_irr_d129_b724,182,13,mignotte_irr,129,t12 d129 b724,3,IsaRRI,3,5878.7600,OK
and12_mignotte_irr_d129_b724,182,13,mignotte_irr,129,t12 d129 b724,3,msolve,-1,-1,SKIPPED(>=B11)
and12_mignotte_irr_d129_b724,182,13,mignotte_irr,129,t12 d129 b724,3,anewdsc,3,279.6400,OK
and12_mignotte_irr_d129_b724,182,13,mignotte_irr,129,t12 d129 b724,3,anewdsc_i0,3,300.8490,OK
and12_mignotte_irr_d129_b724,182,13,mignotte_irr,129,t12 d129 b724,3,sage,3,2039.6020,OK
and12_mignotte_irr_d129_b724,182,13,mignotte_irr,129,t12 d129 b724,3,pari,-1,-1,SKIPPED(>=B8)
and12_mignotte_irr_d129_b724,182,13,mignotte_irr,129,t12 d129 b724,3,z3,-1,-1,SKIPPED(>=B6)
and12_mignotte_irr_d129_b724,182,13,mignotte_irr,129,t12 d129 b724,3,cgal,-1,-1,SKIPPED(>=B10)
and12_mignotte_irr_d129_b724,182,13,mignotte_irr,129,t12 d129 b724,3,libpoly,-1,180000.0000,TIMEOUT
and12_mignotte_irr_d129_b1024,183,14,mignotte_irr,129,t12 d129 b1024,3,IsaRRI,3,8195.4100,OK
and12_mignotte_irr_d129_b1024,183,14,mignotte_irr,129,t12 d129 b1024,3,msolve,-1,-1,SKIPPED(>=B11)
and12_mignotte_irr_d129_b1024,183,14,mignotte_irr,129,t12 d129 b1024,3,anewdsc,3,1992.4600,OK
and12_mignotte_irr_d129_b1024,183,14,mignotte_irr,129,t12 d129 b1024,3,anewdsc_i0,3,2049.6350,OK
and12_mignotte_irr_d129_b1024,183,14,mignotte_irr,129,t12 d129 b1024,3,sage,3,4698.5940,OK
and12_mignotte_irr_d129_b1024,183,14,mignotte_irr,129,t12 d129 b1024,3,pari,-1,-1,SKIPPED(>=B8)
and12_mignotte_irr_d129_b1024,183,14,mignotte_irr,129,t12 d129 b1024,3,z3,-1,-1,SKIPPED(>=B6)
and12_mignotte_irr_d129_b1024,183,14,mignotte_irr,129,t12 d129 b1024,3,cgal,-1,-1,SKIPPED(>=B10)
and12_mignotte_irr_d129_b1024,183,14,mignotte_irr,129,t12 d129 b1024,3,libpoly,-1,-1,SKIPPED(>=B13)
and12_mignotte_irr_d129_b1448,184,15,mignotte_irr,129,t12 d129 b1448,3,IsaRRI,3,12681.5000,OK
and12_mignotte_irr_d129_b1448,184,15,mignotte_irr,129,t12 d129 b1448,3,msolve,-1,-1,SKIPPED(>=B11)
and12_mignotte_irr_d129_b1448,184,15,mignotte_irr,129,t12 d129 b1448,3,anewdsc,3,719.1800,OK
and12_mignotte_irr_d129_b1448,184,15,mignotte_irr,129,t12 d129 b1448,3,anewdsc_i0,3,725.0940,OK
and12_mignotte_irr_d129_b1448,184,15,mignotte_irr,129,t12 d129 b1448,3,sage,3,8147.4600,OK
and12_mignotte_irr_d129_b1448,184,15,mignotte_irr,129,t12 d129 b1448,3,pari,-1,-1,SKIPPED(>=B8)
and12_mignotte_irr_d129_b1448,184,15,mignotte_irr,129,t12 d129 b1448,3,z3,-1,-1,SKIPPED(>=B6)
and12_mignotte_irr_d129_b1448,184,15,mignotte_irr,129,t12 d129 b1448,3,cgal,-1,-1,SKIPPED(>=B10)
and12_mignotte_irr_d129_b1448,184,15,mignotte_irr,129,t12 d129 b1448,3,libpoly,-1,-1,SKIPPED(>=B13)
and12_mignotte_irr_d129_b2048,185,16,mignotte_irr,129,t12 d129 b2048,3,IsaRRI,3,15026.2000,OK
and12_mignotte_irr_d129_b2048,185,16,mignotte_irr,129,t12 d129 b2048,3,msolve,-1,-1,SKIPPED(>=B11)
and12_mignotte_irr_d129_b2048,185,16,mignotte_irr,129,t12 d129 b2048,3,anewdsc,3,4660.4870,OK
and12_mignotte_irr_d129_b2048,185,16,mignotte_irr,129,t12 d129 b2048,3,anewdsc_i0,3,4409.0520,OK
and12_mignotte_irr_d129_b2048,185,16,mignotte_irr,129,t12 d129 b2048,3,sage,3,20533.2910,OK
and12_mignotte_irr_d129_b2048,185,16,mignotte_irr,129,t12 d129 b2048,3,pari,-1,-1,SKIPPED(>=B8)
and12_mignotte_irr_d129_b2048,185,16,mignotte_irr,129,t12 d129 b2048,3,z3,-1,-1,SKIPPED(>=B6)
and12_mignotte_irr_d129_b2048,185,16,mignotte_irr,129,t12 d129 b2048,3,cgal,-1,-1,SKIPPED(>=B10)
and12_mignotte_irr_d129_b2048,185,16,mignotte_irr,129,t12 d129 b2048,3,libpoly,-1,-1,SKIPPED(>=B13)
and12_mignotte_irr_d129_b2896,186,17,mignotte_irr,129,t12 d129 b2896,3,IsaRRI,3,27075.3000,OK
and12_mignotte_irr_d129_b2896,186,17,mignotte_irr,129,t12 d129 b2896,3,msolve,-1,-1,SKIPPED(>=B11)
and12_mignotte_irr_d129_b2896,186,17,mignotte_irr,129,t12 d129 b2896,3,anewdsc,3,1998.3230,OK
and12_mignotte_irr_d129_b2896,186,17,mignotte_irr,129,t12 d129 b2896,3,anewdsc_i0,3,2075.6780,OK
and12_mignotte_irr_d129_b2896,186,17,mignotte_irr,129,t12 d129 b2896,3,sage,3,38505.6400,OK
and12_mignotte_irr_d129_b2896,186,17,mignotte_irr,129,t12 d129 b2896,3,pari,-1,-1,SKIPPED(>=B8)
and12_mignotte_irr_d129_b2896,186,17,mignotte_irr,129,t12 d129 b2896,3,z3,-1,-1,SKIPPED(>=B6)
and12_mignotte_irr_d129_b2896,186,17,mignotte_irr,129,t12 d129 b2896,3,cgal,-1,-1,SKIPPED(>=B10)
and12_mignotte_irr_d129_b2896,186,17,mignotte_irr,129,t12 d129 b2896,3,libpoly,-1,-1,SKIPPED(>=B13)
and12_mignotte_irr_d129_b4096,187,18,mignotte_irr,129,t12 d129 b4096,3,IsaRRI,3,41233.1000,OK
and12_mignotte_irr_d129_b4096,187,18,mignotte_irr,129,t12 d129 b4096,3,msolve,-1,-1,SKIPPED(>=B11)
and12_mignotte_irr_d129_b4096,187,18,mignotte_irr,129,t12 d129 b4096,3,anewdsc,3,11147.7210,OK
and12_mignotte_irr_d129_b4096,187,18,mignotte_irr,129,t12 d129 b4096,3,anewdsc_i0,3,10567.5760,OK
and12_mignotte_irr_d129_b4096,187,18,mignotte_irr,129,t12 d129 b4096,3,sage,3,100583.8070,OK
and12_mignotte_irr_d129_b4096,187,18,mignotte_irr,129,t12 d129 b4096,3,pari,-1,-1,SKIPPED(>=B8)
and12_mignotte_irr_d129_b4096,187,18,mignotte_irr,129,t12 d129 b4096,3,z3,-1,-1,SKIPPED(>=B6)
and12_mignotte_irr_d129_b4096,187,18,mignotte_irr,129,t12 d129 b4096,3,cgal,-1,-1,SKIPPED(>=B10)
and12_mignotte_irr_d129_b4096,187,18,mignotte_irr,129,t12 d129 b4096,3,libpoly,-1,-1,SKIPPED(>=B13)
and12_mignotte_irr_d129_b5792,188,19,mignotte_irr,129,t12 d129 b5792,3,IsaRRI,3,64391.7000,OK
and12_mignotte_irr_d129_b5792,188,19,mignotte_irr,129,t12 d129 b5792,3,msolve,-1,-1,SKIPPED(>=B11)
and12_mignotte_irr_d129_b5792,188,19,mignotte_irr,129,t12 d129 b5792,3,anewdsc,3,5242.0070,OK
and12_mignotte_irr_d129_b5792,188,19,mignotte_irr,129,t12 d129 b5792,3,anewdsc_i0,3,5412.5210,OK
and12_mignotte_irr_d129_b5792,188,19,mignotte_irr,129,t12 d129 b5792,3,sage,-1,180000.0000,TIMEOUT
and12_mignotte_irr_d129_b5792,188,19,mignotte_irr,129,t12 d129 b5792,3,pari,-1,-1,SKIPPED(>=B8)
and12_mignotte_irr_d129_b5792,188,19,mignotte_irr,129,t12 d129 b5792,3,z3,-1,-1,SKIPPED(>=B6)
and12_mignotte_irr_d129_b5792,188,19,mignotte_irr,129,t12 d129 b5792,3,cgal,-1,-1,SKIPPED(>=B10)
and12_mignotte_irr_d129_b5792,188,19,mignotte_irr,129,t12 d129 b5792,3,libpoly,-1,-1,SKIPPED(>=B13)
and12_mignotte_irr_d129_b8192,189,20,mignotte_irr,129,t12 d129 b8192,3,IsaRRI,3,100854.0000,OK
and12_mignotte_irr_d129_b8192,189,20,mignotte_irr,129,t12 d129 b8192,3,msolve,-1,-1,SKIPPED(>=B11)
and12_mignotte_irr_d129_b8192,189,20,mignotte_irr,129,t12 d129 b8192,3,anewdsc,3,26673.1580,OK
and12_mignotte_irr_d129_b8192,189,20,mignotte_irr,129,t12 d129 b8192,3,anewdsc_i0,3,32246.8690,OK
and12_mignotte_irr_d129_b8192,189,20,mignotte_irr,129,t12 d129 b8192,3,sage,-1,-1,SKIPPED(>=B19)
and12_mignotte_irr_d129_b8192,189,20,mignotte_irr,129,t12 d129 b8192,3,pari,-1,-1,SKIPPED(>=B8)
and12_mignotte_irr_d129_b8192,189,20,mignotte_irr,129,t12 d129 b8192,3,z3,-1,-1,SKIPPED(>=B6)
and12_mignotte_irr_d129_b8192,189,20,mignotte_irr,129,t12 d129 b8192,3,cgal,-1,-1,SKIPPED(>=B10)
and12_mignotte_irr_d129_b8192,189,20,mignotte_irr,129,t12 d129 b8192,3,libpoly,-1,-1,SKIPPED(>=B13)
and12_mignotte_irr_d129_b11584,190,21,mignotte_irr,129,t12 d129 b11584,3,IsaRRI,3,163955.0000,OK
and12_mignotte_irr_d129_b11584,190,21,mignotte_irr,129,t12 d129 b11584,3,msolve,-1,-1,SKIPPED(>=B11)
and12_mignotte_irr_d129_b11584,190,21,mignotte_irr,129,t12 d129 b11584,3,anewdsc,3,13555.5040,OK
and12_mignotte_irr_d129_b11584,190,21,mignotte_irr,129,t12 d129 b11584,3,anewdsc_i0,3,13531.5580,OK
and12_mignotte_irr_d129_b11584,190,21,mignotte_irr,129,t12 d129 b11584,3,sage,-1,-1,SKIPPED(>=B19)
and12_mignotte_irr_d129_b11584,190,21,mignotte_irr,129,t12 d129 b11584,3,pari,-1,-1,SKIPPED(>=B8)
and12_mignotte_irr_d129_b11584,190,21,mignotte_irr,129,t12 d129 b11584,3,z3,-1,-1,SKIPPED(>=B6)
and12_mignotte_irr_d129_b11584,190,21,mignotte_irr,129,t12 d129 b11584,3,cgal,-1,-1,SKIPPED(>=B10)
and12_mignotte_irr_d129_b11584,190,21,mignotte_irr,129,t12 d129 b11584,3,libpoly,-1,-1,SKIPPED(>=B13)
and12_mignotte_irr_d129_b16384,191,22,mignotte_irr,129,t12 d129 b16384,3,IsaRRI,-1,180000.0000,TIMEOUT
and12_mignotte_irr_d129_b16384,191,22,mignotte_irr,129,t12 d129 b16384,3,msolve,-1,-1,SKIPPED(>=B11)
and12_mignotte_irr_d129_b16384,191,22,mignotte_irr,129,t12 d129 b16384,3,anewdsc,3,64066.1650,OK
and12_mignotte_irr_d129_b16384,191,22,mignotte_irr,129,t12 d129 b16384,3,anewdsc_i0,3,67306.4930,OK
and12_mignotte_irr_d129_b16384,191,22,mignotte_irr,129,t12 d129 b16384,3,sage,-1,-1,SKIPPED(>=B19)
and12_mignotte_irr_d129_b16384,191,22,mignotte_irr,129,t12 d129 b16384,3,pari,-1,-1,SKIPPED(>=B8)
and12_mignotte_irr_d129_b16384,191,22,mignotte_irr,129,t12 d129 b16384,3,z3,-1,-1,SKIPPED(>=B6)
and12_mignotte_irr_d129_b16384,191,22,mignotte_irr,129,t12 d129 b16384,3,cgal,-1,-1,SKIPPED(>=B10)
and12_mignotte_irr_d129_b16384,191,22,mignotte_irr,129,t12 d129 b16384,3,libpoly,-1,-1,SKIPPED(>=B13)
and12_mignotte_irr_d129_b23170,192,23,mignotte_irr,129,t12 d129 b23170,3,IsaRRI,-1,-1,SKIPPED(>=B22)
and12_mignotte_irr_d129_b23170,192,23,mignotte_irr,129,t12 d129 b23170,3,msolve,-1,-1,SKIPPED(>=B11)
and12_mignotte_irr_d129_b23170,192,23,mignotte_irr,129,t12 d129 b23170,3,anewdsc,3,62462.2470,OK
and12_mignotte_irr_d129_b23170,192,23,mignotte_irr,129,t12 d129 b23170,3,anewdsc_i0,3,62509.3810,OK
and12_mignotte_irr_d129_b23170,192,23,mignotte_irr,129,t12 d129 b23170,3,sage,-1,-1,SKIPPED(>=B19)
and12_mignotte_irr_d129_b23170,192,23,mignotte_irr,129,t12 d129 b23170,3,pari,-1,-1,SKIPPED(>=B8)
and12_mignotte_irr_d129_b23170,192,23,mignotte_irr,129,t12 d129 b23170,3,z3,-1,-1,SKIPPED(>=B6)
and12_mignotte_irr_d129_b23170,192,23,mignotte_irr,129,t12 d129 b23170,3,cgal,-1,-1,SKIPPED(>=B10)
and12_mignotte_irr_d129_b23170,192,23,mignotte_irr,129,t12 d129 b23170,3,libpoly,-1,-1,SKIPPED(>=B13)
and12_mignotte_irr_d129_b32768,193,24,mignotte_irr,129,t12 d129 b32768,3,IsaRRI,-1,-1,SKIPPED(>=B22)
and12_mignotte_irr_d129_b32768,193,24,mignotte_irr,129,t12 d129 b32768,3,msolve,-1,-1,SKIPPED(>=B11)
and12_mignotte_irr_d129_b32768,193,24,mignotte_irr,129,t12 d129 b32768,3,anewdsc,3,145815.9480,OK
and12_mignotte_irr_d129_b32768,193,24,mignotte_irr,129,t12 d129 b32768,3,anewdsc_i0,3,167415.6610,OK
and12_mignotte_irr_d129_b32768,193,24,mignotte_irr,129,t12 d129 b32768,3,sage,-1,-1,SKIPPED(>=B19)
and12_mignotte_irr_d129_b32768,193,24,mignotte_irr,129,t12 d129 b32768,3,pari,-1,-1,SKIPPED(>=B8)
and12_mignotte_irr_d129_b32768,193,24,mignotte_irr,129,t12 d129 b32768,3,z3,-1,-1,SKIPPED(>=B6)
and12_mignotte_irr_d129_b32768,193,24,mignotte_irr,129,t12 d129 b32768,3,cgal,-1,-1,SKIPPED(>=B10)
and12_mignotte_irr_d129_b32768,193,24,mignotte_irr,129,t12 d129 b32768,3,libpoly,-1,-1,SKIPPED(>=B13)
and12_mignotte_irr_d129_b46340,194,25,mignotte_irr,129,t12 d129 b46340,3,IsaRRI,-1,-1,SKIPPED(>=B22)
and12_mignotte_irr_d129_b46340,194,25,mignotte_irr,129,t12 d129 b46340,3,msolve,-1,-1,SKIPPED(>=B11)
and12_mignotte_irr_d129_b46340,194,25,mignotte_irr,129,t12 d129 b46340,3,anewdsc,3,74652.8520,OK
and12_mignotte_irr_d129_b46340,194,25,mignotte_irr,129,t12 d129 b46340,3,anewdsc_i0,3,76565.5260,OK
and12_mignotte_irr_d129_b46340,194,25,mignotte_irr,129,t12 d129 b46340,3,sage,-1,-1,SKIPPED(>=B19)
and12_mignotte_irr_d129_b46340,194,25,mignotte_irr,129,t12 d129 b46340,3,pari,-1,-1,SKIPPED(>=B8)
and12_mignotte_irr_d129_b46340,194,25,mignotte_irr,129,t12 d129 b46340,3,z3,-1,-1,SKIPPED(>=B6)
and12_mignotte_irr_d129_b46340,194,25,mignotte_irr,129,t12 d129 b46340,3,cgal,-1,-1,SKIPPED(>=B10)
and12_mignotte_irr_d129_b46340,194,25,mignotte_irr,129,t12 d129 b46340,3,libpoly,-1,-1,SKIPPED(>=B13)
and12_mignotte_irr_d129_b65536,195,26,mignotte_irr,129,t12 d129 b65536,3,IsaRRI,-1,-1,SKIPPED(>=B22)
and12_mignotte_irr_d129_b65536,195,26,mignotte_irr,129,t12 d129 b65536,3,msolve,-1,-1,SKIPPED(>=B11)
and12_mignotte_irr_d129_b65536,195,26,mignotte_irr,129,t12 d129 b65536,3,anewdsc,-1,180000.0000,TIMEOUT
and12_mignotte_irr_d129_b65536,195,26,mignotte_irr,129,t12 d129 b65536,3,anewdsc_i0,-1,180000.0000,TIMEOUT
and12_mignotte_irr_d129_b65536,195,26,mignotte_irr,129,t12 d129 b65536,3,sage,-1,-1,SKIPPED(>=B19)
and12_mignotte_irr_d129_b65536,195,26,mignotte_irr,129,t12 d129 b65536,3,pari,-1,-1,SKIPPED(>=B8)
and12_mignotte_irr_d129_b65536,195,26,mignotte_irr,129,t12 d129 b65536,3,z3,-1,-1,SKIPPED(>=B6)
and12_mignotte_irr_d129_b65536,195,26,mignotte_irr,129,t12 d129 b65536,3,cgal,-1,-1,SKIPPED(>=B10)
and12_mignotte_irr_d129_b65536,195,26,mignotte_irr,129,t12 d129 b65536,3,libpoly,-1,-1,SKIPPED(>=B13)
and13_mignotte_irr_d129_b14,196,1,mignotte_irr,129,t13 d129 b14,3,IsaRRI,3,39.3701,OK
and13_mignotte_irr_d129_b14,196,1,mignotte_irr,129,t13 d129 b14,3,msolve,3,439.1790,OK
and13_mignotte_irr_d129_b14,196,1,mignotte_irr,129,t13 d129 b14,3,anewdsc,3,15.2340,OK
and13_mignotte_irr_d129_b14,196,1,mignotte_irr,129,t13 d129 b14,3,anewdsc_i0,3,17.4790,OK
and13_mignotte_irr_d129_b14,196,1,mignotte_irr,129,t13 d129 b14,3,sage,3,78.1700,OK
and13_mignotte_irr_d129_b14,196,1,mignotte_irr,129,t13 d129 b14,3,pari,3,686.9250,OK
and13_mignotte_irr_d129_b14,196,1,mignotte_irr,129,t13 d129 b14,3,z3,3,7718.2500,OK
and13_mignotte_irr_d129_b14,196,1,mignotte_irr,129,t13 d129 b14,3,cgal,3,1008.9500,OK
and13_mignotte_irr_d129_b14,196,1,mignotte_irr,129,t13 d129 b14,3,libpoly,3,9.1125,OK
and13_mignotte_irr_d181_b14,197,2,mignotte_irr,181,t13 d181 b14,3,IsaRRI,3,173.9270,OK
and13_mignotte_irr_d181_b14,197,2,mignotte_irr,181,t13 d181 b14,3,msolve,3,2414.6600,OK
and13_mignotte_irr_d181_b14,197,2,mignotte_irr,181,t13 d181 b14,3,anewdsc,3,30.0190,OK
and13_mignotte_irr_d181_b14,197,2,mignotte_irr,181,t13 d181 b14,3,anewdsc_i0,3,34.1220,OK
and13_mignotte_irr_d181_b14,197,2,mignotte_irr,181,t13 d181 b14,3,sage,3,96.0320,OK
and13_mignotte_irr_d181_b14,197,2,mignotte_irr,181,t13 d181 b14,3,pari,3,4288.0000,OK
and13_mignotte_irr_d181_b14,197,2,mignotte_irr,181,t13 d181 b14,3,z3,3,38561.6000,OK
and13_mignotte_irr_d181_b14,197,2,mignotte_irr,181,t13 d181 b14,3,cgal,3,4269.3300,OK
and13_mignotte_irr_d181_b14,197,2,mignotte_irr,181,t13 d181 b14,3,libpoly,3,38.9028,OK
and13_mignotte_irr_d257_b14,198,3,mignotte_irr,257,t13 d257 b14,3,IsaRRI,3,576.0280,OK
and13_mignotte_irr_d257_b14,198,3,mignotte_irr,257,t13 d257 b14,3,msolve,3,4439.6600,OK
and13_mignotte_irr_d257_b14,198,3,mignotte_irr,257,t13 d257 b14,3,anewdsc,3,55.4190,OK
and13_mignotte_irr_d257_b14,198,3,mignotte_irr,257,t13 d257 b14,3,anewdsc_i0,3,63.2480,OK
and13_mignotte_irr_d257_b14,198,3,mignotte_irr,257,t13 d257 b14,3,sage,3,121.1140,OK
and13_mignotte_irr_d257_b14,198,3,mignotte_irr,257,t13 d257 b14,3,pari,3,35530.0000,OK
and13_mignotte_irr_d257_b14,198,3,mignotte_irr,257,t13 d257 b14,3,z3,-1,180000.0000,TIMEOUT
and13_mignotte_irr_d257_b14,198,3,mignotte_irr,257,t13 d257 b14,3,cgal,3,20676.7000,OK
and13_mignotte_irr_d257_b14,198,3,mignotte_irr,257,t13 d257 b14,3,libpoly,3,202.2090,OK
and13_mignotte_irr_d363_b14,199,4,mignotte_irr,363,t13 d363 b14,3,IsaRRI,3,2283.9800,OK
and13_mignotte_irr_d363_b14,199,4,mignotte_irr,363,t13 d363 b14,3,msolve,3,20236.3000,OK
and13_mignotte_irr_d363_b14,199,4,mignotte_irr,363,t13 d363 b14,3,anewdsc,3,107.5210,OK
and13_mignotte_irr_d363_b14,199,4,mignotte_irr,363,t13 d363 b14,3,anewdsc_i0,3,121.5930,OK
and13_mignotte_irr_d363_b14,199,4,mignotte_irr,363,t13 d363 b14,3,sage,3,149.3950,OK
and13_mignotte_irr_d363_b14,199,4,mignotte_irr,363,t13 d363 b14,3,pari,-1,180000.0000,TIMEOUT
and13_mignotte_irr_d363_b14,199,4,mignotte_irr,363,t13 d363 b14,3,z3,-1,-1,SKIPPED(>=B3)
and13_mignotte_irr_d363_b14,199,4,mignotte_irr,363,t13 d363 b14,3,cgal,3,105425.0000,OK
and13_mignotte_irr_d363_b14,199,4,mignotte_irr,363,t13 d363 b14,3,libpoly,3,1105.9500,OK
and13_mignotte_irr_d513_b14,200,5,mignotte_irr,513,t13 d513 b14,3,IsaRRI,3,9146.7600,OK
and13_mignotte_irr_d513_b14,200,5,mignotte_irr,513,t13 d513 b14,3,msolve,3,95250.8000,OK
and13_mignotte_irr_d513_b14,200,5,mignotte_irr,513,t13 d513 b14,3,anewdsc,3,203.4890,OK
and13_mignotte_irr_d513_b14,200,5,mignotte_irr,513,t13 d513 b14,3,anewdsc_i0,3,234.1810,OK
and13_mignotte_irr_d513_b14,200,5,mignotte_irr,513,t13 d513 b14,3,sage,3,299.0980,OK
and13_mignotte_irr_d513_b14,200,5,mignotte_irr,513,t13 d513 b14,3,pari,-1,-1,SKIPPED(>=B4)
and13_mignotte_irr_d513_b14,200,5,mignotte_irr,513,t13 d513 b14,3,z3,-1,-1,SKIPPED(>=B3)
and13_mignotte_irr_d513_b14,200,5,mignotte_irr,513,t13 d513 b14,3,cgal,-1,180000.0000,TIMEOUT
and13_mignotte_irr_d513_b14,200,5,mignotte_irr,513,t13 d513 b14,3,libpoly,3,6252.2600,OK
and13_mignotte_irr_d725_b14,201,6,mignotte_irr,725,t13 d725 b14,3,IsaRRI,3,39310.9000,OK
and13_mignotte_irr_d725_b14,201,6,mignotte_irr,725,t13 d725 b14,3,msolve,-1,180000.0000,TIMEOUT
and13_mignotte_irr_d725_b14,201,6,mignotte_irr,725,t13 d725 b14,3,anewdsc,3,449.1000,OK
and13_mignotte_irr_d725_b14,201,6,mignotte_irr,725,t13 d725 b14,3,anewdsc_i0,3,509.3880,OK
and13_mignotte_irr_d725_b14,201,6,mignotte_irr,725,t13 d725 b14,3,sage,3,502.7440,OK
and13_mignotte_irr_d725_b14,201,6,mignotte_irr,725,t13 d725 b14,3,pari,-1,-1,SKIPPED(>=B4)
and13_mignotte_irr_d725_b14,201,6,mignotte_irr,725,t13 d725 b14,3,z3,-1,-1,SKIPPED(>=B3)
and13_mignotte_irr_d725_b14,201,6,mignotte_irr,725,t13 d725 b14,3,cgal,-1,-1,SKIPPED(>=B5)
and13_mignotte_irr_d725_b14,201,6,mignotte_irr,725,t13 d725 b14,3,libpoly,3,33151.9000,OK
and13_mignotte_irr_d1025_b14,202,7,mignotte_irr,1025,t13 d1025 b14,3,IsaRRI,-1,180000.0000,TIMEOUT
and13_mignotte_irr_d1025_b14,202,7,mignotte_irr,1025,t13 d1025 b14,3,msolve,-1,-1,SKIPPED(>=B6)
and13_mignotte_irr_d1025_b14,202,7,mignotte_irr,1025,t13 d1025 b14,3,anewdsc,3,841.6450,OK
and13_mignotte_irr_d1025_b14,202,7,mignotte_irr,1025,t13 d1025 b14,3,anewdsc_i0,3,1216.0580,OK
and13_mignotte_irr_d1025_b14,202,7,mignotte_irr,1025,t13 d1025 b14,3,sage,3,753.6220,OK
and13_mignotte_irr_d1025_b14,202,7,mignotte_irr,1025,t13 d1025 b14,3,pari,-1,-1,SKIPPED(>=B4)
and13_mignotte_irr_d1025_b14,202,7,mignotte_irr,1025,t13 d1025 b14,3,z3,-1,-1,SKIPPED(>=B3)
and13_mignotte_irr_d1025_b14,202,7,mignotte_irr,1025,t13 d1025 b14,3,cgal,-1,-1,SKIPPED(>=B5)
and13_mignotte_irr_d1025_b14,202,7,mignotte_irr,1025,t13 d1025 b14,3,libpoly,3,163061.0000,OK
and13_mignotte_irr_d1449_b14,203,8,mignotte_irr,1449,t13 d1449 b14,3,IsaRRI,-1,-1,SKIPPED(>=B7)
and13_mignotte_irr_d1449_b14,203,8,mignotte_irr,1449,t13 d1449 b14,3,msolve,-1,-1,SKIPPED(>=B6)
and13_mignotte_irr_d1449_b14,203,8,mignotte_irr,1449,t13 d1449 b14,3,anewdsc,3,1862.1520,OK
and13_mignotte_irr_d1449_b14,203,8,mignotte_irr,1449,t13 d1449 b14,3,anewdsc_i0,3,2595.7480,OK
and13_mignotte_irr_d1449_b14,203,8,mignotte_irr,1449,t13 d1449 b14,3,sage,3,2302.5490,OK
and13_mignotte_irr_d1449_b14,203,8,mignotte_irr,1449,t13 d1449 b14,3,pari,-1,-1,SKIPPED(>=B4)
and13_mignotte_irr_d1449_b14,203,8,mignotte_irr,1449,t13 d1449 b14,3,z3,-1,-1,SKIPPED(>=B3)
and13_mignotte_irr_d1449_b14,203,8,mignotte_irr,1449,t13 d1449 b14,3,cgal,-1,-1,SKIPPED(>=B5)
and13_mignotte_irr_d1449_b14,203,8,mignotte_irr,1449,t13 d1449 b14,3,libpoly,-1,180000.0000,TIMEOUT
and13_mignotte_irr_d2049_b14,204,9,mignotte_irr,2049,t13 d2049 b14,3,IsaRRI,-1,-1,SKIPPED(>=B7)
and13_mignotte_irr_d2049_b14,204,9,mignotte_irr,2049,t13 d2049 b14,3,msolve,-1,-1,SKIPPED(>=B6)
and13_mignotte_irr_d2049_b14,204,9,mignotte_irr,2049,t13 d2049 b14,3,anewdsc,3,3389.9800,OK
and13_mignotte_irr_d2049_b14,204,9,mignotte_irr,2049,t13 d2049 b14,3,anewdsc_i0,3,3849.7980,OK
and13_mignotte_irr_d2049_b14,204,9,mignotte_irr,2049,t13 d2049 b14,3,sage,3,2974.1340,OK
and13_mignotte_irr_d2049_b14,204,9,mignotte_irr,2049,t13 d2049 b14,3,pari,-1,-1,SKIPPED(>=B4)
and13_mignotte_irr_d2049_b14,204,9,mignotte_irr,2049,t13 d2049 b14,3,z3,-1,-1,SKIPPED(>=B3)
and13_mignotte_irr_d2049_b14,204,9,mignotte_irr,2049,t13 d2049 b14,3,cgal,-1,-1,SKIPPED(>=B5)
and13_mignotte_irr_d2049_b14,204,9,mignotte_irr,2049,t13 d2049 b14,3,libpoly,-1,-1,SKIPPED(>=B8)
and13_mignotte_irr_d2897_b14,205,10,mignotte_irr,2897,t13 d2897 b14,3,IsaRRI,-1,-1,SKIPPED(>=B7)
and13_mignotte_irr_d2897_b14,205,10,mignotte_irr,2897,t13 d2897 b14,3,msolve,-1,-1,SKIPPED(>=B6)
and13_mignotte_irr_d2897_b14,205,10,mignotte_irr,2897,t13 d2897 b14,3,anewdsc,3,9894.4650,OK
and13_mignotte_irr_d2897_b14,205,10,mignotte_irr,2897,t13 d2897 b14,3,anewdsc_i0,3,10750.9920,OK
and13_mignotte_irr_d2897_b14,205,10,mignotte_irr,2897,t13 d2897 b14,3,sage,3,20257.7950,OK
and13_mignotte_irr_d2897_b14,205,10,mignotte_irr,2897,t13 d2897 b14,3,pari,-1,-1,SKIPPED(>=B4)
and13_mignotte_irr_d2897_b14,205,10,mignotte_irr,2897,t13 d2897 b14,3,z3,-1,-1,SKIPPED(>=B3)
and13_mignotte_irr_d2897_b14,205,10,mignotte_irr,2897,t13 d2897 b14,3,cgal,-1,-1,SKIPPED(>=B5)
and13_mignotte_irr_d2897_b14,205,10,mignotte_irr,2897,t13 d2897 b14,3,libpoly,-1,-1,SKIPPED(>=B8)
and13_mignotte_irr_d4097_b14,206,11,mignotte_irr,4097,t13 d4097 b14,3,IsaRRI,-1,-1,SKIPPED(>=B7)
and13_mignotte_irr_d4097_b14,206,11,mignotte_irr,4097,t13 d4097 b14,3,msolve,-1,-1,SKIPPED(>=B6)
and13_mignotte_irr_d4097_b14,206,11,mignotte_irr,4097,t13 d4097 b14,3,anewdsc,3,17656.3930,OK
and13_mignotte_irr_d4097_b14,206,11,mignotte_irr,4097,t13 d4097 b14,3,anewdsc_i0,3,19213.2270,OK
and13_mignotte_irr_d4097_b14,206,11,mignotte_irr,4097,t13 d4097 b14,3,sage,3,21801.4310,OK
and13_mignotte_irr_d4097_b14,206,11,mignotte_irr,4097,t13 d4097 b14,3,pari,-1,-1,SKIPPED(>=B4)
and13_mignotte_irr_d4097_b14,206,11,mignotte_irr,4097,t13 d4097 b14,3,z3,-1,-1,SKIPPED(>=B3)
and13_mignotte_irr_d4097_b14,206,11,mignotte_irr,4097,t13 d4097 b14,3,cgal,-1,-1,SKIPPED(>=B5)
and13_mignotte_irr_d4097_b14,206,11,mignotte_irr,4097,t13 d4097 b14,3,libpoly,-1,-1,SKIPPED(>=B8)
and13_mignotte_irr_d5793_b14,207,12,mignotte_irr,5793,t13 d5793 b14,3,IsaRRI,-1,-1,SKIPPED(>=B7)
and13_mignotte_irr_d5793_b14,207,12,mignotte_irr,5793,t13 d5793 b14,3,msolve,-1,-1,SKIPPED(>=B6)
and13_mignotte_irr_d5793_b14,207,12,mignotte_irr,5793,t13 d5793 b14,3,anewdsc,3,33902.1870,OK
and13_mignotte_irr_d5793_b14,207,12,mignotte_irr,5793,t13 d5793 b14,3,anewdsc_i0,3,36340.3990,OK
and13_mignotte_irr_d5793_b14,207,12,mignotte_irr,5793,t13 d5793 b14,3,sage,-1,180000.0000,TIMEOUT
and13_mignotte_irr_d5793_b14,207,12,mignotte_irr,5793,t13 d5793 b14,3,pari,-1,-1,SKIPPED(>=B4)
and13_mignotte_irr_d5793_b14,207,12,mignotte_irr,5793,t13 d5793 b14,3,z3,-1,-1,SKIPPED(>=B3)
and13_mignotte_irr_d5793_b14,207,12,mignotte_irr,5793,t13 d5793 b14,3,cgal,-1,-1,SKIPPED(>=B5)
and13_mignotte_irr_d5793_b14,207,12,mignotte_irr,5793,t13 d5793 b14,3,libpoly,-1,-1,SKIPPED(>=B8)
and13_mignotte_irr_d8193_b14,208,13,mignotte_irr,8193,t13 d8193 b14,3,IsaRRI,-1,-1,SKIPPED(>=B7)
and13_mignotte_irr_d8193_b14,208,13,mignotte_irr,8193,t13 d8193 b14,3,msolve,-1,-1,SKIPPED(>=B6)
and13_mignotte_irr_d8193_b14,208,13,mignotte_irr,8193,t13 d8193 b14,3,anewdsc,3,62329.1180,OK
and13_mignotte_irr_d8193_b14,208,13,mignotte_irr,8193,t13 d8193 b14,3,anewdsc_i0,3,66414.9340,OK
and13_mignotte_irr_d8193_b14,208,13,mignotte_irr,8193,t13 d8193 b14,3,sage,-1,-1,SKIPPED(>=B12)
and13_mignotte_irr_d8193_b14,208,13,mignotte_irr,8193,t13 d8193 b14,3,pari,-1,-1,SKIPPED(>=B4)
and13_mignotte_irr_d8193_b14,208,13,mignotte_irr,8193,t13 d8193 b14,3,z3,-1,-1,SKIPPED(>=B3)
and13_mignotte_irr_d8193_b14,208,13,mignotte_irr,8193,t13 d8193 b14,3,cgal,-1,-1,SKIPPED(>=B5)
and13_mignotte_irr_d8193_b14,208,13,mignotte_irr,8193,t13 d8193 b14,3,libpoly,-1,-1,SKIPPED(>=B8)
and13_mignotte_irr_d11585_b14,209,14,mignotte_irr,11585,t13 d11585 b14,3,IsaRRI,-1,-1,SKIPPED(>=B7)
and13_mignotte_irr_d11585_b14,209,14,mignotte_irr,11585,t13 d11585 b14,3,msolve,-1,-1,SKIPPED(>=B6)
and13_mignotte_irr_d11585_b14,209,14,mignotte_irr,11585,t13 d11585 b14,3,anewdsc,-1,180000.0000,TIMEOUT
and13_mignotte_irr_d11585_b14,209,14,mignotte_irr,11585,t13 d11585 b14,3,anewdsc_i0,-1,180000.0000,TIMEOUT
and13_mignotte_irr_d11585_b14,209,14,mignotte_irr,11585,t13 d11585 b14,3,sage,-1,-1,SKIPPED(>=B12)
and13_mignotte_irr_d11585_b14,209,14,mignotte_irr,11585,t13 d11585 b14,3,pari,-1,-1,SKIPPED(>=B4)
and13_mignotte_irr_d11585_b14,209,14,mignotte_irr,11585,t13 d11585 b14,3,z3,-1,-1,SKIPPED(>=B3)
and13_mignotte_irr_d11585_b14,209,14,mignotte_irr,11585,t13 d11585 b14,3,cgal,-1,-1,SKIPPED(>=B5)
and13_mignotte_irr_d11585_b14,209,14,mignotte_irr,11585,t13 d11585 b14,3,libpoly,-1,-1,SKIPPED(>=B8)
and13_mignotte_irr_d16385_b14,210,15,mignotte_irr,16385,t13 d16385 b14,3,IsaRRI,-1,-1,SKIPPED(>=B7)
and13_mignotte_irr_d16385_b14,210,15,mignotte_irr,16385,t13 d16385 b14,3,msolve,-1,-1,SKIPPED(>=B6)
and13_mignotte_irr_d16385_b14,210,15,mignotte_irr,16385,t13 d16385 b14,3,anewdsc,-1,-1,SKIPPED(>=B14)
and13_mignotte_irr_d16385_b14,210,15,mignotte_irr,16385,t13 d16385 b14,3,anewdsc_i0,-1,-1,SKIPPED(>=B14)
and13_mignotte_irr_d16385_b14,210,15,mignotte_irr,16385,t13 d16385 b14,3,sage,-1,-1,SKIPPED(>=B12)
and13_mignotte_irr_d16385_b14,210,15,mignotte_irr,16385,t13 d16385 b14,3,pari,-1,-1,SKIPPED(>=B4)
and13_mignotte_irr_d16385_b14,210,15,mignotte_irr,16385,t13 d16385 b14,3,z3,-1,-1,SKIPPED(>=B3)
and13_mignotte_irr_d16385_b14,210,15,mignotte_irr,16385,t13 d16385 b14,3,cgal,-1,-1,SKIPPED(>=B5)
and13_mignotte_irr_d16385_b14,210,15,mignotte_irr,16385,t13 d16385 b14,3,libpoly,-1,-1,SKIPPED(>=B8)
and10_mignotte_rat_d129_b10,123,1,mignotte_rat,129,t10 d129 b10,3,IsaRRI,3,24.8303,OK
and10_mignotte_rat_d129_b10,123,1,mignotte_rat,129,t10 d129 b10,3,msolve,3,527.1490,OK
and10_mignotte_rat_d129_b10,123,1,mignotte_rat,129,t10 d129 b10,3,anewdsc,3,6.0460,OK
and10_mignotte_rat_d129_b10,123,1,mignotte_rat,129,t10 d129 b10,3,anewdsc_i0,3,6.7570,OK
and10_mignotte_rat_d129_b10,123,1,mignotte_rat,129,t10 d129 b10,3,sage,3,68.7640,OK
and10_mignotte_rat_d129_b10,123,1,mignotte_rat,129,t10 d129 b10,3,pari,3,826.3250,OK
and10_mignotte_rat_d129_b10,123,1,mignotte_rat,129,t10 d129 b10,3,z3,3,9506.7900,OK
and10_mignotte_rat_d129_b10,123,1,mignotte_rat,129,t10 d129 b10,3,cgal,3,876.3380,OK
and10_mignotte_rat_d129_b10,123,1,mignotte_rat,129,t10 d129 b10,3,libpoly,3,20.7945,OK
and10_mignotte_rat_d129_b16,124,2,mignotte_rat,129,t10 d129 b16,3,IsaRRI,3,65.5125,OK
and10_mignotte_rat_d129_b16,124,2,mignotte_rat,129,t10 d129 b16,3,msolve,3,1409.4900,OK
and10_mignotte_rat_d129_b16,124,2,mignotte_rat,129,t10 d129 b16,3,anewdsc,3,7.3200,OK
and10_mignotte_rat_d129_b16,124,2,mignotte_rat,129,t10 d129 b16,3,anewdsc_i0,3,8.1210,OK
and10_mignotte_rat_d129_b16,124,2,mignotte_rat,129,t10 d129 b16,3,sage,3,77.6060,OK
and10_mignotte_rat_d129_b16,124,2,mignotte_rat,129,t10 d129 b16,3,pari,3,2824.0900,OK
and10_mignotte_rat_d129_b16,124,2,mignotte_rat,129,t10 d129 b16,3,z3,3,34767.6000,OK
and10_mignotte_rat_d129_b16,124,2,mignotte_rat,129,t10 d129 b16,3,cgal,3,1979.4600,OK
and10_mignotte_rat_d129_b16,124,2,mignotte_rat,129,t10 d129 b16,3,libpoly,3,77.2242,OK
and10_mignotte_rat_d129_b22,125,3,mignotte_rat,129,t10 d129 b22,3,IsaRRI,3,70.5881,OK
and10_mignotte_rat_d129_b22,125,3,mignotte_rat,129,t10 d129 b22,3,msolve,3,2665.5200,OK
and10_mignotte_rat_d129_b22,125,3,mignotte_rat,129,t10 d129 b22,3,anewdsc,3,6.5540,OK
and10_mignotte_rat_d129_b22,125,3,mignotte_rat,129,t10 d129 b22,3,anewdsc_i0,3,7.3210,OK
and10_mignotte_rat_d129_b22,125,3,mignotte_rat,129,t10 d129 b22,3,sage,3,81.4340,OK
and10_mignotte_rat_d129_b22,125,3,mignotte_rat,129,t10 d129 b22,3,pari,3,6559.3900,OK
and10_mignotte_rat_d129_b22,125,3,mignotte_rat,129,t10 d129 b22,3,z3,3,83794.1000,OK
and10_mignotte_rat_d129_b22,125,3,mignotte_rat,129,t10 d129 b22,3,cgal,3,3465.7000,OK
and10_mignotte_rat_d129_b22,125,3,mignotte_rat,129,t10 d129 b22,3,libpoly,3,192.0160,OK
and10_mignotte_rat_d129_b32,126,4,mignotte_rat,129,t10 d129 b32,3,IsaRRI,3,103.0310,OK
and10_mignotte_rat_d129_b32,126,4,mignotte_rat,129,t10 d129 b32,3,msolve,3,5603.9400,OK
and10_mignotte_rat_d129_b32,126,4,mignotte_rat,129,t10 d129 b32,3,anewdsc,3,8.4650,OK
and10_mignotte_rat_d129_b32,126,4,mignotte_rat,129,t10 d129 b32,3,anewdsc_i0,3,9.2670,OK
and10_mignotte_rat_d129_b32,126,4,mignotte_rat,129,t10 d129 b32,3,sage,3,84.8700,OK
and10_mignotte_rat_d129_b32,126,4,mignotte_rat,129,t10 d129 b32,3,pari,3,18352.4000,OK
and10_mignotte_rat_d129_b32,126,4,mignotte_rat,129,t10 d129 b32,3,z3,-1,180000.0000,TIMEOUT
and10_mignotte_rat_d129_b32,126,4,mignotte_rat,129,t10 d129 b32,3,cgal,3,6796.9100,OK
and10_mignotte_rat_d129_b32,126,4,mignotte_rat,129,t10 d129 b32,3,libpoly,3,593.9850,OK
and10_mignotte_rat_d129_b44,127,5,mignotte_rat,129,t10 d129 b44,3,IsaRRI,3,117.5120,OK
and10_mignotte_rat_d129_b44,127,5,mignotte_rat,129,t10 d129 b44,3,msolve,3,10583.1000,OK
and10_mignotte_rat_d129_b44,127,5,mignotte_rat,129,t10 d129 b44,3,anewdsc,3,9.6540,OK
and10_mignotte_rat_d129_b44,127,5,mignotte_rat,129,t10 d129 b44,3,anewdsc_i0,3,10.4000,OK
and10_mignotte_rat_d129_b44,127,5,mignotte_rat,129,t10 d129 b44,3,sage,3,91.4390,OK
and10_mignotte_rat_d129_b44,127,5,mignotte_rat,129,t10 d129 b44,3,pari,3,40282.6000,OK
and10_mignotte_rat_d129_b44,127,5,mignotte_rat,129,t10 d129 b44,3,z3,-1,-1,SKIPPED(>=B4)
and10_mignotte_rat_d129_b44,127,5,mignotte_rat,129,t10 d129 b44,3,cgal,3,12305.2000,OK
and10_mignotte_rat_d129_b44,127,5,mignotte_rat,129,t10 d129 b44,3,libpoly,3,1369.7500,OK
and10_mignotte_rat_d129_b64,128,6,mignotte_rat,129,t10 d129 b64,3,IsaRRI,3,119.3390,OK
and10_mignotte_rat_d129_b64,128,6,mignotte_rat,129,t10 d129 b64,3,msolve,3,22253.6000,OK
and10_mignotte_rat_d129_b64,128,6,mignotte_rat,129,t10 d129 b64,3,anewdsc,3,15.8950,OK
and10_mignotte_rat_d129_b64,128,6,mignotte_rat,129,t10 d129 b64,3,anewdsc_i0,3,16.5510,OK
and10_mignotte_rat_d129_b64,128,6,mignotte_rat,129,t10 d129 b64,3,sage,3,125.7000,OK
and10_mignotte_rat_d129_b64,128,6,mignotte_rat,129,t10 d129 b64,3,pari,3,101798.0000,OK
and10_mignotte_rat_d129_b64,128,6,mignotte_rat,129,t10 d129 b64,3,z3,-1,-1,SKIPPED(>=B4)
and10_mignotte_rat_d129_b64,128,6,mignotte_rat,129,t10 d129 b64,3,cgal,3,24999.2000,OK
and10_mignotte_rat_d129_b64,128,6,mignotte_rat,129,t10 d129 b64,3,libpoly,3,3681.3000,OK
and10_mignotte_rat_d129_b90,129,7,mignotte_rat,129,t10 d129 b90,3,IsaRRI,3,285.7680,OK
and10_mignotte_rat_d129_b90,129,7,mignotte_rat,129,t10 d129 b90,3,msolve,3,43929.7000,OK
and10_mignotte_rat_d129_b90,129,7,mignotte_rat,129,t10 d129 b90,3,anewdsc,3,17.3280,OK
and10_mignotte_rat_d129_b90,129,7,mignotte_rat,129,t10 d129 b90,3,anewdsc_i0,3,17.6750,OK
and10_mignotte_rat_d129_b90,129,7,mignotte_rat,129,t10 d129 b90,3,sage,3,150.8780,OK
and10_mignotte_rat_d129_b90,129,7,mignotte_rat,129,t10 d129 b90,3,pari,-1,180000.0000,TIMEOUT
and10_mignotte_rat_d129_b90,129,7,mignotte_rat,129,t10 d129 b90,3,z3,-1,-1,SKIPPED(>=B4)
and10_mignotte_rat_d129_b90,129,7,mignotte_rat,129,t10 d129 b90,3,cgal,3,63618.1000,OK
and10_mignotte_rat_d129_b90,129,7,mignotte_rat,129,t10 d129 b90,3,libpoly,3,8452.9300,OK
and10_mignotte_rat_d129_b128,130,8,mignotte_rat,129,t10 d129 b128,3,IsaRRI,3,519.5450,OK
and10_mignotte_rat_d129_b128,130,8,mignotte_rat,129,t10 d129 b128,3,msolve,3,88913.1000,OK
and10_mignotte_rat_d129_b128,130,8,mignotte_rat,129,t10 d129 b128,3,anewdsc,3,37.2990,OK
and10_mignotte_rat_d129_b128,130,8,mignotte_rat,129,t10 d129 b128,3,anewdsc_i0,3,39.2890,OK
and10_mignotte_rat_d129_b128,130,8,mignotte_rat,129,t10 d129 b128,3,sage,3,233.1700,OK
and10_mignotte_rat_d129_b128,130,8,mignotte_rat,129,t10 d129 b128,3,pari,-1,-1,SKIPPED(>=B7)
and10_mignotte_rat_d129_b128,130,8,mignotte_rat,129,t10 d129 b128,3,z3,-1,-1,SKIPPED(>=B4)
and10_mignotte_rat_d129_b128,130,8,mignotte_rat,129,t10 d129 b128,3,cgal,3,159178.0000,OK
and10_mignotte_rat_d129_b128,130,8,mignotte_rat,129,t10 d129 b128,3,libpoly,3,21571.6000,OK
and10_mignotte_rat_d129_b180,131,9,mignotte_rat,129,t10 d129 b180,3,IsaRRI,3,925.8110,OK
and10_mignotte_rat_d129_b180,131,9,mignotte_rat,129,t10 d129 b180,3,msolve,3,175657.0000,OK
and10_mignotte_rat_d129_b180,131,9,mignotte_rat,129,t10 d129 b180,3,anewdsc,3,40.5550,OK
and10_mignotte_rat_d129_b180,131,9,mignotte_rat,129,t10 d129 b180,3,anewdsc_i0,3,41.0520,OK
and10_mignotte_rat_d129_b180,131,9,mignotte_rat,129,t10 d129 b180,3,sage,3,325.6190,OK
and10_mignotte_rat_d129_b180,131,9,mignotte_rat,129,t10 d129 b180,3,pari,-1,-1,SKIPPED(>=B7)
and10_mignotte_rat_d129_b180,131,9,mignotte_rat,129,t10 d129 b180,3,z3,-1,-1,SKIPPED(>=B4)
and10_mignotte_rat_d129_b180,131,9,mignotte_rat,129,t10 d129 b180,3,cgal,-1,-1,ERROR
and10_mignotte_rat_d129_b180,131,9,mignotte_rat,129,t10 d129 b180,3,libpoly,3,54326.2000,OK
and10_mignotte_rat_d129_b256,132,10,mignotte_rat,129,t10 d129 b256,3,IsaRRI,3,1512.7200,OK
and10_mignotte_rat_d129_b256,132,10,mignotte_rat,129,t10 d129 b256,3,msolve,-1,180000.0000,TIMEOUT
and10_mignotte_rat_d129_b256,132,10,mignotte_rat,129,t10 d129 b256,3,anewdsc,3,100.2060,OK
and10_mignotte_rat_d129_b256,132,10,mignotte_rat,129,t10 d129 b256,3,anewdsc_i0,3,100.6530,OK
and10_mignotte_rat_d129_b256,132,10,mignotte_rat,129,t10 d129 b256,3,sage,3,623.5080,OK
and10_mignotte_rat_d129_b256,132,10,mignotte_rat,129,t10 d129 b256,3,pari,-1,-1,SKIPPED(>=B7)
and10_mignotte_rat_d129_b256,132,10,mignotte_rat,129,t10 d129 b256,3,z3,-1,-1,SKIPPED(>=B4)
and10_mignotte_rat_d129_b256,132,10,mignotte_rat,129,t10 d129 b256,3,cgal,-1,-1,SKIPPED(>=B9)
and10_mignotte_rat_d129_b256,132,10,mignotte_rat,129,t10 d129 b256,3,libpoly,3,131704.0000,OK
and10_mignotte_rat_d129_b362,133,11,mignotte_rat,129,t10 d129 b362,3,IsaRRI,3,3258.2000,OK
and10_mignotte_rat_d129_b362,133,11,mignotte_rat,129,t10 d129 b362,3,msolve,-1,-1,SKIPPED(>=B10)
and10_mignotte_rat_d129_b362,133,11,mignotte_rat,129,t10 d129 b362,3,anewdsc,3,110.0790,OK
and10_mignotte_rat_d129_b362,133,11,mignotte_rat,129,t10 d129 b362,3,anewdsc_i0,3,110.8240,OK
and10_mignotte_rat_d129_b362,133,11,mignotte_rat,129,t10 d129 b362,3,sage,3,998.3230,OK
and10_mignotte_rat_d129_b362,133,11,mignotte_rat,129,t10 d129 b362,3,pari,-1,-1,SKIPPED(>=B7)
and10_mignotte_rat_d129_b362,133,11,mignotte_rat,129,t10 d129 b362,3,z3,-1,-1,SKIPPED(>=B4)
and10_mignotte_rat_d129_b362,133,11,mignotte_rat,129,t10 d129 b362,3,cgal,-1,-1,SKIPPED(>=B9)
and10_mignotte_rat_d129_b362,133,11,mignotte_rat,129,t10 d129 b362,3,libpoly,-1,180000.0000,TIMEOUT
and10_mignotte_rat_d129_b512,134,12,mignotte_rat,129,t10 d129 b512,3,IsaRRI,3,6032.3600,OK
and10_mignotte_rat_d129_b512,134,12,mignotte_rat,129,t10 d129 b512,3,msolve,-1,-1,SKIPPED(>=B10)
and10_mignotte_rat_d129_b512,134,12,mignotte_rat,129,t10 d129 b512,3,anewdsc,3,272.3540,OK
and10_mignotte_rat_d129_b512,134,12,mignotte_rat,129,t10 d129 b512,3,anewdsc_i0,3,301.1780,OK
and10_mignotte_rat_d129_b512,134,12,mignotte_rat,129,t10 d129 b512,3,sage,3,2126.2570,OK
and10_mignotte_rat_d129_b512,134,12,mignotte_rat,129,t10 d129 b512,3,pari,-1,-1,SKIPPED(>=B7)
and10_mignotte_rat_d129_b512,134,12,mignotte_rat,129,t10 d129 b512,3,z3,-1,-1,SKIPPED(>=B4)
and10_mignotte_rat_d129_b512,134,12,mignotte_rat,129,t10 d129 b512,3,cgal,-1,-1,SKIPPED(>=B9)
and10_mignotte_rat_d129_b512,134,12,mignotte_rat,129,t10 d129 b512,3,libpoly,-1,-1,SKIPPED(>=B11)
and10_mignotte_rat_d129_b724,135,13,mignotte_rat,129,t10 d129 b724,3,IsaRRI,3,9905.5100,OK
and10_mignotte_rat_d129_b724,135,13,mignotte_rat,129,t10 d129 b724,3,msolve,-1,-1,SKIPPED(>=B10)
and10_mignotte_rat_d129_b724,135,13,mignotte_rat,129,t10 d129 b724,3,anewdsc,3,301.7900,OK
and10_mignotte_rat_d129_b724,135,13,mignotte_rat,129,t10 d129 b724,3,anewdsc_i0,3,302.1880,OK
and10_mignotte_rat_d129_b724,135,13,mignotte_rat,129,t10 d129 b724,3,sage,3,3852.0780,OK
and10_mignotte_rat_d129_b724,135,13,mignotte_rat,129,t10 d129 b724,3,pari,-1,-1,SKIPPED(>=B7)
and10_mignotte_rat_d129_b724,135,13,mignotte_rat,129,t10 d129 b724,3,z3,-1,-1,SKIPPED(>=B4)
and10_mignotte_rat_d129_b724,135,13,mignotte_rat,129,t10 d129 b724,3,cgal,-1,-1,SKIPPED(>=B9)
and10_mignotte_rat_d129_b724,135,13,mignotte_rat,129,t10 d129 b724,3,libpoly,-1,-1,SKIPPED(>=B11)
and10_mignotte_rat_d129_b1024,136,14,mignotte_rat,129,t10 d129 b1024,3,IsaRRI,3,13735.9000,OK
and10_mignotte_rat_d129_b1024,136,14,mignotte_rat,129,t10 d129 b1024,3,msolve,-1,-1,SKIPPED(>=B10)
and10_mignotte_rat_d129_b1024,136,14,mignotte_rat,129,t10 d129 b1024,3,anewdsc,3,751.2600,OK
and10_mignotte_rat_d129_b1024,136,14,mignotte_rat,129,t10 d129 b1024,3,anewdsc_i0,3,858.7490,OK
and10_mignotte_rat_d129_b1024,136,14,mignotte_rat,129,t10 d129 b1024,3,sage,3,8885.1240,OK
and10_mignotte_rat_d129_b1024,136,14,mignotte_rat,129,t10 d129 b1024,3,pari,-1,-1,SKIPPED(>=B7)
and10_mignotte_rat_d129_b1024,136,14,mignotte_rat,129,t10 d129 b1024,3,z3,-1,-1,SKIPPED(>=B4)
and10_mignotte_rat_d129_b1024,136,14,mignotte_rat,129,t10 d129 b1024,3,cgal,-1,-1,SKIPPED(>=B9)
and10_mignotte_rat_d129_b1024,136,14,mignotte_rat,129,t10 d129 b1024,3,libpoly,-1,-1,SKIPPED(>=B11)
and10_mignotte_rat_d129_b1448,137,15,mignotte_rat,129,t10 d129 b1448,3,IsaRRI,3,20609.9000,OK
and10_mignotte_rat_d129_b1448,137,15,mignotte_rat,129,t10 d129 b1448,3,msolve,-1,-1,SKIPPED(>=B10)
and10_mignotte_rat_d129_b1448,137,15,mignotte_rat,129,t10 d129 b1448,3,anewdsc,3,823.2860,OK
and10_mignotte_rat_d129_b1448,137,15,mignotte_rat,129,t10 d129 b1448,3,anewdsc_i0,3,822.7610,OK
and10_mignotte_rat_d129_b1448,137,15,mignotte_rat,129,t10 d129 b1448,3,sage,3,17743.3680,OK
and10_mignotte_rat_d129_b1448,137,15,mignotte_rat,129,t10 d129 b1448,3,pari,-1,-1,SKIPPED(>=B7)
and10_mignotte_rat_d129_b1448,137,15,mignotte_rat,129,t10 d129 b1448,3,z3,-1,-1,SKIPPED(>=B4)
and10_mignotte_rat_d129_b1448,137,15,mignotte_rat,129,t10 d129 b1448,3,cgal,-1,-1,SKIPPED(>=B9)
and10_mignotte_rat_d129_b1448,137,15,mignotte_rat,129,t10 d129 b1448,3,libpoly,-1,-1,SKIPPED(>=B11)
and10_mignotte_rat_d129_b2048,138,16,mignotte_rat,129,t10 d129 b2048,3,IsaRRI,3,33559.7000,OK
and10_mignotte_rat_d129_b2048,138,16,mignotte_rat,129,t10 d129 b2048,3,msolve,-1,-1,SKIPPED(>=B10)
and10_mignotte_rat_d129_b2048,138,16,mignotte_rat,129,t10 d129 b2048,3,anewdsc,3,1997.3870,OK
and10_mignotte_rat_d129_b2048,138,16,mignotte_rat,129,t10 d129 b2048,3,anewdsc_i0,3,2252.4860,OK
and10_mignotte_rat_d129_b2048,138,16,mignotte_rat,129,t10 d129 b2048,3,sage,3,45055.5490,OK
and10_mignotte_rat_d129_b2048,138,16,mignotte_rat,129,t10 d129 b2048,3,pari,-1,-1,SKIPPED(>=B7)
and10_mignotte_rat_d129_b2048,138,16,mignotte_rat,129,t10 d129 b2048,3,z3,-1,-1,SKIPPED(>=B4)
and10_mignotte_rat_d129_b2048,138,16,mignotte_rat,129,t10 d129 b2048,3,cgal,-1,-1,SKIPPED(>=B9)
and10_mignotte_rat_d129_b2048,138,16,mignotte_rat,129,t10 d129 b2048,3,libpoly,-1,-1,SKIPPED(>=B11)
and10_mignotte_rat_d129_b2896,139,17,mignotte_rat,129,t10 d129 b2896,3,IsaRRI,3,47055.8000,OK
and10_mignotte_rat_d129_b2896,139,17,mignotte_rat,129,t10 d129 b2896,3,msolve,-1,-1,SKIPPED(>=B10)
and10_mignotte_rat_d129_b2896,139,17,mignotte_rat,129,t10 d129 b2896,3,anewdsc,3,2192.5430,OK
and10_mignotte_rat_d129_b2896,139,17,mignotte_rat,129,t10 d129 b2896,3,anewdsc_i0,3,2195.4890,OK
and10_mignotte_rat_d129_b2896,139,17,mignotte_rat,129,t10 d129 b2896,3,sage,3,89973.6750,OK
and10_mignotte_rat_d129_b2896,139,17,mignotte_rat,129,t10 d129 b2896,3,pari,-1,-1,SKIPPED(>=B7)
and10_mignotte_rat_d129_b2896,139,17,mignotte_rat,129,t10 d129 b2896,3,z3,-1,-1,SKIPPED(>=B4)
and10_mignotte_rat_d129_b2896,139,17,mignotte_rat,129,t10 d129 b2896,3,cgal,-1,-1,SKIPPED(>=B9)
and10_mignotte_rat_d129_b2896,139,17,mignotte_rat,129,t10 d129 b2896,3,libpoly,-1,-1,SKIPPED(>=B11)
and10_mignotte_rat_d129_b4096,140,18,mignotte_rat,129,t10 d129 b4096,3,IsaRRI,3,75032.1000,OK
and10_mignotte_rat_d129_b4096,140,18,mignotte_rat,129,t10 d129 b4096,3,msolve,-1,-1,SKIPPED(>=B10)
and10_mignotte_rat_d129_b4096,140,18,mignotte_rat,129,t10 d129 b4096,3,anewdsc,3,5282.5190,OK
and10_mignotte_rat_d129_b4096,140,18,mignotte_rat,129,t10 d129 b4096,3,anewdsc_i0,3,5790.1110,OK
and10_mignotte_rat_d129_b4096,140,18,mignotte_rat,129,t10 d129 b4096,3,sage,-1,180000.0000,TIMEOUT
and10_mignotte_rat_d129_b4096,140,18,mignotte_rat,129,t10 d129 b4096,3,pari,-1,-1,SKIPPED(>=B7)
and10_mignotte_rat_d129_b4096,140,18,mignotte_rat,129,t10 d129 b4096,3,z3,-1,-1,SKIPPED(>=B4)
and10_mignotte_rat_d129_b4096,140,18,mignotte_rat,129,t10 d129 b4096,3,cgal,-1,-1,SKIPPED(>=B9)
and10_mignotte_rat_d129_b4096,140,18,mignotte_rat,129,t10 d129 b4096,3,libpoly,-1,-1,SKIPPED(>=B11)
and10_mignotte_rat_d129_b5792,141,19,mignotte_rat,129,t10 d129 b5792,3,IsaRRI,3,114922.0000,OK
and10_mignotte_rat_d129_b5792,141,19,mignotte_rat,129,t10 d129 b5792,3,msolve,-1,-1,SKIPPED(>=B10)
and10_mignotte_rat_d129_b5792,141,19,mignotte_rat,129,t10 d129 b5792,3,anewdsc,3,5630.8120,OK
and10_mignotte_rat_d129_b5792,141,19,mignotte_rat,129,t10 d129 b5792,3,anewdsc_i0,3,5662.9300,OK
and10_mignotte_rat_d129_b5792,141,19,mignotte_rat,129,t10 d129 b5792,3,sage,-1,-1,SKIPPED(>=B18)
and10_mignotte_rat_d129_b5792,141,19,mignotte_rat,129,t10 d129 b5792,3,pari,-1,-1,SKIPPED(>=B7)
and10_mignotte_rat_d129_b5792,141,19,mignotte_rat,129,t10 d129 b5792,3,z3,-1,-1,SKIPPED(>=B4)
and10_mignotte_rat_d129_b5792,141,19,mignotte_rat,129,t10 d129 b5792,3,cgal,-1,-1,SKIPPED(>=B9)
and10_mignotte_rat_d129_b5792,141,19,mignotte_rat,129,t10 d129 b5792,3,libpoly,-1,-1,SKIPPED(>=B11)
and10_mignotte_rat_d129_b8192,142,20,mignotte_rat,129,t10 d129 b8192,3,IsaRRI,-1,180000.0000,TIMEOUT
and10_mignotte_rat_d129_b8192,142,20,mignotte_rat,129,t10 d129 b8192,3,msolve,-1,-1,SKIPPED(>=B10)
and10_mignotte_rat_d129_b8192,142,20,mignotte_rat,129,t10 d129 b8192,3,anewdsc,3,13418.3950,OK
and10_mignotte_rat_d129_b8192,142,20,mignotte_rat,129,t10 d129 b8192,3,anewdsc_i0,3,14730.6650,OK
and10_mignotte_rat_d129_b8192,142,20,mignotte_rat,129,t10 d129 b8192,3,sage,-1,-1,SKIPPED(>=B18)
and10_mignotte_rat_d129_b8192,142,20,mignotte_rat,129,t10 d129 b8192,3,pari,-1,-1,SKIPPED(>=B7)
and10_mignotte_rat_d129_b8192,142,20,mignotte_rat,129,t10 d129 b8192,3,z3,-1,-1,SKIPPED(>=B4)
and10_mignotte_rat_d129_b8192,142,20,mignotte_rat,129,t10 d129 b8192,3,cgal,-1,-1,SKIPPED(>=B9)
and10_mignotte_rat_d129_b8192,142,20,mignotte_rat,129,t10 d129 b8192,3,libpoly,-1,-1,SKIPPED(>=B11)
and10_mignotte_rat_d129_b11584,143,21,mignotte_rat,129,t10 d129 b11584,3,IsaRRI,-1,-1,SKIPPED(>=B20)
and10_mignotte_rat_d129_b11584,143,21,mignotte_rat,129,t10 d129 b11584,3,msolve,-1,-1,SKIPPED(>=B10)
and10_mignotte_rat_d129_b11584,143,21,mignotte_rat,129,t10 d129 b11584,3,anewdsc,3,14193.0680,OK
and10_mignotte_rat_d129_b11584,143,21,mignotte_rat,129,t10 d129 b11584,3,anewdsc_i0,3,14168.3680,OK
and10_mignotte_rat_d129_b11584,143,21,mignotte_rat,129,t10 d129 b11584,3,sage,-1,-1,SKIPPED(>=B18)
and10_mignotte_rat_d129_b11584,143,21,mignotte_rat,129,t10 d129 b11584,3,pari,-1,-1,SKIPPED(>=B7)
and10_mignotte_rat_d129_b11584,143,21,mignotte_rat,129,t10 d129 b11584,3,z3,-1,-1,SKIPPED(>=B4)
and10_mignotte_rat_d129_b11584,143,21,mignotte_rat,129,t10 d129 b11584,3,cgal,-1,-1,SKIPPED(>=B9)
and10_mignotte_rat_d129_b11584,143,21,mignotte_rat,129,t10 d129 b11584,3,libpoly,-1,-1,SKIPPED(>=B11)
and10_mignotte_rat_d129_b16384,144,22,mignotte_rat,129,t10 d129 b16384,3,IsaRRI,-1,-1,SKIPPED(>=B20)
and10_mignotte_rat_d129_b16384,144,22,mignotte_rat,129,t10 d129 b16384,3,msolve,-1,-1,SKIPPED(>=B10)
and10_mignotte_rat_d129_b16384,144,22,mignotte_rat,129,t10 d129 b16384,3,anewdsc,3,29576.6070,OK
and10_mignotte_rat_d129_b16384,144,22,mignotte_rat,129,t10 d129 b16384,3,anewdsc_i0,3,32715.9770,OK
and10_mignotte_rat_d129_b16384,144,22,mignotte_rat,129,t10 d129 b16384,3,sage,-1,-1,SKIPPED(>=B18)
and10_mignotte_rat_d129_b16384,144,22,mignotte_rat,129,t10 d129 b16384,3,pari,-1,-1,SKIPPED(>=B7)
and10_mignotte_rat_d129_b16384,144,22,mignotte_rat,129,t10 d129 b16384,3,z3,-1,-1,SKIPPED(>=B4)
and10_mignotte_rat_d129_b16384,144,22,mignotte_rat,129,t10 d129 b16384,3,cgal,-1,-1,SKIPPED(>=B9)
and10_mignotte_rat_d129_b16384,144,22,mignotte_rat,129,t10 d129 b16384,3,libpoly,-1,-1,SKIPPED(>=B11)
and10_mignotte_rat_d129_b23170,145,23,mignotte_rat,129,t10 d129 b23170,3,IsaRRI,-1,-1,SKIPPED(>=B20)
and10_mignotte_rat_d129_b23170,145,23,mignotte_rat,129,t10 d129 b23170,3,msolve,-1,-1,SKIPPED(>=B10)
and10_mignotte_rat_d129_b23170,145,23,mignotte_rat,129,t10 d129 b23170,3,anewdsc,3,31368.6160,OK
and10_mignotte_rat_d129_b23170,145,23,mignotte_rat,129,t10 d129 b23170,3,anewdsc_i0,3,31361.5350,OK
and10_mignotte_rat_d129_b23170,145,23,mignotte_rat,129,t10 d129 b23170,3,sage,-1,-1,SKIPPED(>=B18)
and10_mignotte_rat_d129_b23170,145,23,mignotte_rat,129,t10 d129 b23170,3,pari,-1,-1,SKIPPED(>=B7)
and10_mignotte_rat_d129_b23170,145,23,mignotte_rat,129,t10 d129 b23170,3,z3,-1,-1,SKIPPED(>=B4)
and10_mignotte_rat_d129_b23170,145,23,mignotte_rat,129,t10 d129 b23170,3,cgal,-1,-1,SKIPPED(>=B9)
and10_mignotte_rat_d129_b23170,145,23,mignotte_rat,129,t10 d129 b23170,3,libpoly,-1,-1,SKIPPED(>=B11)
and10_mignotte_rat_d129_b32768,146,24,mignotte_rat,129,t10 d129 b32768,3,IsaRRI,-1,-1,SKIPPED(>=B20)
and10_mignotte_rat_d129_b32768,146,24,mignotte_rat,129,t10 d129 b32768,3,msolve,-1,-1,SKIPPED(>=B10)
and10_mignotte_rat_d129_b32768,146,24,mignotte_rat,129,t10 d129 b32768,3,anewdsc,3,64402.9930,OK
and10_mignotte_rat_d129_b32768,146,24,mignotte_rat,129,t10 d129 b32768,3,anewdsc_i0,3,70870.3030,OK
and10_mignotte_rat_d129_b32768,146,24,mignotte_rat,129,t10 d129 b32768,3,sage,-1,-1,SKIPPED(>=B18)
and10_mignotte_rat_d129_b32768,146,24,mignotte_rat,129,t10 d129 b32768,3,pari,-1,-1,SKIPPED(>=B7)
and10_mignotte_rat_d129_b32768,146,24,mignotte_rat,129,t10 d129 b32768,3,z3,-1,-1,SKIPPED(>=B4)
and10_mignotte_rat_d129_b32768,146,24,mignotte_rat,129,t10 d129 b32768,3,cgal,-1,-1,SKIPPED(>=B9)
and10_mignotte_rat_d129_b32768,146,24,mignotte_rat,129,t10 d129 b32768,3,libpoly,-1,-1,SKIPPED(>=B11)
and10_mignotte_rat_d129_b46340,147,25,mignotte_rat,129,t10 d129 b46340,3,IsaRRI,-1,-1,SKIPPED(>=B20)
and10_mignotte_rat_d129_b46340,147,25,mignotte_rat,129,t10 d129 b46340,3,msolve,-1,-1,SKIPPED(>=B10)
and10_mignotte_rat_d129_b46340,147,25,mignotte_rat,129,t10 d129 b46340,3,anewdsc,3,68271.6140,OK
and10_mignotte_rat_d129_b46340,147,25,mignotte_rat,129,t10 d129 b46340,3,anewdsc_i0,3,68552.9290,OK
and10_mignotte_rat_d129_b46340,147,25,mignotte_rat,129,t10 d129 b46340,3,sage,-1,-1,SKIPPED(>=B18)
and10_mignotte_rat_d129_b46340,147,25,mignotte_rat,129,t10 d129 b46340,3,pari,-1,-1,SKIPPED(>=B7)
and10_mignotte_rat_d129_b46340,147,25,mignotte_rat,129,t10 d129 b46340,3,z3,-1,-1,SKIPPED(>=B4)
and10_mignotte_rat_d129_b46340,147,25,mignotte_rat,129,t10 d129 b46340,3,cgal,-1,-1,SKIPPED(>=B9)
and10_mignotte_rat_d129_b46340,147,25,mignotte_rat,129,t10 d129 b46340,3,libpoly,-1,-1,SKIPPED(>=B11)
and10_mignotte_rat_d129_b65536,148,26,mignotte_rat,129,t10 d129 b65536,3,IsaRRI,-1,-1,SKIPPED(>=B20)
and10_mignotte_rat_d129_b65536,148,26,mignotte_rat,129,t10 d129 b65536,3,msolve,-1,-1,SKIPPED(>=B10)
and10_mignotte_rat_d129_b65536,148,26,mignotte_rat,129,t10 d129 b65536,3,anewdsc,3,148517.8480,OK
and10_mignotte_rat_d129_b65536,148,26,mignotte_rat,129,t10 d129 b65536,3,anewdsc_i0,3,163992.1590,OK
and10_mignotte_rat_d129_b65536,148,26,mignotte_rat,129,t10 d129 b65536,3,sage,-1,-1,SKIPPED(>=B18)
and10_mignotte_rat_d129_b65536,148,26,mignotte_rat,129,t10 d129 b65536,3,pari,-1,-1,SKIPPED(>=B7)
and10_mignotte_rat_d129_b65536,148,26,mignotte_rat,129,t10 d129 b65536,3,z3,-1,-1,SKIPPED(>=B4)
and10_mignotte_rat_d129_b65536,148,26,mignotte_rat,129,t10 d129 b65536,3,cgal,-1,-1,SKIPPED(>=B9)
and10_mignotte_rat_d129_b65536,148,26,mignotte_rat,129,t10 d129 b65536,3,libpoly,-1,-1,SKIPPED(>=B11)
and10_mignotte_rat_d129_b92680,149,27,mignotte_rat,129,t10 d129 b92680,3,IsaRRI,-1,-1,SKIPPED(>=B20)
and10_mignotte_rat_d129_b92680,149,27,mignotte_rat,129,t10 d129 b92680,3,msolve,-1,-1,SKIPPED(>=B10)
and10_mignotte_rat_d129_b92680,149,27,mignotte_rat,129,t10 d129 b92680,3,anewdsc,3,156565.7150,OK
and10_mignotte_rat_d129_b92680,149,27,mignotte_rat,129,t10 d129 b92680,3,anewdsc_i0,3,156889.1060,OK
and10_mignotte_rat_d129_b92680,149,27,mignotte_rat,129,t10 d129 b92680,3,sage,-1,-1,SKIPPED(>=B18)
and10_mignotte_rat_d129_b92680,149,27,mignotte_rat,129,t10 d129 b92680,3,pari,-1,-1,SKIPPED(>=B7)
and10_mignotte_rat_d129_b92680,149,27,mignotte_rat,129,t10 d129 b92680,3,z3,-1,-1,SKIPPED(>=B4)
and10_mignotte_rat_d129_b92680,149,27,mignotte_rat,129,t10 d129 b92680,3,cgal,-1,-1,SKIPPED(>=B9)
and10_mignotte_rat_d129_b92680,149,27,mignotte_rat,129,t10 d129 b92680,3,libpoly,-1,-1,SKIPPED(>=B11)
and10_mignotte_rat_d129_b131072,150,28,mignotte_rat,129,t10 d129 b131072,3,IsaRRI,-1,-1,SKIPPED(>=B20)
and10_mignotte_rat_d129_b131072,150,28,mignotte_rat,129,t10 d129 b131072,3,msolve,-1,-1,SKIPPED(>=B10)
and10_mignotte_rat_d129_b131072,150,28,mignotte_rat,129,t10 d129 b131072,3,anewdsc,-1,180000.0000,TIMEOUT
and10_mignotte_rat_d129_b131072,150,28,mignotte_rat,129,t10 d129 b131072,3,anewdsc_i0,-1,180000.0000,TIMEOUT
and10_mignotte_rat_d129_b131072,150,28,mignotte_rat,129,t10 d129 b131072,3,sage,-1,-1,SKIPPED(>=B18)
and10_mignotte_rat_d129_b131072,150,28,mignotte_rat,129,t10 d129 b131072,3,pari,-1,-1,SKIPPED(>=B7)
and10_mignotte_rat_d129_b131072,150,28,mignotte_rat,129,t10 d129 b131072,3,z3,-1,-1,SKIPPED(>=B4)
and10_mignotte_rat_d129_b131072,150,28,mignotte_rat,129,t10 d129 b131072,3,cgal,-1,-1,SKIPPED(>=B9)
and10_mignotte_rat_d129_b131072,150,28,mignotte_rat,129,t10 d129 b131072,3,libpoly,-1,-1,SKIPPED(>=B11)
and10_mignotte_rat_d129_b185362,151,29,mignotte_rat,129,t10 d129 b185362,3,IsaRRI,-1,-1,SKIPPED(>=B20)
and10_mignotte_rat_d129_b185362,151,29,mignotte_rat,129,t10 d129 b185362,3,msolve,-1,-1,SKIPPED(>=B10)
and10_mignotte_rat_d129_b185362,151,29,mignotte_rat,129,t10 d129 b185362,3,anewdsc,-1,-1,SKIPPED(>=B28)
and10_mignotte_rat_d129_b185362,151,29,mignotte_rat,129,t10 d129 b185362,3,anewdsc_i0,-1,-1,SKIPPED(>=B28)
and10_mignotte_rat_d129_b185362,151,29,mignotte_rat,129,t10 d129 b185362,3,sage,-1,-1,SKIPPED(>=B18)
and10_mignotte_rat_d129_b185362,151,29,mignotte_rat,129,t10 d129 b185362,3,pari,-1,-1,SKIPPED(>=B7)
and10_mignotte_rat_d129_b185362,151,29,mignotte_rat,129,t10 d129 b185362,3,z3,-1,-1,SKIPPED(>=B4)
and10_mignotte_rat_d129_b185362,151,29,mignotte_rat,129,t10 d129 b185362,3,cgal,-1,-1,SKIPPED(>=B9)
and10_mignotte_rat_d129_b185362,151,29,mignotte_rat,129,t10 d129 b185362,3,libpoly,-1,-1,SKIPPED(>=B11)
and10_mignotte_rat_d129_b262144,152,30,mignotte_rat,129,t10 d129 b262144,3,IsaRRI,-1,-1,SKIPPED(>=B20)
and10_mignotte_rat_d129_b262144,152,30,mignotte_rat,129,t10 d129 b262144,3,msolve,-1,-1,SKIPPED(>=B10)
and10_mignotte_rat_d129_b262144,152,30,mignotte_rat,129,t10 d129 b262144,3,anewdsc,-1,-1,SKIPPED(>=B28)
and10_mignotte_rat_d129_b262144,152,30,mignotte_rat,129,t10 d129 b262144,3,anewdsc_i0,-1,-1,SKIPPED(>=B28)
and10_mignotte_rat_d129_b262144,152,30,mignotte_rat,129,t10 d129 b262144,3,sage,-1,-1,SKIPPED(>=B18)
and10_mignotte_rat_d129_b262144,152,30,mignotte_rat,129,t10 d129 b262144,3,pari,-1,-1,SKIPPED(>=B7)
and10_mignotte_rat_d129_b262144,152,30,mignotte_rat,129,t10 d129 b262144,3,z3,-1,-1,SKIPPED(>=B4)
and10_mignotte_rat_d129_b262144,152,30,mignotte_rat,129,t10 d129 b262144,3,cgal,-1,-1,SKIPPED(>=B9)
and10_mignotte_rat_d129_b262144,152,30,mignotte_rat,129,t10 d129 b262144,3,libpoly,-1,-1,SKIPPED(>=B11)
and11_mignotte_rat_d129_b14,153,1,mignotte_rat,129,t11 d129 b14,3,IsaRRI,3,50.9185,OK
and11_mignotte_rat_d129_b14,153,1,mignotte_rat,129,t11 d129 b14,3,msolve,3,1073.1500,OK
and11_mignotte_rat_d129_b14,153,1,mignotte_rat,129,t11 d129 b14,3,anewdsc,3,6.2920,OK
and11_mignotte_rat_d129_b14,153,1,mignotte_rat,129,t11 d129 b14,3,anewdsc_i0,3,7.0310,OK
and11_mignotte_rat_d129_b14,153,1,mignotte_rat,129,t11 d129 b14,3,sage,3,77.5150,OK
and11_mignotte_rat_d129_b14,153,1,mignotte_rat,129,t11 d129 b14,3,pari,3,1988.2400,OK
and11_mignotte_rat_d129_b14,153,1,mignotte_rat,129,t11 d129 b14,3,z3,3,24217.6000,OK
and11_mignotte_rat_d129_b14,153,1,mignotte_rat,129,t11 d129 b14,3,cgal,3,1602.0100,OK
and11_mignotte_rat_d129_b14,153,1,mignotte_rat,129,t11 d129 b14,3,libpoly,3,53.5616,OK
and11_mignotte_rat_d181_b14,154,2,mignotte_rat,181,t11 d181 b14,3,IsaRRI,3,151.9270,OK
and11_mignotte_rat_d181_b14,154,2,mignotte_rat,181,t11 d181 b14,3,msolve,3,5792.7200,OK
and11_mignotte_rat_d181_b14,154,2,mignotte_rat,181,t11 d181 b14,3,anewdsc,3,11.5640,OK
and11_mignotte_rat_d181_b14,154,2,mignotte_rat,181,t11 d181 b14,3,anewdsc_i0,3,13.0820,OK
and11_mignotte_rat_d181_b14,154,2,mignotte_rat,181,t11 d181 b14,3,sage,3,89.0730,OK
and11_mignotte_rat_d181_b14,154,2,mignotte_rat,181,t11 d181 b14,3,pari,3,13749.7000,OK
and11_mignotte_rat_d181_b14,154,2,mignotte_rat,181,t11 d181 b14,3,z3,3,126363.0000,OK
and11_mignotte_rat_d181_b14,154,2,mignotte_rat,181,t11 d181 b14,3,cgal,3,7235.1300,OK
and11_mignotte_rat_d181_b14,154,2,mignotte_rat,181,t11 d181 b14,3,libpoly,3,271.9340,OK
and11_mignotte_rat_d257_b14,155,3,mignotte_rat,257,t11 d257 b14,3,IsaRRI,3,538.7730,OK
and11_mignotte_rat_d257_b14,155,3,mignotte_rat,257,t11 d257 b14,3,msolve,3,12066.8000,OK
and11_mignotte_rat_d257_b14,155,3,mignotte_rat,257,t11 d257 b14,3,anewdsc,3,20.2500,OK
and11_mignotte_rat_d257_b14,155,3,mignotte_rat,257,t11 d257 b14,3,anewdsc_i0,3,23.2820,OK
and11_mignotte_rat_d257_b14,155,3,mignotte_rat,257,t11 d257 b14,3,sage,3,107.5880,OK
and11_mignotte_rat_d257_b14,155,3,mignotte_rat,257,t11 d257 b14,3,pari,3,84353.8000,OK
and11_mignotte_rat_d257_b14,155,3,mignotte_rat,257,t11 d257 b14,3,z3,-1,180000.0000,TIMEOUT
and11_mignotte_rat_d257_b14,155,3,mignotte_rat,257,t11 d257 b14,3,cgal,3,37565.0000,OK
and11_mignotte_rat_d257_b14,155,3,mignotte_rat,257,t11 d257 b14,3,libpoly,3,1572.7500,OK
and11_mignotte_rat_d363_b14,156,4,mignotte_rat,363,t11 d363 b14,3,IsaRRI,3,2345.1000,OK
and11_mignotte_rat_d363_b14,156,4,mignotte_rat,363,t11 d363 b14,3,msolve,3,55414.8000,OK
and11_mignotte_rat_d363_b14,156,4,mignotte_rat,363,t11 d363 b14,3,anewdsc,3,41.2330,OK
and11_mignotte_rat_d363_b14,156,4,mignotte_rat,363,t11 d363 b14,3,anewdsc_i0,3,47.2740,OK
and11_mignotte_rat_d363_b14,156,4,mignotte_rat,363,t11 d363 b14,3,sage,3,153.8700,OK
and11_mignotte_rat_d363_b14,156,4,mignotte_rat,363,t11 d363 b14,3,pari,-1,180000.0000,TIMEOUT
and11_mignotte_rat_d363_b14,156,4,mignotte_rat,363,t11 d363 b14,3,z3,-1,-1,SKIPPED(>=B3)
and11_mignotte_rat_d363_b14,156,4,mignotte_rat,363,t11 d363 b14,3,cgal,-1,180000.0000,TIMEOUT
and11_mignotte_rat_d363_b14,156,4,mignotte_rat,363,t11 d363 b14,3,libpoly,3,8302.2200,OK
and11_mignotte_rat_d513_b14,157,5,mignotte_rat,513,t11 d513 b14,3,IsaRRI,3,10652.8000,OK
and11_mignotte_rat_d513_b14,157,5,mignotte_rat,513,t11 d513 b14,3,msolve,-1,180000.0000,TIMEOUT
and11_mignotte_rat_d513_b14,157,5,mignotte_rat,513,t11 d513 b14,3,anewdsc,3,74.5110,OK
and11_mignotte_rat_d513_b14,157,5,mignotte_rat,513,t11 d513 b14,3,anewdsc_i0,3,86.6550,OK
and11_mignotte_rat_d513_b14,157,5,mignotte_rat,513,t11 d513 b14,3,sage,3,203.1780,OK
and11_mignotte_rat_d513_b14,157,5,mignotte_rat,513,t11 d513 b14,3,pari,-1,-1,SKIPPED(>=B4)
and11_mignotte_rat_d513_b14,157,5,mignotte_rat,513,t11 d513 b14,3,z3,-1,-1,SKIPPED(>=B3)
and11_mignotte_rat_d513_b14,157,5,mignotte_rat,513,t11 d513 b14,3,cgal,-1,-1,SKIPPED(>=B4)
and11_mignotte_rat_d513_b14,157,5,mignotte_rat,513,t11 d513 b14,3,libpoly,3,40786.6000,OK
and11_mignotte_rat_d725_b14,158,6,mignotte_rat,725,t11 d725 b14,3,IsaRRI,3,35524.9000,OK
and11_mignotte_rat_d725_b14,158,6,mignotte_rat,725,t11 d725 b14,3,msolve,-1,-1,SKIPPED(>=B5)
and11_mignotte_rat_d725_b14,158,6,mignotte_rat,725,t11 d725 b14,3,anewdsc,3,162.7030,OK
and11_mignotte_rat_d725_b14,158,6,mignotte_rat,725,t11 d725 b14,3,anewdsc_i0,3,188.1620,OK
and11_mignotte_rat_d725_b14,158,6,mignotte_rat,725,t11 d725 b14,3,sage,3,466.9550,OK
and11_mignotte_rat_d725_b14,158,6,mignotte_rat,725,t11 d725 b14,3,pari,-1,-1,SKIPPED(>=B4)
and11_mignotte_rat_d725_b14,158,6,mignotte_rat,725,t11 d725 b14,3,z3,-1,-1,SKIPPED(>=B3)
and11_mignotte_rat_d725_b14,158,6,mignotte_rat,725,t11 d725 b14,3,cgal,-1,-1,SKIPPED(>=B4)
and11_mignotte_rat_d725_b14,158,6,mignotte_rat,725,t11 d725 b14,3,libpoly,-1,180000.0000,TIMEOUT
and11_mignotte_rat_d1025_b14,159,7,mignotte_rat,1025,t11 d1025 b14,3,IsaRRI,-1,180000.0000,TIMEOUT
and11_mignotte_rat_d1025_b14,159,7,mignotte_rat,1025,t11 d1025 b14,3,msolve,-1,-1,SKIPPED(>=B5)
and11_mignotte_rat_d1025_b14,159,7,mignotte_rat,1025,t11 d1025 b14,3,anewdsc,3,297.3470,OK
and11_mignotte_rat_d1025_b14,159,7,mignotte_rat,1025,t11 d1025 b14,3,anewdsc_i0,3,361.2080,OK
and11_mignotte_rat_d1025_b14,159,7,mignotte_rat,1025,t11 d1025 b14,3,sage,3,830.3570,OK
and11_mignotte_rat_d1025_b14,159,7,mignotte_rat,1025,t11 d1025 b14,3,pari,-1,-1,SKIPPED(>=B4)
and11_mignotte_rat_d1025_b14,159,7,mignotte_rat,1025,t11 d1025 b14,3,z3,-1,-1,SKIPPED(>=B3)
and11_mignotte_rat_d1025_b14,159,7,mignotte_rat,1025,t11 d1025 b14,3,cgal,-1,-1,SKIPPED(>=B4)
and11_mignotte_rat_d1025_b14,159,7,mignotte_rat,1025,t11 d1025 b14,3,libpoly,-1,-1,SKIPPED(>=B6)
and11_mignotte_rat_d1449_b14,160,8,mignotte_rat,1449,t11 d1449 b14,3,IsaRRI,-1,-1,SKIPPED(>=B7)
and11_mignotte_rat_d1449_b14,160,8,mignotte_rat,1449,t11 d1449 b14,3,msolve,-1,-1,SKIPPED(>=B5)
and11_mignotte_rat_d1449_b14,160,8,mignotte_rat,1449,t11 d1449 b14,3,anewdsc,3,689.0240,OK
and11_mignotte_rat_d1449_b14,160,8,mignotte_rat,1449,t11 d1449 b14,3,anewdsc_i0,3,779.9810,OK
and11_mignotte_rat_d1449_b14,160,8,mignotte_rat,1449,t11 d1449 b14,3,sage,3,3111.8640,OK
and11_mignotte_rat_d1449_b14,160,8,mignotte_rat,1449,t11 d1449 b14,3,pari,-1,-1,SKIPPED(>=B4)
and11_mignotte_rat_d1449_b14,160,8,mignotte_rat,1449,t11 d1449 b14,3,z3,-1,-1,SKIPPED(>=B3)
and11_mignotte_rat_d1449_b14,160,8,mignotte_rat,1449,t11 d1449 b14,3,cgal,-1,-1,SKIPPED(>=B4)
and11_mignotte_rat_d1449_b14,160,8,mignotte_rat,1449,t11 d1449 b14,3,libpoly,-1,-1,SKIPPED(>=B6)
and11_mignotte_rat_d2049_b14,161,9,mignotte_rat,2049,t11 d2049 b14,3,IsaRRI,-1,-1,SKIPPED(>=B7)
and11_mignotte_rat_d2049_b14,161,9,mignotte_rat,2049,t11 d2049 b14,3,msolve,-1,-1,SKIPPED(>=B5)
and11_mignotte_rat_d2049_b14,161,9,mignotte_rat,2049,t11 d2049 b14,3,anewdsc,3,1255.2560,OK
and11_mignotte_rat_d2049_b14,161,9,mignotte_rat,2049,t11 d2049 b14,3,anewdsc_i0,3,1415.9160,OK
and11_mignotte_rat_d2049_b14,161,9,mignotte_rat,2049,t11 d2049 b14,3,sage,3,3646.8250,OK
and11_mignotte_rat_d2049_b14,161,9,mignotte_rat,2049,t11 d2049 b14,3,pari,-1,-1,SKIPPED(>=B4)
and11_mignotte_rat_d2049_b14,161,9,mignotte_rat,2049,t11 d2049 b14,3,z3,-1,-1,SKIPPED(>=B3)
and11_mignotte_rat_d2049_b14,161,9,mignotte_rat,2049,t11 d2049 b14,3,cgal,-1,-1,SKIPPED(>=B4)
and11_mignotte_rat_d2049_b14,161,9,mignotte_rat,2049,t11 d2049 b14,3,libpoly,-1,-1,SKIPPED(>=B6)
and11_mignotte_rat_d2897_b14,162,10,mignotte_rat,2897,t11 d2897 b14,3,IsaRRI,-1,-1,SKIPPED(>=B7)
and11_mignotte_rat_d2897_b14,162,10,mignotte_rat,2897,t11 d2897 b14,3,msolve,-1,-1,SKIPPED(>=B5)
and11_mignotte_rat_d2897_b14,162,10,mignotte_rat,2897,t11 d2897 b14,3,anewdsc,3,3077.6960,OK
and11_mignotte_rat_d2897_b14,162,10,mignotte_rat,2897,t11 d2897 b14,3,anewdsc_i0,3,3374.8990,OK
and11_mignotte_rat_d2897_b14,162,10,mignotte_rat,2897,t11 d2897 b14,3,sage,3,30514.4350,OK
and11_mignotte_rat_d2897_b14,162,10,mignotte_rat,2897,t11 d2897 b14,3,pari,-1,-1,SKIPPED(>=B4)
and11_mignotte_rat_d2897_b14,162,10,mignotte_rat,2897,t11 d2897 b14,3,z3,-1,-1,SKIPPED(>=B3)
and11_mignotte_rat_d2897_b14,162,10,mignotte_rat,2897,t11 d2897 b14,3,cgal,-1,-1,SKIPPED(>=B4)
and11_mignotte_rat_d2897_b14,162,10,mignotte_rat,2897,t11 d2897 b14,3,libpoly,-1,-1,SKIPPED(>=B6)
and11_mignotte_rat_d4097_b14,163,11,mignotte_rat,4097,t11 d4097 b14,3,IsaRRI,-1,-1,SKIPPED(>=B7)
and11_mignotte_rat_d4097_b14,163,11,mignotte_rat,4097,t11 d4097 b14,3,msolve,-1,-1,SKIPPED(>=B5)
and11_mignotte_rat_d4097_b14,163,11,mignotte_rat,4097,t11 d4097 b14,3,anewdsc,3,5562.1380,OK
and11_mignotte_rat_d4097_b14,163,11,mignotte_rat,4097,t11 d4097 b14,3,anewdsc_i0,3,6004.6180,OK
and11_mignotte_rat_d4097_b14,163,11,mignotte_rat,4097,t11 d4097 b14,3,sage,3,30921.0480,OK
and11_mignotte_rat_d4097_b14,163,11,mignotte_rat,4097,t11 d4097 b14,3,pari,-1,-1,SKIPPED(>=B4)
and11_mignotte_rat_d4097_b14,163,11,mignotte_rat,4097,t11 d4097 b14,3,z3,-1,-1,SKIPPED(>=B3)
and11_mignotte_rat_d4097_b14,163,11,mignotte_rat,4097,t11 d4097 b14,3,cgal,-1,-1,SKIPPED(>=B4)
and11_mignotte_rat_d4097_b14,163,11,mignotte_rat,4097,t11 d4097 b14,3,libpoly,-1,-1,SKIPPED(>=B6)
and11_mignotte_rat_d5793_b14,164,12,mignotte_rat,5793,t11 d5793 b14,3,IsaRRI,-1,-1,SKIPPED(>=B7)
and11_mignotte_rat_d5793_b14,164,12,mignotte_rat,5793,t11 d5793 b14,3,msolve,-1,-1,SKIPPED(>=B5)
and11_mignotte_rat_d5793_b14,164,12,mignotte_rat,5793,t11 d5793 b14,3,anewdsc,3,13497.9400,OK
and11_mignotte_rat_d5793_b14,164,12,mignotte_rat,5793,t11 d5793 b14,3,anewdsc_i0,3,13960.1580,OK
and11_mignotte_rat_d5793_b14,164,12,mignotte_rat,5793,t11 d5793 b14,3,sage,-1,180000.0000,TIMEOUT
and11_mignotte_rat_d5793_b14,164,12,mignotte_rat,5793,t11 d5793 b14,3,pari,-1,-1,SKIPPED(>=B4)
and11_mignotte_rat_d5793_b14,164,12,mignotte_rat,5793,t11 d5793 b14,3,z3,-1,-1,SKIPPED(>=B3)
and11_mignotte_rat_d5793_b14,164,12,mignotte_rat,5793,t11 d5793 b14,3,cgal,-1,-1,SKIPPED(>=B4)
and11_mignotte_rat_d5793_b14,164,12,mignotte_rat,5793,t11 d5793 b14,3,libpoly,-1,-1,SKIPPED(>=B6)
and11_mignotte_rat_d8193_b14,165,13,mignotte_rat,8193,t11 d8193 b14,3,IsaRRI,-1,-1,SKIPPED(>=B7)
and11_mignotte_rat_d8193_b14,165,13,mignotte_rat,8193,t11 d8193 b14,3,msolve,-1,-1,SKIPPED(>=B5)
and11_mignotte_rat_d8193_b14,165,13,mignotte_rat,8193,t11 d8193 b14,3,anewdsc,3,24484.9810,OK
and11_mignotte_rat_d8193_b14,165,13,mignotte_rat,8193,t11 d8193 b14,3,anewdsc_i0,3,24408.9020,OK
and11_mignotte_rat_d8193_b14,165,13,mignotte_rat,8193,t11 d8193 b14,3,sage,-1,-1,SKIPPED(>=B12)
and11_mignotte_rat_d8193_b14,165,13,mignotte_rat,8193,t11 d8193 b14,3,pari,-1,-1,SKIPPED(>=B4)
and11_mignotte_rat_d8193_b14,165,13,mignotte_rat,8193,t11 d8193 b14,3,z3,-1,-1,SKIPPED(>=B3)
and11_mignotte_rat_d8193_b14,165,13,mignotte_rat,8193,t11 d8193 b14,3,cgal,-1,-1,SKIPPED(>=B4)
and11_mignotte_rat_d8193_b14,165,13,mignotte_rat,8193,t11 d8193 b14,3,libpoly,-1,-1,SKIPPED(>=B6)
and11_mignotte_rat_d11585_b14,166,14,mignotte_rat,11585,t11 d11585 b14,3,IsaRRI,-1,-1,SKIPPED(>=B7)
and11_mignotte_rat_d11585_b14,166,14,mignotte_rat,11585,t11 d11585 b14,3,msolve,-1,-1,SKIPPED(>=B5)
and11_mignotte_rat_d11585_b14,166,14,mignotte_rat,11585,t11 d11585 b14,3,anewdsc,3,67013.2680,OK
and11_mignotte_rat_d11585_b14,166,14,mignotte_rat,11585,t11 d11585 b14,3,anewdsc_i0,3,65527.8920,OK
and11_mignotte_rat_d11585_b14,166,14,mignotte_rat,11585,t11 d11585 b14,3,sage,-1,-1,SKIPPED(>=B12)
and11_mignotte_rat_d11585_b14,166,14,mignotte_rat,11585,t11 d11585 b14,3,pari,-1,-1,SKIPPED(>=B4)
and11_mignotte_rat_d11585_b14,166,14,mignotte_rat,11585,t11 d11585 b14,3,z3,-1,-1,SKIPPED(>=B3)
and11_mignotte_rat_d11585_b14,166,14,mignotte_rat,11585,t11 d11585 b14,3,cgal,-1,-1,SKIPPED(>=B4)
and11_mignotte_rat_d11585_b14,166,14,mignotte_rat,11585,t11 d11585 b14,3,libpoly,-1,-1,SKIPPED(>=B6)
and11_mignotte_rat_d16385_b14,167,15,mignotte_rat,16385,t11 d16385 b14,3,IsaRRI,-1,-1,SKIPPED(>=B7)
and11_mignotte_rat_d16385_b14,167,15,mignotte_rat,16385,t11 d16385 b14,3,msolve,-1,-1,SKIPPED(>=B5)
and11_mignotte_rat_d16385_b14,167,15,mignotte_rat,16385,t11 d16385 b14,3,anewdsc,3,124636.4980,OK
and11_mignotte_rat_d16385_b14,167,15,mignotte_rat,16385,t11 d16385 b14,3,anewdsc_i0,3,108350.5780,OK
and11_mignotte_rat_d16385_b14,167,15,mignotte_rat,16385,t11 d16385 b14,3,sage,-1,-1,SKIPPED(>=B12)
and11_mignotte_rat_d16385_b14,167,15,mignotte_rat,16385,t11 d16385 b14,3,pari,-1,-1,SKIPPED(>=B4)
and11_mignotte_rat_d16385_b14,167,15,mignotte_rat,16385,t11 d16385 b14,3,z3,-1,-1,SKIPPED(>=B3)
and11_mignotte_rat_d16385_b14,167,15,mignotte_rat,16385,t11 d16385 b14,3,cgal,-1,-1,SKIPPED(>=B4)
and11_mignotte_rat_d16385_b14,167,15,mignotte_rat,16385,t11 d16385 b14,3,libpoly,-1,-1,SKIPPED(>=B6)
and11_mignotte_rat_d23171_b14,168,16,mignotte_rat,23171,t11 d23171 b14,3,IsaRRI,-1,-1,SKIPPED(>=B7)
and11_mignotte_rat_d23171_b14,168,16,mignotte_rat,23171,t11 d23171 b14,3,msolve,-1,-1,SKIPPED(>=B5)
and11_mignotte_rat_d23171_b14,168,16,mignotte_rat,23171,t11 d23171 b14,3,anewdsc,-1,180000.0000,TIMEOUT
and11_mignotte_rat_d23171_b14,168,16,mignotte_rat,23171,t11 d23171 b14,3,anewdsc_i0,-1,180000.0000,TIMEOUT
and11_mignotte_rat_d23171_b14,168,16,mignotte_rat,23171,t11 d23171 b14,3,sage,-1,-1,SKIPPED(>=B12)
and11_mignotte_rat_d23171_b14,168,16,mignotte_rat,23171,t11 d23171 b14,3,pari,-1,-1,SKIPPED(>=B4)
and11_mignotte_rat_d23171_b14,168,16,mignotte_rat,23171,t11 d23171 b14,3,z3,-1,-1,SKIPPED(>=B3)
and11_mignotte_rat_d23171_b14,168,16,mignotte_rat,23171,t11 d23171 b14,3,cgal,-1,-1,SKIPPED(>=B4)
and11_mignotte_rat_d23171_b14,168,16,mignotte_rat,23171,t11 d23171 b14,3,libpoly,-1,-1,SKIPPED(>=B6)
and11_mignotte_rat_d32769_b14,169,17,mignotte_rat,32769,t11 d32769 b14,3,IsaRRI,-1,-1,SKIPPED(>=B7)
and11_mignotte_rat_d32769_b14,169,17,mignotte_rat,32769,t11 d32769 b14,3,msolve,-1,-1,SKIPPED(>=B5)
and11_mignotte_rat_d32769_b14,169,17,mignotte_rat,32769,t11 d32769 b14,3,anewdsc,-1,-1,SKIPPED(>=B16)
and11_mignotte_rat_d32769_b14,169,17,mignotte_rat,32769,t11 d32769 b14,3,anewdsc_i0,-1,-1,SKIPPED(>=B16)
and11_mignotte_rat_d32769_b14,169,17,mignotte_rat,32769,t11 d32769 b14,3,sage,-1,-1,SKIPPED(>=B12)
and11_mignotte_rat_d32769_b14,169,17,mignotte_rat,32769,t11 d32769 b14,3,pari,-1,-1,SKIPPED(>=B4)
and11_mignotte_rat_d32769_b14,169,17,mignotte_rat,32769,t11 d32769 b14,3,z3,-1,-1,SKIPPED(>=B3)
and11_mignotte_rat_d32769_b14,169,17,mignotte_rat,32769,t11 d32769 b14,3,cgal,-1,-1,SKIPPED(>=B4)
and11_mignotte_rat_d32769_b14,169,17,mignotte_rat,32769,t11 d32769 b14,3,libpoly,-1,-1,SKIPPED(>=B6)
and01_nested_mignotte_d260_b38,1,1,nested_mignotte,260,t01 d260 b38 tau=16,12,IsaRRI,12,25.3450,OK
and01_nested_mignotte_d260_b38,1,1,nested_mignotte,260,t01 d260 b38 tau=16,12,msolve,12,39.6436,OK
and01_nested_mignotte_d260_b38,1,1,nested_mignotte,260,t01 d260 b38 tau=16,12,anewdsc,12,107.2980,OK
and01_nested_mignotte_d260_b38,1,1,nested_mignotte,260,t01 d260 b38 tau=16,12,anewdsc_i0,12,106.0210,OK
and01_nested_mignotte_d260_b38,1,1,nested_mignotte,260,t01 d260 b38 tau=16,12,sage,12,130.2730,OK
and01_nested_mignotte_d260_b38,1,1,nested_mignotte,260,t01 d260 b38 tau=16,12,pari,12,119.7990,OK
and01_nested_mignotte_d260_b38,1,1,nested_mignotte,260,t01 d260 b38 tau=16,12,z3,12,391.2420,OK
and01_nested_mignotte_d260_b38,1,1,nested_mignotte,260,t01 d260 b38 tau=16,12,cgal,12,308.0740,OK
and01_nested_mignotte_d260_b38,1,1,nested_mignotte,260,t01 d260 b38 tau=16,12,libpoly,12,322.1470,OK
and01_nested_mignotte_d260_b79,2,2,nested_mignotte,260,t01 d260 b79 tau=32,12,IsaRRI,12,96.7754,OK
and01_nested_mignotte_d260_b79,2,2,nested_mignotte,260,t01 d260 b79 tau=32,12,msolve,12,132.9560,OK
and01_nested_mignotte_d260_b79,2,2,nested_mignotte,260,t01 d260 b79 tau=32,12,anewdsc,12,193.8440,OK
and01_nested_mignotte_d260_b79,2,2,nested_mignotte,260,t01 d260 b79 tau=32,12,anewdsc_i0,12,206.1770,OK
and01_nested_mignotte_d260_b79,2,2,nested_mignotte,260,t01 d260 b79 tau=32,12,sage,12,142.5860,OK
and01_nested_mignotte_d260_b79,2,2,nested_mignotte,260,t01 d260 b79 tau=32,12,pari,12,593.2190,OK
and01_nested_mignotte_d260_b79,2,2,nested_mignotte,260,t01 d260 b79 tau=32,12,z3,12,2216.7100,OK
and01_nested_mignotte_d260_b79,2,2,nested_mignotte,260,t01 d260 b79 tau=32,12,cgal,12,919.3010,OK
and01_nested_mignotte_d260_b79,2,2,nested_mignotte,260,t01 d260 b79 tau=32,12,libpoly,12,1052.3000,OK
and01_nested_mignotte_d260_b100,3,3,nested_mignotte,260,t01 d260 b100 tau=40,12,IsaRRI,12,164.7900,OK
and01_nested_mignotte_d260_b100,3,3,nested_mignotte,260,t01 d260 b100 tau=40,12,msolve,12,212.1210,OK
and01_nested_mignotte_d260_b100,3,3,nested_mignotte,260,t01 d260 b100 tau=40,12,anewdsc,12,83.4120,OK
and01_nested_mignotte_d260_b100,3,3,nested_mignotte,260,t01 d260 b100 tau=40,12,anewdsc_i0,12,85.1330,OK
and01_nested_mignotte_d260_b100,3,3,nested_mignotte,260,t01 d260 b100 tau=40,12,sage,12,166.6940,OK
and01_nested_mignotte_d260_b100,3,3,nested_mignotte,260,t01 d260 b100 tau=40,12,pari,12,955.1700,OK
and01_nested_mignotte_d260_b100,3,3,nested_mignotte,260,t01 d260 b100 tau=40,12,z3,12,3518.5700,OK
and01_nested_mignotte_d260_b100,3,3,nested_mignotte,260,t01 d260 b100 tau=40,12,cgal,12,1276.4800,OK
and01_nested_mignotte_d260_b100,3,3,nested_mignotte,260,t01 d260 b100 tau=40,12,libpoly,12,1593.7700,OK
and01_nested_mignotte_d260_b160,4,4,nested_mignotte,260,t01 d260 b160 tau=64,12,IsaRRI,12,348.8650,OK
and01_nested_mignotte_d260_b160,4,4,nested_mignotte,260,t01 d260 b160 tau=64,12,msolve,12,496.5550,OK
and01_nested_mignotte_d260_b160,4,4,nested_mignotte,260,t01 d260 b160 tau=64,12,anewdsc,12,108.3820,OK
and01_nested_mignotte_d260_b160,4,4,nested_mignotte,260,t01 d260 b160 tau=64,12,anewdsc_i0,12,95.8800,OK
and01_nested_mignotte_d260_b160,4,4,nested_mignotte,260,t01 d260 b160 tau=64,12,sage,12,179.3050,OK
and01_nested_mignotte_d260_b160,4,4,nested_mignotte,260,t01 d260 b160 tau=64,12,pari,12,2701.0400,OK
and01_nested_mignotte_d260_b160,4,4,nested_mignotte,260,t01 d260 b160 tau=64,12,z3,12,10139.8000,OK
and01_nested_mignotte_d260_b160,4,4,nested_mignotte,260,t01 d260 b160 tau=64,12,cgal,12,2654.6200,OK
and01_nested_mignotte_d260_b160,4,4,nested_mignotte,260,t01 d260 b160 tau=64,12,libpoly,12,3472.1600,OK
and01_nested_mignotte_d260_b220,5,5,nested_mignotte,260,t01 d260 b220 tau=88,12,IsaRRI,12,506.3780,OK
and01_nested_mignotte_d260_b220,5,5,nested_mignotte,260,t01 d260 b220 tau=88,12,msolve,12,867.0730,OK
and01_nested_mignotte_d260_b220,5,5,nested_mignotte,260,t01 d260 b220 tau=88,12,anewdsc,12,104.5230,OK
and01_nested_mignotte_d260_b220,5,5,nested_mignotte,260,t01 d260 b220 tau=88,12,anewdsc_i0,12,108.1160,OK
and01_nested_mignotte_d260_b220,5,5,nested_mignotte,260,t01 d260 b220 tau=88,12,sage,12,225.6210,OK
and01_nested_mignotte_d260_b220,5,5,nested_mignotte,260,t01 d260 b220 tau=88,12,pari,12,5431.7500,OK
and01_nested_mignotte_d260_b220,5,5,nested_mignotte,260,t01 d260 b220 tau=88,12,z3,12,21605.6000,OK
and01_nested_mignotte_d260_b220,5,5,nested_mignotte,260,t01 d260 b220 tau=88,12,cgal,12,4478.1100,OK
and01_nested_mignotte_d260_b220,5,5,nested_mignotte,260,t01 d260 b220 tau=88,12,libpoly,12,6077.1900,OK
and01_nested_mignotte_d260_b320,6,6,nested_mignotte,260,t01 d260 b320 tau=128,12,IsaRRI,12,659.0670,OK
and01_nested_mignotte_d260_b320,6,6,nested_mignotte,260,t01 d260 b320 tau=128,12,msolve,12,1663.3800,OK
and01_nested_mignotte_d260_b320,6,6,nested_mignotte,260,t01 d260 b320 tau=128,12,anewdsc,12,837.7760,OK
and01_nested_mignotte_d260_b320,6,6,nested_mignotte,260,t01 d260 b320 tau=128,12,anewdsc_i0,12,846.2730,OK
and01_nested_mignotte_d260_b320,6,6,nested_mignotte,260,t01 d260 b320 tau=128,12,sage,12,243.6870,OK
and01_nested_mignotte_d260_b320,6,6,nested_mignotte,260,t01 d260 b320 tau=128,12,pari,12,12766.4000,OK
and01_nested_mignotte_d260_b320,6,6,nested_mignotte,260,t01 d260 b320 tau=128,12,z3,12,53653.9000,OK
and01_nested_mignotte_d260_b320,6,6,nested_mignotte,260,t01 d260 b320 tau=128,12,cgal,12,8381.1500,OK
and01_nested_mignotte_d260_b320,6,6,nested_mignotte,260,t01 d260 b320 tau=128,12,libpoly,12,11887.9000,OK
and01_nested_mignotte_d260_b440,7,7,nested_mignotte,260,t01 d260 b440 tau=176,12,IsaRRI,12,1051.9900,OK
and01_nested_mignotte_d260_b440,7,7,nested_mignotte,260,t01 d260 b440 tau=176,12,msolve,12,3008.6500,OK
and01_nested_mignotte_d260_b440,7,7,nested_mignotte,260,t01 d260 b440 tau=176,12,anewdsc,12,121.5230,OK
and01_nested_mignotte_d260_b440,7,7,nested_mignotte,260,t01 d260 b440 tau=176,12,anewdsc_i0,12,133.1070,OK
and01_nested_mignotte_d260_b440,7,7,nested_mignotte,260,t01 d260 b440 tau=176,12,sage,13,283.5180,OK
and01_nested_mignotte_d260_b440,7,7,nested_mignotte,260,t01 d260 b440 tau=176,12,pari,12,27313.1000,OK
and01_nested_mignotte_d260_b440,7,7,nested_mignotte,260,t01 d260 b440 tau=176,12,z3,12,122545.0000,OK
and01_nested_mignotte_d260_b440,7,7,nested_mignotte,260,t01 d260 b440 tau=176,12,cgal,12,14801.2000,OK
and01_nested_mignotte_d260_b440,7,7,nested_mignotte,260,t01 d260 b440 tau=176,12,libpoly,12,22358.4000,OK
and01_nested_mignotte_d260_b640,8,8,nested_mignotte,260,t01 d260 b640 tau=256,12,IsaRRI,12,1257.3600,OK
and01_nested_mignotte_d260_b640,8,8,nested_mignotte,260,t01 d260 b640 tau=256,12,msolve,12,5795.6100,OK
and01_nested_mignotte_d260_b640,8,8,nested_mignotte,260,t01 d260 b640 tau=256,12,anewdsc,12,222.7360,OK
and01_nested_mignotte_d260_b640,8,8,nested_mignotte,260,t01 d260 b640 tau=256,12,anewdsc_i0,12,239.1080,OK
and01_nested_mignotte_d260_b640,8,8,nested_mignotte,260,t01 d260 b640 tau=256,12,sage,-1,-1,ERROR(RecursionError)
and01_nested_mignotte_d260_b640,8,8,nested_mignotte,260,t01 d260 b640 tau=256,12,pari,12,65025.3000,OK
and01_nested_mignotte_d260_b640,8,8,nested_mignotte,260,t01 d260 b640 tau=256,12,z3,-1,180000.0000,TIMEOUT
and01_nested_mignotte_d260_b640,8,8,nested_mignotte,260,t01 d260 b640 tau=256,12,cgal,12,29083.1000,OK
and01_nested_mignotte_d260_b640,8,8,nested_mignotte,260,t01 d260 b640 tau=256,12,libpoly,12,48776.8000,OK
and01_nested_mignotte_d260_b900,9,9,nested_mignotte,260,t01 d260 b900 tau=360,12,IsaRRI,12,2617.0100,OK
and01_nested_mignotte_d260_b900,9,9,nested_mignotte,260,t01 d260 b900 tau=360,12,msolve,12,13504.2000,OK
and01_nested_mignotte_d260_b900,9,9,nested_mignotte,260,t01 d260 b900 tau=360,12,anewdsc,12,304.0540,OK
and01_nested_mignotte_d260_b900,9,9,nested_mignotte,260,t01 d260 b900 tau=360,12,anewdsc_i0,12,309.5910,OK
and01_nested_mignotte_d260_b900,9,9,nested_mignotte,260,t01 d260 b900 tau=360,12,sage,-1,-1,SKIPPED(>=B8)
and01_nested_mignotte_d260_b900,9,9,nested_mignotte,260,t01 d260 b900 tau=360,12,pari,12,137313.0000,OK
and01_nested_mignotte_d260_b900,9,9,nested_mignotte,260,t01 d260 b900 tau=360,12,z3,-1,-1,SKIPPED(>=B8)
and01_nested_mignotte_d260_b900,9,9,nested_mignotte,260,t01 d260 b900 tau=360,12,cgal,12,54972.5000,OK
and01_nested_mignotte_d260_b900,9,9,nested_mignotte,260,t01 d260 b900 tau=360,12,libpoly,12,107834.0000,OK
and01_nested_mignotte_d260_b1280,10,10,nested_mignotte,260,t01 d260 b1280 tau=512,12,IsaRRI,12,2511.0500,OK
and01_nested_mignotte_d260_b1280,10,10,nested_mignotte,260,t01 d260 b1280 tau=512,12,msolve,12,20887.2000,OK
and01_nested_mignotte_d260_b1280,10,10,nested_mignotte,260,t01 d260 b1280 tau=512,12,anewdsc,12,442.7180,OK
and01_nested_mignotte_d260_b1280,10,10,nested_mignotte,260,t01 d260 b1280 tau=512,12,anewdsc_i0,12,470.8150,OK
and01_nested_mignotte_d260_b1280,10,10,nested_mignotte,260,t01 d260 b1280 tau=512,12,sage,-1,-1,SKIPPED(>=B8)
and01_nested_mignotte_d260_b1280,10,10,nested_mignotte,260,t01 d260 b1280 tau=512,12,pari,-1,180000.0000,TIMEOUT
and01_nested_mignotte_d260_b1280,10,10,nested_mignotte,260,t01 d260 b1280 tau=512,12,z3,-1,-1,SKIPPED(>=B8)
and01_nested_mignotte_d260_b1280,10,10,nested_mignotte,260,t01 d260 b1280 tau=512,12,cgal,12,107553.0000,OK
and01_nested_mignotte_d260_b1280,10,10,nested_mignotte,260,t01 d260 b1280 tau=512,12,libpoly,-1,180000.0000,TIMEOUT
and01_nested_mignotte_d260_b1800,11,11,nested_mignotte,260,t01 d260 b1800 tau=720,12,IsaRRI,12,4415.1300,OK
and01_nested_mignotte_d260_b1800,11,11,nested_mignotte,260,t01 d260 b1800 tau=720,12,msolve,12,40833.1000,OK
and01_nested_mignotte_d260_b1800,11,11,nested_mignotte,260,t01 d260 b1800 tau=720,12,anewdsc,12,519.5440,OK
and01_nested_mignotte_d260_b1800,11,11,nested_mignotte,260,t01 d260 b1800 tau=720,12,anewdsc_i0,12,563.5070,OK
and01_nested_mignotte_d260_b1800,11,11,nested_mignotte,260,t01 d260 b1800 tau=720,12,sage,-1,-1,SKIPPED(>=B8)
and01_nested_mignotte_d260_b1800,11,11,nested_mignotte,260,t01 d260 b1800 tau=720,12,pari,-1,-1,SKIPPED(>=B10)
and01_nested_mignotte_d260_b1800,11,11,nested_mignotte,260,t01 d260 b1800 tau=720,12,z3,-1,-1,SKIPPED(>=B8)
and01_nested_mignotte_d260_b1800,11,11,nested_mignotte,260,t01 d260 b1800 tau=720,12,cgal,-1,180000.0000,TIMEOUT
and01_nested_mignotte_d260_b1800,11,11,nested_mignotte,260,t01 d260 b1800 tau=720,12,libpoly,-1,-1,SKIPPED(>=B10)
and01_nested_mignotte_d260_b2560,12,12,nested_mignotte,260,t01 d260 b2560 tau=1024,12,IsaRRI,12,5285.5000,OK
and01_nested_mignotte_d260_b2560,12,12,nested_mignotte,260,t01 d260 b2560 tau=1024,12,msolve,12,81093.5000,OK
and01_nested_mignotte_d260_b2560,12,12,nested_mignotte,260,t01 d260 b2560 tau=1024,12,anewdsc,12,1063.0490,OK
and01_nested_mignotte_d260_b2560,12,12,nested_mignotte,260,t01 d260 b2560 tau=1024,12,anewdsc_i0,12,1229.0680,OK
and01_nested_mignotte_d260_b2560,12,12,nested_mignotte,260,t01 d260 b2560 tau=1024,12,sage,-1,-1,SKIPPED(>=B8)
and01_nested_mignotte_d260_b2560,12,12,nested_mignotte,260,t01 d260 b2560 tau=1024,12,pari,-1,-1,SKIPPED(>=B10)
and01_nested_mignotte_d260_b2560,12,12,nested_mignotte,260,t01 d260 b2560 tau=1024,12,z3,-1,-1,SKIPPED(>=B8)
and01_nested_mignotte_d260_b2560,12,12,nested_mignotte,260,t01 d260 b2560 tau=1024,12,cgal,-1,-1,SKIPPED(>=B11)
and01_nested_mignotte_d260_b2560,12,12,nested_mignotte,260,t01 d260 b2560 tau=1024,12,libpoly,-1,-1,SKIPPED(>=B10)
and01_nested_mignotte_d260_b3620,13,13,nested_mignotte,260,t01 d260 b3620 tau=1448,12,IsaRRI,12,12013.5000,OK
and01_nested_mignotte_d260_b3620,13,13,nested_mignotte,260,t01 d260 b3620 tau=1448,12,msolve,-1,180000.0000,TIMEOUT
and01_nested_mignotte_d260_b3620,13,13,nested_mignotte,260,t01 d260 b3620 tau=1448,12,anewdsc,12,1379.4400,OK
and01_nested_mignotte_d260_b3620,13,13,nested_mignotte,260,t01 d260 b3620 tau=1448,12,anewdsc_i0,12,1483.0810,OK
and01_nested_mignotte_d260_b3620,13,13,nested_mignotte,260,t01 d260 b3620 tau=1448,12,sage,-1,-1,SKIPPED(>=B8)
and01_nested_mignotte_d260_b3620,13,13,nested_mignotte,260,t01 d260 b3620 tau=1448,12,pari,-1,-1,SKIPPED(>=B10)
and01_nested_mignotte_d260_b3620,13,13,nested_mignotte,260,t01 d260 b3620 tau=1448,12,z3,-1,-1,SKIPPED(>=B8)
and01_nested_mignotte_d260_b3620,13,13,nested_mignotte,260,t01 d260 b3620 tau=1448,12,cgal,-1,-1,SKIPPED(>=B11)
and01_nested_mignotte_d260_b3620,13,13,nested_mignotte,260,t01 d260 b3620 tau=1448,12,libpoly,-1,-1,SKIPPED(>=B10)
and01_nested_mignotte_d260_b5120,14,14,nested_mignotte,260,t01 d260 b5120 tau=2048,12,IsaRRI,12,11660.5000,OK
and01_nested_mignotte_d260_b5120,14,14,nested_mignotte,260,t01 d260 b5120 tau=2048,12,msolve,-1,-1,SKIPPED(>=B13)
and01_nested_mignotte_d260_b5120,14,14,nested_mignotte,260,t01 d260 b5120 tau=2048,12,anewdsc,12,5214.6260,OK
and01_nested_mignotte_d260_b5120,14,14,nested_mignotte,260,t01 d260 b5120 tau=2048,12,anewdsc_i0,12,4968.2490,OK
and01_nested_mignotte_d260_b5120,14,14,nested_mignotte,260,t01 d260 b5120 tau=2048,12,sage,-1,-1,SKIPPED(>=B8)
and01_nested_mignotte_d260_b5120,14,14,nested_mignotte,260,t01 d260 b5120 tau=2048,12,pari,-1,-1,SKIPPED(>=B10)
and01_nested_mignotte_d260_b5120,14,14,nested_mignotte,260,t01 d260 b5120 tau=2048,12,z3,-1,-1,SKIPPED(>=B8)
and01_nested_mignotte_d260_b5120,14,14,nested_mignotte,260,t01 d260 b5120 tau=2048,12,cgal,-1,-1,SKIPPED(>=B11)
and01_nested_mignotte_d260_b5120,14,14,nested_mignotte,260,t01 d260 b5120 tau=2048,12,libpoly,-1,-1,SKIPPED(>=B10)
and01_nested_mignotte_d260_b7240,15,15,nested_mignotte,260,t01 d260 b7240 tau=2896,12,IsaRRI,12,16634.3000,OK
and01_nested_mignotte_d260_b7240,15,15,nested_mignotte,260,t01 d260 b7240 tau=2896,12,msolve,-1,-1,SKIPPED(>=B13)
and01_nested_mignotte_d260_b7240,15,15,nested_mignotte,260,t01 d260 b7240 tau=2896,12,anewdsc,12,3440.9460,OK
and01_nested_mignotte_d260_b7240,15,15,nested_mignotte,260,t01 d260 b7240 tau=2896,12,anewdsc_i0,12,4267.5090,OK
and01_nested_mignotte_d260_b7240,15,15,nested_mignotte,260,t01 d260 b7240 tau=2896,12,sage,-1,-1,SKIPPED(>=B8)
and01_nested_mignotte_d260_b7240,15,15,nested_mignotte,260,t01 d260 b7240 tau=2896,12,pari,-1,-1,SKIPPED(>=B10)
and01_nested_mignotte_d260_b7240,15,15,nested_mignotte,260,t01 d260 b7240 tau=2896,12,z3,-1,-1,SKIPPED(>=B8)
and01_nested_mignotte_d260_b7240,15,15,nested_mignotte,260,t01 d260 b7240 tau=2896,12,cgal,-1,-1,SKIPPED(>=B11)
and01_nested_mignotte_d260_b7240,15,15,nested_mignotte,260,t01 d260 b7240 tau=2896,12,libpoly,-1,-1,SKIPPED(>=B10)
and01_nested_mignotte_d260_b10240,16,16,nested_mignotte,260,t01 d260 b10240 tau=4096,12,IsaRRI,12,24867.1000,OK
and01_nested_mignotte_d260_b10240,16,16,nested_mignotte,260,t01 d260 b10240 tau=4096,12,msolve,-1,-1,SKIPPED(>=B13)
and01_nested_mignotte_d260_b10240,16,16,nested_mignotte,260,t01 d260 b10240 tau=4096,12,anewdsc,12,10010.6260,OK
and01_nested_mignotte_d260_b10240,16,16,nested_mignotte,260,t01 d260 b10240 tau=4096,12,anewdsc_i0,12,7513.6450,OK
and01_nested_mignotte_d260_b10240,16,16,nested_mignotte,260,t01 d260 b10240 tau=4096,12,sage,-1,-1,SKIPPED(>=B8)
and01_nested_mignotte_d260_b10240,16,16,nested_mignotte,260,t01 d260 b10240 tau=4096,12,pari,-1,-1,SKIPPED(>=B10)
and01_nested_mignotte_d260_b10240,16,16,nested_mignotte,260,t01 d260 b10240 tau=4096,12,z3,-1,-1,SKIPPED(>=B8)
and01_nested_mignotte_d260_b10240,16,16,nested_mignotte,260,t01 d260 b10240 tau=4096,12,cgal,-1,-1,SKIPPED(>=B11)
and01_nested_mignotte_d260_b10240,16,16,nested_mignotte,260,t01 d260 b10240 tau=4096,12,libpoly,-1,-1,SKIPPED(>=B10)
and01_nested_mignotte_d260_b14480,17,17,nested_mignotte,260,t01 d260 b14480 tau=5792,12,IsaRRI,12,33074.6000,OK
and01_nested_mignotte_d260_b14480,17,17,nested_mignotte,260,t01 d260 b14480 tau=5792,12,msolve,-1,-1,SKIPPED(>=B13)
and01_nested_mignotte_d260_b14480,17,17,nested_mignotte,260,t01 d260 b14480 tau=5792,12,anewdsc,12,8982.9430,OK
and01_nested_mignotte_d260_b14480,17,17,nested_mignotte,260,t01 d260 b14480 tau=5792,12,anewdsc_i0,12,9607.9310,OK
and01_nested_mignotte_d260_b14480,17,17,nested_mignotte,260,t01 d260 b14480 tau=5792,12,sage,-1,-1,SKIPPED(>=B8)
and01_nested_mignotte_d260_b14480,17,17,nested_mignotte,260,t01 d260 b14480 tau=5792,12,pari,-1,-1,SKIPPED(>=B10)
and01_nested_mignotte_d260_b14480,17,17,nested_mignotte,260,t01 d260 b14480 tau=5792,12,z3,-1,-1,SKIPPED(>=B8)
and01_nested_mignotte_d260_b14480,17,17,nested_mignotte,260,t01 d260 b14480 tau=5792,12,cgal,-1,-1,SKIPPED(>=B11)
and01_nested_mignotte_d260_b14480,17,17,nested_mignotte,260,t01 d260 b14480 tau=5792,12,libpoly,-1,-1,SKIPPED(>=B10)
and01_nested_mignotte_d260_b20480,18,18,nested_mignotte,260,t01 d260 b20480 tau=8192,12,IsaRRI,12,46092.6000,OK
and01_nested_mignotte_d260_b20480,18,18,nested_mignotte,260,t01 d260 b20480 tau=8192,12,msolve,-1,-1,SKIPPED(>=B13)
and01_nested_mignotte_d260_b20480,18,18,nested_mignotte,260,t01 d260 b20480 tau=8192,12,anewdsc,12,24698.0260,OK
and01_nested_mignotte_d260_b20480,18,18,nested_mignotte,260,t01 d260 b20480 tau=8192,12,anewdsc_i0,12,18490.9410,OK
and01_nested_mignotte_d260_b20480,18,18,nested_mignotte,260,t01 d260 b20480 tau=8192,12,sage,-1,-1,SKIPPED(>=B8)
and01_nested_mignotte_d260_b20480,18,18,nested_mignotte,260,t01 d260 b20480 tau=8192,12,pari,-1,-1,SKIPPED(>=B10)
and01_nested_mignotte_d260_b20480,18,18,nested_mignotte,260,t01 d260 b20480 tau=8192,12,z3,-1,-1,SKIPPED(>=B8)
and01_nested_mignotte_d260_b20480,18,18,nested_mignotte,260,t01 d260 b20480 tau=8192,12,cgal,-1,-1,SKIPPED(>=B11)
and01_nested_mignotte_d260_b20480,18,18,nested_mignotte,260,t01 d260 b20480 tau=8192,12,libpoly,-1,-1,SKIPPED(>=B10)
and01_nested_mignotte_d260_b28960,19,19,nested_mignotte,260,t01 d260 b28960 tau=11584,12,IsaRRI,12,74420.1000,OK
and01_nested_mignotte_d260_b28960,19,19,nested_mignotte,260,t01 d260 b28960 tau=11584,12,msolve,-1,-1,SKIPPED(>=B13)
and01_nested_mignotte_d260_b28960,19,19,nested_mignotte,260,t01 d260 b28960 tau=11584,12,anewdsc,12,23030.1030,OK
and01_nested_mignotte_d260_b28960,19,19,nested_mignotte,260,t01 d260 b28960 tau=11584,12,anewdsc_i0,12,25094.8060,OK
and01_nested_mignotte_d260_b28960,19,19,nested_mignotte,260,t01 d260 b28960 tau=11584,12,sage,-1,-1,SKIPPED(>=B8)
and01_nested_mignotte_d260_b28960,19,19,nested_mignotte,260,t01 d260 b28960 tau=11584,12,pari,-1,-1,SKIPPED(>=B10)
and01_nested_mignotte_d260_b28960,19,19,nested_mignotte,260,t01 d260 b28960 tau=11584,12,z3,-1,-1,SKIPPED(>=B8)
and01_nested_mignotte_d260_b28960,19,19,nested_mignotte,260,t01 d260 b28960 tau=11584,12,cgal,-1,-1,SKIPPED(>=B11)
and01_nested_mignotte_d260_b28960,19,19,nested_mignotte,260,t01 d260 b28960 tau=11584,12,libpoly,-1,-1,SKIPPED(>=B10)
and01_nested_mignotte_d260_b40960,20,20,nested_mignotte,260,t01 d260 b40960 tau=16384,12,IsaRRI,12,109245.0000,OK
and01_nested_mignotte_d260_b40960,20,20,nested_mignotte,260,t01 d260 b40960 tau=16384,12,msolve,-1,-1,SKIPPED(>=B13)
and01_nested_mignotte_d260_b40960,20,20,nested_mignotte,260,t01 d260 b40960 tau=16384,12,anewdsc,12,58070.1390,OK
and01_nested_mignotte_d260_b40960,20,20,nested_mignotte,260,t01 d260 b40960 tau=16384,12,anewdsc_i0,12,43744.5060,OK
and01_nested_mignotte_d260_b40960,20,20,nested_mignotte,260,t01 d260 b40960 tau=16384,12,sage,-1,-1,SKIPPED(>=B8)
and01_nested_mignotte_d260_b40960,20,20,nested_mignotte,260,t01 d260 b40960 tau=16384,12,pari,-1,-1,SKIPPED(>=B10)
and01_nested_mignotte_d260_b40960,20,20,nested_mignotte,260,t01 d260 b40960 tau=16384,12,z3,-1,-1,SKIPPED(>=B8)
and01_nested_mignotte_d260_b40960,20,20,nested_mignotte,260,t01 d260 b40960 tau=16384,12,cgal,-1,-1,SKIPPED(>=B11)
and01_nested_mignotte_d260_b40960,20,20,nested_mignotte,260,t01 d260 b40960 tau=16384,12,libpoly,-1,-1,SKIPPED(>=B10)
and01_nested_mignotte_d260_b57920,21,21,nested_mignotte,260,t01 d260 b57920 tau=23168,12,IsaRRI,-1,180000.0000,TIMEOUT
and01_nested_mignotte_d260_b57920,21,21,nested_mignotte,260,t01 d260 b57920 tau=23168,12,msolve,-1,-1,SKIPPED(>=B13)
and01_nested_mignotte_d260_b57920,21,21,nested_mignotte,260,t01 d260 b57920 tau=23168,12,anewdsc,12,59997.9360,OK
and01_nested_mignotte_d260_b57920,21,21,nested_mignotte,260,t01 d260 b57920 tau=23168,12,anewdsc_i0,12,64478.7260,OK
and01_nested_mignotte_d260_b57920,21,21,nested_mignotte,260,t01 d260 b57920 tau=23168,12,sage,-1,-1,SKIPPED(>=B8)
and01_nested_mignotte_d260_b57920,21,21,nested_mignotte,260,t01 d260 b57920 tau=23168,12,pari,-1,-1,SKIPPED(>=B10)
and01_nested_mignotte_d260_b57920,21,21,nested_mignotte,260,t01 d260 b57920 tau=23168,12,z3,-1,-1,SKIPPED(>=B8)
and01_nested_mignotte_d260_b57920,21,21,nested_mignotte,260,t01 d260 b57920 tau=23168,12,cgal,-1,-1,SKIPPED(>=B11)
and01_nested_mignotte_d260_b57920,21,21,nested_mignotte,260,t01 d260 b57920 tau=23168,12,libpoly,-1,-1,SKIPPED(>=B10)
and01_nested_mignotte_d260_b81920,22,22,nested_mignotte,260,t01 d260 b81920 tau=32768,12,IsaRRI,-1,-1,SKIPPED(>=B21)
and01_nested_mignotte_d260_b81920,22,22,nested_mignotte,260,t01 d260 b81920 tau=32768,12,msolve,-1,-1,SKIPPED(>=B13)
and01_nested_mignotte_d260_b81920,22,22,nested_mignotte,260,t01 d260 b81920 tau=32768,12,anewdsc,12,137700.1550,OK
and01_nested_mignotte_d260_b81920,22,22,nested_mignotte,260,t01 d260 b81920 tau=32768,12,anewdsc_i0,12,146323.8200,OK
and01_nested_mignotte_d260_b81920,22,22,nested_mignotte,260,t01 d260 b81920 tau=32768,12,sage,-1,-1,SKIPPED(>=B8)
and01_nested_mignotte_d260_b81920,22,22,nested_mignotte,260,t01 d260 b81920 tau=32768,12,pari,-1,-1,SKIPPED(>=B10)
and01_nested_mignotte_d260_b81920,22,22,nested_mignotte,260,t01 d260 b81920 tau=32768,12,z3,-1,-1,SKIPPED(>=B8)
and01_nested_mignotte_d260_b81920,22,22,nested_mignotte,260,t01 d260 b81920 tau=32768,12,cgal,-1,-1,SKIPPED(>=B11)
and01_nested_mignotte_d260_b81920,22,22,nested_mignotte,260,t01 d260 b81920 tau=32768,12,libpoly,-1,-1,SKIPPED(>=B10)
and02_nested_mignotte_d132_b140,23,1,nested_mignotte,132,t02 d132 b140 tau=56,12,IsaRRI,12,20.0964,OK
and02_nested_mignotte_d132_b140,23,1,nested_mignotte,132,t02 d132 b140 tau=56,12,msolve,12,34.3196,OK
and02_nested_mignotte_d132_b140,23,1,nested_mignotte,132,t02 d132 b140 tau=56,12,anewdsc,12,49.2530,OK
and02_nested_mignotte_d132_b140,23,1,nested_mignotte,132,t02 d132 b140 tau=56,12,anewdsc_i0,12,52.9690,OK
and02_nested_mignotte_d132_b140,23,1,nested_mignotte,132,t02 d132 b140 tau=56,12,sage,12,101.2250,OK
and02_nested_mignotte_d132_b140,23,1,nested_mignotte,132,t02 d132 b140 tau=56,12,pari,12,55.0831,OK
and02_nested_mignotte_d132_b140,23,1,nested_mignotte,132,t02 d132 b140 tau=56,12,z3,12,356.5770,OK
and02_nested_mignotte_d132_b140,23,1,nested_mignotte,132,t02 d132 b140 tau=56,12,cgal,12,186.7220,OK
and02_nested_mignotte_d132_b140,23,1,nested_mignotte,132,t02 d132 b140 tau=56,12,libpoly,12,330.8540,OK
and02_nested_mignotte_d180_b140,24,2,nested_mignotte,180,t02 d180 b140 tau=56,12,IsaRRI,12,53.8763,OK
and02_nested_mignotte_d180_b140,24,2,nested_mignotte,180,t02 d180 b140 tau=56,12,msolve,12,147.3870,OK
and02_nested_mignotte_d180_b140,24,2,nested_mignotte,180,t02 d180 b140 tau=56,12,anewdsc,12,45.8500,OK
and02_nested_mignotte_d180_b140,24,2,nested_mignotte,180,t02 d180 b140 tau=56,12,anewdsc_i0,12,48.1910,OK
and02_nested_mignotte_d180_b140,24,2,nested_mignotte,180,t02 d180 b140 tau=56,12,sage,12,131.5110,OK
and02_nested_mignotte_d180_b140,24,2,nested_mignotte,180,t02 d180 b140 tau=56,12,pari,12,201.7340,OK
and02_nested_mignotte_d180_b140,24,2,nested_mignotte,180,t02 d180 b140 tau=56,12,z3,12,1425.3700,OK
and02_nested_mignotte_d180_b140,24,2,nested_mignotte,180,t02 d180 b140 tau=56,12,cgal,12,529.1760,OK
and02_nested_mignotte_d180_b140,24,2,nested_mignotte,180,t02 d180 b140 tau=56,12,libpoly,12,851.7350,OK
and02_nested_mignotte_d260_b140,25,3,nested_mignotte,260,t02 d260 b140 tau=56,12,IsaRRI,12,249.8260,OK
and02_nested_mignotte_d260_b140,25,3,nested_mignotte,260,t02 d260 b140 tau=56,12,msolve,12,389.1070,OK
and02_nested_mignotte_d260_b140,25,3,nested_mignotte,260,t02 d260 b140 tau=56,12,anewdsc,12,87.1790,OK
and02_nested_mignotte_d260_b140,25,3,nested_mignotte,260,t02 d260 b140 tau=56,12,anewdsc_i0,12,169.4610,OK
and02_nested_mignotte_d260_b140,25,3,nested_mignotte,260,t02 d260 b140 tau=56,12,sage,12,171.6430,OK
and02_nested_mignotte_d260_b140,25,3,nested_mignotte,260,t02 d260 b140 tau=56,12,pari,12,2036.1800,OK
and02_nested_mignotte_d260_b140,25,3,nested_mignotte,260,t02 d260 b140 tau=56,12,z3,12,7559.4900,OK
and02_nested_mignotte_d260_b140,25,3,nested_mignotte,260,t02 d260 b140 tau=56,12,cgal,12,2158.7300,OK
and02_nested_mignotte_d260_b140,25,3,nested_mignotte,260,t02 d260 b140 tau=56,12,libpoly,12,2798.1000,OK
and02_nested_mignotte_d364_b140,26,4,nested_mignotte,364,t02 d364 b140 tau=56,12,IsaRRI,12,1103.9400,OK
and02_nested_mignotte_d364_b140,26,4,nested_mignotte,364,t02 d364 b140 tau=56,12,msolve,12,1525.8700,OK
and02_nested_mignotte_d364_b140,26,4,nested_mignotte,364,t02 d364 b140 tau=56,12,anewdsc,12,156.1830,OK
and02_nested_mignotte_d364_b140,26,4,nested_mignotte,364,t02 d364 b140 tau=56,12,anewdsc_i0,12,158.1480,OK
and02_nested_mignotte_d364_b140,26,4,nested_mignotte,364,t02 d364 b140 tau=56,12,sage,-1,-1,ERROR(RecursionError)
and02_nested_mignotte_d364_b140,26,4,nested_mignotte,364,t02 d364 b140 tau=56,12,pari,12,9903.8300,OK
and02_nested_mignotte_d364_b140,26,4,nested_mignotte,364,t02 d364 b140 tau=56,12,z3,12,36862.0000,OK
and02_nested_mignotte_d364_b140,26,4,nested_mignotte,364,t02 d364 b140 tau=56,12,cgal,12,8820.9200,OK
and02_nested_mignotte_d364_b140,26,4,nested_mignotte,364,t02 d364 b140 tau=56,12,libpoly,12,8360.7500,OK
and02_nested_mignotte_d516_b140,27,5,nested_mignotte,516,t02 d516 b140 tau=56,12,IsaRRI,12,4034.4000,OK
and02_nested_mignotte_d516_b140,27,5,nested_mignotte,516,t02 d516 b140 tau=56,12,msolve,12,8658.2200,OK
and02_nested_mignotte_d516_b140,27,5,nested_mignotte,516,t02 d516 b140 tau=56,12,anewdsc,12,311.2300,OK
and02_nested_mignotte_d516_b140,27,5,nested_mignotte,516,t02 d516 b140 tau=56,12,anewdsc_i0,12,303.9840,OK
and02_nested_mignotte_d516_b140,27,5,nested_mignotte,516,t02 d516 b140 tau=56,12,sage,-1,-1,SKIPPED(>=B4)
and02_nested_mignotte_d516_b140,27,5,nested_mignotte,516,t02 d516 b140 tau=56,12,pari,12,62937.0000,OK
and02_nested_mignotte_d516_b140,27,5,nested_mignotte,516,t02 d516 b140 tau=56,12,z3,-1,180000.0000,TIMEOUT
and02_nested_mignotte_d516_b140,27,5,nested_mignotte,516,t02 d516 b140 tau=56,12,cgal,12,42529.4000,OK
and02_nested_mignotte_d516_b140,27,5,nested_mignotte,516,t02 d516 b140 tau=56,12,libpoly,12,26209.0000,OK
and02_nested_mignotte_d724_b140,28,6,nested_mignotte,724,t02 d724 b140 tau=56,12,IsaRRI,12,17564.7000,OK
and02_nested_mignotte_d724_b140,28,6,nested_mignotte,724,t02 d724 b140 tau=56,12,msolve,12,34870.8000,OK
and02_nested_mignotte_d724_b140,28,6,nested_mignotte,724,t02 d724 b140 tau=56,12,anewdsc,12,571.3330,OK
and02_nested_mignotte_d724_b140,28,6,nested_mignotte,724,t02 d724 b140 tau=56,12,anewdsc_i0,12,596.7850,OK
and02_nested_mignotte_d724_b140,28,6,nested_mignotte,724,t02 d724 b140 tau=56,12,sage,-1,-1,SKIPPED(>=B4)
and02_nested_mignotte_d724_b140,28,6,nested_mignotte,724,t02 d724 b140 tau=56,12,pari,-1,180000.0000,TIMEOUT
and02_nested_mignotte_d724_b140,28,6,nested_mignotte,724,t02 d724 b140 tau=56,12,z3,-1,-1,SKIPPED(>=B5)
and02_nested_mignotte_d724_b140,28,6,nested_mignotte,724,t02 d724 b140 tau=56,12,cgal,-1,180000.0000,TIMEOUT
and02_nested_mignotte_d724_b140,28,6,nested_mignotte,724,t02 d724 b140 tau=56,12,libpoly,12,74740.6000,OK
and02_nested_mignotte_d1028_b140,29,7,nested_mignotte,1028,t02 d1028 b140 tau=56,12,IsaRRI,12,64478.3000,OK
and02_nested_mignotte_d1028_b140,29,7,nested_mignotte,1028,t02 d1028 b140 tau=56,12,msolve,-1,180000.0000,TIMEOUT
and02_nested_mignotte_d1028_b140,29,7,nested_mignotte,1028,t02 d1028 b140 tau=56,12,anewdsc,12,1190.9820,OK
and02_nested_mignotte_d1028_b140,29,7,nested_mignotte,1028,t02 d1028 b140 tau=56,12,anewdsc_i0,12,3557.6410,OK
and02_nested_mignotte_d1028_b140,29,7,nested_mignotte,1028,t02 d1028 b140 tau=56,12,sage,-1,-1,SKIPPED(>=B4)
and02_nested_mignotte_d1028_b140,29,7,nested_mignotte,1028,t02 d1028 b140 tau=56,12,pari,-1,-1,SKIPPED(>=B6)
and02_nested_mignotte_d1028_b140,29,7,nested_mignotte,1028,t02 d1028 b140 tau=56,12,z3,-1,-1,SKIPPED(>=B5)
and02_nested_mignotte_d1028_b140,29,7,nested_mignotte,1028,t02 d1028 b140 tau=56,12,cgal,-1,-1,SKIPPED(>=B6)
and02_nested_mignotte_d1028_b140,29,7,nested_mignotte,1028,t02 d1028 b140 tau=56,12,libpoly,-1,180000.0000,TIMEOUT
and02_nested_mignotte_d1452_b140,30,8,nested_mignotte,1452,t02 d1452 b140 tau=56,12,IsaRRI,-1,180000.0000,TIMEOUT
and02_nested_mignotte_d1452_b140,30,8,nested_mignotte,1452,t02 d1452 b140 tau=56,12,msolve,-1,-1,SKIPPED(>=B7)
and02_nested_mignotte_d1452_b140,30,8,nested_mignotte,1452,t02 d1452 b140 tau=56,12,anewdsc,12,2266.0010,OK
and02_nested_mignotte_d1452_b140,30,8,nested_mignotte,1452,t02 d1452 b140 tau=56,12,anewdsc_i0,12,2374.6880,OK
and02_nested_mignotte_d1452_b140,30,8,nested_mignotte,1452,t02 d1452 b140 tau=56,12,sage,-1,-1,SKIPPED(>=B4)
and02_nested_mignotte_d1452_b140,30,8,nested_mignotte,1452,t02 d1452 b140 tau=56,12,pari,-1,-1,SKIPPED(>=B6)
and02_nested_mignotte_d1452_b140,30,8,nested_mignotte,1452,t02 d1452 b140 tau=56,12,z3,-1,-1,SKIPPED(>=B5)
and02_nested_mignotte_d1452_b140,30,8,nested_mignotte,1452,t02 d1452 b140 tau=56,12,cgal,-1,-1,SKIPPED(>=B6)
and02_nested_mignotte_d1452_b140,30,8,nested_mignotte,1452,t02 d1452 b140 tau=56,12,libpoly,-1,-1,SKIPPED(>=B7)
and02_nested_mignotte_d2052_b140,31,9,nested_mignotte,2052,t02 d2052 b140 tau=56,12,IsaRRI,-1,-1,SKIPPED(>=B8)
and02_nested_mignotte_d2052_b140,31,9,nested_mignotte,2052,t02 d2052 b140 tau=56,12,msolve,-1,-1,SKIPPED(>=B7)
and02_nested_mignotte_d2052_b140,31,9,nested_mignotte,2052,t02 d2052 b140 tau=56,12,anewdsc,12,5404.8610,OK
and02_nested_mignotte_d2052_b140,31,9,nested_mignotte,2052,t02 d2052 b140 tau=56,12,anewdsc_i0,12,5811.8720,OK
and02_nested_mignotte_d2052_b140,31,9,nested_mignotte,2052,t02 d2052 b140 tau=56,12,sage,-1,-1,SKIPPED(>=B4)
and02_nested_mignotte_d2052_b140,31,9,nested_mignotte,2052,t02 d2052 b140 tau=56,12,pari,-1,-1,SKIPPED(>=B6)
and02_nested_mignotte_d2052_b140,31,9,nested_mignotte,2052,t02 d2052 b140 tau=56,12,z3,-1,-1,SKIPPED(>=B5)
and02_nested_mignotte_d2052_b140,31,9,nested_mignotte,2052,t02 d2052 b140 tau=56,12,cgal,-1,-1,SKIPPED(>=B6)
and02_nested_mignotte_d2052_b140,31,9,nested_mignotte,2052,t02 d2052 b140 tau=56,12,libpoly,-1,-1,SKIPPED(>=B7)
and02_nested_mignotte_d2900_b140,32,10,nested_mignotte,2900,t02 d2900 b140 tau=56,12,IsaRRI,-1,-1,SKIPPED(>=B8)
and02_nested_mignotte_d2900_b140,32,10,nested_mignotte,2900,t02 d2900 b140 tau=56,12,msolve,-1,-1,SKIPPED(>=B7)
and02_nested_mignotte_d2900_b140,32,10,nested_mignotte,2900,t02 d2900 b140 tau=56,12,anewdsc,12,9790.7830,OK
and02_nested_mignotte_d2900_b140,32,10,nested_mignotte,2900,t02 d2900 b140 tau=56,12,anewdsc_i0,12,9959.2980,OK
and02_nested_mignotte_d2900_b140,32,10,nested_mignotte,2900,t02 d2900 b140 tau=56,12,sage,-1,-1,SKIPPED(>=B4)
and02_nested_mignotte_d2900_b140,32,10,nested_mignotte,2900,t02 d2900 b140 tau=56,12,pari,-1,-1,SKIPPED(>=B6)
and02_nested_mignotte_d2900_b140,32,10,nested_mignotte,2900,t02 d2900 b140 tau=56,12,z3,-1,-1,SKIPPED(>=B5)
and02_nested_mignotte_d2900_b140,32,10,nested_mignotte,2900,t02 d2900 b140 tau=56,12,cgal,-1,-1,SKIPPED(>=B6)
and02_nested_mignotte_d2900_b140,32,10,nested_mignotte,2900,t02 d2900 b140 tau=56,12,libpoly,-1,-1,SKIPPED(>=B7)
and02_nested_mignotte_d4100_b140,33,11,nested_mignotte,4100,t02 d4100 b140 tau=56,12,IsaRRI,-1,-1,SKIPPED(>=B8)
and02_nested_mignotte_d4100_b140,33,11,nested_mignotte,4100,t02 d4100 b140 tau=56,12,msolve,-1,-1,SKIPPED(>=B7)
and02_nested_mignotte_d4100_b140,33,11,nested_mignotte,4100,t02 d4100 b140 tau=56,12,anewdsc,12,32267.5440,OK
and02_nested_mignotte_d4100_b140,33,11,nested_mignotte,4100,t02 d4100 b140 tau=56,12,anewdsc_i0,12,43497.9380,OK
and02_nested_mignotte_d4100_b140,33,11,nested_mignotte,4100,t02 d4100 b140 tau=56,12,sage,-1,-1,SKIPPED(>=B4)
and02_nested_mignotte_d4100_b140,33,11,nested_mignotte,4100,t02 d4100 b140 tau=56,12,pari,-1,-1,SKIPPED(>=B6)
and02_nested_mignotte_d4100_b140,33,11,nested_mignotte,4100,t02 d4100 b140 tau=56,12,z3,-1,-1,SKIPPED(>=B5)
and02_nested_mignotte_d4100_b140,33,11,nested_mignotte,4100,t02 d4100 b140 tau=56,12,cgal,-1,-1,SKIPPED(>=B6)
and02_nested_mignotte_d4100_b140,33,11,nested_mignotte,4100,t02 d4100 b140 tau=56,12,libpoly,-1,-1,SKIPPED(>=B7)
and02_nested_mignotte_d5796_b140,34,12,nested_mignotte,5796,t02 d5796 b140 tau=56,12,IsaRRI,-1,-1,SKIPPED(>=B8)
and02_nested_mignotte_d5796_b140,34,12,nested_mignotte,5796,t02 d5796 b140 tau=56,12,msolve,-1,-1,SKIPPED(>=B7)
and02_nested_mignotte_d5796_b140,34,12,nested_mignotte,5796,t02 d5796 b140 tau=56,12,anewdsc,12,82321.6100,OK
and02_nested_mignotte_d5796_b140,34,12,nested_mignotte,5796,t02 d5796 b140 tau=56,12,anewdsc_i0,12,79950.7870,OK
and02_nested_mignotte_d5796_b140,34,12,nested_mignotte,5796,t02 d5796 b140 tau=56,12,sage,-1,-1,SKIPPED(>=B4)
and02_nested_mignotte_d5796_b140,34,12,nested_mignotte,5796,t02 d5796 b140 tau=56,12,pari,-1,-1,SKIPPED(>=B6)
and02_nested_mignotte_d5796_b140,34,12,nested_mignotte,5796,t02 d5796 b140 tau=56,12,z3,-1,-1,SKIPPED(>=B5)
and02_nested_mignotte_d5796_b140,34,12,nested_mignotte,5796,t02 d5796 b140 tau=56,12,cgal,-1,-1,SKIPPED(>=B6)
and02_nested_mignotte_d5796_b140,34,12,nested_mignotte,5796,t02 d5796 b140 tau=56,12,libpoly,-1,-1,SKIPPED(>=B7)
and02_nested_mignotte_d8196_b140,35,13,nested_mignotte,8196,t02 d8196 b140 tau=56,12,IsaRRI,-1,-1,SKIPPED(>=B8)
and02_nested_mignotte_d8196_b140,35,13,nested_mignotte,8196,t02 d8196 b140 tau=56,12,msolve,-1,-1,SKIPPED(>=B7)
and02_nested_mignotte_d8196_b140,35,13,nested_mignotte,8196,t02 d8196 b140 tau=56,12,anewdsc,12,155993.4150,OK
and02_nested_mignotte_d8196_b140,35,13,nested_mignotte,8196,t02 d8196 b140 tau=56,12,anewdsc_i0,12,173942.9780,OK
and02_nested_mignotte_d8196_b140,35,13,nested_mignotte,8196,t02 d8196 b140 tau=56,12,sage,-1,-1,SKIPPED(>=B4)
and02_nested_mignotte_d8196_b140,35,13,nested_mignotte,8196,t02 d8196 b140 tau=56,12,pari,-1,-1,SKIPPED(>=B6)
and02_nested_mignotte_d8196_b140,35,13,nested_mignotte,8196,t02 d8196 b140 tau=56,12,z3,-1,-1,SKIPPED(>=B5)
and02_nested_mignotte_d8196_b140,35,13,nested_mignotte,8196,t02 d8196 b140 tau=56,12,cgal,-1,-1,SKIPPED(>=B6)
and02_nested_mignotte_d8196_b140,35,13,nested_mignotte,8196,t02 d8196 b140 tau=56,12,libpoly,-1,-1,SKIPPED(>=B7)
and02_nested_mignotte_d11588_b140,36,14,nested_mignotte,11588,t02 d11588 b140 tau=56,12,IsaRRI,-1,-1,SKIPPED(>=B8)
and02_nested_mignotte_d11588_b140,36,14,nested_mignotte,11588,t02 d11588 b140 tau=56,12,msolve,-1,-1,SKIPPED(>=B7)
and02_nested_mignotte_d11588_b140,36,14,nested_mignotte,11588,t02 d11588 b140 tau=56,12,anewdsc,-1,180000.0000,TIMEOUT
and02_nested_mignotte_d11588_b140,36,14,nested_mignotte,11588,t02 d11588 b140 tau=56,12,anewdsc_i0,-1,180000.0000,TIMEOUT
and02_nested_mignotte_d11588_b140,36,14,nested_mignotte,11588,t02 d11588 b140 tau=56,12,sage,-1,-1,SKIPPED(>=B4)
and02_nested_mignotte_d11588_b140,36,14,nested_mignotte,11588,t02 d11588 b140 tau=56,12,pari,-1,-1,SKIPPED(>=B6)
and02_nested_mignotte_d11588_b140,36,14,nested_mignotte,11588,t02 d11588 b140 tau=56,12,z3,-1,-1,SKIPPED(>=B5)
and02_nested_mignotte_d11588_b140,36,14,nested_mignotte,11588,t02 d11588 b140 tau=56,12,cgal,-1,-1,SKIPPED(>=B6)
and02_nested_mignotte_d11588_b140,36,14,nested_mignotte,11588,t02 d11588 b140 tau=56,12,libpoly,-1,-1,SKIPPED(>=B7)
and15_random_dense_d128_b1024,227,1,random_dense,128,t15 d128 b1024,6,IsaRRI,6,1.8659,OK
and15_random_dense_d128_b1024,227,1,random_dense,128,t15 d128 b1024,6,msolve,6,1.7699,OK
and15_random_dense_d128_b1024,227,1,random_dense,128,t15 d128 b1024,6,anewdsc,6,4.8780,OK
and15_random_dense_d128_b1024,227,1,random_dense,128,t15 d128 b1024,6,anewdsc_i0,6,8.6550,OK
and15_random_dense_d128_b1024,227,1,random_dense,128,t15 d128 b1024,6,sage,6,63.8870,OK
and15_random_dense_d128_b1024,227,1,random_dense,128,t15 d128 b1024,6,pari,6,2.5228,OK
and15_random_dense_d128_b1024,227,1,random_dense,128,t15 d128 b1024,6,z3,6,13.1137,OK
and15_random_dense_d128_b1024,227,1,random_dense,128,t15 d128 b1024,6,cgal,6,17.5180,OK
and15_random_dense_d128_b1024,227,1,random_dense,128,t15 d128 b1024,6,libpoly,6,10964.5000,OK
and15_random_dense_d181_b1024,228,2,random_dense,181,t15 d181 b1024,1,IsaRRI,1,1.5300,OK
and15_random_dense_d181_b1024,228,2,random_dense,181,t15 d181 b1024,1,msolve,1,1.8116,OK
and15_random_dense_d181_b1024,228,2,random_dense,181,t15 d181 b1024,1,anewdsc,1,4.3410,OK
and15_random_dense_d181_b1024,228,2,random_dense,181,t15 d181 b1024,1,anewdsc_i0,1,8.2640,OK
and15_random_dense_d181_b1024,228,2,random_dense,181,t15 d181 b1024,1,sage,1,79.9880,OK
and15_random_dense_d181_b1024,228,2,random_dense,181,t15 d181 b1024,1,pari,1,4.3258,OK
and15_random_dense_d181_b1024,228,2,random_dense,181,t15 d181 b1024,1,z3,1,9.1783,OK
and15_random_dense_d181_b1024,228,2,random_dense,181,t15 d181 b1024,1,cgal,1,13.6004,OK
and15_random_dense_d181_b1024,228,2,random_dense,181,t15 d181 b1024,1,libpoly,1,31744.0000,OK
and15_random_dense_d256_b1024,229,3,random_dense,256,t15 d256 b1024,4,IsaRRI,4,2.7736,OK
and15_random_dense_d256_b1024,229,3,random_dense,256,t15 d256 b1024,4,msolve,4,2.4072,OK
and15_random_dense_d256_b1024,229,3,random_dense,256,t15 d256 b1024,4,anewdsc,4,9.1910,OK
and15_random_dense_d256_b1024,229,3,random_dense,256,t15 d256 b1024,4,anewdsc_i0,4,13.8330,OK
and15_random_dense_d256_b1024,229,3,random_dense,256,t15 d256 b1024,4,sage,4,98.1900,OK
and15_random_dense_d256_b1024,229,3,random_dense,256,t15 d256 b1024,4,pari,4,7.8240,OK
and15_random_dense_d256_b1024,229,3,random_dense,256,t15 d256 b1024,4,z3,4,16.3218,OK
and15_random_dense_d256_b1024,229,3,random_dense,256,t15 d256 b1024,4,cgal,4,23.0719,OK
and15_random_dense_d256_b1024,229,3,random_dense,256,t15 d256 b1024,4,libpoly,4,93414.2000,OK
and15_random_dense_d362_b1024,230,4,random_dense,362,t15 d362 b1024,6,IsaRRI,6,11.0115,OK
and15_random_dense_d362_b1024,230,4,random_dense,362,t15 d362 b1024,6,msolve,6,12.5597,OK
and15_random_dense_d362_b1024,230,4,random_dense,362,t15 d362 b1024,6,anewdsc,6,24.9050,OK
and15_random_dense_d362_b1024,230,4,random_dense,362,t15 d362 b1024,6,anewdsc_i0,6,46.8080,OK
and15_random_dense_d362_b1024,230,4,random_dense,362,t15 d362 b1024,6,sage,6,127.2870,OK
and15_random_dense_d362_b1024,230,4,random_dense,362,t15 d362 b1024,6,pari,6,26.5764,OK
and15_random_dense_d362_b1024,230,4,random_dense,362,t15 d362 b1024,6,z3,6,95.6540,OK
and15_random_dense_d362_b1024,230,4,random_dense,362,t15 d362 b1024,6,cgal,6,106.0950,OK
and15_random_dense_d362_b1024,230,4,random_dense,362,t15 d362 b1024,6,libpoly,-1,180000.0000,TIMEOUT
and15_random_dense_d512_b1024,231,5,random_dense,512,t15 d512 b1024,6,IsaRRI,6,19.3741,OK
and15_random_dense_d512_b1024,231,5,random_dense,512,t15 d512 b1024,6,msolve,6,19.5127,OK
and15_random_dense_d512_b1024,231,5,random_dense,512,t15 d512 b1024,6,anewdsc,6,31.3340,OK
and15_random_dense_d512_b1024,231,5,random_dense,512,t15 d512 b1024,6,anewdsc_i0,6,69.0320,OK
and15_random_dense_d512_b1024,231,5,random_dense,512,t15 d512 b1024,6,sage,6,195.3680,OK
and15_random_dense_d512_b1024,231,5,random_dense,512,t15 d512 b1024,6,pari,6,41.1010,OK
and15_random_dense_d512_b1024,231,5,random_dense,512,t15 d512 b1024,6,z3,6,157.4870,OK
and15_random_dense_d512_b1024,231,5,random_dense,512,t15 d512 b1024,6,cgal,6,204.2030,OK
and15_random_dense_d512_b1024,231,5,random_dense,512,t15 d512 b1024,6,libpoly,-1,-1,SKIPPED(>=B4)
and15_random_dense_d724_b1024,232,6,random_dense,724,t15 d724 b1024,4,IsaRRI,4,61.5317,OK
and15_random_dense_d724_b1024,232,6,random_dense,724,t15 d724 b1024,4,msolve,4,46.8382,OK
and15_random_dense_d724_b1024,232,6,random_dense,724,t15 d724 b1024,4,anewdsc,4,88.1460,OK
and15_random_dense_d724_b1024,232,6,random_dense,724,t15 d724 b1024,4,anewdsc_i0,4,149.3310,OK
and15_random_dense_d724_b1024,232,6,random_dense,724,t15 d724 b1024,4,sage,4,236.3340,OK
and15_random_dense_d724_b1024,232,6,random_dense,724,t15 d724 b1024,4,pari,4,78.9457,OK
and15_random_dense_d724_b1024,232,6,random_dense,724,t15 d724 b1024,4,z3,4,461.5990,OK
and15_random_dense_d724_b1024,232,6,random_dense,724,t15 d724 b1024,4,cgal,4,387.7930,OK
and15_random_dense_d724_b1024,232,6,random_dense,724,t15 d724 b1024,4,libpoly,-1,-1,SKIPPED(>=B4)
and15_random_dense_d1024_b1024,233,7,random_dense,1024,t15 d1024 b1024,4,IsaRRI,4,156.0810,OK
and15_random_dense_d1024_b1024,233,7,random_dense,1024,t15 d1024 b1024,4,msolve,4,61.0944,OK
and15_random_dense_d1024_b1024,233,7,random_dense,1024,t15 d1024 b1024,4,anewdsc,4,245.3920,OK
and15_random_dense_d1024_b1024,233,7,random_dense,1024,t15 d1024 b1024,4,anewdsc_i0,4,310.9340,OK
and15_random_dense_d1024_b1024,233,7,random_dense,1024,t15 d1024 b1024,4,sage,4,499.5210,OK
and15_random_dense_d1024_b1024,233,7,random_dense,1024,t15 d1024 b1024,4,pari,4,195.0040,OK
and15_random_dense_d1024_b1024,233,7,random_dense,1024,t15 d1024 b1024,4,z3,4,1039.9700,OK
and15_random_dense_d1024_b1024,233,7,random_dense,1024,t15 d1024 b1024,4,cgal,4,760.7350,OK
and15_random_dense_d1024_b1024,233,7,random_dense,1024,t15 d1024 b1024,4,libpoly,-1,-1,SKIPPED(>=B4)
and15_random_dense_d1448_b1024,234,8,random_dense,1448,t15 d1448 b1024,4,IsaRRI,4,191.2720,OK
and15_random_dense_d1448_b1024,234,8,random_dense,1448,t15 d1448 b1024,4,msolve,4,96.2460,OK
and15_random_dense_d1448_b1024,234,8,random_dense,1448,t15 d1448 b1024,4,anewdsc,4,125.3890,OK
and15_random_dense_d1448_b1024,234,8,random_dense,1448,t15 d1448 b1024,4,anewdsc_i0,4,367.2770,OK
and15_random_dense_d1448_b1024,234,8,random_dense,1448,t15 d1448 b1024,4,sage,4,1048.3730,OK
and15_random_dense_d1448_b1024,234,8,random_dense,1448,t15 d1448 b1024,4,pari,4,77.2558,OK
and15_random_dense_d1448_b1024,234,8,random_dense,1448,t15 d1448 b1024,4,z3,4,832.3420,OK
and15_random_dense_d1448_b1024,234,8,random_dense,1448,t15 d1448 b1024,4,cgal,4,734.7270,OK
and15_random_dense_d1448_b1024,234,8,random_dense,1448,t15 d1448 b1024,4,libpoly,-1,-1,SKIPPED(>=B4)
and15_random_dense_d2048_b1024,235,9,random_dense,2048,t15 d2048 b1024,6,IsaRRI,6,1643.0200,OK
and15_random_dense_d2048_b1024,235,9,random_dense,2048,t15 d2048 b1024,6,msolve,6,784.5010,OK
and15_random_dense_d2048_b1024,235,9,random_dense,2048,t15 d2048 b1024,6,anewdsc,6,1758.5680,OK
and15_random_dense_d2048_b1024,235,9,random_dense,2048,t15 d2048 b1024,6,anewdsc_i0,6,1941.2710,OK
and15_random_dense_d2048_b1024,235,9,random_dense,2048,t15 d2048 b1024,6,sage,6,3363.6120,OK
and15_random_dense_d2048_b1024,235,9,random_dense,2048,t15 d2048 b1024,6,pari,6,2755.1200,OK
and15_random_dense_d2048_b1024,235,9,random_dense,2048,t15 d2048 b1024,6,z3,6,14305.0000,OK
and15_random_dense_d2048_b1024,235,9,random_dense,2048,t15 d2048 b1024,6,cgal,6,10032.8000,OK
and15_random_dense_d2048_b1024,235,9,random_dense,2048,t15 d2048 b1024,6,libpoly,-1,-1,SKIPPED(>=B4)
and15_random_dense_d2896_b1024,236,10,random_dense,2896,t15 d2896 b1024,6,IsaRRI,6,4088.4600,OK
and15_random_dense_d2896_b1024,236,10,random_dense,2896,t15 d2896 b1024,6,msolve,6,939.4890,OK
and15_random_dense_d2896_b1024,236,10,random_dense,2896,t15 d2896 b1024,6,anewdsc,6,3215.0960,OK
and15_random_dense_d2896_b1024,236,10,random_dense,2896,t15 d2896 b1024,6,anewdsc_i0,6,3447.6620,OK
and15_random_dense_d2896_b1024,236,10,random_dense,2896,t15 d2896 b1024,6,sage,6,5149.7600,OK
and15_random_dense_d2896_b1024,236,10,random_dense,2896,t15 d2896 b1024,6,pari,6,4290.3900,OK
and15_random_dense_d2896_b1024,236,10,random_dense,2896,t15 d2896 b1024,6,z3,6,27509.8000,OK
and15_random_dense_d2896_b1024,236,10,random_dense,2896,t15 d2896 b1024,6,cgal,6,15132.8000,OK
and15_random_dense_d2896_b1024,236,10,random_dense,2896,t15 d2896 b1024,6,libpoly,-1,-1,SKIPPED(>=B4)
and15_random_dense_d4096_b1024,237,11,random_dense,4096,t15 d4096 b1024,4,IsaRRI,4,3767.7300,OK
and15_random_dense_d4096_b1024,237,11,random_dense,4096,t15 d4096 b1024,4,msolve,4,782.2810,OK
and15_random_dense_d4096_b1024,237,11,random_dense,4096,t15 d4096 b1024,4,anewdsc,4,1251.1040,OK
and15_random_dense_d4096_b1024,237,11,random_dense,4096,t15 d4096 b1024,4,anewdsc_i0,4,3286.5120,OK
and15_random_dense_d4096_b1024,237,11,random_dense,4096,t15 d4096 b1024,4,sage,4,9776.2750,OK
and15_random_dense_d4096_b1024,237,11,random_dense,4096,t15 d4096 b1024,4,pari,4,872.6810,OK
and15_random_dense_d4096_b1024,237,11,random_dense,4096,t15 d4096 b1024,4,z3,4,11348.3000,OK
and15_random_dense_d4096_b1024,237,11,random_dense,4096,t15 d4096 b1024,4,cgal,4,8108.4800,OK
and15_random_dense_d4096_b1024,237,11,random_dense,4096,t15 d4096 b1024,4,libpoly,-1,-1,SKIPPED(>=B4)
and15_random_dense_d5792_b1024,238,12,random_dense,5792,t15 d5792 b1024,4,IsaRRI,4,14275.4000,OK
and15_random_dense_d5792_b1024,238,12,random_dense,5792,t15 d5792 b1024,4,msolve,4,1897.8300,OK
and15_random_dense_d5792_b1024,238,12,random_dense,5792,t15 d5792 b1024,4,anewdsc,4,1931.0280,OK
and15_random_dense_d5792_b1024,238,12,random_dense,5792,t15 d5792 b1024,4,anewdsc_i0,4,5805.9260,OK
and15_random_dense_d5792_b1024,238,12,random_dense,5792,t15 d5792 b1024,4,sage,4,28791.7470,OK
and15_random_dense_d5792_b1024,238,12,random_dense,5792,t15 d5792 b1024,4,pari,4,2472.0700,OK
and15_random_dense_d5792_b1024,238,12,random_dense,5792,t15 d5792 b1024,4,z3,4,50537.5000,OK
and15_random_dense_d5792_b1024,238,12,random_dense,5792,t15 d5792 b1024,4,cgal,4,37784.2000,OK
and15_random_dense_d5792_b1024,238,12,random_dense,5792,t15 d5792 b1024,4,libpoly,-1,-1,SKIPPED(>=B4)
and15_random_dense_d8192_b1024,239,13,random_dense,8192,t15 d8192 b1024,4,IsaRRI,4,78446.9000,OK
and15_random_dense_d8192_b1024,239,13,random_dense,8192,t15 d8192 b1024,4,msolve,4,6005.1900,OK
and15_random_dense_d8192_b1024,239,13,random_dense,8192,t15 d8192 b1024,4,anewdsc,4,26571.4440,OK
and15_random_dense_d8192_b1024,239,13,random_dense,8192,t15 d8192 b1024,4,anewdsc_i0,4,21109.7040,OK
and15_random_dense_d8192_b1024,239,13,random_dense,8192,t15 d8192 b1024,4,sage,4,57134.4040,OK
and15_random_dense_d8192_b1024,239,13,random_dense,8192,t15 d8192 b1024,4,pari,4,77756.1000,OK
and15_random_dense_d8192_b1024,239,13,random_dense,8192,t15 d8192 b1024,4,z3,-1,180000.0000,TIMEOUT
and15_random_dense_d8192_b1024,239,13,random_dense,8192,t15 d8192 b1024,4,cgal,-1,180000.0000,TIMEOUT
and15_random_dense_d8192_b1024,239,13,random_dense,8192,t15 d8192 b1024,4,libpoly,-1,-1,SKIPPED(>=B4)
and15_random_dense_d11585_b1024,240,14,random_dense,11585,t15 d11585 b1024,7,IsaRRI,-1,180000.0000,TIMEOUT
and15_random_dense_d11585_b1024,240,14,random_dense,11585,t15 d11585 b1024,7,msolve,7,21623.5000,OK
and15_random_dense_d11585_b1024,240,14,random_dense,11585,t15 d11585 b1024,7,anewdsc,7,112244.0470,OK
and15_random_dense_d11585_b1024,240,14,random_dense,11585,t15 d11585 b1024,7,anewdsc_i0,7,64125.7370,OK
and15_random_dense_d11585_b1024,240,14,random_dense,11585,t15 d11585 b1024,7,sage,-1,180000.0000,TIMEOUT
and15_random_dense_d11585_b1024,240,14,random_dense,11585,t15 d11585 b1024,7,pari,-1,180000.0000,TIMEOUT
and15_random_dense_d11585_b1024,240,14,random_dense,11585,t15 d11585 b1024,7,z3,-1,-1,SKIPPED(>=B13)
and15_random_dense_d11585_b1024,240,14,random_dense,11585,t15 d11585 b1024,7,cgal,-1,-1,SKIPPED(>=B13)
and15_random_dense_d11585_b1024,240,14,random_dense,11585,t15 d11585 b1024,7,libpoly,-1,-1,SKIPPED(>=B4)
and15_random_dense_d16384_b1024,241,15,random_dense,16384,t15 d16384 b1024,6,IsaRRI,-1,-1,SKIPPED(>=B14)
and15_random_dense_d16384_b1024,241,15,random_dense,16384,t15 d16384 b1024,6,msolve,6,69019.0000,OK
and15_random_dense_d16384_b1024,241,15,random_dense,16384,t15 d16384 b1024,6,anewdsc,6,78132.4480,OK
and15_random_dense_d16384_b1024,241,15,random_dense,16384,t15 d16384 b1024,6,anewdsc_i0,6,82995.2040,OK
and15_random_dense_d16384_b1024,241,15,random_dense,16384,t15 d16384 b1024,6,sage,-1,-1,SKIPPED(>=B14)
and15_random_dense_d16384_b1024,241,15,random_dense,16384,t15 d16384 b1024,6,pari,-1,-1,SKIPPED(>=B14)
and15_random_dense_d16384_b1024,241,15,random_dense,16384,t15 d16384 b1024,6,z3,-1,-1,SKIPPED(>=B13)
and15_random_dense_d16384_b1024,241,15,random_dense,16384,t15 d16384 b1024,6,cgal,-1,-1,SKIPPED(>=B13)
and15_random_dense_d16384_b1024,241,15,random_dense,16384,t15 d16384 b1024,6,libpoly,-1,-1,SKIPPED(>=B4)
and15_random_dense_d23170_b1024,242,16,random_dense,23170,t15 d23170 b1024,-1,IsaRRI,-1,-1,SKIPPED(>=B14)
and15_random_dense_d23170_b1024,242,16,random_dense,23170,t15 d23170 b1024,-1,msolve,-1,180000.0000,TIMEOUT
and15_random_dense_d23170_b1024,242,16,random_dense,23170,t15 d23170 b1024,-1,anewdsc,-1,180000.0000,TIMEOUT
and15_random_dense_d23170_b1024,242,16,random_dense,23170,t15 d23170 b1024,-1,anewdsc_i0,-1,180000.0000,TIMEOUT
and15_random_dense_d23170_b1024,242,16,random_dense,23170,t15 d23170 b1024,-1,sage,-1,-1,SKIPPED(>=B14)
and15_random_dense_d23170_b1024,242,16,random_dense,23170,t15 d23170 b1024,-1,pari,-1,-1,SKIPPED(>=B14)
and15_random_dense_d23170_b1024,242,16,random_dense,23170,t15 d23170 b1024,-1,z3,-1,-1,SKIPPED(>=B13)
and15_random_dense_d23170_b1024,242,16,random_dense,23170,t15 d23170 b1024,-1,cgal,-1,-1,SKIPPED(>=B13)
and15_random_dense_d23170_b1024,242,16,random_dense,23170,t15 d23170 b1024,-1,libpoly,-1,-1,SKIPPED(>=B4)
and15_random_dense_d32768_b1024,243,17,random_dense,32768,t15 d32768 b1024,-1,IsaRRI,-1,-1,SKIPPED(>=B14)
and15_random_dense_d32768_b1024,243,17,random_dense,32768,t15 d32768 b1024,-1,msolve,-1,-1,SKIPPED(>=B16)
and15_random_dense_d32768_b1024,243,17,random_dense,32768,t15 d32768 b1024,-1,anewdsc,-1,-1,SKIPPED(>=B16)
and15_random_dense_d32768_b1024,243,17,random_dense,32768,t15 d32768 b1024,-1,anewdsc_i0,-1,-1,SKIPPED(>=B16)
and15_random_dense_d32768_b1024,243,17,random_dense,32768,t15 d32768 b1024,-1,sage,-1,-1,SKIPPED(>=B14)
and15_random_dense_d32768_b1024,243,17,random_dense,32768,t15 d32768 b1024,-1,pari,-1,-1,SKIPPED(>=B14)
and15_random_dense_d32768_b1024,243,17,random_dense,32768,t15 d32768 b1024,-1,z3,-1,-1,SKIPPED(>=B13)
and15_random_dense_d32768_b1024,243,17,random_dense,32768,t15 d32768 b1024,-1,cgal,-1,-1,SKIPPED(>=B13)
and15_random_dense_d32768_b1024,243,17,random_dense,32768,t15 d32768 b1024,-1,libpoly,-1,-1,SKIPPED(>=B4)
and16_random_monic_d128_b1024,244,1,random_monic,128,t16 d128 b1024,6,IsaRRI,6,166.2850,OK
and16_random_monic_d128_b1024,244,1,random_monic,128,t16 d128 b1024,6,msolve,6,5816.9200,OK
and16_random_monic_d128_b1024,244,1,random_monic,128,t16 d128 b1024,6,anewdsc,6,3.3590,OK
and16_random_monic_d128_b1024,244,1,random_monic,128,t16 d128 b1024,6,anewdsc_i0,6,646.2770,OK
and16_random_monic_d128_b1024,244,1,random_monic,128,t16 d128 b1024,6,sage,6,2296.7980,OK
and16_random_monic_d128_b1024,244,1,random_monic,128,t16 d128 b1024,6,pari,6,4793.8000,OK
and16_random_monic_d128_b1024,244,1,random_monic,128,t16 d128 b1024,6,z3,-1,180000.0000,TIMEOUT
and16_random_monic_d128_b1024,244,1,random_monic,128,t16 d128 b1024,6,cgal,6,29524.1000,OK
and16_random_monic_d128_b1024,244,1,random_monic,128,t16 d128 b1024,6,libpoly,-1,180000.0000,TIMEOUT
and16_random_monic_d181_b1024,245,2,random_monic,181,t16 d181 b1024,7,IsaRRI,7,510.7620,OK
and16_random_monic_d181_b1024,245,2,random_monic,181,t16 d181 b1024,7,msolve,7,15360.5000,OK
and16_random_monic_d181_b1024,245,2,random_monic,181,t16 d181 b1024,7,anewdsc,7,5.6760,OK
and16_random_monic_d181_b1024,245,2,random_monic,181,t16 d181 b1024,7,anewdsc_i0,7,2603.6570,OK
and16_random_monic_d181_b1024,245,2,random_monic,181,t16 d181 b1024,7,sage,7,4075.4070,OK
and16_random_monic_d181_b1024,245,2,random_monic,181,t16 d181 b1024,7,pari,7,10653.5000,OK
and16_random_monic_d181_b1024,245,2,random_monic,181,t16 d181 b1024,7,z3,-1,-1,SKIPPED(>=B1)
and16_random_monic_d181_b1024,245,2,random_monic,181,t16 d181 b1024,7,cgal,7,80540.8000,OK
and16_random_monic_d181_b1024,245,2,random_monic,181,t16 d181 b1024,7,libpoly,-1,-1,SKIPPED(>=B1)
and16_random_monic_d256_b1024,246,3,random_monic,256,t16 d256 b1024,6,IsaRRI,6,1145.6600,OK
and16_random_monic_d256_b1024,246,3,random_monic,256,t16 d256 b1024,6,msolve,6,43687.8000,OK
and16_random_monic_d256_b1024,246,3,random_monic,256,t16 d256 b1024,6,anewdsc,6,16.8450,OK
and16_random_monic_d256_b1024,246,3,random_monic,256,t16 d256 b1024,6,anewdsc_i0,6,7293.3230,OK
and16_random_monic_d256_b1024,246,3,random_monic,256,t16 d256 b1024,6,sage,6,3555.7140,OK
and16_random_monic_d256_b1024,246,3,random_monic,256,t16 d256 b1024,6,pari,6,64251.9000,OK
and16_random_monic_d256_b1024,246,3,random_monic,256,t16 d256 b1024,6,z3,-1,-1,SKIPPED(>=B1)
and16_random_monic_d256_b1024,246,3,random_monic,256,t16 d256 b1024,6,cgal,-1,180000.0000,TIMEOUT
and16_random_monic_d256_b1024,246,3,random_monic,256,t16 d256 b1024,6,libpoly,-1,-1,SKIPPED(>=B1)
and16_random_monic_d362_b1024,247,4,random_monic,362,t16 d362 b1024,8,IsaRRI,8,4229.6000,OK
and16_random_monic_d362_b1024,247,4,random_monic,362,t16 d362 b1024,8,msolve,8,87580.5000,OK
and16_random_monic_d362_b1024,247,4,random_monic,362,t16 d362 b1024,8,anewdsc,8,33.3170,OK
and16_random_monic_d362_b1024,247,4,random_monic,362,t16 d362 b1024,8,anewdsc_i0,8,25813.3840,OK
and16_random_monic_d362_b1024,247,4,random_monic,362,t16 d362 b1024,8,sage,8,26624.7200,OK
and16_random_monic_d362_b1024,247,4,random_monic,362,t16 d362 b1024,8,pari,8,175730.0000,OK
and16_random_monic_d362_b1024,247,4,random_monic,362,t16 d362 b1024,8,z3,-1,-1,SKIPPED(>=B1)
and16_random_monic_d362_b1024,247,4,random_monic,362,t16 d362 b1024,8,cgal,-1,-1,SKIPPED(>=B3)
and16_random_monic_d362_b1024,247,4,random_monic,362,t16 d362 b1024,8,libpoly,-1,-1,SKIPPED(>=B1)
and16_random_monic_d512_b1024,248,5,random_monic,512,t16 d512 b1024,-1,IsaRRI,6,11087.9000,OK
and16_random_monic_d512_b1024,248,5,random_monic,512,t16 d512 b1024,-1,msolve,-1,180000.0000,TIMEOUT
and16_random_monic_d512_b1024,248,5,random_monic,512,t16 d512 b1024,-1,anewdsc,6,129.1800,OK
and16_random_monic_d512_b1024,248,5,random_monic,512,t16 d512 b1024,-1,anewdsc_i0,6,62327.3700,OK
and16_random_monic_d512_b1024,248,5,random_monic,512,t16 d512 b1024,-1,sage,6,17336.6240,OK
and16_random_monic_d512_b1024,248,5,random_monic,512,t16 d512 b1024,-1,pari,-1,180000.0000,TIMEOUT
and16_random_monic_d512_b1024,248,5,random_monic,512,t16 d512 b1024,-1,z3,-1,-1,SKIPPED(>=B1)
and16_random_monic_d512_b1024,248,5,random_monic,512,t16 d512 b1024,-1,cgal,-1,-1,SKIPPED(>=B3)
and16_random_monic_d512_b1024,248,5,random_monic,512,t16 d512 b1024,-1,libpoly,-1,-1,SKIPPED(>=B1)
and16_random_monic_d724_b1024,249,6,random_monic,724,t16 d724 b1024,-1,IsaRRI,4,17128.4000,OK
and16_random_monic_d724_b1024,249,6,random_monic,724,t16 d724 b1024,-1,msolve,-1,-1,SKIPPED(>=B5)
and16_random_monic_d724_b1024,249,6,random_monic,724,t16 d724 b1024,-1,anewdsc,4,69.9230,OK
and16_random_monic_d724_b1024,249,6,random_monic,724,t16 d724 b1024,-1,anewdsc_i0,4,130977.7530,OK
and16_random_monic_d724_b1024,249,6,random_monic,724,t16 d724 b1024,-1,sage,-1,180000.0000,TIMEOUT
and16_random_monic_d724_b1024,249,6,random_monic,724,t16 d724 b1024,-1,pari,-1,-1,SKIPPED(>=B5)
and16_random_monic_d724_b1024,249,6,random_monic,724,t16 d724 b1024,-1,z3,-1,-1,SKIPPED(>=B1)
and16_random_monic_d724_b1024,249,6,random_monic,724,t16 d724 b1024,-1,cgal,-1,-1,SKIPPED(>=B3)
and16_random_monic_d724_b1024,249,6,random_monic,724,t16 d724 b1024,-1,libpoly,-1,-1,SKIPPED(>=B1)
and16_random_monic_d1024_b1024,250,7,random_monic,1024,t16 d1024 b1024,-1,IsaRRI,8,68679.3000,OK
and16_random_monic_d1024_b1024,250,7,random_monic,1024,t16 d1024 b1024,-1,msolve,-1,-1,SKIPPED(>=B5)
and16_random_monic_d1024_b1024,250,7,random_monic,1024,t16 d1024 b1024,-1,anewdsc,8,115.1140,OK
and16_random_monic_d1024_b1024,250,7,random_monic,1024,t16 d1024 b1024,-1,anewdsc_i0,-1,180000.0000,TIMEOUT
and16_random_monic_d1024_b1024,250,7,random_monic,1024,t16 d1024 b1024,-1,sage,-1,-1,SKIPPED(>=B6)
and16_random_monic_d1024_b1024,250,7,random_monic,1024,t16 d1024 b1024,-1,pari,-1,-1,SKIPPED(>=B5)
and16_random_monic_d1024_b1024,250,7,random_monic,1024,t16 d1024 b1024,-1,z3,-1,-1,SKIPPED(>=B1)
and16_random_monic_d1024_b1024,250,7,random_monic,1024,t16 d1024 b1024,-1,cgal,-1,-1,SKIPPED(>=B3)
and16_random_monic_d1024_b1024,250,7,random_monic,1024,t16 d1024 b1024,-1,libpoly,-1,-1,SKIPPED(>=B1)
and16_random_monic_d1448_b1024,251,8,random_monic,1448,t16 d1448 b1024,-1,IsaRRI,-1,180000.0000,TIMEOUT
and16_random_monic_d1448_b1024,251,8,random_monic,1448,t16 d1448 b1024,-1,msolve,-1,-1,SKIPPED(>=B5)
and16_random_monic_d1448_b1024,251,8,random_monic,1448,t16 d1448 b1024,-1,anewdsc,6,448.1830,OK
and16_random_monic_d1448_b1024,251,8,random_monic,1448,t16 d1448 b1024,-1,anewdsc_i0,-1,-1,SKIPPED(>=B7)
and16_random_monic_d1448_b1024,251,8,random_monic,1448,t16 d1448 b1024,-1,sage,-1,-1,SKIPPED(>=B6)
and16_random_monic_d1448_b1024,251,8,random_monic,1448,t16 d1448 b1024,-1,pari,-1,-1,SKIPPED(>=B5)
and16_random_monic_d1448_b1024,251,8,random_monic,1448,t16 d1448 b1024,-1,z3,-1,-1,SKIPPED(>=B1)
and16_random_monic_d1448_b1024,251,8,random_monic,1448,t16 d1448 b1024,-1,cgal,-1,-1,SKIPPED(>=B3)
and16_random_monic_d1448_b1024,251,8,random_monic,1448,t16 d1448 b1024,-1,libpoly,-1,-1,SKIPPED(>=B1)
and16_random_monic_d2048_b1024,252,9,random_monic,2048,t16 d2048 b1024,-1,IsaRRI,-1,-1,SKIPPED(>=B8)
and16_random_monic_d2048_b1024,252,9,random_monic,2048,t16 d2048 b1024,-1,msolve,-1,-1,SKIPPED(>=B5)
and16_random_monic_d2048_b1024,252,9,random_monic,2048,t16 d2048 b1024,-1,anewdsc,10,2143.7230,OK
and16_random_monic_d2048_b1024,252,9,random_monic,2048,t16 d2048 b1024,-1,anewdsc_i0,-1,-1,SKIPPED(>=B7)
and16_random_monic_d2048_b1024,252,9,random_monic,2048,t16 d2048 b1024,-1,sage,-1,-1,SKIPPED(>=B6)
and16_random_monic_d2048_b1024,252,9,random_monic,2048,t16 d2048 b1024,-1,pari,-1,-1,SKIPPED(>=B5)
and16_random_monic_d2048_b1024,252,9,random_monic,2048,t16 d2048 b1024,-1,z3,-1,-1,SKIPPED(>=B1)
and16_random_monic_d2048_b1024,252,9,random_monic,2048,t16 d2048 b1024,-1,cgal,-1,-1,SKIPPED(>=B3)
and16_random_monic_d2048_b1024,252,9,random_monic,2048,t16 d2048 b1024,-1,libpoly,-1,-1,SKIPPED(>=B1)
and16_random_monic_d2896_b1024,253,10,random_monic,2896,t16 d2896 b1024,-1,IsaRRI,-1,-1,SKIPPED(>=B8)
and16_random_monic_d2896_b1024,253,10,random_monic,2896,t16 d2896 b1024,-1,msolve,-1,-1,SKIPPED(>=B5)
and16_random_monic_d2896_b1024,253,10,random_monic,2896,t16 d2896 b1024,-1,anewdsc,6,1032.1310,OK
and16_random_monic_d2896_b1024,253,10,random_monic,2896,t16 d2896 b1024,-1,anewdsc_i0,-1,-1,SKIPPED(>=B7)
and16_random_monic_d2896_b1024,253,10,random_monic,2896,t16 d2896 b1024,-1,sage,-1,-1,SKIPPED(>=B6)
and16_random_monic_d2896_b1024,253,10,random_monic,2896,t16 d2896 b1024,-1,pari,-1,-1,SKIPPED(>=B5)
and16_random_monic_d2896_b1024,253,10,random_monic,2896,t16 d2896 b1024,-1,z3,-1,-1,SKIPPED(>=B1)
and16_random_monic_d2896_b1024,253,10,random_monic,2896,t16 d2896 b1024,-1,cgal,-1,-1,SKIPPED(>=B3)
and16_random_monic_d2896_b1024,253,10,random_monic,2896,t16 d2896 b1024,-1,libpoly,-1,-1,SKIPPED(>=B1)
and16_random_monic_d4096_b1024,254,11,random_monic,4096,t16 d4096 b1024,-1,IsaRRI,-1,-1,SKIPPED(>=B8)
and16_random_monic_d4096_b1024,254,11,random_monic,4096,t16 d4096 b1024,-1,msolve,-1,-1,SKIPPED(>=B5)
and16_random_monic_d4096_b1024,254,11,random_monic,4096,t16 d4096 b1024,-1,anewdsc,2,2142.3230,OK
and16_random_monic_d4096_b1024,254,11,random_monic,4096,t16 d4096 b1024,-1,anewdsc_i0,-1,-1,SKIPPED(>=B7)
and16_random_monic_d4096_b1024,254,11,random_monic,4096,t16 d4096 b1024,-1,sage,-1,-1,SKIPPED(>=B6)
and16_random_monic_d4096_b1024,254,11,random_monic,4096,t16 d4096 b1024,-1,pari,-1,-1,SKIPPED(>=B5)
and16_random_monic_d4096_b1024,254,11,random_monic,4096,t16 d4096 b1024,-1,z3,-1,-1,SKIPPED(>=B1)
and16_random_monic_d4096_b1024,254,11,random_monic,4096,t16 d4096 b1024,-1,cgal,-1,-1,SKIPPED(>=B3)
and16_random_monic_d4096_b1024,254,11,random_monic,4096,t16 d4096 b1024,-1,libpoly,-1,-1,SKIPPED(>=B1)
and16_random_monic_d5792_b1024,255,12,random_monic,5792,t16 d5792 b1024,-1,IsaRRI,-1,-1,SKIPPED(>=B8)
and16_random_monic_d5792_b1024,255,12,random_monic,5792,t16 d5792 b1024,-1,msolve,-1,-1,SKIPPED(>=B5)
and16_random_monic_d5792_b1024,255,12,random_monic,5792,t16 d5792 b1024,-1,anewdsc,8,13147.5170,OK
and16_random_monic_d5792_b1024,255,12,random_monic,5792,t16 d5792 b1024,-1,anewdsc_i0,-1,-1,SKIPPED(>=B7)
and16_random_monic_d5792_b1024,255,12,random_monic,5792,t16 d5792 b1024,-1,sage,-1,-1,SKIPPED(>=B6)
and16_random_monic_d5792_b1024,255,12,random_monic,5792,t16 d5792 b1024,-1,pari,-1,-1,SKIPPED(>=B5)
and16_random_monic_d5792_b1024,255,12,random_monic,5792,t16 d5792 b1024,-1,z3,-1,-1,SKIPPED(>=B1)
and16_random_monic_d5792_b1024,255,12,random_monic,5792,t16 d5792 b1024,-1,cgal,-1,-1,SKIPPED(>=B3)
and16_random_monic_d5792_b1024,255,12,random_monic,5792,t16 d5792 b1024,-1,libpoly,-1,-1,SKIPPED(>=B1)
and16_random_monic_d8192_b1024,256,13,random_monic,8192,t16 d8192 b1024,-1,IsaRRI,-1,-1,SKIPPED(>=B8)
and16_random_monic_d8192_b1024,256,13,random_monic,8192,t16 d8192 b1024,-1,msolve,-1,-1,SKIPPED(>=B5)
and16_random_monic_d8192_b1024,256,13,random_monic,8192,t16 d8192 b1024,-1,anewdsc,10,58728.8890,OK
and16_random_monic_d8192_b1024,256,13,random_monic,8192,t16 d8192 b1024,-1,anewdsc_i0,-1,-1,SKIPPED(>=B7)
and16_random_monic_d8192_b1024,256,13,random_monic,8192,t16 d8192 b1024,-1,sage,-1,-1,SKIPPED(>=B6)
and16_random_monic_d8192_b1024,256,13,random_monic,8192,t16 d8192 b1024,-1,pari,-1,-1,SKIPPED(>=B5)
and16_random_monic_d8192_b1024,256,13,random_monic,8192,t16 d8192 b1024,-1,z3,-1,-1,SKIPPED(>=B1)
and16_random_monic_d8192_b1024,256,13,random_monic,8192,t16 d8192 b1024,-1,cgal,-1,-1,SKIPPED(>=B3)
and16_random_monic_d8192_b1024,256,13,random_monic,8192,t16 d8192 b1024,-1,libpoly,-1,-1,SKIPPED(>=B1)
and16_random_monic_d11585_b1024,257,14,random_monic,11585,t16 d11585 b1024,-1,IsaRRI,-1,-1,SKIPPED(>=B8)
and16_random_monic_d11585_b1024,257,14,random_monic,11585,t16 d11585 b1024,-1,msolve,-1,-1,SKIPPED(>=B5)
and16_random_monic_d11585_b1024,257,14,random_monic,11585,t16 d11585 b1024,-1,anewdsc,7,79058.7510,OK
and16_random_monic_d11585_b1024,257,14,random_monic,11585,t16 d11585 b1024,-1,anewdsc_i0,-1,-1,SKIPPED(>=B7)
and16_random_monic_d11585_b1024,257,14,random_monic,11585,t16 d11585 b1024,-1,sage,-1,-1,SKIPPED(>=B6)
and16_random_monic_d11585_b1024,257,14,random_monic,11585,t16 d11585 b1024,-1,pari,-1,-1,SKIPPED(>=B5)
and16_random_monic_d11585_b1024,257,14,random_monic,11585,t16 d11585 b1024,-1,z3,-1,-1,SKIPPED(>=B1)
and16_random_monic_d11585_b1024,257,14,random_monic,11585,t16 d11585 b1024,-1,cgal,-1,-1,SKIPPED(>=B3)
and16_random_monic_d11585_b1024,257,14,random_monic,11585,t16 d11585 b1024,-1,libpoly,-1,-1,SKIPPED(>=B1)
and16_random_monic_d16384_b1024,258,15,random_monic,16384,t16 d16384 b1024,-1,IsaRRI,-1,-1,SKIPPED(>=B8)
and16_random_monic_d16384_b1024,258,15,random_monic,16384,t16 d16384 b1024,-1,msolve,-1,-1,SKIPPED(>=B5)
and16_random_monic_d16384_b1024,258,15,random_monic,16384,t16 d16384 b1024,-1,anewdsc,-1,180000.0000,TIMEOUT
and16_random_monic_d16384_b1024,258,15,random_monic,16384,t16 d16384 b1024,-1,anewdsc_i0,-1,-1,SKIPPED(>=B7)
and16_random_monic_d16384_b1024,258,15,random_monic,16384,t16 d16384 b1024,-1,sage,-1,-1,SKIPPED(>=B6)
and16_random_monic_d16384_b1024,258,15,random_monic,16384,t16 d16384 b1024,-1,pari,-1,-1,SKIPPED(>=B5)
and16_random_monic_d16384_b1024,258,15,random_monic,16384,t16 d16384 b1024,-1,z3,-1,-1,SKIPPED(>=B1)
and16_random_monic_d16384_b1024,258,15,random_monic,16384,t16 d16384 b1024,-1,cgal,-1,-1,SKIPPED(>=B3)
and16_random_monic_d16384_b1024,258,15,random_monic,16384,t16 d16384 b1024,-1,libpoly,-1,-1,SKIPPED(>=B1)
and16_random_monic_d23170_b1024,259,16,random_monic,23170,t16 d23170 b1024,-1,IsaRRI,-1,-1,SKIPPED(>=B8)
and16_random_monic_d23170_b1024,259,16,random_monic,23170,t16 d23170 b1024,-1,msolve,-1,-1,SKIPPED(>=B5)
and16_random_monic_d23170_b1024,259,16,random_monic,23170,t16 d23170 b1024,-1,anewdsc,-1,-1,SKIPPED(>=B15)
and16_random_monic_d23170_b1024,259,16,random_monic,23170,t16 d23170 b1024,-1,anewdsc_i0,-1,-1,SKIPPED(>=B7)
and16_random_monic_d23170_b1024,259,16,random_monic,23170,t16 d23170 b1024,-1,sage,-1,-1,SKIPPED(>=B6)
and16_random_monic_d23170_b1024,259,16,random_monic,23170,t16 d23170 b1024,-1,pari,-1,-1,SKIPPED(>=B5)
and16_random_monic_d23170_b1024,259,16,random_monic,23170,t16 d23170 b1024,-1,z3,-1,-1,SKIPPED(>=B1)
and16_random_monic_d23170_b1024,259,16,random_monic,23170,t16 d23170 b1024,-1,cgal,-1,-1,SKIPPED(>=B3)
and16_random_monic_d23170_b1024,259,16,random_monic,23170,t16 d23170 b1024,-1,libpoly,-1,-1,SKIPPED(>=B1)
and16_random_monic_d32768_b1024,260,17,random_monic,32768,t16 d32768 b1024,-1,IsaRRI,-1,-1,SKIPPED(>=B8)
and16_random_monic_d32768_b1024,260,17,random_monic,32768,t16 d32768 b1024,-1,msolve,-1,-1,SKIPPED(>=B5)
and16_random_monic_d32768_b1024,260,17,random_monic,32768,t16 d32768 b1024,-1,anewdsc,-1,-1,SKIPPED(>=B15)
and16_random_monic_d32768_b1024,260,17,random_monic,32768,t16 d32768 b1024,-1,anewdsc_i0,-1,-1,SKIPPED(>=B7)
and16_random_monic_d32768_b1024,260,17,random_monic,32768,t16 d32768 b1024,-1,sage,-1,-1,SKIPPED(>=B6)
and16_random_monic_d32768_b1024,260,17,random_monic,32768,t16 d32768 b1024,-1,pari,-1,-1,SKIPPED(>=B5)
and16_random_monic_d32768_b1024,260,17,random_monic,32768,t16 d32768 b1024,-1,z3,-1,-1,SKIPPED(>=B1)
and16_random_monic_d32768_b1024,260,17,random_monic,32768,t16 d32768 b1024,-1,cgal,-1,-1,SKIPPED(>=B3)
and16_random_monic_d32768_b1024,260,17,random_monic,32768,t16 d32768 b1024,-1,libpoly,-1,-1,SKIPPED(>=B1)
and17_random_monic_lt1_d128_b1024,261,1,random_monic_lt1,128,t17 d128 b1024,6,IsaRRI,6,102.6890,OK
and17_random_monic_lt1_d128_b1024,261,1,random_monic_lt1,128,t17 d128 b1024,6,msolve,6,5621.4900,OK
and17_random_monic_lt1_d128_b1024,261,1,random_monic_lt1,128,t17 d128 b1024,6,anewdsc,6,2.2130,OK
and17_random_monic_lt1_d128_b1024,261,1,random_monic_lt1,128,t17 d128 b1024,6,anewdsc_i0,6,595.1550,OK
and17_random_monic_lt1_d128_b1024,261,1,random_monic_lt1,128,t17 d128 b1024,6,sage,6,764.0780,OK
and17_random_monic_lt1_d128_b1024,261,1,random_monic_lt1,128,t17 d128 b1024,6,pari,6,3876.3200,OK
and17_random_monic_lt1_d128_b1024,261,1,random_monic_lt1,128,t17 d128 b1024,6,z3,6,132435.0000,OK
and17_random_monic_lt1_d128_b1024,261,1,random_monic_lt1,128,t17 d128 b1024,6,cgal,6,29469.2000,OK
and17_random_monic_lt1_d128_b1024,261,1,random_monic_lt1,128,t17 d128 b1024,6,libpoly,-1,180000.0000,TIMEOUT
and17_random_monic_lt1_d181_b1024,262,2,random_monic_lt1,181,t17 d181 b1024,5,IsaRRI,5,2.6473,OK
and17_random_monic_lt1_d181_b1024,262,2,random_monic_lt1,181,t17 d181 b1024,5,msolve,5,2.5160,OK
and17_random_monic_lt1_d181_b1024,262,2,random_monic_lt1,181,t17 d181 b1024,5,anewdsc,5,7.8250,OK
and17_random_monic_lt1_d181_b1024,262,2,random_monic_lt1,181,t17 d181 b1024,5,anewdsc_i0,5,11.7070,OK
and17_random_monic_lt1_d181_b1024,262,2,random_monic_lt1,181,t17 d181 b1024,5,sage,5,94.9660,OK
and17_random_monic_lt1_d181_b1024,262,2,random_monic_lt1,181,t17 d181 b1024,5,pari,5,3.5213,OK
and17_random_monic_lt1_d181_b1024,262,2,random_monic_lt1,181,t17 d181 b1024,5,z3,5,18.9550,OK
and17_random_monic_lt1_d181_b1024,262,2,random_monic_lt1,181,t17 d181 b1024,5,cgal,5,28.3903,OK
and17_random_monic_lt1_d181_b1024,262,2,random_monic_lt1,181,t17 d181 b1024,5,libpoly,-1,-1,SKIPPED(>=B1)
and17_random_monic_lt1_d256_b1024,263,3,random_monic_lt1,256,t17 d256 b1024,6,IsaRRI,6,4.1533,OK
and17_random_monic_lt1_d256_b1024,263,3,random_monic_lt1,256,t17 d256 b1024,6,msolve,6,4.3080,OK
and17_random_monic_lt1_d256_b1024,263,3,random_monic_lt1,256,t17 d256 b1024,6,anewdsc,6,10.8420,OK
and17_random_monic_lt1_d256_b1024,263,3,random_monic_lt1,256,t17 d256 b1024,6,anewdsc_i0,6,20.4900,OK
and17_random_monic_lt1_d256_b1024,263,3,random_monic_lt1,256,t17 d256 b1024,6,sage,6,94.1230,OK
and17_random_monic_lt1_d256_b1024,263,3,random_monic_lt1,256,t17 d256 b1024,6,pari,6,7.6098,OK
and17_random_monic_lt1_d256_b1024,263,3,random_monic_lt1,256,t17 d256 b1024,6,z3,6,24.9002,OK
and17_random_monic_lt1_d256_b1024,263,3,random_monic_lt1,256,t17 d256 b1024,6,cgal,6,32.5469,OK
and17_random_monic_lt1_d256_b1024,263,3,random_monic_lt1,256,t17 d256 b1024,6,libpoly,-1,-1,SKIPPED(>=B1)
and17_random_monic_lt1_d362_b1024,264,4,random_monic_lt1,362,t17 d362 b1024,8,IsaRRI,8,17.1647,OK
and17_random_monic_lt1_d362_b1024,264,4,random_monic_lt1,362,t17 d362 b1024,8,msolve,8,19.1850,OK
and17_random_monic_lt1_d362_b1024,264,4,random_monic_lt1,362,t17 d362 b1024,8,anewdsc,8,43.9370,OK
and17_random_monic_lt1_d362_b1024,264,4,random_monic_lt1,362,t17 d362 b1024,8,anewdsc_i0,8,107.7460,OK
and17_random_monic_lt1_d362_b1024,264,4,random_monic_lt1,362,t17 d362 b1024,8,sage,8,121.4820,OK
and17_random_monic_lt1_d362_b1024,264,4,random_monic_lt1,362,t17 d362 b1024,8,pari,8,32.5494,OK
and17_random_monic_lt1_d362_b1024,264,4,random_monic_lt1,362,t17 d362 b1024,8,z3,8,172.7740,OK
and17_random_monic_lt1_d362_b1024,264,4,random_monic_lt1,362,t17 d362 b1024,8,cgal,8,181.7810,OK
and17_random_monic_lt1_d362_b1024,264,4,random_monic_lt1,362,t17 d362 b1024,8,libpoly,-1,-1,SKIPPED(>=B1)
and17_random_monic_lt1_d512_b1024,265,5,random_monic_lt1,512,t17 d512 b1024,-1,IsaRRI,8,4996.8600,OK
and17_random_monic_lt1_d512_b1024,265,5,random_monic_lt1,512,t17 d512 b1024,-1,msolve,-1,180000.0000,TIMEOUT
and17_random_monic_lt1_d512_b1024,265,5,random_monic_lt1,512,t17 d512 b1024,-1,anewdsc,8,103.3100,OK
and17_random_monic_lt1_d512_b1024,265,5,random_monic_lt1,512,t17 d512 b1024,-1,anewdsc_i0,8,74949.1080,OK
and17_random_monic_lt1_d512_b1024,265,5,random_monic_lt1,512,t17 d512 b1024,-1,sage,8,84680.4500,OK
and17_random_monic_lt1_d512_b1024,265,5,random_monic_lt1,512,t17 d512 b1024,-1,pari,-1,180000.0000,TIMEOUT
and17_random_monic_lt1_d512_b1024,265,5,random_monic_lt1,512,t17 d512 b1024,-1,z3,-1,180000.0000,TIMEOUT
and17_random_monic_lt1_d512_b1024,265,5,random_monic_lt1,512,t17 d512 b1024,-1,cgal,-1,180000.0000,TIMEOUT
and17_random_monic_lt1_d512_b1024,265,5,random_monic_lt1,512,t17 d512 b1024,-1,libpoly,-1,-1,SKIPPED(>=B1)
and17_random_monic_lt1_d724_b1024,266,6,random_monic_lt1,724,t17 d724 b1024,4,IsaRRI,4,55.5981,OK
and17_random_monic_lt1_d724_b1024,266,6,random_monic_lt1,724,t17 d724 b1024,4,msolve,-1,-1,SKIPPED(>=B5)
and17_random_monic_lt1_d724_b1024,266,6,random_monic_lt1,724,t17 d724 b1024,4,anewdsc,4,89.4060,OK
and17_random_monic_lt1_d724_b1024,266,6,random_monic_lt1,724,t17 d724 b1024,4,anewdsc_i0,4,273.8520,OK
and17_random_monic_lt1_d724_b1024,266,6,random_monic_lt1,724,t17 d724 b1024,4,sage,-1,-1,ERROR(RecursionError)
and17_random_monic_lt1_d724_b1024,266,6,random_monic_lt1,724,t17 d724 b1024,4,pari,-1,-1,SKIPPED(>=B5)
and17_random_monic_lt1_d724_b1024,266,6,random_monic_lt1,724,t17 d724 b1024,4,z3,-1,-1,SKIPPED(>=B5)
and17_random_monic_lt1_d724_b1024,266,6,random_monic_lt1,724,t17 d724 b1024,4,cgal,-1,-1,SKIPPED(>=B5)
and17_random_monic_lt1_d724_b1024,266,6,random_monic_lt1,724,t17 d724 b1024,4,libpoly,-1,-1,SKIPPED(>=B1)
and17_random_monic_lt1_d1024_b1024,267,7,random_monic_lt1,1024,t17 d1024 b1024,4,IsaRRI,4,103.6690,OK
and17_random_monic_lt1_d1024_b1024,267,7,random_monic_lt1,1024,t17 d1024 b1024,4,msolve,-1,-1,SKIPPED(>=B5)
and17_random_monic_lt1_d1024_b1024,267,7,random_monic_lt1,1024,t17 d1024 b1024,4,anewdsc,4,61.3680,OK
and17_random_monic_lt1_d1024_b1024,267,7,random_monic_lt1,1024,t17 d1024 b1024,4,anewdsc_i0,4,206.0570,OK
and17_random_monic_lt1_d1024_b1024,267,7,random_monic_lt1,1024,t17 d1024 b1024,4,sage,-1,-1,SKIPPED(>=B6)
and17_random_monic_lt1_d1024_b1024,267,7,random_monic_lt1,1024,t17 d1024 b1024,4,pari,-1,-1,SKIPPED(>=B5)
and17_random_monic_lt1_d1024_b1024,267,7,random_monic_lt1,1024,t17 d1024 b1024,4,z3,-1,-1,SKIPPED(>=B5)
and17_random_monic_lt1_d1024_b1024,267,7,random_monic_lt1,1024,t17 d1024 b1024,4,cgal,-1,-1,SKIPPED(>=B5)
and17_random_monic_lt1_d1024_b1024,267,7,random_monic_lt1,1024,t17 d1024 b1024,4,libpoly,-1,-1,SKIPPED(>=B1)
and17_random_monic_lt1_d1448_b1024,268,8,random_monic_lt1,1448,t17 d1448 b1024,-1,IsaRRI,4,407.0120,OK
and17_random_monic_lt1_d1448_b1024,268,8,random_monic_lt1,1448,t17 d1448 b1024,-1,msolve,-1,-1,SKIPPED(>=B5)
and17_random_monic_lt1_d1448_b1024,268,8,random_monic_lt1,1448,t17 d1448 b1024,-1,anewdsc,4,459.5660,OK
and17_random_monic_lt1_d1448_b1024,268,8,random_monic_lt1,1448,t17 d1448 b1024,-1,anewdsc_i0,4,1783.9020,OK
and17_random_monic_lt1_d1448_b1024,268,8,random_monic_lt1,1448,t17 d1448 b1024,-1,sage,-1,-1,SKIPPED(>=B6)
and17_random_monic_lt1_d1448_b1024,268,8,random_monic_lt1,1448,t17 d1448 b1024,-1,pari,-1,-1,SKIPPED(>=B5)
and17_random_monic_lt1_d1448_b1024,268,8,random_monic_lt1,1448,t17 d1448 b1024,-1,z3,-1,-1,SKIPPED(>=B5)
and17_random_monic_lt1_d1448_b1024,268,8,random_monic_lt1,1448,t17 d1448 b1024,-1,cgal,-1,-1,SKIPPED(>=B5)
and17_random_monic_lt1_d1448_b1024,268,8,random_monic_lt1,1448,t17 d1448 b1024,-1,libpoly,-1,-1,SKIPPED(>=B1)
and17_random_monic_lt1_d2048_b1024,269,9,random_monic_lt1,2048,t17 d2048 b1024,-1,IsaRRI,-1,180000.0000,TIMEOUT
and17_random_monic_lt1_d2048_b1024,269,9,random_monic_lt1,2048,t17 d2048 b1024,-1,msolve,-1,-1,SKIPPED(>=B5)
and17_random_monic_lt1_d2048_b1024,269,9,random_monic_lt1,2048,t17 d2048 b1024,-1,anewdsc,8,1585.7710,OK
and17_random_monic_lt1_d2048_b1024,269,9,random_monic_lt1,2048,t17 d2048 b1024,-1,anewdsc_i0,-1,180000.0000,TIMEOUT
and17_random_monic_lt1_d2048_b1024,269,9,random_monic_lt1,2048,t17 d2048 b1024,-1,sage,-1,-1,SKIPPED(>=B6)
and17_random_monic_lt1_d2048_b1024,269,9,random_monic_lt1,2048,t17 d2048 b1024,-1,pari,-1,-1,SKIPPED(>=B5)
and17_random_monic_lt1_d2048_b1024,269,9,random_monic_lt1,2048,t17 d2048 b1024,-1,z3,-1,-1,SKIPPED(>=B5)
and17_random_monic_lt1_d2048_b1024,269,9,random_monic_lt1,2048,t17 d2048 b1024,-1,cgal,-1,-1,SKIPPED(>=B5)
and17_random_monic_lt1_d2048_b1024,269,9,random_monic_lt1,2048,t17 d2048 b1024,-1,libpoly,-1,-1,SKIPPED(>=B1)
and17_random_monic_lt1_d2896_b1024,270,10,random_monic_lt1,2896,t17 d2896 b1024,-1,IsaRRI,-1,-1,SKIPPED(>=B9)
and17_random_monic_lt1_d2896_b1024,270,10,random_monic_lt1,2896,t17 d2896 b1024,-1,msolve,-1,-1,SKIPPED(>=B5)
and17_random_monic_lt1_d2896_b1024,270,10,random_monic_lt1,2896,t17 d2896 b1024,-1,anewdsc,6,1007.5990,OK
and17_random_monic_lt1_d2896_b1024,270,10,random_monic_lt1,2896,t17 d2896 b1024,-1,anewdsc_i0,-1,-1,SKIPPED(>=B9)
and17_random_monic_lt1_d2896_b1024,270,10,random_monic_lt1,2896,t17 d2896 b1024,-1,sage,-1,-1,SKIPPED(>=B6)
and17_random_monic_lt1_d2896_b1024,270,10,random_monic_lt1,2896,t17 d2896 b1024,-1,pari,-1,-1,SKIPPED(>=B5)
and17_random_monic_lt1_d2896_b1024,270,10,random_monic_lt1,2896,t17 d2896 b1024,-1,z3,-1,-1,SKIPPED(>=B5)
and17_random_monic_lt1_d2896_b1024,270,10,random_monic_lt1,2896,t17 d2896 b1024,-1,cgal,-1,-1,SKIPPED(>=B5)
and17_random_monic_lt1_d2896_b1024,270,10,random_monic_lt1,2896,t17 d2896 b1024,-1,libpoly,-1,-1,SKIPPED(>=B1)
and17_random_monic_lt1_d4096_b1024,271,11,random_monic_lt1,4096,t17 d4096 b1024,-1,IsaRRI,-1,-1,SKIPPED(>=B9)
and17_random_monic_lt1_d4096_b1024,271,11,random_monic_lt1,4096,t17 d4096 b1024,-1,msolve,-1,-1,SKIPPED(>=B5)
and17_random_monic_lt1_d4096_b1024,271,11,random_monic_lt1,4096,t17 d4096 b1024,-1,anewdsc,6,2915.7350,OK
and17_random_monic_lt1_d4096_b1024,271,11,random_monic_lt1,4096,t17 d4096 b1024,-1,anewdsc_i0,-1,-1,SKIPPED(>=B9)
and17_random_monic_lt1_d4096_b1024,271,11,random_monic_lt1,4096,t17 d4096 b1024,-1,sage,-1,-1,SKIPPED(>=B6)
and17_random_monic_lt1_d4096_b1024,271,11,random_monic_lt1,4096,t17 d4096 b1024,-1,pari,-1,-1,SKIPPED(>=B5)
and17_random_monic_lt1_d4096_b1024,271,11,random_monic_lt1,4096,t17 d4096 b1024,-1,z3,-1,-1,SKIPPED(>=B5)
and17_random_monic_lt1_d4096_b1024,271,11,random_monic_lt1,4096,t17 d4096 b1024,-1,cgal,-1,-1,SKIPPED(>=B5)
and17_random_monic_lt1_d4096_b1024,271,11,random_monic_lt1,4096,t17 d4096 b1024,-1,libpoly,-1,-1,SKIPPED(>=B1)
and17_random_monic_lt1_d5792_b1024,272,12,random_monic_lt1,5792,t17 d5792 b1024,-1,IsaRRI,-1,-1,SKIPPED(>=B9)
and17_random_monic_lt1_d5792_b1024,272,12,random_monic_lt1,5792,t17 d5792 b1024,-1,msolve,-1,-1,SKIPPED(>=B5)
and17_random_monic_lt1_d5792_b1024,272,12,random_monic_lt1,5792,t17 d5792 b1024,-1,anewdsc,6,8494.1810,OK
and17_random_monic_lt1_d5792_b1024,272,12,random_monic_lt1,5792,t17 d5792 b1024,-1,anewdsc_i0,-1,-1,SKIPPED(>=B9)
and17_random_monic_lt1_d5792_b1024,272,12,random_monic_lt1,5792,t17 d5792 b1024,-1,sage,-1,-1,SKIPPED(>=B6)
and17_random_monic_lt1_d5792_b1024,272,12,random_monic_lt1,5792,t17 d5792 b1024,-1,pari,-1,-1,SKIPPED(>=B5)
and17_random_monic_lt1_d5792_b1024,272,12,random_monic_lt1,5792,t17 d5792 b1024,-1,z3,-1,-1,SKIPPED(>=B5)
and17_random_monic_lt1_d5792_b1024,272,12,random_monic_lt1,5792,t17 d5792 b1024,-1,cgal,-1,-1,SKIPPED(>=B5)
and17_random_monic_lt1_d5792_b1024,272,12,random_monic_lt1,5792,t17 d5792 b1024,-1,libpoly,-1,-1,SKIPPED(>=B1)
and17_random_monic_lt1_d8192_b1024,273,13,random_monic_lt1,8192,t17 d8192 b1024,-1,IsaRRI,-1,-1,SKIPPED(>=B9)
and17_random_monic_lt1_d8192_b1024,273,13,random_monic_lt1,8192,t17 d8192 b1024,-1,msolve,-1,-1,SKIPPED(>=B5)
and17_random_monic_lt1_d8192_b1024,273,13,random_monic_lt1,8192,t17 d8192 b1024,-1,anewdsc,8,25139.6990,OK
and17_random_monic_lt1_d8192_b1024,273,13,random_monic_lt1,8192,t17 d8192 b1024,-1,anewdsc_i0,-1,-1,SKIPPED(>=B9)
and17_random_monic_lt1_d8192_b1024,273,13,random_monic_lt1,8192,t17 d8192 b1024,-1,sage,-1,-1,SKIPPED(>=B6)
and17_random_monic_lt1_d8192_b1024,273,13,random_monic_lt1,8192,t17 d8192 b1024,-1,pari,-1,-1,SKIPPED(>=B5)
and17_random_monic_lt1_d8192_b1024,273,13,random_monic_lt1,8192,t17 d8192 b1024,-1,z3,-1,-1,SKIPPED(>=B5)
and17_random_monic_lt1_d8192_b1024,273,13,random_monic_lt1,8192,t17 d8192 b1024,-1,cgal,-1,-1,SKIPPED(>=B5)
and17_random_monic_lt1_d8192_b1024,273,13,random_monic_lt1,8192,t17 d8192 b1024,-1,libpoly,-1,-1,SKIPPED(>=B1)
and17_random_monic_lt1_d11585_b1024,274,14,random_monic_lt1,11585,t17 d11585 b1024,-1,IsaRRI,-1,-1,SKIPPED(>=B9)
and17_random_monic_lt1_d11585_b1024,274,14,random_monic_lt1,11585,t17 d11585 b1024,-1,msolve,-1,-1,SKIPPED(>=B5)
and17_random_monic_lt1_d11585_b1024,274,14,random_monic_lt1,11585,t17 d11585 b1024,-1,anewdsc,11,127611.3270,OK
and17_random_monic_lt1_d11585_b1024,274,14,random_monic_lt1,11585,t17 d11585 b1024,-1,anewdsc_i0,-1,-1,SKIPPED(>=B9)
and17_random_monic_lt1_d11585_b1024,274,14,random_monic_lt1,11585,t17 d11585 b1024,-1,sage,-1,-1,SKIPPED(>=B6)
and17_random_monic_lt1_d11585_b1024,274,14,random_monic_lt1,11585,t17 d11585 b1024,-1,pari,-1,-1,SKIPPED(>=B5)
and17_random_monic_lt1_d11585_b1024,274,14,random_monic_lt1,11585,t17 d11585 b1024,-1,z3,-1,-1,SKIPPED(>=B5)
and17_random_monic_lt1_d11585_b1024,274,14,random_monic_lt1,11585,t17 d11585 b1024,-1,cgal,-1,-1,SKIPPED(>=B5)
and17_random_monic_lt1_d11585_b1024,274,14,random_monic_lt1,11585,t17 d11585 b1024,-1,libpoly,-1,-1,SKIPPED(>=B1)
and17_random_monic_lt1_d16384_b1024,275,15,random_monic_lt1,16384,t17 d16384 b1024,-1,IsaRRI,-1,-1,SKIPPED(>=B9)
and17_random_monic_lt1_d16384_b1024,275,15,random_monic_lt1,16384,t17 d16384 b1024,-1,msolve,-1,-1,SKIPPED(>=B5)
and17_random_monic_lt1_d16384_b1024,275,15,random_monic_lt1,16384,t17 d16384 b1024,-1,anewdsc,6,56636.2240,OK
and17_random_monic_lt1_d16384_b1024,275,15,random_monic_lt1,16384,t17 d16384 b1024,-1,anewdsc_i0,-1,-1,SKIPPED(>=B9)
and17_random_monic_lt1_d16384_b1024,275,15,random_monic_lt1,16384,t17 d16384 b1024,-1,sage,-1,-1,SKIPPED(>=B6)
and17_random_monic_lt1_d16384_b1024,275,15,random_monic_lt1,16384,t17 d16384 b1024,-1,pari,-1,-1,SKIPPED(>=B5)
and17_random_monic_lt1_d16384_b1024,275,15,random_monic_lt1,16384,t17 d16384 b1024,-1,z3,-1,-1,SKIPPED(>=B5)
and17_random_monic_lt1_d16384_b1024,275,15,random_monic_lt1,16384,t17 d16384 b1024,-1,cgal,-1,-1,SKIPPED(>=B5)
and17_random_monic_lt1_d16384_b1024,275,15,random_monic_lt1,16384,t17 d16384 b1024,-1,libpoly,-1,-1,SKIPPED(>=B1)
and17_random_monic_lt1_d23170_b1024,276,16,random_monic_lt1,23170,t17 d23170 b1024,-1,IsaRRI,-1,-1,SKIPPED(>=B9)
and17_random_monic_lt1_d23170_b1024,276,16,random_monic_lt1,23170,t17 d23170 b1024,-1,msolve,-1,-1,SKIPPED(>=B5)
and17_random_monic_lt1_d23170_b1024,276,16,random_monic_lt1,23170,t17 d23170 b1024,-1,anewdsc,-1,180000.0000,TIMEOUT
and17_random_monic_lt1_d23170_b1024,276,16,random_monic_lt1,23170,t17 d23170 b1024,-1,anewdsc_i0,-1,-1,SKIPPED(>=B9)
and17_random_monic_lt1_d23170_b1024,276,16,random_monic_lt1,23170,t17 d23170 b1024,-1,sage,-1,-1,SKIPPED(>=B6)
and17_random_monic_lt1_d23170_b1024,276,16,random_monic_lt1,23170,t17 d23170 b1024,-1,pari,-1,-1,SKIPPED(>=B5)
and17_random_monic_lt1_d23170_b1024,276,16,random_monic_lt1,23170,t17 d23170 b1024,-1,z3,-1,-1,SKIPPED(>=B5)
and17_random_monic_lt1_d23170_b1024,276,16,random_monic_lt1,23170,t17 d23170 b1024,-1,cgal,-1,-1,SKIPPED(>=B5)
and17_random_monic_lt1_d23170_b1024,276,16,random_monic_lt1,23170,t17 d23170 b1024,-1,libpoly,-1,-1,SKIPPED(>=B1)
and17_random_monic_lt1_d32768_b1024,277,17,random_monic_lt1,32768,t17 d32768 b1024,-1,IsaRRI,-1,-1,SKIPPED(>=B9)
and17_random_monic_lt1_d32768_b1024,277,17,random_monic_lt1,32768,t17 d32768 b1024,-1,msolve,-1,-1,SKIPPED(>=B5)
and17_random_monic_lt1_d32768_b1024,277,17,random_monic_lt1,32768,t17 d32768 b1024,-1,anewdsc,-1,-1,SKIPPED(>=B16)
and17_random_monic_lt1_d32768_b1024,277,17,random_monic_lt1,32768,t17 d32768 b1024,-1,anewdsc_i0,-1,-1,SKIPPED(>=B9)
and17_random_monic_lt1_d32768_b1024,277,17,random_monic_lt1,32768,t17 d32768 b1024,-1,sage,-1,-1,SKIPPED(>=B6)
and17_random_monic_lt1_d32768_b1024,277,17,random_monic_lt1,32768,t17 d32768 b1024,-1,pari,-1,-1,SKIPPED(>=B5)
and17_random_monic_lt1_d32768_b1024,277,17,random_monic_lt1,32768,t17 d32768 b1024,-1,z3,-1,-1,SKIPPED(>=B5)
and17_random_monic_lt1_d32768_b1024,277,17,random_monic_lt1,32768,t17 d32768 b1024,-1,cgal,-1,-1,SKIPPED(>=B5)
and17_random_monic_lt1_d32768_b1024,277,17,random_monic_lt1,32768,t17 d32768 b1024,-1,libpoly,-1,-1,SKIPPED(>=B1)
and14_resultant_d100_b2070,211,1,resultant,100,t14 d100 b2070,10,IsaRRI,10,1.3901,OK
and14_resultant_d100_b2070,211,1,resultant,100,t14 d100 b2070,10,msolve,10,1.2508,OK
and14_resultant_d100_b2070,211,1,resultant,100,t14 d100 b2070,10,anewdsc,10,5.9790,OK
and14_resultant_d100_b2070,211,1,resultant,100,t14 d100 b2070,10,anewdsc_i0,10,6.7840,OK
and14_resultant_d100_b2070,211,1,resultant,100,t14 d100 b2070,10,sage,10,71.2200,OK
and14_resultant_d100_b2070,211,1,resultant,100,t14 d100 b2070,10,pari,10,1.6811,OK
and14_resultant_d100_b2070,211,1,resultant,100,t14 d100 b2070,10,z3,10,4.5490,OK
and14_resultant_d100_b2070,211,1,resultant,100,t14 d100 b2070,10,cgal,10,10.8577,OK
and14_resultant_d100_b2070,211,1,resultant,100,t14 d100 b2070,10,libpoly,10,541.3720,OK
and14_resultant_d144_b2076,212,2,resultant,144,t14 d144 b2076,4,IsaRRI,4,1.2894,OK
and14_resultant_d144_b2076,212,2,resultant,144,t14 d144 b2076,4,msolve,4,1.2323,OK
and14_resultant_d144_b2076,212,2,resultant,144,t14 d144 b2076,4,anewdsc,4,2.3740,OK
and14_resultant_d144_b2076,212,2,resultant,144,t14 d144 b2076,4,anewdsc_i0,4,7.7410,OK
and14_resultant_d144_b2076,212,2,resultant,144,t14 d144 b2076,4,sage,4,76.8020,OK
and14_resultant_d144_b2076,212,2,resultant,144,t14 d144 b2076,4,pari,4,1.7295,OK
and14_resultant_d144_b2076,212,2,resultant,144,t14 d144 b2076,4,z3,4,4.5992,OK
and14_resultant_d144_b2076,212,2,resultant,144,t14 d144 b2076,4,cgal,4,14.4370,OK
and14_resultant_d144_b2076,212,2,resultant,144,t14 d144 b2076,4,libpoly,4,2503.8500,OK
and14_resultant_d196_b2094,213,3,resultant,196,t14 d196 b2094,6,IsaRRI,6,4.6674,OK
and14_resultant_d196_b2094,213,3,resultant,196,t14 d196 b2094,6,msolve,6,4.2220,OK
and14_resultant_d196_b2094,213,3,resultant,196,t14 d196 b2094,6,anewdsc,6,13.8360,OK
and14_resultant_d196_b2094,213,3,resultant,196,t14 d196 b2094,6,anewdsc_i0,6,20.1900,OK
and14_resultant_d196_b2094,213,3,resultant,196,t14 d196 b2094,6,sage,6,99.5090,OK
and14_resultant_d196_b2094,213,3,resultant,196,t14 d196 b2094,6,pari,6,5.6963,OK
and14_resultant_d196_b2094,213,3,resultant,196,t14 d196 b2094,6,z3,6,21.2637,OK
and14_resultant_d196_b2094,213,3,resultant,196,t14 d196 b2094,6,cgal,6,52.2307,OK
and14_resultant_d196_b2094,213,3,resultant,196,t14 d196 b2094,6,libpoly,6,8711.9200,OK
and14_resultant_d256_b2108,214,4,resultant,256,t14 d256 b2108,8,IsaRRI,8,7.8561,OK
and14_resultant_d256_b2108,214,4,resultant,256,t14 d256 b2108,8,msolve,8,6.5757,OK
and14_resultant_d256_b2108,214,4,resultant,256,t14 d256 b2108,8,anewdsc,8,24.3070,OK
and14_resultant_d256_b2108,214,4,resultant,256,t14 d256 b2108,8,anewdsc_i0,8,32.7630,OK
and14_resultant_d256_b2108,214,4,resultant,256,t14 d256 b2108,8,sage,8,106.0980,OK
and14_resultant_d256_b2108,214,4,resultant,256,t14 d256 b2108,8,pari,8,11.3255,OK
and14_resultant_d256_b2108,214,4,resultant,256,t14 d256 b2108,8,z3,8,35.1679,OK
and14_resultant_d256_b2108,214,4,resultant,256,t14 d256 b2108,8,cgal,8,83.3493,OK
and14_resultant_d256_b2108,214,4,resultant,256,t14 d256 b2108,8,libpoly,8,25368.5000,OK
and14_resultant_d324_b2086,215,5,resultant,324,t14 d324 b2086,6,IsaRRI,6,24.4787,OK
and14_resultant_d324_b2086,215,5,resultant,324,t14 d324 b2086,6,msolve,6,26.6455,OK
and14_resultant_d324_b2086,215,5,resultant,324,t14 d324 b2086,6,anewdsc,6,66.6450,OK
and14_resultant_d324_b2086,215,5,resultant,324,t14 d324 b2086,6,anewdsc_i0,6,94.6240,OK
and14_resultant_d324_b2086,215,5,resultant,324,t14 d324 b2086,6,sage,6,180.8700,OK
and14_resultant_d324_b2086,215,5,resultant,324,t14 d324 b2086,6,pari,6,38.0821,OK
and14_resultant_d324_b2086,215,5,resultant,324,t14 d324 b2086,6,z3,6,159.5050,OK
and14_resultant_d324_b2086,215,5,resultant,324,t14 d324 b2086,6,cgal,6,255.8530,OK
and14_resultant_d324_b2086,215,5,resultant,324,t14 d324 b2086,6,libpoly,6,64284.4000,OK
and14_resultant_d400_b2126,216,6,resultant,400,t14 d400 b2126,6,IsaRRI,6,20.1444,OK
and14_resultant_d400_b2126,216,6,resultant,400,t14 d400 b2126,6,msolve,6,10.5164,OK
and14_resultant_d400_b2126,216,6,resultant,400,t14 d400 b2126,6,anewdsc,6,25.0180,OK
and14_resultant_d400_b2126,216,6,resultant,400,t14 d400 b2126,6,anewdsc_i0,6,55.1510,OK
and14_resultant_d400_b2126,216,6,resultant,400,t14 d400 b2126,6,sage,6,190.2680,OK
and14_resultant_d400_b2126,216,6,resultant,400,t14 d400 b2126,6,pari,6,17.7559,OK
and14_resultant_d400_b2126,216,6,resultant,400,t14 d400 b2126,6,z3,6,112.5330,OK
and14_resultant_d400_b2126,216,6,resultant,400,t14 d400 b2126,6,cgal,6,217.3680,OK
and14_resultant_d400_b2126,216,6,resultant,400,t14 d400 b2126,6,libpoly,6,143711.0000,OK
and14_resultant_d484_b2125,217,7,resultant,484,t14 d484 b2125,8,IsaRRI,8,32.5655,OK
and14_resultant_d484_b2125,217,7,resultant,484,t14 d484 b2125,8,msolve,8,25.5225,OK
and14_resultant_d484_b2125,217,7,resultant,484,t14 d484 b2125,8,anewdsc,8,72.9670,OK
and14_resultant_d484_b2125,217,7,resultant,484,t14 d484 b2125,8,anewdsc_i0,8,113.3320,OK
and14_resultant_d484_b2125,217,7,resultant,484,t14 d484 b2125,8,sage,8,215.8810,OK
and14_resultant_d484_b2125,217,7,resultant,484,t14 d484 b2125,8,pari,8,42.2500,OK
and14_resultant_d484_b2125,217,7,resultant,484,t14 d484 b2125,8,z3,8,210.4370,OK
and14_resultant_d484_b2125,217,7,resultant,484,t14 d484 b2125,8,cgal,8,319.9860,OK
and14_resultant_d484_b2125,217,7,resultant,484,t14 d484 b2125,8,libpoly,-1,180000.0000,TIMEOUT
and14_resultant_d576_b2125,218,8,resultant,576,t14 d576 b2125,10,IsaRRI,10,116.4970,OK
and14_resultant_d576_b2125,218,8,resultant,576,t14 d576 b2125,10,msolve,10,101.5710,OK
and14_resultant_d576_b2125,218,8,resultant,576,t14 d576 b2125,10,anewdsc,10,216.5120,OK
and14_resultant_d576_b2125,218,8,resultant,576,t14 d576 b2125,10,anewdsc_i0,10,307.3970,OK
and14_resultant_d576_b2125,218,8,resultant,576,t14 d576 b2125,10,sage,10,519.6760,OK
and14_resultant_d576_b2125,218,8,resultant,576,t14 d576 b2125,10,pari,10,176.7110,OK
and14_resultant_d576_b2125,218,8,resultant,576,t14 d576 b2125,10,z3,10,1078.5600,OK
and14_resultant_d576_b2125,218,8,resultant,576,t14 d576 b2125,10,cgal,10,1019.1400,OK
and14_resultant_d576_b2125,218,8,resultant,576,t14 d576 b2125,10,libpoly,-1,-1,SKIPPED(>=B7)
and14_resultant_d676_b2157,219,9,resultant,676,t14 d676 b2157,12,IsaRRI,12,175.9360,OK
and14_resultant_d676_b2157,219,9,resultant,676,t14 d676 b2157,12,msolve,12,124.5620,OK
and14_resultant_d676_b2157,219,9,resultant,676,t14 d676 b2157,12,anewdsc,12,363.9390,OK
and14_resultant_d676_b2157,219,9,resultant,676,t14 d676 b2157,12,anewdsc_i0,12,429.0530,OK
and14_resultant_d676_b2157,219,9,resultant,676,t14 d676 b2157,12,sage,12,396.4100,OK
and14_resultant_d676_b2157,219,9,resultant,676,t14 d676 b2157,12,pari,12,278.5480,OK
and14_resultant_d676_b2157,219,9,resultant,676,t14 d676 b2157,12,z3,12,1432.9700,OK
and14_resultant_d676_b2157,219,9,resultant,676,t14 d676 b2157,12,cgal,12,1359.3500,OK
and14_resultant_d676_b2157,219,9,resultant,676,t14 d676 b2157,12,libpoly,-1,-1,SKIPPED(>=B7)
and14_resultant_d784_b2160,220,10,resultant,784,t14 d784 b2160,10,IsaRRI,10,219.9800,OK
and14_resultant_d784_b2160,220,10,resultant,784,t14 d784 b2160,10,msolve,10,136.1280,OK
and14_resultant_d784_b2160,220,10,resultant,784,t14 d784 b2160,10,anewdsc,10,245.7800,OK
and14_resultant_d784_b2160,220,10,resultant,784,t14 d784 b2160,10,anewdsc_i0,10,365.9220,OK
and14_resultant_d784_b2160,220,10,resultant,784,t14 d784 b2160,10,sage,10,588.6290,OK
and14_resultant_d784_b2160,220,10,resultant,784,t14 d784 b2160,10,pari,10,201.3840,OK
and14_resultant_d784_b2160,220,10,resultant,784,t14 d784 b2160,10,z3,10,1414.6900,OK
and14_resultant_d784_b2160,220,10,resultant,784,t14 d784 b2160,10,cgal,10,1406.2500,OK
and14_resultant_d784_b2160,220,10,resultant,784,t14 d784 b2160,10,libpoly,-1,-1,SKIPPED(>=B7)
and14_resultant_d900_b2195,221,11,resultant,900,t14 d900 b2195,10,IsaRRI,10,406.1470,OK
and14_resultant_d900_b2195,221,11,resultant,900,t14 d900 b2195,10,msolve,10,247.5600,OK
and14_resultant_d900_b2195,221,11,resultant,900,t14 d900 b2195,10,anewdsc,10,457.0800,OK
and14_resultant_d900_b2195,221,11,resultant,900,t14 d900 b2195,10,anewdsc_i0,10,609.7860,OK
and14_resultant_d900_b2195,221,11,resultant,900,t14 d900 b2195,10,sage,10,872.2660,OK
and14_resultant_d900_b2195,221,11,resultant,900,t14 d900 b2195,10,pari,10,443.3460,OK
and14_resultant_d900_b2195,221,11,resultant,900,t14 d900 b2195,10,z3,10,3558.5200,OK
and14_resultant_d900_b2195,221,11,resultant,900,t14 d900 b2195,10,cgal,10,2934.9800,OK
and14_resultant_d900_b2195,221,11,resultant,900,t14 d900 b2195,10,libpoly,-1,-1,SKIPPED(>=B7)
and14_resultant_d1024_b2216,222,12,resultant,1024,t14 d1024 b2216,8,IsaRRI,8,373.8820,OK
and14_resultant_d1024_b2216,222,12,resultant,1024,t14 d1024 b2216,8,msolve,8,142.2100,OK
and14_resultant_d1024_b2216,222,12,resultant,1024,t14 d1024 b2216,8,anewdsc,8,269.9290,OK
and14_resultant_d1024_b2216,222,12,resultant,1024,t14 d1024 b2216,8,anewdsc_i0,8,475.3780,OK
and14_resultant_d1024_b2216,222,12,resultant,1024,t14 d1024 b2216,8,sage,8,1153.9310,OK
and14_resultant_d1024_b2216,222,12,resultant,1024,t14 d1024 b2216,8,pari,8,264.6580,OK
and14_resultant_d1024_b2216,222,12,resultant,1024,t14 d1024 b2216,8,z3,8,2148.5800,OK
and14_resultant_d1024_b2216,222,12,resultant,1024,t14 d1024 b2216,8,cgal,8,2278.5900,OK
and14_resultant_d1024_b2216,222,12,resultant,1024,t14 d1024 b2216,8,libpoly,-1,-1,SKIPPED(>=B7)
and14_resultant_d1156_b2221,223,13,resultant,1156,t14 d1156 b2221,12,IsaRRI,12,440.3280,OK
and14_resultant_d1156_b2221,223,13,resultant,1156,t14 d1156 b2221,12,msolve,12,232.0860,OK
and14_resultant_d1156_b2221,223,13,resultant,1156,t14 d1156 b2221,12,anewdsc,12,468.4680,OK
and14_resultant_d1156_b2221,223,13,resultant,1156,t14 d1156 b2221,12,anewdsc_i0,12,714.7830,OK
and14_resultant_d1156_b2221,223,13,resultant,1156,t14 d1156 b2221,12,sage,12,1556.3660,OK
and14_resultant_d1156_b2221,223,13,resultant,1156,t14 d1156 b2221,12,pari,12,420.5710,OK
and14_resultant_d1156_b2221,223,13,resultant,1156,t14 d1156 b2221,12,z3,12,2747.8000,OK
and14_resultant_d1156_b2221,223,13,resultant,1156,t14 d1156 b2221,12,cgal,12,2595.4800,OK
and14_resultant_d1156_b2221,223,13,resultant,1156,t14 d1156 b2221,12,libpoly,-1,-1,SKIPPED(>=B7)
and14_resultant_d1296_b2228,224,14,resultant,1296,t14 d1296 b2228,20,IsaRRI,20,1222.4500,OK
and14_resultant_d1296_b2228,224,14,resultant,1296,t14 d1296 b2228,20,msolve,20,610.0240,OK
and14_resultant_d1296_b2228,224,14,resultant,1296,t14 d1296 b2228,20,anewdsc,20,1312.8760,OK
and14_resultant_d1296_b2228,224,14,resultant,1296,t14 d1296 b2228,20,anewdsc_i0,20,1538.5430,OK
and14_resultant_d1296_b2228,224,14,resultant,1296,t14 d1296 b2228,20,sage,20,1631.3530,OK
and14_resultant_d1296_b2228,224,14,resultant,1296,t14 d1296 b2228,20,pari,20,1621.1400,OK
and14_resultant_d1296_b2228,224,14,resultant,1296,t14 d1296 b2228,20,z3,20,9954.7400,OK
and14_resultant_d1296_b2228,224,14,resultant,1296,t14 d1296 b2228,20,cgal,20,8267.0900,OK
and14_resultant_d1296_b2228,224,14,resultant,1296,t14 d1296 b2228,20,libpoly,-1,-1,SKIPPED(>=B7)
and14_resultant_d1444_b2205,225,15,resultant,1444,t14 d1444 b2205,12,IsaRRI,12,1315.2700,OK
and14_resultant_d1444_b2205,225,15,resultant,1444,t14 d1444 b2205,12,msolve,12,550.4870,OK
and14_resultant_d1444_b2205,225,15,resultant,1444,t14 d1444 b2205,12,anewdsc,12,1213.8720,OK
and14_resultant_d1444_b2205,225,15,resultant,1444,t14 d1444 b2205,12,anewdsc_i0,12,1507.1890,OK
and14_resultant_d1444_b2205,225,15,resultant,1444,t14 d1444 b2205,12,sage,12,2441.6230,OK
and14_resultant_d1444_b2205,225,15,resultant,1444,t14 d1444 b2205,12,pari,12,1166.5300,OK
and14_resultant_d1444_b2205,225,15,resultant,1444,t14 d1444 b2205,12,z3,12,8681.1400,OK
and14_resultant_d1444_b2205,225,15,resultant,1444,t14 d1444 b2205,12,cgal,12,9336.9500,OK
and14_resultant_d1444_b2205,225,15,resultant,1444,t14 d1444 b2205,12,libpoly,-1,-1,SKIPPED(>=B7)
and14_resultant_d1600_b2243,226,16,resultant,1600,t14 d1600 b2243,10,IsaRRI,10,1511.6000,OK
and14_resultant_d1600_b2243,226,16,resultant,1600,t14 d1600 b2243,10,msolve,10,641.2500,OK
and14_resultant_d1600_b2243,226,16,resultant,1600,t14 d1600 b2243,10,anewdsc,10,1347.9110,OK
and14_resultant_d1600_b2243,226,16,resultant,1600,t14 d1600 b2243,10,anewdsc_i0,10,18136.3290,OK
and14_resultant_d1600_b2243,226,16,resultant,1600,t14 d1600 b2243,10,sage,10,3283.1000,OK
and14_resultant_d1600_b2243,226,16,resultant,1600,t14 d1600 b2243,10,pari,10,1532.2100,OK
and14_resultant_d1600_b2243,226,16,resultant,1600,t14 d1600 b2243,10,z3,10,11935.8000,OK
and14_resultant_d1600_b2243,226,16,resultant,1600,t14 d1600 b2243,10,cgal,10,9766.8200,OK
and14_resultant_d1600_b2243,226,16,resultant,1600,t14 d1600 b2243,10,libpoly,-1,-1,SKIPPED(>=B7)
and19_wilkinson_d128_b721,287,1,wilkinson,128,t19 d128 b721,128,IsaRRI,128,11.2213,OK
and19_wilkinson_d128_b721,287,1,wilkinson,128,t19 d128 b721,128,msolve,128,3.7638,OK
and19_wilkinson_d128_b721,287,1,wilkinson,128,t19 d128 b721,128,anewdsc,128,87.7250,OK
and19_wilkinson_d128_b721,287,1,wilkinson,128,t19 d128 b721,128,anewdsc_i0,128,107.0310,OK
and19_wilkinson_d128_b721,287,1,wilkinson,128,t19 d128 b721,128,sage,128,81.2660,OK
and19_wilkinson_d128_b721,287,1,wilkinson,128,t19 d128 b721,128,pari,128,1.3313,OK
and19_wilkinson_d128_b721,287,1,wilkinson,128,t19 d128 b721,128,z3,128,59.8374,OK
and19_wilkinson_d128_b721,287,1,wilkinson,128,t19 d128 b721,128,cgal,128,166.0840,OK
and19_wilkinson_d128_b721,287,1,wilkinson,128,t19 d128 b721,128,libpoly,128,21.8654,OK
and19_wilkinson_d181_b1107,288,2,wilkinson,181,t19 d181 b1107,181,IsaRRI,181,35.2621,OK
and19_wilkinson_d181_b1107,288,2,wilkinson,181,t19 d181 b1107,181,msolve,181,8.9636,OK
and19_wilkinson_d181_b1107,288,2,wilkinson,181,t19 d181 b1107,181,anewdsc,181,258.2110,OK
and19_wilkinson_d181_b1107,288,2,wilkinson,181,t19 d181 b1107,181,anewdsc_i0,181,230.4610,OK
and19_wilkinson_d181_b1107,288,2,wilkinson,181,t19 d181 b1107,181,sage,181,127.1360,OK
and19_wilkinson_d181_b1107,288,2,wilkinson,181,t19 d181 b1107,181,pari,181,2.2849,OK
and19_wilkinson_d181_b1107,288,2,wilkinson,181,t19 d181 b1107,181,z3,181,205.4000,OK
and19_wilkinson_d181_b1107,288,2,wilkinson,181,t19 d181 b1107,181,cgal,181,500.7960,OK
and19_wilkinson_d181_b1107,288,2,wilkinson,181,t19 d181 b1107,181,libpoly,181,63.7958,OK
and19_wilkinson_d256_b1690,289,3,wilkinson,256,t19 d256 b1690,256,IsaRRI,256,126.8550,OK
and19_wilkinson_d256_b1690,289,3,wilkinson,256,t19 d256 b1690,256,msolve,256,26.0175,OK
and19_wilkinson_d256_b1690,289,3,wilkinson,256,t19 d256 b1690,256,anewdsc,256,835.8760,OK
and19_wilkinson_d256_b1690,289,3,wilkinson,256,t19 d256 b1690,256,anewdsc_i0,256,1208.7320,OK
and19_wilkinson_d256_b1690,289,3,wilkinson,256,t19 d256 b1690,256,sage,256,212.8450,OK
and19_wilkinson_d256_b1690,289,3,wilkinson,256,t19 d256 b1690,256,pari,256,4.3951,OK
and19_wilkinson_d256_b1690,289,3,wilkinson,256,t19 d256 b1690,256,z3,256,745.2030,OK
and19_wilkinson_d256_b1690,289,3,wilkinson,256,t19 d256 b1690,256,cgal,256,1659.9800,OK
and19_wilkinson_d256_b1690,289,3,wilkinson,256,t19 d256 b1690,256,libpoly,256,181.6530,OK
and19_wilkinson_d362_b2567,290,4,wilkinson,362,t19 d362 b2567,362,IsaRRI,362,492.7240,OK
and19_wilkinson_d362_b2567,290,4,wilkinson,362,t19 d362 b2567,362,msolve,362,85.1577,OK
and19_wilkinson_d362_b2567,290,4,wilkinson,362,t19 d362 b2567,362,anewdsc,362,5260.3340,OK
and19_wilkinson_d362_b2567,290,4,wilkinson,362,t19 d362 b2567,362,anewdsc_i0,362,11522.4840,OK
and19_wilkinson_d362_b2567,290,4,wilkinson,362,t19 d362 b2567,362,sage,362,376.6830,OK
and19_wilkinson_d362_b2567,290,4,wilkinson,362,t19 d362 b2567,362,pari,362,9.3010,OK
and19_wilkinson_d362_b2567,290,4,wilkinson,362,t19 d362 b2567,362,z3,362,3608.4200,OK
and19_wilkinson_d362_b2567,290,4,wilkinson,362,t19 d362 b2567,362,cgal,362,5337.7300,OK
and19_wilkinson_d362_b2567,290,4,wilkinson,362,t19 d362 b2567,362,libpoly,362,579.3050,OK
and19_wilkinson_d512_b3882,291,5,wilkinson,512,t19 d512 b3882,512,IsaRRI,512,1910.6900,OK
and19_wilkinson_d512_b3882,291,5,wilkinson,512,t19 d512 b3882,512,msolve,512,247.6460,OK
and19_wilkinson_d512_b3882,291,5,wilkinson,512,t19 d512 b3882,512,anewdsc,512,12467.8570,OK
and19_wilkinson_d512_b3882,291,5,wilkinson,512,t19 d512 b3882,512,anewdsc_i0,512,61315.0570,OK
and19_wilkinson_d512_b3882,291,5,wilkinson,512,t19 d512 b3882,512,sage,512,894.4740,OK
and19_wilkinson_d512_b3882,291,5,wilkinson,512,t19 d512 b3882,512,pari,512,19.9749,OK
and19_wilkinson_d512_b3882,291,5,wilkinson,512,t19 d512 b3882,512,z3,512,14067.1000,OK
and19_wilkinson_d512_b3882,291,5,wilkinson,512,t19 d512 b3882,512,cgal,512,18087.1000,OK
and19_wilkinson_d512_b3882,291,5,wilkinson,512,t19 d512 b3882,512,libpoly,512,1892.0300,OK
and19_wilkinson_d724_b5847,292,6,wilkinson,724,t19 d724 b5847,724,IsaRRI,724,8216.8800,OK
and19_wilkinson_d724_b5847,292,6,wilkinson,724,t19 d724 b5847,724,msolve,724,866.1500,OK
and19_wilkinson_d724_b5847,292,6,wilkinson,724,t19 d724 b5847,724,anewdsc,724,112945.0230,OK
and19_wilkinson_d724_b5847,292,6,wilkinson,724,t19 d724 b5847,724,anewdsc_i0,724,88994.4610,OK
and19_wilkinson_d724_b5847,292,6,wilkinson,724,t19 d724 b5847,724,sage,724,1383.9180,OK
and19_wilkinson_d724_b5847,292,6,wilkinson,724,t19 d724 b5847,724,pari,724,42.5389,OK
and19_wilkinson_d724_b5847,292,6,wilkinson,724,t19 d724 b5847,724,z3,724,54709.3000,OK
and19_wilkinson_d724_b5847,292,6,wilkinson,724,t19 d724 b5847,724,cgal,724,66528.4000,OK
and19_wilkinson_d724_b5847,292,6,wilkinson,724,t19 d724 b5847,724,libpoly,724,6568.8200,OK
and19_wilkinson_d1024_b8777,293,7,wilkinson,1024,t19 d1024 b8777,1024,IsaRRI,1024,32620.5000,OK
and19_wilkinson_d1024_b8777,293,7,wilkinson,1024,t19 d1024 b8777,1024,msolve,1024,2634.2700,OK
and19_wilkinson_d1024_b8777,293,7,wilkinson,1024,t19 d1024 b8777,1024,anewdsc,1024,157855.7480,OK
and19_wilkinson_d1024_b8777,293,7,wilkinson,1024,t19 d1024 b8777,1024,anewdsc_i0,-1,180000.0000,TIMEOUT
and19_wilkinson_d1024_b8777,293,7,wilkinson,1024,t19 d1024 b8777,1024,sage,1024,5451.8490,OK
and19_wilkinson_d1024_b8777,293,7,wilkinson,1024,t19 d1024 b8777,1024,pari,1024,95.5875,OK
and19_wilkinson_d1024_b8777,293,7,wilkinson,1024,t19 d1024 b8777,1024,z3,-1,180000.0000,TIMEOUT
and19_wilkinson_d1024_b8777,293,7,wilkinson,1024,t19 d1024 b8777,1024,cgal,-1,180000.0000,TIMEOUT
and19_wilkinson_d1024_b8777,293,7,wilkinson,1024,t19 d1024 b8777,1024,libpoly,1024,24565.2000,OK
and19_wilkinson_d1448_b13130,294,8,wilkinson,1448,t19 d1448 b13130,1448,IsaRRI,1448,136625.0000,OK
and19_wilkinson_d1448_b13130,294,8,wilkinson,1448,t19 d1448 b13130,1448,msolve,1448,8654.6900,OK
and19_wilkinson_d1448_b13130,294,8,wilkinson,1448,t19 d1448 b13130,1448,anewdsc,-1,180000.0000,TIMEOUT
and19_wilkinson_d1448_b13130,294,8,wilkinson,1448,t19 d1448 b13130,1448,anewdsc_i0,-1,-1,SKIPPED(>=B7)
and19_wilkinson_d1448_b13130,294,8,wilkinson,1448,t19 d1448 b13130,1448,sage,1448,15965.2410,OK
and19_wilkinson_d1448_b13130,294,8,wilkinson,1448,t19 d1448 b13130,1448,pari,1448,220.1540,OK
and19_wilkinson_d1448_b13130,294,8,wilkinson,1448,t19 d1448 b13130,1448,z3,-1,-1,SKIPPED(>=B7)
and19_wilkinson_d1448_b13130,294,8,wilkinson,1448,t19 d1448 b13130,1448,cgal,-1,-1,SKIPPED(>=B7)
and19_wilkinson_d1448_b13130,294,8,wilkinson,1448,t19 d1448 b13130,1448,libpoly,1448,96227.4000,OK
and19_wilkinson_d2048_b19589,295,9,wilkinson,2048,t19 d2048 b19589,2048,IsaRRI,-1,180000.0000,TIMEOUT
and19_wilkinson_d2048_b19589,295,9,wilkinson,2048,t19 d2048 b19589,2048,msolve,2048,26720.1000,OK
and19_wilkinson_d2048_b19589,295,9,wilkinson,2048,t19 d2048 b19589,2048,anewdsc,-1,-1,SKIPPED(>=B8)
and19_wilkinson_d2048_b19589,295,9,wilkinson,2048,t19 d2048 b19589,2048,anewdsc_i0,-1,-1,SKIPPED(>=B7)
and19_wilkinson_d2048_b19589,295,9,wilkinson,2048,t19 d2048 b19589,2048,sage,2048,46547.6200,OK
and19_wilkinson_d2048_b19589,295,9,wilkinson,2048,t19 d2048 b19589,2048,pari,2048,525.3310,OK
and19_wilkinson_d2048_b19589,295,9,wilkinson,2048,t19 d2048 b19589,2048,z3,-1,-1,SKIPPED(>=B7)
and19_wilkinson_d2048_b19589,295,9,wilkinson,2048,t19 d2048 b19589,2048,cgal,-1,-1,SKIPPED(>=B7)
and19_wilkinson_d2048_b19589,295,9,wilkinson,2048,t19 d2048 b19589,2048,libpoly,-1,180000.0000,TIMEOUT
and18_wilkinson_like_d128_b888,278,1,wilkinson_like,128,t18 d128 b888,128,IsaRRI,128,16.8965,OK
and18_wilkinson_like_d128_b888,278,1,wilkinson_like,128,t18 d128 b888,128,msolve,128,11.5880,OK
and18_wilkinson_like_d128_b888,278,1,wilkinson_like,128,t18 d128 b888,128,anewdsc,128,78.9310,OK
and18_wilkinson_like_d128_b888,278,1,wilkinson_like,128,t18 d128 b888,128,anewdsc_i0,128,69.4670,OK
and18_wilkinson_like_d128_b888,278,1,wilkinson_like,128,t18 d128 b888,128,sage,128,81.6280,OK
and18_wilkinson_like_d128_b888,278,1,wilkinson_like,128,t18 d128 b888,128,pari,128,11.4387,OK
and18_wilkinson_like_d128_b888,278,1,wilkinson_like,128,t18 d128 b888,128,z3,128,126.7160,OK
and18_wilkinson_like_d128_b888,278,1,wilkinson_like,128,t18 d128 b888,128,cgal,128,164.7270,OK
and18_wilkinson_like_d128_b888,278,1,wilkinson_like,128,t18 d128 b888,128,libpoly,128,54.4952,OK
and18_wilkinson_like_d181_b1248,279,2,wilkinson_like,181,t18 d181 b1248,181,IsaRRI,181,44.8146,OK
and18_wilkinson_like_d181_b1248,279,2,wilkinson_like,181,t18 d181 b1248,181,msolve,181,44.6582,OK
and18_wilkinson_like_d181_b1248,279,2,wilkinson_like,181,t18 d181 b1248,181,anewdsc,181,193.3660,OK
and18_wilkinson_like_d181_b1248,279,2,wilkinson_like,181,t18 d181 b1248,181,anewdsc_i0,181,195.4240,OK
and18_wilkinson_like_d181_b1248,279,2,wilkinson_like,181,t18 d181 b1248,181,sage,181,121.3730,OK
and18_wilkinson_like_d181_b1248,279,2,wilkinson_like,181,t18 d181 b1248,181,pari,181,28.8294,OK
and18_wilkinson_like_d181_b1248,279,2,wilkinson_like,181,t18 d181 b1248,181,z3,181,539.9540,OK
and18_wilkinson_like_d181_b1248,279,2,wilkinson_like,181,t18 d181 b1248,181,cgal,181,519.5900,OK
and18_wilkinson_like_d181_b1248,279,2,wilkinson_like,181,t18 d181 b1248,181,libpoly,181,149.6750,OK
and18_wilkinson_like_d256_b2189,280,3,wilkinson_like,256,t18 d256 b2189,256,IsaRRI,256,122.0360,OK
and18_wilkinson_like_d256_b2189,280,3,wilkinson_like,256,t18 d256 b2189,256,msolve,256,141.4900,OK
and18_wilkinson_like_d256_b2189,280,3,wilkinson_like,256,t18 d256 b2189,256,anewdsc,256,721.8890,OK
and18_wilkinson_like_d256_b2189,280,3,wilkinson_like,256,t18 d256 b2189,256,anewdsc_i0,256,599.5640,OK
and18_wilkinson_like_d256_b2189,280,3,wilkinson_like,256,t18 d256 b2189,256,sage,256,168.5250,OK
and18_wilkinson_like_d256_b2189,280,3,wilkinson_like,256,t18 d256 b2189,256,pari,256,95.1331,OK
and18_wilkinson_like_d256_b2189,280,3,wilkinson_like,256,t18 d256 b2189,256,z3,256,2553.9100,OK
and18_wilkinson_like_d256_b2189,280,3,wilkinson_like,256,t18 d256 b2189,256,cgal,256,1676.8500,OK
and18_wilkinson_like_d256_b2189,280,3,wilkinson_like,256,t18 d256 b2189,256,libpoly,256,487.1320,OK
and18_wilkinson_like_d362_b2968,281,4,wilkinson_like,362,t18 d362 b2968,362,IsaRRI,362,353.9500,OK
and18_wilkinson_like_d362_b2968,281,4,wilkinson_like,362,t18 d362 b2968,362,msolve,362,525.9100,OK
and18_wilkinson_like_d362_b2968,281,4,wilkinson_like,362,t18 d362 b2968,362,anewdsc,362,1745.8300,OK
and18_wilkinson_like_d362_b2968,281,4,wilkinson_like,362,t18 d362 b2968,362,anewdsc_i0,362,2089.4860,OK
and18_wilkinson_like_d362_b2968,281,4,wilkinson_like,362,t18 d362 b2968,362,sage,362,342.8300,OK
and18_wilkinson_like_d362_b2968,281,4,wilkinson_like,362,t18 d362 b2968,362,pari,362,229.5320,OK
and18_wilkinson_like_d362_b2968,281,4,wilkinson_like,362,t18 d362 b2968,362,z3,362,8705.8900,OK
and18_wilkinson_like_d362_b2968,281,4,wilkinson_like,362,t18 d362 b2968,362,cgal,362,5452.0400,OK
and18_wilkinson_like_d362_b2968,281,4,wilkinson_like,362,t18 d362 b2968,362,libpoly,362,1556.0800,OK
and18_wilkinson_like_d512_b4394,282,5,wilkinson_like,512,t18 d512 b4394,512,IsaRRI,512,1091.9200,OK
and18_wilkinson_like_d512_b4394,282,5,wilkinson_like,512,t18 d512 b4394,512,msolve,512,1369.0200,OK
and18_wilkinson_like_d512_b4394,282,5,wilkinson_like,512,t18 d512 b4394,512,anewdsc,512,8229.5610,OK
and18_wilkinson_like_d512_b4394,282,5,wilkinson_like,512,t18 d512 b4394,512,anewdsc_i0,512,7082.8130,OK
and18_wilkinson_like_d512_b4394,282,5,wilkinson_like,512,t18 d512 b4394,512,sage,512,850.0480,OK
and18_wilkinson_like_d512_b4394,282,5,wilkinson_like,512,t18 d512 b4394,512,pari,512,683.0780,OK
and18_wilkinson_like_d512_b4394,282,5,wilkinson_like,512,t18 d512 b4394,512,z3,512,31657.9000,OK
and18_wilkinson_like_d512_b4394,282,5,wilkinson_like,512,t18 d512 b4394,512,cgal,512,18297.4000,OK
and18_wilkinson_like_d512_b4394,282,5,wilkinson_like,512,t18 d512 b4394,512,libpoly,512,5319.7400,OK
and18_wilkinson_like_d724_b6763,283,6,wilkinson_like,724,t18 d724 b6763,724,IsaRRI,724,4311.3700,OK
and18_wilkinson_like_d724_b6763,283,6,wilkinson_like,724,t18 d724 b6763,724,msolve,724,7029.2400,OK
and18_wilkinson_like_d724_b6763,283,6,wilkinson_like,724,t18 d724 b6763,724,anewdsc,724,22440.7640,OK
and18_wilkinson_like_d724_b6763,283,6,wilkinson_like,724,t18 d724 b6763,724,anewdsc_i0,724,91177.1970,OK
and18_wilkinson_like_d724_b6763,283,6,wilkinson_like,724,t18 d724 b6763,724,sage,724,1601.9090,OK
and18_wilkinson_like_d724_b6763,283,6,wilkinson_like,724,t18 d724 b6763,724,pari,724,2180.4100,OK
and18_wilkinson_like_d724_b6763,283,6,wilkinson_like,724,t18 d724 b6763,724,z3,724,121000.0000,OK
and18_wilkinson_like_d724_b6763,283,6,wilkinson_like,724,t18 d724 b6763,724,cgal,724,67592.6000,OK
and18_wilkinson_like_d724_b6763,283,6,wilkinson_like,724,t18 d724 b6763,724,libpoly,724,18908.1000,OK
and18_wilkinson_like_d1024_b10112,284,7,wilkinson_like,1024,t18 d1024 b10112,1024,IsaRRI,1024,15280.5000,OK
and18_wilkinson_like_d1024_b10112,284,7,wilkinson_like,1024,t18 d1024 b10112,1024,msolve,1024,17755.5000,OK
and18_wilkinson_like_d1024_b10112,284,7,wilkinson_like,1024,t18 d1024 b10112,1024,anewdsc,1024,121115.7750,OK
and18_wilkinson_like_d1024_b10112,284,7,wilkinson_like,1024,t18 d1024 b10112,1024,anewdsc_i0,-1,180000.0000,TIMEOUT
and18_wilkinson_like_d1024_b10112,284,7,wilkinson_like,1024,t18 d1024 b10112,1024,sage,1024,6318.1710,OK
and18_wilkinson_like_d1024_b10112,284,7,wilkinson_like,1024,t18 d1024 b10112,1024,pari,1024,7171.3300,OK
and18_wilkinson_like_d1024_b10112,284,7,wilkinson_like,1024,t18 d1024 b10112,1024,z3,-1,180000.0000,TIMEOUT
and18_wilkinson_like_d1024_b10112,284,7,wilkinson_like,1024,t18 d1024 b10112,1024,cgal,-1,180000.0000,TIMEOUT
and18_wilkinson_like_d1024_b10112,284,7,wilkinson_like,1024,t18 d1024 b10112,1024,libpoly,1024,71211.5000,OK
and18_wilkinson_like_d1448_b14131,285,8,wilkinson_like,1448,t18 d1448 b14131,1448,IsaRRI,1448,52058.3000,OK
and18_wilkinson_like_d1448_b14131,285,8,wilkinson_like,1448,t18 d1448 b14131,1448,msolve,1448,83538.4000,OK
and18_wilkinson_like_d1448_b14131,285,8,wilkinson_like,1448,t18 d1448 b14131,1448,anewdsc,-1,180000.0000,TIMEOUT
and18_wilkinson_like_d1448_b14131,285,8,wilkinson_like,1448,t18 d1448 b14131,1448,anewdsc_i0,-1,-1,SKIPPED(>=B7)
and18_wilkinson_like_d1448_b14131,285,8,wilkinson_like,1448,t18 d1448 b14131,1448,sage,1448,15008.2030,OK
and18_wilkinson_like_d1448_b14131,285,8,wilkinson_like,1448,t18 d1448 b14131,1448,pari,1448,21961.8000,OK
and18_wilkinson_like_d1448_b14131,285,8,wilkinson_like,1448,t18 d1448 b14131,1448,z3,-1,-1,SKIPPED(>=B7)
and18_wilkinson_like_d1448_b14131,285,8,wilkinson_like,1448,t18 d1448 b14131,1448,cgal,-1,-1,SKIPPED(>=B7)
and18_wilkinson_like_d1448_b14131,285,8,wilkinson_like,1448,t18 d1448 b14131,1448,libpoly,-1,180000.0000,TIMEOUT
and18_wilkinson_like_d2048_b22566,286,9,wilkinson_like,2048,t18 d2048 b22566,2048,IsaRRI,-1,180000.0000,TIMEOUT
and18_wilkinson_like_d2048_b22566,286,9,wilkinson_like,2048,t18 d2048 b22566,2048,msolve,-1,180000.0000,TIMEOUT
and18_wilkinson_like_d2048_b22566,286,9,wilkinson_like,2048,t18 d2048 b22566,2048,anewdsc,-1,-1,SKIPPED(>=B8)
and18_wilkinson_like_d2048_b22566,286,9,wilkinson_like,2048,t18 d2048 b22566,2048,anewdsc_i0,-1,-1,SKIPPED(>=B7)
and18_wilkinson_like_d2048_b22566,286,9,wilkinson_like,2048,t18 d2048 b22566,2048,sage,2048,56100.6720,OK
and18_wilkinson_like_d2048_b22566,286,9,wilkinson_like,2048,t18 d2048 b22566,2048,pari,2048,84825.4000,OK
and18_wilkinson_like_d2048_b22566,286,9,wilkinson_like,2048,t18 d2048 b22566,2048,z3,-1,-1,SKIPPED(>=B7)
and18_wilkinson_like_d2048_b22566,286,9,wilkinson_like,2048,t18 d2048 b22566,2048,cgal,-1,-1,SKIPPED(>=B7)
and18_wilkinson_like_d2048_b22566,286,9,wilkinson_like,2048,t18 d2048 b22566,2048,libpoly,-1,-1,SKIPPED(>=B8)
