suite	path	bytes	sha256
mpsolve	benchmark_results/mpsolve_suite/coeffs/chebyshev160.txt	4101	e6cc26889e480e46b2735eddc8b48ecc887714cbbc2b98f1f16f3b3c89c9a01b
mpsolve	benchmark_results/mpsolve_suite/coeffs/chebyshev20.txt	96	aafa3138626ce440ea434eb9caa393f2f0e87c699d3cad114d959e7b50a3ca99
mpsolve	benchmark_results/mpsolve_suite/coeffs/chebyshev320.txt	15893	1e0a330de5153f942ae63672ba917fa79419bd232e520e0c3b174e42142a3748
mpsolve	benchmark_results/mpsolve_suite/coeffs/chebyshev40.txt	312	8f42dee6e3cdd6c5c1aedc72d263e8375ad4f8f3a4bdf9743b0cdb530620b6ca
mpsolve	benchmark_results/mpsolve_suite/coeffs/chebyshev80.txt	1097	1b53361c6c57a9f42a37fdb549b358468d7eccc6123c6698a19fa63dd181089a
mpsolve	benchmark_results/mpsolve_suite/coeffs/chrma22.txt	183	17e5581db5b7e948bf73e264070e06e001c33efb1ea9e428292444c30ead31c6
mpsolve	benchmark_results/mpsolve_suite/coeffs/chrma342.txt	38759	176dbba5fbb1c65ee6d021a6a91119b9e1145222bf78fe7f0f6f3ad6ee3d02cb
mpsolve	benchmark_results/mpsolve_suite/coeffs/chrma86.txt	2507	6b0beaf8450760079194677299d11a681a39b112ef7beb94f493134437f21110
mpsolve	benchmark_results/mpsolve_suite/coeffs/chrma_d20.txt	167	ae11e5a386a38da6b8459eeacb20772095418fceba3237af2b299f144bbf49fd
mpsolve	benchmark_results/mpsolve_suite/coeffs/chrma_d340.txt	38747	2956ec8f0ff3864f45459adeccb090682fd431393b4ce55c84d93d3a75c35911
mpsolve	benchmark_results/mpsolve_suite/coeffs/chrma_d84.txt	2463	fa486f7aa5d7e841bba93062063ec97c6778142ba6d8c2005f73f266992ba900
mpsolve	benchmark_results/mpsolve_suite/coeffs/chrmc23.txt	106	e0a7e218e968589da63a9ee411bde12dffd775fa27db5c96318af12ee984e43c
mpsolve	benchmark_results/mpsolve_suite/coeffs/chrmc343.txt	17630	915e7c523562c18f6f6d9513deaf4817432c9f646c266af6355892ea80fc0764
mpsolve	benchmark_results/mpsolve_suite/coeffs/chrmc_d11.txt	59	aed0852626a2f73a36777cd5b6b94d475136737f20e5b006319e6ec54a654691
mpsolve	benchmark_results/mpsolve_suite/coeffs/chrmc_d171.txt	9869	07d4f7c6c316042e153b10ef26b39493dc71ec334874bf9c63c56fdc976773d5
mpsolve	benchmark_results/mpsolve_suite/coeffs/chrmc_d43.txt	671	ff9090c3bfce5d3ef7cb6206be9c9fa2f5293cf2a8cce8a19371e32e566543d3
mpsolve	benchmark_results/mpsolve_suite/coeffs/chrmc_d683.txt	155313	8cf7e05f40392fe7cecb497174f68593846b59d60ee5030fe997a9695c580c2d
mpsolve	benchmark_results/mpsolve_suite/coeffs/curz160.txt	42554	f58d6b09ffd0d0d06f4d9a76d8242551a08b54ce6bfa7542d14af19c1e2ffe61
mpsolve	benchmark_results/mpsolve_suite/coeffs/curz20.txt	407	14ba307f5979630ba4147c8c984b48761309542d062027cb578c085f9de05a60
mpsolve	benchmark_results/mpsolve_suite/coeffs/curz40.txt	1944	4a8efb4457bb23884c77ad55825513b1280a8d31a00dc96366a5694c4d4639cd
mpsolve	benchmark_results/mpsolve_suite/coeffs/curz80.txt	9075	fb4dd81a6c18b29ee54e336ee7d00d6e47f11f4152f7133ba34c157e267e5c10
mpsolve	benchmark_results/mpsolve_suite/coeffs/demi20.txt	21048	94d55d0ceab21c3ea456a9a0a9eb389ba4a05b27dd11379b8087b1678a60a25b
mpsolve	benchmark_results/mpsolve_suite/coeffs/easy100.txt	296	ac5617c8085cc86e84ae5d77344e854edef88e8ba71477c53b0efd176dfbe2c6
mpsolve	benchmark_results/mpsolve_suite/coeffs/easy1600.txt	6898	2605fb56b8f3568b2e6e6ddab17bd7eaae69a27db399d469cc78a9236b626124
mpsolve	benchmark_results/mpsolve_suite/coeffs/easy200.txt	696	aefc278f49b840543c79dc1ec09b8b51972f6ad2d1ee7d04a709f6d46a37d4e5
mpsolve	benchmark_results/mpsolve_suite/coeffs/easy3200.txt	14898	e64b25886500b27330eef77dec061fb398da1dfb6675329d811a2da0fa5ba899
mpsolve	benchmark_results/mpsolve_suite/coeffs/easy400.txt	1496	31368b650aaeeba21f35db829e6e22e68252e7335f667c66c777a2a52a05a8b7
mpsolve	benchmark_results/mpsolve_suite/coeffs/easy800.txt	3096	f3908428c6fa3809c0d696e752eb67a6c1ef8c8c9ec4279bef0f7b9aa422d58a
mpsolve	benchmark_results/mpsolve_suite/coeffs/exp100.txt	9165	b15d04a1ffdc0ba15121e7eff0da21a6feb0e99fe7ca955d332e828dbab8977b
mpsolve	benchmark_results/mpsolve_suite/coeffs/exp200.txt	42202	726f2cfff8c6c5484c98708cf3ff422b21c000e9075707257b0c79dbb8a46cd8
mpsolve	benchmark_results/mpsolve_suite/coeffs/exp400.txt	191906	b509caec3865f5b3b0a8709c5f7646c71be0f535d393b25f57d1e589646a3e42
mpsolve	benchmark_results/mpsolve_suite/coeffs/exp50.txt	1971	0f448ce810926f409ec1454320c57b931267db49c64f03cd0046d42dd4e87ce4
mpsolve	benchmark_results/mpsolve_suite/coeffs/geom3_10.txt	256	3c4d26b96252c7d1760f285625f3b171fd0e3651fcaeb762e61b8ca12388da81
mpsolve	benchmark_results/mpsolve_suite/coeffs/geom3_20.txt	1770	ef4486b7b1256bc54c324f163a19ed94d62d20e7b41e1d2cc9be5e901432582e
mpsolve	benchmark_results/mpsolve_suite/coeffs/geom3_40.txt	13416	a911476f7f5f108b4252bc3ed0af36f8fc39351df24cdd52c5b1faafc7fd7090
mpsolve	benchmark_results/mpsolve_suite/coeffs/geom3_80.txt	104860	8fa2f8c34fd451e2ccfa126a7aad7d1d7726dcacfaadd47f8d7066ffe334f8c3
mpsolve	benchmark_results/mpsolve_suite/coeffs/geom4_10.txt	256	b6d40a56fc5a5fd201fdd987ba070b3fbb37ee30164a3921bcf34c5e279567d1
mpsolve	benchmark_results/mpsolve_suite/coeffs/geom4_20.txt	1770	aa0a6044b438f75cf7d6f48075192f77bffc2790b90791e9849a8e1222957e4f
mpsolve	benchmark_results/mpsolve_suite/coeffs/geom4_40.txt	13416	fb92ad9b0d529bc98c345f90f3f0b89b7892bfd9a181222ef0d26c7a1d0e9661
mpsolve	benchmark_results/mpsolve_suite/coeffs/geom4_80.txt	104860	77b8f8896913ca3b1e581f7a5ffa5e0b5dbd644aeb13b4ebc94a3a5f3831e1bb
mpsolve	benchmark_results/mpsolve_suite/coeffs/hermite160.txt	10995	909513cd680e5f4520a5c6f9df5bef1d06b7c8ee2db8f6e3fce387f00e65b1b8
mpsolve	benchmark_results/mpsolve_suite/coeffs/hermite20.txt	165	7f8a760b12f6cb8c19781632b972fce4adcbf03a60d565c6c600aa7fd5d07f71
mpsolve	benchmark_results/mpsolve_suite/coeffs/hermite320.txt	47115	a0cc6dac38bcb4c2cfe3af8e236182291f97fe3ee4f81fd9c025b638d497d859
mpsolve	benchmark_results/mpsolve_suite/coeffs/hermite40.txt	631	c15bf6f3941d07c1b63f394d0e437361eccc4bd7057645371da165b2190da199
mpsolve	benchmark_results/mpsolve_suite/coeffs/hermite80.txt	2598	92029d2e067870bbffbd3a75924a826af58e3dec1f5abb02546c15f3aca147a7
mpsolve	benchmark_results/mpsolve_suite/coeffs/kam3_1.txt	69	52a6162765c65cec8275f98744e0686f4502cc66d8a4aa6de5158c290d068f27
mpsolve	benchmark_results/mpsolve_suite/coeffs/kam3_2.txt	181	9b676a7f8a1087667c17b1eb29e9ac466d65beb0c9b2fa61e311eeae56601d9a
mpsolve	benchmark_results/mpsolve_suite/coeffs/kam3_3.txt	581	dbb7c13546f03e5c001c486a44c27f25a83f9c09bc25aa7b5c91b30d89df79fd
mpsolve	benchmark_results/mpsolve_suite/coeffs/kam4.txt	127	45d61e8fb0a5523d2ec61c675ecd526e29d8b31bad462aaa97f74c76c8d96128
mpsolve	benchmark_results/mpsolve_suite/coeffs/kats8.txt	89713	5584eeb4ff9307c9163293ce5e48328ff2d37e25a496faa759f354bf31acf110
mpsolve	benchmark_results/mpsolve_suite/coeffs/kir1_10.txt	62	d02ca73bb31a1b91b97891a25f9fe94008c03319deed8f6db3d3857b6bccc17e
mpsolve	benchmark_results/mpsolve_suite/coeffs/kir1_10_mod.txt	350	89cafbd8b3ee4a6ba58380168b8029a4d2c8ab7722892b19d61ed363335754f1
mpsolve	benchmark_results/mpsolve_suite/coeffs/kir1_20.txt	62	d02ca73bb31a1b91b97891a25f9fe94008c03319deed8f6db3d3857b6bccc17e
mpsolve	benchmark_results/mpsolve_suite/coeffs/kir1_20_mod.txt	822	b7e99b890d71d58e2b0153b1f12516e7ca8aa0d2f5cdc423e020b7657403c722
mpsolve	benchmark_results/mpsolve_suite/coeffs/kir1_40.txt	62	d02ca73bb31a1b91b97891a25f9fe94008c03319deed8f6db3d3857b6bccc17e
mpsolve	benchmark_results/mpsolve_suite/coeffs/kir1_40_mod.txt	2259	40d55a449998c4698607e88dc9a9d7eb1f325008d2edb24310f1d71197a6bfe1
mpsolve	benchmark_results/mpsolve_suite/coeffs/kir1_symb.txt	61	837206a9c6d526f1a075dd86fb7422b6d1546e5ec42b008c92e594ec96339212
mpsolve	benchmark_results/mpsolve_suite/coeffs/laguerre160.txt	31317	a91186089d3938eabc6ac5ae3c29d105a16b0f57259f8039250bfd5c1b0604fe
mpsolve	benchmark_results/mpsolve_suite/coeffs/laguerre20.txt	346	d5de63864b024c45d0ba3330c672236b3f47687dedbe9b6de99be10ef434f12a
mpsolve	benchmark_results/mpsolve_suite/coeffs/laguerre320.txt	140030	f8fe9d953aee23d773761f60a1b0a2b80cd5d7d5862003f67ee0c00aad35c5d1
mpsolve	benchmark_results/mpsolve_suite/coeffs/laguerre40.txt	1539	f82cf04ea5b7b4fa450db517661f0e769f2a52f855abf63beefb19665c9c601a
mpsolve	benchmark_results/mpsolve_suite/coeffs/laguerre80.txt	6950	670f6d822d49ee9faf733ef004099cf0244e390b87ce8d7daa908dcef0068010
mpsolve	benchmark_results/mpsolve_suite/coeffs/lar1.txt	342	437cf89732d9703631e8a174ae01a9801cbc23da214faa2ddc410aa480c7316b
mpsolve	benchmark_results/mpsolve_suite/coeffs/lar1_200.txt	702	be58d6839c26726198266bf0da2c163304cc88e413f8ed0afe0f9796434ab44a
mpsolve	benchmark_results/mpsolve_suite/coeffs/lar2.txt	1242	b3118a1c63daf16d8d17bb6660612876df0901dfb3ce7c161c89383a5928c6f9
mpsolve	benchmark_results/mpsolve_suite/coeffs/lar3.txt	842	bd3daf17c88906579053bba30e5e276c84afb24632d05ed7a19894bdad067f87
mpsolve	benchmark_results/mpsolve_suite/coeffs/lar4.txt	5268	8151d60b7cb3f5bcfb06f77a5d08a107670f087a0840428324b010375c2180dc
mpsolve	benchmark_results/mpsolve_suite/coeffs/lar5.txt	4045	29e128650380d3ab8227a5fe033d7b3984e013aecc6a09a71c1da60505ea142f
mpsolve	benchmark_results/mpsolve_suite/coeffs/legendre160.txt	7869	82e5adabc56d697d2f42fd6f23eb5a5159ced6584a313d13f6eb99c152cb0be2
mpsolve	benchmark_results/mpsolve_suite/coeffs/legendre20.txt	149	095a766f526998615ff7ea85f3502cdf2003a02afdee7ab6e75e43073d08747c
mpsolve	benchmark_results/mpsolve_suite/coeffs/legendre320.txt	31106	e960a83aeecf617b5506c3efb1720357dfad7f65ffd564694bc20725cdd12630
mpsolve	benchmark_results/mpsolve_suite/coeffs/legendre40.txt	532	c2bb1ac83add064e72d5973b3f7f47b01916bfa995089e63d511a0e73fb1fff2
mpsolve	benchmark_results/mpsolve_suite/coeffs/legendre80.txt	2020	d7605773152e21868b6783daa793bc61a7fc001386b17f17b6f468773bef2556
mpsolve	benchmark_results/mpsolve_suite/coeffs/lsr1.txt	1124	60b24c63eebb209e2294990a7e873aa4327de7e3b893c6c05b96b8bf68ea21d4
mpsolve	benchmark_results/mpsolve_suite/coeffs/lsr2.txt	1063	9ab1f10ac805f62fd3b838ab4c29383f9d00e3ad9df06c11ee550d496406694a
mpsolve	benchmark_results/mpsolve_suite/coeffs/lsr3.txt	2203	86322e541661d149404a1f7174063ddcfb24978c167c5b2d52dec5bf4b75f3bb
mpsolve	benchmark_results/mpsolve_suite/coeffs/lsr4_1.txt	166	54ea76b38f22fa76c9c89b7e5160733bc701735b7b7c596dd44e20339ff2d861
mpsolve	benchmark_results/mpsolve_suite/coeffs/lsr4_2.txt	226	7d67a0ae30e77bb0e7c7f0f3dfb697b595a9c7e5d775560f55a85176a476f9e9
mpsolve	benchmark_results/mpsolve_suite/coeffs/lsr4_3.txt	346	fadf3ef9216058671c3559e8ac8bd5a26a25358634718e2ccd0d9ee6221a5df0
mpsolve	benchmark_results/mpsolve_suite/coeffs/lsr_200.txt	3348	74dc269aa105e57018308e9912027bbf10470ae440d45db30e715a0b8a859a7f
mpsolve	benchmark_results/mpsolve_suite/coeffs/lsr_24.txt	1499	92dc8de53b992a806e79483f5ff873d0a90aebb552f8b1842b09bef193c27128
mpsolve	benchmark_results/mpsolve_suite/coeffs/mand1023.txt	126714	0e49cad7e96b98aed529e42dead45fb5c8cc8301920f86018f4a0f80ad40c34d
mpsolve	benchmark_results/mpsolve_suite/coeffs/mand127.txt	2022	8eb212e211f4a790f04e7edf4b0c4d7e292376e14ea5a8c350e50b3f4c2673b2
mpsolve	benchmark_results/mpsolve_suite/coeffs/mand255.txt	7967	b50cbb5691eca314cd4dcb850ea1f288f0c3ba1104adef3eeff13efb5624ab6a
mpsolve	benchmark_results/mpsolve_suite/coeffs/mand31.txt	146	ed644553cd3b55e4292f9621910c75508fc9ae52c696cc098b669c2b78064d52
mpsolve	benchmark_results/mpsolve_suite/coeffs/mand511.txt	31720	057718d0aded422b2ac2e527bc95fb5f2fea0b7bba3a0f61cbf2082eb9397474
mpsolve	benchmark_results/mpsolve_suite/coeffs/mand63.txt	526	c7a98bed90c9bf4b3f176923b66da25a7beacf8cd14bcb38c86f02fbfd0808eb
mpsolve	benchmark_results/mpsolve_suite/coeffs/mig1_100_1.txt	1364	35ba0bf54d1be7cca55b3c81e3636b09ff1940d88d028f63260080b0af98063e
mpsolve	benchmark_results/mpsolve_suite/coeffs/mig1_200_1.txt	1564	f6beaaa6c8a8a9de262e8c4e42127571b807a5b9e80f2e0e77c987b3b843bcce
mpsolve	benchmark_results/mpsolve_suite/coeffs/mig1_500_1.txt	2164	1c77d5433bbba3de465911e8d777d7cefb317237c8ea990ec9b49f50afdad70c
mpsolve	benchmark_results/mpsolve_suite/coeffs/mig1_50_1.txt	1264	80efd08a96c07b7cc634ffaa396141a19e34f77e5eb18114af15368dd1cf65a2
mpsolve	benchmark_results/mpsolve_suite/coeffs/mult1.txt	24	c2e6a262b90fbdb733a202125ff0cddcdfcaa88d5720e26939371b5675132c95
mpsolve	benchmark_results/mpsolve_suite/coeffs/mult2.txt	126	b5cbabf3a31f6e03b7411bee45695d32d1c25255bce82324cac4f3e7f6d76767
mpsolve	benchmark_results/mpsolve_suite/coeffs/mult3.txt	320	761bddbd9c43e91efb704c40272889deda83ebe873fdf54917de667d753a4ae0
mpsolve	benchmark_results/mpsolve_suite/coeffs/mult4.txt	60	fe56ef3146c6ffbbc049e99d82f580831b1c50927acdc80d668d9d9bad34cece
mpsolve	benchmark_results/mpsolve_suite/coeffs/nektarios.txt	133821	f883572a19fcfc498b39c2ed4f0f411ee82a8350b05b17775577fc32b3431e89
mpsolve	benchmark_results/mpsolve_suite/coeffs/nroots100.txt	203	57e347860fbd168d8abb277123bb3f49e657c791c4e7ec0bd8d5149170d3d400
mpsolve	benchmark_results/mpsolve_suite/coeffs/nroots1600.txt	3203	38868e00724d78d92dec6e77bbfcdd59c2af485df38c93335d765cb8116545ae
mpsolve	benchmark_results/mpsolve_suite/coeffs/nroots200.txt	403	b0e9fe99c09ce8c18ad4ebc942e3a4292f0c72d39eb9ee23536a22bb3d8e5977
mpsolve	benchmark_results/mpsolve_suite/coeffs/nroots3200.txt	6403	22ad0eee8e97c84eefee96a008742f9a4af896ac7dce046ecf53a49278a297a9
mpsolve	benchmark_results/mpsolve_suite/coeffs/nroots400.txt	803	5ab3f89efaad4a001c1ea85b7bdef4f50579be9798a5b9e14076628e298ce2e6
mpsolve	benchmark_results/mpsolve_suite/coeffs/nroots50.txt	103	ea5f37ec7f84b04640a6ae8bc9a2caefdd4d09796283b200930d780aca3fef27
mpsolve	benchmark_results/mpsolve_suite/coeffs/nroots6400.txt	12803	64f1cc8e612b7587210b9f41a88e1bd6d98559cad5bb212e9dc62083e9100db0
mpsolve	benchmark_results/mpsolve_suite/coeffs/nroots800.txt	1603	2c36a077f42011aea329462db9d8f79b59aeb9141379a9e31dc6bcfa936a3b6d
mpsolve	benchmark_results/mpsolve_suite/coeffs/sendra160.txt	53482	382a95755044005e44585ab0059cd966dffd207c980648f1ae4e584408d7dc7c
mpsolve	benchmark_results/mpsolve_suite/coeffs/sendra20.txt	532	292683b60d21336c84e5f6e132b047f9db8b452530515af2b511dbe53e2ef722
mpsolve	benchmark_results/mpsolve_suite/coeffs/sendra320.txt	243592	6ef24f6d7b838f1194b96201f7096f94df48d0d8e6c6c2fdf291d2ed562da98c
mpsolve	benchmark_results/mpsolve_suite/coeffs/sendra40.txt	2480	0d12e6b5759bf3f7fd4270a39fa773cc1ee2cdbf86da64a30393a0acc29d5656
mpsolve	benchmark_results/mpsolve_suite/coeffs/sendra80.txt	11579	c3f3894972a80512e847d8139925b413bb6a7fb728a66754b8878be5c0c5c5a5
mpsolve	benchmark_results/mpsolve_suite/coeffs/sparse100.txt	202	c488811615bd3a90215a64c0b44ebe0980908bdcde848573cf0df87badd40788
mpsolve	benchmark_results/mpsolve_suite/coeffs/sparse1600.txt	3202	db20fbb0e7479852fe33061f6a547b61f24b741bb15266148dcaa4f5f345ded3
mpsolve	benchmark_results/mpsolve_suite/coeffs/sparse200.txt	402	1c6b90978c5208b746f8ec330311f7ad6d9d29a8dcb830a4316996b49fc13100
mpsolve	benchmark_results/mpsolve_suite/coeffs/sparse3200.txt	6402	97b26e7886263cb283cab87f04a4554be22e5c0e054b1ef0acc3863af590ecfe
mpsolve	benchmark_results/mpsolve_suite/coeffs/sparse400.txt	802	2254b26491646bb33fb9114f235240b61e5017a40b3b1a83f6d85e2ecd7bfd0d
mpsolve	benchmark_results/mpsolve_suite/coeffs/sparse6400.txt	12802	724ba723cff8ace3083219071d2111766edc9b548b327e2b49270e0d4eda05fe
mpsolve	benchmark_results/mpsolve_suite/coeffs/sparse800.txt	1602	a2978583ffb10fba5e66a412b18fdd3523800e618390341c644536eb3a98899b
mpsolve	benchmark_results/mpsolve_suite/coeffs/test.txt	15	f369d1ba5cef8f95b49bd87559456ae9da3a0f0ce029a7ef01765ceab42c6ca3
mpsolve	benchmark_results/mpsolve_suite/coeffs/trv_m.txt	752	8ddbc1c29d4cf02fbd32ff0212b482dcb8a2abd2ac99ebc605e293b23fbd0080
mpsolve	benchmark_results/mpsolve_suite/coeffs/umand1023.txt	126714	0e49cad7e96b98aed529e42dead45fb5c8cc8301920f86018f4a0f80ad40c34d
mpsolve	benchmark_results/mpsolve_suite/coeffs/umand127.txt	2022	8eb212e211f4a790f04e7edf4b0c4d7e292376e14ea5a8c350e50b3f4c2673b2
mpsolve	benchmark_results/mpsolve_suite/coeffs/umand2047.txt	506827	42bd9ab9ed044ce9740f115359df49df239f2a64047a58ef501c94e88c0f355c
mpsolve	benchmark_results/mpsolve_suite/coeffs/umand255.txt	7967	b50cbb5691eca314cd4dcb850ea1f288f0c3ba1104adef3eeff13efb5624ab6a
mpsolve	benchmark_results/mpsolve_suite/coeffs/umand31.txt	146	ed644553cd3b55e4292f9621910c75508fc9ae52c696cc098b669c2b78064d52
mpsolve	benchmark_results/mpsolve_suite/coeffs/umand511.txt	31720	057718d0aded422b2ac2e527bc95fb5f2fea0b7bba3a0f61cbf2082eb9397474
mpsolve	benchmark_results/mpsolve_suite/coeffs/umand63.txt	526	c7a98bed90c9bf4b3f176923b66da25a7beacf8cd14bcb38c86f02fbfd0808eb
mpsolve	benchmark_results/mpsolve_suite/coeffs/wilk160.txt	29379	de07b3436196b8c4c1849735696e9120e34c7c93e95eab645a4fb10523c612a6
mpsolve	benchmark_results/mpsolve_suite/coeffs/wilk20.txt	320	9c61c75f2fc818e0a6dde947b45123e78746ba88dfff2f653834f30861e610d2
mpsolve	benchmark_results/mpsolve_suite/coeffs/wilk320.txt	132188	5d4766ed156a84ad59282d43f11d2f75c068819e7ff8e65b94dea6d480e70b3d
mpsolve	benchmark_results/mpsolve_suite/coeffs/wilk40.txt	1419	ee54abe177ad16ecd1d997862577642b2a0c07895730cf6cba3d91563f757b8f
mpsolve	benchmark_results/mpsolve_suite/coeffs/wilk80.txt	6469	48434bc67cef622c01dd1f6c31df1d13371e26ac36dd2c86c6d0543d645fdf85
mpsolve	benchmark_results/mpsolve_suite/coeffs/wilk_mod.txt	910	93c064b40fff6e9eb68069e9ef0fa0cf479752cc9e4f32394f336208eab4d9d4
mpsolve	benchmark_results/mpsolve_suite/cases_record.json	18415	b3023c57d05d94f860110991bc663b3a11dba50f4644436481c4c2f705bbe582
and	benchmark_results/and_bench/coeffs/and01_nested_mignotte_d260_b100.txt	1484	df2d8b48d83567637b6a69b7c9ac55319c920cde706813204e0f7df269d64aa7
and	benchmark_results/and_bench/coeffs/and01_nested_mignotte_d260_b10240.txt	81159	075a6aedeba2d1972b5adfa0447e180fc2505ec5dd49c94850980f638dbe7623
and	benchmark_results/and_bench/coeffs/and01_nested_mignotte_d260_b1280.txt	10765	0fa84a6fafd62ba63a1789b81c0d6a9a62ae939395e5f280e1f0c293546a51ef
and	benchmark_results/and_bench/coeffs/and01_nested_mignotte_d260_b14480.txt	114477	dd1cd273bfa4d383659ee2ed9e38aa4a20392055e0e17db4e4c049a55a7a3519
and	benchmark_results/and_bench/coeffs/and01_nested_mignotte_d260_b160.txt	1969	29ca2fdc2e70687dafcf4f9ba555c4e6397bc014d7cdea83c2e2fdbbada94aae
and	benchmark_results/and_bench/coeffs/and01_nested_mignotte_d260_b1800.txt	14852	abeca895d1ddc36d8c8b5f37ac8a6b9d8fad917f03becac2de510e4612c0310e
and	benchmark_results/and_bench/coeffs/and01_nested_mignotte_d260_b20480.txt	161621	45545a10af078d063a9401ee0249b364a52315e2aab45668471a242d2b13bedc
and	benchmark_results/and_bench/coeffs/and01_nested_mignotte_d260_b220.txt	2437	9aa48b0a0bb4e5822e5850d683afad817807cc6e90f651997d8cb8a867bd0663
and	benchmark_results/and_bench/coeffs/and01_nested_mignotte_d260_b2560.txt	20821	b40c5f4d3b350e90840de0db416053a0996e1d2fda5b814acb6dc917a541bf76
and	benchmark_results/and_bench/coeffs/and01_nested_mignotte_d260_b28960.txt	228242	8cdce01641b9d99b4ab66185cf439f075c58d9e39d207bb03eaf762bb3a3edcf
and	benchmark_results/and_bench/coeffs/and01_nested_mignotte_d260_b320.txt	3223	466838e8c405584b3f16589c68faaa4724e9008adaded98eabcfd0a7c99c639c
and	benchmark_results/and_bench/coeffs/and01_nested_mignotte_d260_b3620.txt	29148	13a79369be090b1497d84132e70769990785ec6ec71abe1d45299e3fb0f20771
and	benchmark_results/and_bench/coeffs/and01_nested_mignotte_d260_b38.txt	958	8b3f3863db110fbf6c227409ca34c1853eea9ce0d9defbc6206902effcb4fab6
and	benchmark_results/and_bench/coeffs/and01_nested_mignotte_d260_b40960.txt	322524	2ec793da9bbfd4f283cc9f849c1dd687d209cf24c9f883065f7a41b4c551dabb
and	benchmark_results/and_bench/coeffs/and01_nested_mignotte_d260_b440.txt	4165	09dba8f223aab9894635b9d4d5a9b210dea2272e7446692c1ae18def737061c9
and	benchmark_results/and_bench/coeffs/and01_nested_mignotte_d260_b5120.txt	40935	c33bdb5e4314a1b795de0ff40de2cdd67c7d990fe1cef7721428591545dcef91
and	benchmark_results/and_bench/coeffs/and01_nested_mignotte_d260_b57920.txt	455784	068f2ba756a565b6a457f7ecd16de921e7978722ab0f6b5055854b1b270ebcbc
and	benchmark_results/and_bench/coeffs/and01_nested_mignotte_d260_b640.txt	5736	841e0b3a0951451c8d563118709ec9061b7857f100016f9bfb963b44e63ccf73
and	benchmark_results/and_bench/coeffs/and01_nested_mignotte_d260_b7240.txt	57588	626ca0d337db6646428a92aa0a1db9f9a262f13770530be1d1533e59fc8b826b
and	benchmark_results/and_bench/coeffs/and01_nested_mignotte_d260_b79.txt	1323	94679d6ae52daecfd32f8c5d135d9f3baf1601685e342dba06abed9555325443
and	benchmark_results/and_bench/coeffs/and01_nested_mignotte_d260_b81920.txt	644343	a42b904f8914a313efdbae1c8aaef2c71a48521e945058a8ad8da3e348375c32
and	benchmark_results/and_bench/coeffs/and01_nested_mignotte_d260_b900.txt	7775	4fcd6b4153558a2d41dfdba7f7dbeb24ff109bc73eba4b2387d72e267b149dcc
and	benchmark_results/and_bench/coeffs/and02_nested_mignotte_d1028_b140.txt	3344	9be3a0babbd61ae80032c2841960ecfe791bcadafcaa48712a1605a2963cd3bd
and	benchmark_results/and_bench/coeffs/and02_nested_mignotte_d11588_b140.txt	24464	d06c0570dec88d7cb9b1de49e99173d8bee2206ba3c84434fc7b9a147b313544
and	benchmark_results/and_bench/coeffs/and02_nested_mignotte_d132_b140.txt	1552	72b7f54cc46b8c78dd5707877c0d09277f866f8d0dc0463cfff4e4c5cb481d62
and	benchmark_results/and_bench/coeffs/and02_nested_mignotte_d1452_b140.txt	4192	91418a434a0ba9dd2691be99ee7e2401794b1df4fd09796231c66a24d2bbfbe6
and	benchmark_results/and_bench/coeffs/and02_nested_mignotte_d180_b140.txt	1648	35dfca11dad5da449f93403c40378fe5d7e89dadb50e5844169706e97dd7e56c
and	benchmark_results/and_bench/coeffs/and02_nested_mignotte_d2052_b140.txt	5392	8d2c820297f548311ca1294cb9c7b481b4df5307c87af8353ee901f90e00e1f8
and	benchmark_results/and_bench/coeffs/and02_nested_mignotte_d260_b140.txt	1808	b2b99a0c64c2d6b343293b7883ebb2acba9d20a3f85866bd98238cfa6e73f25a
and	benchmark_results/and_bench/coeffs/and02_nested_mignotte_d2900_b140.txt	7088	83a9770f81d5b5d8cbeb2d94416e4f7bee69faa9add390a1f66a7a5125ccb2f6
and	benchmark_results/and_bench/coeffs/and02_nested_mignotte_d364_b140.txt	2016	dc2c59db69655180a3606951235dde1b327749ba6ae76baf5671783647681cfd
and	benchmark_results/and_bench/coeffs/and02_nested_mignotte_d4100_b140.txt	9488	0c218fd9ee98fb6cf94ba1615c00a69069365792278d8738ef82d1c7d1ea1adb
and	benchmark_results/and_bench/coeffs/and02_nested_mignotte_d516_b140.txt	2320	a81b548876a460fef655a1962a15f16d8ce4601790c81de78c64a96a6548088f
and	benchmark_results/and_bench/coeffs/and02_nested_mignotte_d5796_b140.txt	12880	bf8b2012bf04418c98ceedb7aa64ecbdbb037717b11cf45da56b06f64b687b7a
and	benchmark_results/and_bench/coeffs/and02_nested_mignotte_d724_b140.txt	2736	b0333821935580d0c45a34cace0e5046fc20f787b39c930fc59f7f9295253499
and	benchmark_results/and_bench/coeffs/and02_nested_mignotte_d8196_b140.txt	17680	d14d41585c8de20d67e38fd8ee23d22ed052f89cef6963dfe0a25da120ee0b37
and	benchmark_results/and_bench/coeffs/and03_chebyshev_T_d1024_b2599.txt	159229	ca9476f8eeac370196b04ae303a43b7d1d3909b655d11f49e07513922526231d
and	benchmark_results/and_bench/coeffs/and03_chebyshev_T_d128_b321.txt	2672	771b5e8e0cb70e86c2496c072e6213103bf5ff1622e49429365d8f64135a8636
and	benchmark_results/and_bench/coeffs/and03_chebyshev_T_d1448_b3677.txt	317515	17f035ac9746f3105dbc3353cf403a712840664acd4f5b6a1e76643bec855485
and	benchmark_results/and_bench/coeffs/and03_chebyshev_T_d181_b456.txt	5211	cc775df73283495cbc681e3dcba91a1aab30c452419f1a9b15eb06cbad606f00
and	benchmark_results/and_bench/coeffs/and03_chebyshev_T_d2048_b5202.txt	633961	02618f30d3df76b9a5eead4879f1ce70f268f7177a7e2343024522ade0a8753d
and	benchmark_results/and_bench/coeffs/and03_chebyshev_T_d256_b646.txt	10257	4a02f8a856e1c9f897de23f3069801ff84eecca64ba429254b8b4b9a0c4db224
and	benchmark_results/and_bench/coeffs/and03_chebyshev_T_d362_b916.txt	20266	89a433b0d837d1850a57c1113f8ccca2bc46dad252a165896f535345e0a5c2af
and	benchmark_results/and_bench/coeffs/and03_chebyshev_T_d512_b1297.txt	40198	6b0bb2dc4e8f82d8391666fa622c12cb46f8609fe864d326f92df38bdfb5675d
and	benchmark_results/and_bench/coeffs/and03_chebyshev_T_d724_b1836.txt	79928	40d191d9f78b5a2bb7126924b0560ae2c1b3cfe4b0ebc73c79c8fd13beba044e
and	benchmark_results/and_bench/coeffs/and04_chebyshev_U_d1024_b2599.txt	159306	f7b5ba9aa0e2429cbf96bc72f26d4d8bc710dfa4f5b2906ce5d9f2299e684711
and	benchmark_results/and_bench/coeffs/and04_chebyshev_U_d128_b322.txt	2682	69646706256c6f772540df8613afda7c00e64f6518148f1b56ab0e27631abb1f
and	benchmark_results/and_bench/coeffs/and04_chebyshev_U_d1448_b3677.txt	317640	1e871f6c86ab21023ad68dc6f5b1f39143bf0c1030e3885df5155bf97db13820
and	benchmark_results/and_bench/coeffs/and04_chebyshev_U_d181_b457.txt	5229	c1e9a7495797c196e109e64a6c66446eaf8ef1cd02ff04058324e1e2ed1ac83a
and	benchmark_results/and_bench/coeffs/and04_chebyshev_U_d2048_b5203.txt	634147	d4bff448de62b969f297f4e8819790ea771080fe2c1471c2cf05de5b8b252be7
and	benchmark_results/and_bench/coeffs/and04_chebyshev_U_d256_b647.txt	10271	3afc4c681f9d1c59031dbb9c52f4b3bc793a3f2aea58bee5e2b25a83792f2c64
and	benchmark_results/and_bench/coeffs/and04_chebyshev_U_d362_b917.txt	20293	e16dade41cac86d05b503133d25eb165419f0a05a8963438271c00bbfab81a37
and	benchmark_results/and_bench/coeffs/and04_chebyshev_U_d512_b1298.txt	40240	d5b8867a70a6444a90dce9f5e5ab2ac47bcc6fa122eac6dce3b7a37c34a87094
and	benchmark_results/and_bench/coeffs/and04_chebyshev_U_d724_b1837.txt	79981	0534ee05173f618f2d88b010b943c79f86c7a47d4c9c0e53fc42815addf84c6e
and	benchmark_results/and_bench/coeffs/and05_gauss_sqrtn_d1024_b1027.txt	206933	8cc6defdc7740d86518c205924658b34f457c0c95efbd13bf67ce04466e6a4f1
and	benchmark_results/and_bench/coeffs/and05_gauss_sqrtn_d128_b1026.txt	39389	e4d32cf8a5904f38842fb2794b540300706015aa0152a7db41e4b3e5a302633b
and	benchmark_results/and_bench/coeffs/and05_gauss_sqrtn_d1448_b1026.txt	266475	376ff2971a9d34e88ca6ddfa8ce9a04c4b5021a140c45cc0e4ab0a16fa6c7bd1
and	benchmark_results/and_bench/coeffs/and05_gauss_sqrtn_d16_b1025.txt	5264	60f5c00a1226fe73c0f46c751563ba9ea717b5e772cba029fcf4fde8f581b02c
and	benchmark_results/and_bench/coeffs/and05_gauss_sqrtn_d180_b1026.txt	54851	50e047984d7763a1fb6f6346ad0de1dcaa9cba3902d2aa907b2eb5da79404e79
and	benchmark_results/and_bench/coeffs/and05_gauss_sqrtn_d2048_b1027.txt	341614	2c1a05c0c9a197a8bd71d794bb6385f7d3a4eec623d57065544fc5897d39b603
and	benchmark_results/and_bench/coeffs/and05_gauss_sqrtn_d22_b1024.txt	7109	f9355ca4cfefaa6dc8771928a8d7a14d28661152d6972bf40780758a240deda9
and	benchmark_results/and_bench/coeffs/and05_gauss_sqrtn_d256_b1025.txt	78103	ad880bda3c7f8dc61ff8a401345ba7921428f895a7d30c789e2723d953aa5f2d
and	benchmark_results/and_bench/coeffs/and05_gauss_sqrtn_d2746_b1027.txt	423590	abbcfff409d097ee9f8decc584a63bc5a0583c18c9c6bb4ed3147002de611ecb
and	benchmark_results/and_bench/coeffs/and05_gauss_sqrtn_d32_b1026.txt	10198	2577e62412e365c7b2fb820a0607f7dde21f3a6e4a3785b1956a8e4101f3eedd
and	benchmark_results/and_bench/coeffs/and05_gauss_sqrtn_d362_b1025.txt	100271	24553aeb564736e17383f02b468c63b72dd8554bb94ecb901bb386dfe04d099a
and	benchmark_results/and_bench/coeffs/and05_gauss_sqrtn_d3640_b1027.txt	496813	e5ab66bb73019746973ab68134635f9e26a8e0f9d35eaf4ef188a160b8df5a0e
and	benchmark_results/and_bench/coeffs/and05_gauss_sqrtn_d44_b1025.txt	13875	59028ea88edf9a1a413db8defb7713e5da2a53befa291a68dde005eb07a0a49d
and	benchmark_results/and_bench/coeffs/and05_gauss_sqrtn_d4832_b1026.txt	577883	5049e69c891463edf439df1e96ff95c83b9f8517fabf816a939c7fd6efb1d0b2
and	benchmark_results/and_bench/coeffs/and05_gauss_sqrtn_d512_b1026.txt	128530	b2f6d53efc41391dc22de36253e702832f7ef104a3cd69297c0eb979b7bffd81
and	benchmark_results/and_bench/coeffs/and05_gauss_sqrtn_d6428_b1026.txt	668326	bfb4bc66b410b5f89fb68531dbe86fcef8bd95ff50fc64f963b3b7c70153c49a
and	benchmark_results/and_bench/coeffs/and05_gauss_sqrtn_d64_b1025.txt	20001	6b9ff45b583ae271a7968a41fc7641cd7987403a70c92ce76aa5f6430294b5b0
and	benchmark_results/and_bench/coeffs/and05_gauss_sqrtn_d724_b1026.txt	162984	b04c7287f1f00feb887cb722b2f4b6d9367bb5aaf414e5467338fe595b1be612
and	benchmark_results/and_bench/coeffs/and05_gauss_sqrtn_d8594_b1027.txt	778409	42c20bcfa5c08352bb8fa5976eb795738d5037d3ec2cb0748a921a9652d83e28
and	benchmark_results/and_bench/coeffs/and05_gauss_sqrtn_d90_b1026.txt	27889	a57804113d8277b79c3a3ac1fb152a3135a18c6a62309bd3e97c52e91aea704f
and	benchmark_results/and_bench/coeffs/and06_gauss_logn_d1024_b1029.txt	318558	c0e9f42ee15b345674c50a42394aecdeca18446d9e56c69be91eeebf408af03d
and	benchmark_results/and_bench/coeffs/and06_gauss_logn_d11584_b1031.txt	3606307	ad64ce8fe5a15116980ca2fee9cd4c448c60a066eeb10deaffda88fbf5d62bb9
and	benchmark_results/and_bench/coeffs/and06_gauss_logn_d128_b1027.txt	40018	3e7ee39a1f502af79cd66b27bf195dff41ac79bf9ef738b069fe756b8ab7d8de
and	benchmark_results/and_bench/coeffs/and06_gauss_logn_d1448_b1030.txt	450488	b5c5bf1ae90de3c935d75e2af032b64b485e18bddc0b91f3dc9556645ea80a98
and	benchmark_results/and_bench/coeffs/and06_gauss_logn_d16384_b1032.txt	5101607	b9e9daeceb96e1eee231b7076e5e27b071c521e585016e72066f255a8353a27e
and	benchmark_results/and_bench/coeffs/and06_gauss_logn_d16_b1025.txt	5272	bbbd66fb7ee774422a0aaf0f1b9cf4a1f33bd0cc39511b4aebb58a4bb5e4b012
and	benchmark_results/and_bench/coeffs/and06_gauss_logn_d180_b1028.txt	56213	1764a9faa66cca5513c83dbe8a35973a59d504749b0c39eee15af50ad25abd13
and	benchmark_results/and_bench/coeffs/and06_gauss_logn_d2048_b1030.txt	637123	438c30078d0d925a11963a3f07c9644a9c9834def7357153e3c56cdeddc521f6
and	benchmark_results/and_bench/coeffs/and06_gauss_logn_d22_b1026.txt	7125	e27676ae09f639994d8be332e346d87f53feb7c7ca2e5a0c963afe533e8acc29
and	benchmark_results/and_bench/coeffs/and06_gauss_logn_d256_b1028.txt	79785	be448b25218ee487f86959bce6b70fa82faae6be6b1c4487cd7ed2b38afcf3ec
and	benchmark_results/and_bench/coeffs/and06_gauss_logn_d2896_b1030.txt	901135	7a82d300fc5f4fee5af3a708b1ff035b2be2e8ca8963bc47346e36cff4cbf30b
and	benchmark_results/and_bench/coeffs/and06_gauss_logn_d32_b1027.txt	10227	d973a26915bff81c0dab706d2ea85fec53305fcec179bac72af4b0c2e3ef751d
and	benchmark_results/and_bench/coeffs/and06_gauss_logn_d362_b1028.txt	112719	7bcf11652989e0b52d493c31bd781242d8970cc5db7d1b33fb49ab0b8d293c64
and	benchmark_results/and_bench/coeffs/and06_gauss_logn_d4096_b1031.txt	1274478	e0b6cdb35ce069ba2b616af998c7133aca937273711b9f9ff0b8a3799369a390
and	benchmark_results/and_bench/coeffs/and06_gauss_logn_d44_b1027.txt	13947	78d2f09f5bff3276b32d1eaaa0d9bc45af9702a8c4c86fbae36fe53e134b2714
and	benchmark_results/and_bench/coeffs/and06_gauss_logn_d512_b1029.txt	159327	e53593db271a8864c4a19a7b6d8882763feea2495ca927d92419322b0a29e531
and	benchmark_results/and_bench/coeffs/and06_gauss_logn_d5792_b1031.txt	1802533	ea9fa5d081f7ba88334633ac4ebe6f30c2c50800881d6e4bb99806fd56fc939c
and	benchmark_results/and_bench/coeffs/and06_gauss_logn_d64_b1027.txt	20156	8ec76597eb053bd7a9619ce8ae0d80d47875b1b0590374268a1ff33089834fbc
and	benchmark_results/and_bench/coeffs/and06_gauss_logn_d724_b1029.txt	225297	8bd744c7e87d65cc8ae75b9317562b13c34732cd22efec1d3765b8946327e1b9
and	benchmark_results/and_bench/coeffs/and06_gauss_logn_d8192_b1031.txt	2549913	353c1106ac375a9c45bca3a8adcf752c0c23e00189f81546449a92542f3aa353
and	benchmark_results/and_bench/coeffs/and06_gauss_logn_d90_b1027.txt	28228	6ca196ec617b537739e29fc9ff64139e09e40cd9f3464a15d6ab88161ec6f397
and	benchmark_results/and_bench/coeffs/and07_hermite_d1024_b9875.txt	543660	c795869b37a95c62c62077124665090d198b4304766d8d3e52d5ed1021b82aa9
and	benchmark_results/and_bench/coeffs/and07_hermite_d128_b869.txt	6896	49083a21f4c66964da559a89fad53d1d3732f2c2034375b779ffc90d1cc46f25
and	benchmark_results/and_bench/coeffs/and07_hermite_d1448_b14668.txt	1125194	687a1ecbc271e21207968421846a05f056a67219614dcd004a1dd5b3cf12a04b
and	benchmark_results/and_bench/coeffs/and07_hermite_d181_b1313.txt	14136	e84c02cd09c56a5a0fce4ed4811f38dd3f0bef310a86ca7f5492a0161732f34c
and	benchmark_results/and_bench/coeffs/and07_hermite_d2048_b21748.txt	2327950	49b6ce0cb2c45a1f7a86379ba972a56676bc63e8cc991d541a36c53ded9c4d9f
and	benchmark_results/and_bench/coeffs/and07_hermite_d256_b1977.txt	29469	f62f88e0211ca684f827603eedc70b701fb22072a644882700e015739c789e4c
and	benchmark_results/and_bench/coeffs/and07_hermite_d362_b2968.txt	61067	0ec73cfc919df617c6a4bf4bac818902da59687de58b7b7d4653d64ff730ae65
and	benchmark_results/and_bench/coeffs/and07_hermite_d512_b4443.txt	126618	8712b569febd1eda49dbed5bc1c7a28d7b0ff60950abcb2e4c56b31e32da3cd6
and	benchmark_results/and_bench/coeffs/and07_hermite_d724_b6631.txt	262378	1f6d0190fc9865e4749d372801bfd002fe0f9f629485d3a5e8674621a6de1ec3
and	benchmark_results/and_bench/coeffs/and08_laguerre_d1024_b8854.txt	1694194	e22f103989bc0d8e3e064f6634049d19e2400f3df876ad97d249f59d1352d210
and	benchmark_results/and_bench/coeffs/and08_laguerre_d128_b743.txt	19307	26a6cffddde4ddf3eb793672ed09ad77b59f49a43cc9158f87dc6fe2f620533e
and	benchmark_results/and_bench/coeffs/and08_laguerre_d1448_b13223.txt	3544189	be0ba11ec7cef41afb2f0aff69b1d4e15b3801d0edacb7e12b1c4497e0715dac
and	benchmark_results/and_bench/coeffs/and08_laguerre_d181_b1134.txt	40908	99817f28d78714d0c6104866b0ef3f9c4fb5beccebb7c78d8c5a3345a63310c4
and	benchmark_results/and_bench/coeffs/and08_laguerre_d2048_b19702.txt	7403920	aec7ed8e26dce215cc67f81aab98d468dc06f1c57bbeef1d6f4dfa198caa1826
and	benchmark_results/and_bench/coeffs/and08_laguerre_d256_b1723.txt	86550	2d1bf663346342d0ee66d09078690c1039d3e8f9a86be24d24499a5d8927e4d4
and	benchmark_results/and_bench/coeffs/and08_laguerre_d362_b2608.txt	182625	5a28097b0c2b97e169ead8352294d2e6a2f75d0091e1cf10f0a63564097556b0
and	benchmark_results/and_bench/coeffs/and08_laguerre_d512_b3933.txt	384603	e92b3c4eba02c7c584e87116bf791f4dd177ee2371cd510846b288026a9d7a5e
and	benchmark_results/and_bench/coeffs/and08_laguerre_d724_b5910.txt	807885	a0dece993f453d843fa1e51b60bcbb63ce1ce8c75f9987df7fd06974c4be3850
and	benchmark_results/and_bench/coeffs/and09_legendre_d1024_b4640.txt	316593	4d3858c497be05ed367e9e67814cbf14792890bc8718a19dc938fe6c74b328a6
and	benchmark_results/and_bench/coeffs/and09_legendre_d128_b572.txt	5109	13be6464d760e3458bd32b3a4d4813737d902c7afe9874b80461203193ed61d2
and	benchmark_results/and_bench/coeffs/and09_legendre_d1448_b6562.txt	632382	a32e91eb1a743d7916c45d05708b9c5bbc5eecebdde3d27ec39a76923ca4d16c
and	benchmark_results/and_bench/coeffs/and09_legendre_d181_b809.txt	10068	02c6473ea246c19f645cc94aef00709a8f1cff2d24e42a117f260227eafc3c9f
and	benchmark_results/and_bench/coeffs/and09_legendre_d2048_b9291.txt	1264150	508428f848ec1f8c75abaaaa3401f92c8bb71767950a2a8f593cce32b97f5f99
and	benchmark_results/and_bench/coeffs/and09_legendre_d256_b1153.txt	20040	6011aadc611dcd2983355bec2db8f9c26dc053b09518c7fba3458e8b01e016bf
and	benchmark_results/and_bench/coeffs/and09_legendre_d362_b1630.txt	39862	f451399f504e9109e88122c850311a29f7c01bb7ec53d4f687ced734a3631edd
and	benchmark_results/and_bench/coeffs/and09_legendre_d512_b2315.txt	79459	a0bfa49a893113a6d6e402e7b5c2c5ff9fdbd63f83924fee26d713a06af53224
and	benchmark_results/and_bench/coeffs/and09_legendre_d724_b3274.txt	158509	322d612dab46e503a74e014cd578a044044eaed2efcbacb3ceec4d325f23970c
and	benchmark_results/and_bench/coeffs/and10_mignotte_rat_d129_b10.txt	265	158991e6b251d46ecbf5f8352eedc7f6380959b097466018327ab54c64bdff5a
and	benchmark_results/and_bench/coeffs/and10_mignotte_rat_d129_b1024.txt	724	9d2fc73dd70013d0d8e9391b91d5ff4e5617eccffbeac5bf286e0dc83c713e97
and	benchmark_results/and_bench/coeffs/and10_mignotte_rat_d129_b11584.txt	5492	9d6533849ac3e1eb2b1d69227606b02ab840f36523fd61a95c69d2f061b9f1b5
and	benchmark_results/and_bench/coeffs/and10_mignotte_rat_d129_b128.txt	319	f6c7f8fc2a163aa9da776ac78b2a8058a09f4b62ccd7990012920405daca8e35
and	benchmark_results/and_bench/coeffs/and10_mignotte_rat_d129_b131072.txt	59446	e0354df2310cdd20e368a2e655f57688cc353e84e2d1f1241982c90ccce61ca0
and	benchmark_results/and_bench/coeffs/and10_mignotte_rat_d129_b1448.txt	915	14e04217c8a5ae855b73c5467430782eb3f9dede4e10e7690e067fbdacb32f7b
and	benchmark_results/and_bench/coeffs/and10_mignotte_rat_d129_b16.txt	268	57a50fa8907a98149d289dff72c2a7e1171d6e483867297fcac2d2c5d31c90dc
and	benchmark_results/and_bench/coeffs/and10_mignotte_rat_d129_b16384.txt	7660	08a810383f87d576d44749fe0121f9f3530c15b39ff25b2dda6f99fe770b2503
and	benchmark_results/and_bench/coeffs/and10_mignotte_rat_d129_b180.txt	343	c89d696b382978da06105041b2a3787ef44e6f9ff2ec69c25d725351f2c296d8
and	benchmark_results/and_bench/coeffs/and10_mignotte_rat_d129_b185362.txt	83961	5b52c32925d88c6d48182bf8e25d552d558b06f7ea96e41dacbbca935e7e7bcf
and	benchmark_results/and_bench/coeffs/and10_mignotte_rat_d129_b2048.txt	1186	f783573816a562d36c60b40955cf12259da1ff7bfbd4a1c45c0ea91e8eadc894
and	benchmark_results/and_bench/coeffs/and10_mignotte_rat_d129_b22.txt	271	85821564b49a975ed02b6d871d42799ed3ed023c10efe50c2f613cd4028f740b
and	benchmark_results/and_bench/coeffs/and10_mignotte_rat_d129_b23170.txt	10723	bc33e1137dfaa5ee5a15a0b94f0359570b1692d39d2873373fa480e148a46aa4
and	benchmark_results/and_bench/coeffs/and10_mignotte_rat_d129_b256.txt	377	69c0a826a20e1b1a0a2c860d6558b4729e173202247f3eed72e77197146afedb
and	benchmark_results/and_bench/coeffs/and10_mignotte_rat_d129_b262144.txt	118631	b0754848e9ef83851308bcc893fe43a7692af28c502b61c89b6783744efbe13b
and	benchmark_results/and_bench/coeffs/and10_mignotte_rat_d129_b2896.txt	1569	ce4f1c5048489dc29b1352b5e91892a30ad089937e72a0670206343ac3ddc893
and	benchmark_results/and_bench/coeffs/and10_mignotte_rat_d129_b32.txt	276	59310dd6a0935b3d3f863e5fa72a48f40e4222f3d378e34c29ddac852bf1274d
and	benchmark_results/and_bench/coeffs/and10_mignotte_rat_d129_b32768.txt	15058	e91c8fafe0131458d4ab873c5a3b0a67e5de4188ff4b22927a5492d6bd738683
and	benchmark_results/and_bench/coeffs/and10_mignotte_rat_d129_b362.txt	424	b107a96834221462cc5e5da2979ddd22f28f2f593f9cf5e8aac150b4d318b556
and	benchmark_results/and_bench/coeffs/and10_mignotte_rat_d129_b4096.txt	2111	d7b4e450b85dbc7a7b6557265271665cf6a430ceaa4ede979ff2b5fa0a0b0c9d
and	benchmark_results/and_bench/coeffs/and10_mignotte_rat_d129_b44.txt	281	e486a5c96bf618a60eee1a31635f963b907645d5aa4de5b2014201565ca5c9d4
and	benchmark_results/and_bench/coeffs/and10_mignotte_rat_d129_b46340.txt	21186	aa5af5dd209aa251759a52a8826b50860cce1284ee30485b36f810c9c311e1c6
and	benchmark_results/and_bench/coeffs/and10_mignotte_rat_d129_b512.txt	493	8705ea340e958ff6ea18da463647375b5e1ee36d1b207e7811cec6398b0a4cd4
and	benchmark_results/and_bench/coeffs/and10_mignotte_rat_d129_b5792.txt	2877	ac891cc1cdd93976506513bf647f87260f8b1a02aabcd2b9b592ebeb89f15cc3
and	benchmark_results/and_bench/coeffs/and10_mignotte_rat_d129_b64.txt	290	0400898a4496e1498e75b24cf2ea63ec3e12cd897ab4628f37b16f729fb0986d
and	benchmark_results/and_bench/coeffs/and10_mignotte_rat_d129_b65536.txt	29854	650cab58056dd780501cc8082af49eea7d872aa8ed73281307d73b5b97f93ce1
and	benchmark_results/and_bench/coeffs/and10_mignotte_rat_d129_b724.txt	588	00b5a924f232d0d1adb621a8628641b7717a7ba7f439260c35e7b25aa483e54e
and	benchmark_results/and_bench/coeffs/and10_mignotte_rat_d129_b8192.txt	3961	be1db71ceb70ac7b6799bcd938b59c3380e7df12504d814993fa7ae0867b6c01
and	benchmark_results/and_bench/coeffs/and10_mignotte_rat_d129_b90.txt	302	a4d5bf9d45258a997674722a68dacbf9565c1722c7d5542d054ef1c8e61cb1ab
and	benchmark_results/and_bench/coeffs/and10_mignotte_rat_d129_b92680.txt	42111	9ed233b4833461aa37d9b32fe78ded25074b139f640a74a75e37369a51356e79
and	benchmark_results/and_bench/coeffs/and11_mignotte_rat_d1025_b14.txt	2060	21342c18a8de658902d684d08380152ecfe92643c6228ba077174b67246d3f95
and	benchmark_results/and_bench/coeffs/and11_mignotte_rat_d11585_b14.txt	23180	49beb9b5fa89dd7eb10f005792f698a61248214c0b1e2743444c1eb41916e609
and	benchmark_results/and_bench/coeffs/and11_mignotte_rat_d129_b14.txt	268	45fb16ed786bcd6e0092ddbffbd1d811535115c482f9a9093c21f1a5bf20862b
and	benchmark_results/and_bench/coeffs/and11_mignotte_rat_d1449_b14.txt	2908	60463775fb5b9d841d3671307ef88a26b2cdcba7380a3176af59419612a2b4f6
and	benchmark_results/and_bench/coeffs/and11_mignotte_rat_d16385_b14.txt	32780	7be63ec5bc6b13928b4d7ea3335e492c1d56ab601fadcbc60b6b3fe0be768adf
and	benchmark_results/and_bench/coeffs/and11_mignotte_rat_d181_b14.txt	372	0c6f72fb8c5efe8da66fa90daf558f34eb6806007cf238d4cd97e6a602122e4d
and	benchmark_results/and_bench/coeffs/and11_mignotte_rat_d2049_b14.txt	4108	0e5b869d59c456654d65cd5911f10a204f8c3af7b43f9c2d48fbf37895c48c93
and	benchmark_results/and_bench/coeffs/and11_mignotte_rat_d23171_b14.txt	46352	3ae027af48accd1c2ef3f52d5aab6893ad691c3e2a3c979c04a80cf429f7221e
and	benchmark_results/and_bench/coeffs/and11_mignotte_rat_d257_b14.txt	524	83e2181ed6195beb2f4d55ee5a4048a64ead95ac7be1eabcb98630ed24c84510
and	benchmark_results/and_bench/coeffs/and11_mignotte_rat_d2897_b14.txt	5804	161cef7aa75107681226433df0a01283e0e4acba1c37b6fd9d06b07da8600bee
and	benchmark_results/and_bench/coeffs/and11_mignotte_rat_d32769_b14.txt	65548	ca8fc937930fa27dbfd6fc8dd07f5595c0ec86c621303b4293b3e6fe68b3de0c
and	benchmark_results/and_bench/coeffs/and11_mignotte_rat_d363_b14.txt	736	91f05291819a005a99481742f10a6ef8a04815dd3220509203ffd06ac0c01c32
and	benchmark_results/and_bench/coeffs/and11_mignotte_rat_d4097_b14.txt	8204	36e2cd4e7e538b954eddae5e2c70a32b2ed94652abea2ca964bcbf0f754b3649
and	benchmark_results/and_bench/coeffs/and11_mignotte_rat_d513_b14.txt	1036	d04feec5a82da53348b689492b1b61a4eb72aafb183233960620cc1119e05ed9
and	benchmark_results/and_bench/coeffs/and11_mignotte_rat_d5793_b14.txt	11596	f733b5e14bb6571388d164adf0f89e50d4aaead723b5b6c1680ea5455375a65f
and	benchmark_results/and_bench/coeffs/and11_mignotte_rat_d725_b14.txt	1460	3bb6fe0b69ff7dafbd5833cc6dae97b5feccc801564bca3e9b6e6992d1987534
and	benchmark_results/and_bench/coeffs/and11_mignotte_rat_d8193_b14.txt	16396	edaaf2270ae32e7a5f1ceaa105b62d4ecdc132c6ac5809c85f4aef4b4d0bbae5
and	benchmark_results/and_bench/coeffs/and12_mignotte_irr_d129_b10.txt	265	7bb222af1f8416d33afb8bcad5c5beca7703d04b3925df8e4b11e23530e84fa5
and	benchmark_results/and_bench/coeffs/and12_mignotte_irr_d129_b1024.txt	724	3024107fe8f3394f006d22832416824231381a30e05295be706566f454712e76
and	benchmark_results/and_bench/coeffs/and12_mignotte_irr_d129_b11584.txt	5492	ab6b82cbbc5e655ad5751b08731d2bb73cc609823c136b05abaec08062d31c7a
and	benchmark_results/and_bench/coeffs/and12_mignotte_irr_d129_b128.txt	319	78ff5fcf3afc8b1ce420252e4963290770492b419ec939dca612ae74fc972716
and	benchmark_results/and_bench/coeffs/and12_mignotte_irr_d129_b1448.txt	915	2cd57d089429ab17b01b89437f780a4324baeda4a6650349f04918ddcd96a38f
and	benchmark_results/and_bench/coeffs/and12_mignotte_irr_d129_b16.txt	268	e8e18db92be343a7c6c6f6c0a013783d1d8eb7b7e9dd24f42c1ac6f589becff1
and	benchmark_results/and_bench/coeffs/and12_mignotte_irr_d129_b16384.txt	7660	0523186b54d3b5fbf697676eb65ab6a6c27926e7d2e29fb295385ef42ff6ad1f
and	benchmark_results/and_bench/coeffs/and12_mignotte_irr_d129_b180.txt	343	9982ba9a87ff492c4e5791db3a46805610c33ca37426dc3f3ba99100de0f666d
and	benchmark_results/and_bench/coeffs/and12_mignotte_irr_d129_b2048.txt	1186	1aa102f1996c27f2ec50b2398361741d5eee7c228a46cf8076967637355936ba
and	benchmark_results/and_bench/coeffs/and12_mignotte_irr_d129_b22.txt	271	4ced2b673e266bb6b0306f57b21f5a9f78dc745e93311d8d5e0eeb505485b77c
and	benchmark_results/and_bench/coeffs/and12_mignotte_irr_d129_b23170.txt	10723	51db3d4f093bb08a0bbaf7ba3027caed5450f348c16c3251d801be7e96729e52
and	benchmark_results/and_bench/coeffs/and12_mignotte_irr_d129_b256.txt	377	1ccc143ee4a8a1a877ce726b31ed235bbbd008f99669bb8d7453b6c953cece7c
and	benchmark_results/and_bench/coeffs/and12_mignotte_irr_d129_b2896.txt	1569	832f999c86a496916b929ab3f8a242642a8cb0e34ff9b16d83c33bc76e89e57a
and	benchmark_results/and_bench/coeffs/and12_mignotte_irr_d129_b32.txt	276	9c31152f02d4eab89ccaf03226a1d7ac2de32e46f2818de2bff850a121059e95
and	benchmark_results/and_bench/coeffs/and12_mignotte_irr_d129_b32768.txt	15058	5e441984479d6b583fadb6414637aa3ec23a5e31e723251d626ce063220fff2e
and	benchmark_results/and_bench/coeffs/and12_mignotte_irr_d129_b362.txt	424	0998525fd6b0e93b2ad2760d678d0790ebcade9da601e75f7795337330bc9185
and	benchmark_results/and_bench/coeffs/and12_mignotte_irr_d129_b4096.txt	2111	d9dff8a0e73d421f13aeece6f65543c89201edf43ebed55d641835d705cc9670
and	benchmark_results/and_bench/coeffs/and12_mignotte_irr_d129_b44.txt	281	f00d67ced2eae02718d6e747a706bd0fa6a5aa211fe9a049ceb8015819cd1c1e
and	benchmark_results/and_bench/coeffs/and12_mignotte_irr_d129_b46340.txt	21186	df413e7e30e6043d3bb726396cf7d00d5dd08aebda09b684ccf5c857738db80f
and	benchmark_results/and_bench/coeffs/and12_mignotte_irr_d129_b512.txt	493	32e7042f0895332547e0ed00f0d47725f259b8a37d71a94b8fa4161db182f71d
and	benchmark_results/and_bench/coeffs/and12_mignotte_irr_d129_b5792.txt	2877	1e6380cf5dc4e00fc0eec3221f2e477b598c10ed484cebc5c8bfeba31ae2cac9
and	benchmark_results/and_bench/coeffs/and12_mignotte_irr_d129_b64.txt	290	58e5fac6e504689d642be6b71355cbd6b0f21677637344f3b6653a4402a78a39
and	benchmark_results/and_bench/coeffs/and12_mignotte_irr_d129_b65536.txt	29854	4af4d32b987f06cb4e8fba32926e4cbb6c7b5c637933052da812455296bba00c
and	benchmark_results/and_bench/coeffs/and12_mignotte_irr_d129_b724.txt	588	4febe734b20edd094c1c5c5ea7f6006ff6aada7f1a829053ee25fcfbea4f2941
and	benchmark_results/and_bench/coeffs/and12_mignotte_irr_d129_b8192.txt	3961	a0d15fb621e06920b047875111c383b3e1bee0c87ec136893f07c0f3c0512cfd
and	benchmark_results/and_bench/coeffs/and12_mignotte_irr_d129_b90.txt	302	b59cbf988105dcd27e03223e36ad4d83e4ce450e1cb6c830259f7bf93516b384
and	benchmark_results/and_bench/coeffs/and13_mignotte_irr_d1025_b14.txt	2060	8aa93c6ab580ea6984d500492678d96b22791538aae15e5c1df107f7f766b348
and	benchmark_results/and_bench/coeffs/and13_mignotte_irr_d11585_b14.txt	23180	b2b08a2c36e23d85a074dab9f8f5901e1c5620e73e889adc30232ef766ef06c2
and	benchmark_results/and_bench/coeffs/and13_mignotte_irr_d129_b14.txt	268	1042472efc67b5d96ee1fc5cbf81f83c33e5f808a9adc7178402ceffabfb4b66
and	benchmark_results/and_bench/coeffs/and13_mignotte_irr_d1449_b14.txt	2908	be816786f61963b6ef3b1530df78aeb7817fd72bcb1762900bf3291d62248359
and	benchmark_results/and_bench/coeffs/and13_mignotte_irr_d16385_b14.txt	32780	294afe37f48698b37b70a057a823a1f643be11900cbca55e80aa18136fbe4a5c
and	benchmark_results/and_bench/coeffs/and13_mignotte_irr_d181_b14.txt	372	89c9cccb9eec4b248a19d12918ad740a6c3114e2f37acefac99b9c90e9e15cfa
and	benchmark_results/and_bench/coeffs/and13_mignotte_irr_d2049_b14.txt	4108	7df2325f2658929fad58f6f5214b98b9010456d909127e3cc60b138a3442626e
and	benchmark_results/and_bench/coeffs/and13_mignotte_irr_d257_b14.txt	524	4916aa7e28a913443496eb6149d12ceef6a9af3a4a0838d959822943e7a0f715
and	benchmark_results/and_bench/coeffs/and13_mignotte_irr_d2897_b14.txt	5804	976c30f7fc689c565052e13f4493c3382de034e60fde3af59fa13643aa3d289f
and	benchmark_results/and_bench/coeffs/and13_mignotte_irr_d363_b14.txt	736	baa8e59e7957feb73932dab9697bc1337e066285284a9f8644b5232e855d8dc8
and	benchmark_results/and_bench/coeffs/and13_mignotte_irr_d4097_b14.txt	8204	b989b0c956a992f244932e956c51be051b0ee1c1bb9ea58754db59cb87905547
and	benchmark_results/and_bench/coeffs/and13_mignotte_irr_d513_b14.txt	1036	05a9dd0b44c7661f65d2630aa6528b26e767bfdeeefa3d9520b4aa9ee8b4a1dc
and	benchmark_results/and_bench/coeffs/and13_mignotte_irr_d5793_b14.txt	11596	440c37b2209a6ed7919b35ef8269bfd102442df776c6f136316225a9e61eae8f
and	benchmark_results/and_bench/coeffs/and13_mignotte_irr_d725_b14.txt	1460	f92000672627f70d7bdfc4d5182339629a7b59edb414686166fe5746ba9cb0fa
and	benchmark_results/and_bench/coeffs/and13_mignotte_irr_d8193_b14.txt	16396	faaf28ffa61030ef3b649156dd3e9ff362c74ec847dd3b1ef7be3e8c0e18076b
and	benchmark_results/and_bench/coeffs/and14_resultant_d100_b2070.txt	6531	4ee6a491bb0ab9bd501492dcf88a62a939024696f8c3298e0118c86078b8653d
and	benchmark_results/and_bench/coeffs/and14_resultant_d1024_b2216.txt	242054	d5fd429924acc4e67aab0cffeff21e81134b90c0b2a7070f307f2228b11ff04d
and	benchmark_results/and_bench/coeffs/and14_resultant_d1156_b2221.txt	292788	88a7b062b015f48c50a35f00636f9c6a83fd7c80910690de9e3ebb222132f7ee
and	benchmark_results/and_bench/coeffs/and14_resultant_d1296_b2228.txt	349391	6d2ed952b8ecf75892c5f089cd9df296ddc81b31824f54e25d84a12c613a3189
and	benchmark_results/and_bench/coeffs/and14_resultant_d1444_b2205.txt	412498	a1e9fa8912a2fb262c2a7f140fa75549d6caafb5aed5e5c93c4665b896725bf1
and	benchmark_results/and_bench/coeffs/and14_resultant_d144_b2076.txt	11617	cd99b3c23d0126e4934cdbacac7b28162a4925595f57191755a1772cc47d4be6
and	benchmark_results/and_bench/coeffs/and14_resultant_d1600_b2243.txt	486095	0483cd8a79ca7f69312c535b0c79e0e58c9986a957c19462904b400deaae407d
and	benchmark_results/and_bench/coeffs/and14_resultant_d196_b2094.txt	18638	dd42f9c1f47b73c8f2dc4a48a80b7a1fcc41f0aa869bce9aa303dda5c1538af4
and	benchmark_results/and_bench/coeffs/and14_resultant_d256_b2108.txt	27729	54e331ec7e6243bf0d554c36c831c69fc5c279e1d1d196dc1178d48d8b1c8535
and	benchmark_results/and_bench/coeffs/and14_resultant_d324_b2086.txt	40257	8703d184f2455e357ff0e4c8ef08d798649b6eb5e3ea79d44a902a3ab0edd5b0
and	benchmark_results/and_bench/coeffs/and14_resultant_d400_b2126.txt	56364	8456b02dfe8f0d30e38f7d4d69be380f4a8aa7f68fafecfac83b8a82b9289668
and	benchmark_results/and_bench/coeffs/and14_resultant_d484_b2125.txt	75794	bd50bf7ed8ddd4dc5e8489ee5a4edf5ab26cb69468be07bf39a2d3286f407485
and	benchmark_results/and_bench/coeffs/and14_resultant_d576_b2125.txt	99042	561051f83ac0f4b890efe0127f19ed72e3650bc63c31a3dc9ea48fa29139d498
and	benchmark_results/and_bench/coeffs/and14_resultant_d676_b2157.txt	127621	3ed4f681d13ff962f086b62bb78871a89670d92e9ff78761cf49c906556bd968
and	benchmark_results/and_bench/coeffs/and14_resultant_d784_b2160.txt	159889	2be4e36e3f79cc0db53675195b5d441f21c2dec9dce7ac10b8e692bd3e73d081
and	benchmark_results/and_bench/coeffs/and14_resultant_d900_b2195.txt	198982	cb740346c277b34170f6db727e5964af08adbfde5fe9476f5b89e576899466f1
and	benchmark_results/and_bench/coeffs/and15_random_dense_d1024_b1024.txt	317631	f3adc25253f5b57b7e67fe3948e12aff1744f082861cefa0bc3d0c23d14dcf07
and	benchmark_results/and_bench/coeffs/and15_random_dense_d11585_b1024.txt	3590297	0544e474165ad381f44e351b225a85cdd71c4d697f5e20629797dd1adfbcb82b
and	benchmark_results/and_bench/coeffs/and15_random_dense_d128_b1024.txt	39973	e57019ab2a04f34bfcb44981820264653e050e54ccfeeea11ac7b1d1fa7be7b7
and	benchmark_results/and_bench/coeffs/and15_random_dense_d1448_b1024.txt	449086	4adebccc6355853719742ff78a3d5815b797e2ba14b8e591e1e179f51c562398
and	benchmark_results/and_bench/coeffs/and15_random_dense_d16384_b1024.txt	5077421	b2fb88ba9e57ac520520cb02396c02a8b43a55cc2d6d02b40be1ba21e73e4b0c
and	benchmark_results/and_bench/coeffs/and15_random_dense_d181_b1024.txt	56399	484b1f45bd72c8ebbb488d8f171a2a4284dd05a74b60165a81720f53671e8c7a
and	benchmark_results/and_bench/coeffs/and15_random_dense_d2048_b1024.txt	634983	12cfc1fbfe55b051c43932d72b97a89775b7b451f6a7cada606c7bf5e6b603c2
and	benchmark_results/and_bench/coeffs/and15_random_dense_d23170_b1024.txt	7180425	151569ade43c4a73b91a24977be6e5d1651a3ee4b912b34b024affb878f51a5c
and	benchmark_results/and_bench/coeffs/and15_random_dense_d256_b1024.txt	79642	12d95f3534f3a4890ce2a3003b094c431852d8988c9314a08f97fb9a9c533d30
and	benchmark_results/and_bench/coeffs/and15_random_dense_d2896_b1024.txt	897731	1524a227540d72493e73d2ba32b4c7ad20db31f73234f3b026566ec3a7d8e658
and	benchmark_results/and_bench/coeffs/and15_random_dense_d32768_b1024.txt	10154512	6bc2dcb31339b97ba17810155ea0a3299fa5fc04287957bfe032b03d7159bf0e
and	benchmark_results/and_bench/coeffs/and15_random_dense_d362_b1024.txt	112484	0b2d47d5ee81d1059c7fe70fbc866f04fcd0c31f8a5efd605b77e04d8c31f69b
and	benchmark_results/and_bench/coeffs/and15_random_dense_d4096_b1024.txt	1269563	7474de0703dc83c533a679c39f14701587ea377bdd80193a3de4699445daab16
and	benchmark_results/and_bench/coeffs/and15_random_dense_d512_b1024.txt	158965	ab434696788ada3f7cf253e9bef6ec08d6e3792b0311c20ac5a61854ec932bb2
and	benchmark_results/and_bench/coeffs/and15_random_dense_d5792_b1024.txt	1795068	ca40a96742f17e7fe7b59461e85eba5be2b45d049accc900393505b63226da2a
and	benchmark_results/and_bench/coeffs/and15_random_dense_d724_b1024.txt	224679	e288901f7157438e061a27b5cc7bb8a184a364d00bc8c6a83be3d9066f41a4c9
and	benchmark_results/and_bench/coeffs/and15_random_dense_d8192_b1024.txt	2538879	0d012e16bd87cc7f8f67845d2590b9c4de9e32ca95f48110552e5a1b39536c64
and	benchmark_results/and_bench/coeffs/and16_random_monic_d1024_b1024.txt	317360	e4f80eebed27a653f4a611a0611c734c0ac7b6c3175be75c159839b8c1b285c8
and	benchmark_results/and_bench/coeffs/and16_random_monic_d11585_b1024.txt	3589965	aea80d1600b00480e6f05a5435625a5e2d9e4eacdade05da5bcb25d5d821bd3d
and	benchmark_results/and_bench/coeffs/and16_random_monic_d128_b1024.txt	39679	f8ff49eb885d423a8224fbf7287b83bf56ee2ae960ea37a32c4cd250eacf87ca
and	benchmark_results/and_bench/coeffs/and16_random_monic_d1448_b1024.txt	448784	5565b61c0b3e303d1044c44ee6bc0a4e79d7b4b0dffcef922b7de81bd96a7f0e
and	benchmark_results/and_bench/coeffs/and16_random_monic_d16384_b1024.txt	5077060	ac984e3434b2cdfc7d89170fcd3311c8b19d3f65ef04ad0370426568faeaf46b
and	benchmark_results/and_bench/coeffs/and16_random_monic_d181_b1024.txt	56083	6e4480fdab3bfd7f8cd55f6d5ecdeab68c9bb6802ade9e68f114606721a27bec
and	benchmark_results/and_bench/coeffs/and16_random_monic_d2048_b1024.txt	634652	533a22fc830c7d0caa3c92c75014c68b7ba8aca5416ff8d038289dc09f3f186b
and	benchmark_results/and_bench/coeffs/and16_random_monic_d23170_b1024.txt	7179942	39eda9c001376003d9a0098caebc8b699da55933b8b3decbd032df327a93729d
and	benchmark_results/and_bench/coeffs/and16_random_monic_d256_b1024.txt	79333	cb5c691d21ed81a00823676c9e6cbc97286962e308495cb0d8d82add5c0647c7
and	benchmark_results/and_bench/coeffs/and16_random_monic_d2896_b1024.txt	897412	6f107fbdbff3de503eed26c266ce5bf1c2381fb876c6be4a27e04ca42a979e5a
and	benchmark_results/and_bench/coeffs/and16_random_monic_d32768_b1024.txt	10154352	02da0809172b9e18a17d8110c47fc83aa88462d1f6fede5f10656107e7ed09d3
and	benchmark_results/and_bench/coeffs/and16_random_monic_d362_b1024.txt	112189	3f3841513576ae1a3d9c30475976e1b28ad180ec8c6f3bc7a8844ef051452bfe
and	benchmark_results/and_bench/coeffs/and16_random_monic_d4096_b1024.txt	1269219	2f49d4be78df0e3914af54e9f83b7c779fc7bee840aa2d9bb77bb7751cc3ae5c
and	benchmark_results/and_bench/coeffs/and16_random_monic_d512_b1024.txt	158687	d0211efdd7affd37a1e7522377b02ebea6f74dd943364166234cb642a5f601ae
and	benchmark_results/and_bench/coeffs/and16_random_monic_d5792_b1024.txt	1794790	6422ad00ebfdaaf91a084c8c87ca7f1de0fa341264fb4125cfdebce0ed625a23
and	benchmark_results/and_bench/coeffs/and16_random_monic_d724_b1024.txt	224377	309377bdb56e20910a7dbf62a79849f40afc9c857c5a7fb105eb889c1784a58d
and	benchmark_results/and_bench/coeffs/and16_random_monic_d8192_b1024.txt	2538657	9634ff70c567dd282a02f9e35bc9a64d519a0c98b68839e0fb9eeecda65873a6
and	benchmark_results/and_bench/coeffs/and17_random_monic_lt1_d1024_b1024.txt	317308	37c7bf02eec9d025c95b7fccf1e5fe703fa1d3f35bd5d65605f547e37d46a9ea
and	benchmark_results/and_bench/coeffs/and17_random_monic_lt1_d11585_b1024.txt	3589921	18644ce4141d9bad8c758149543e43a381440accbfce00f37649a4223f46d5e1
and	benchmark_results/and_bench/coeffs/and17_random_monic_lt1_d128_b1024.txt	39350	f64580ad5818d56c93eae8358299c9469cea05d927308ab8c7ad014a07fdafca
and	benchmark_results/and_bench/coeffs/and17_random_monic_lt1_d1448_b1024.txt	448706	c9564a7ad85dd734e80f0db4540b24b181318b063a67d32ad82a4a425222e736
and	benchmark_results/and_bench/coeffs/and17_random_monic_lt1_d16384_b1024.txt	5076811	250fd29cb80219b5b939300460c43740ce3fb16207982d64550acf2bc7fb8729
and	benchmark_results/and_bench/coeffs/and17_random_monic_lt1_d181_b1024.txt	56096	cd9a7a2678e3b17d6c90b9845518e92604d24c539f16fa1431d8d096e1bcc2f6
and	benchmark_results/and_bench/coeffs/and17_random_monic_lt1_d2048_b1024.txt	634348	a28991b20e6ae48ebda6a61a15a62446c8415201738e3336fd886e7d1816a47b
and	benchmark_results/and_bench/coeffs/and17_random_monic_lt1_d23170_b1024.txt	7180064	311596969d58a3f036b98ab8a8a1a87349e2889ea0ba6d516242f76583e3a8c7
and	benchmark_results/and_bench/coeffs/and17_random_monic_lt1_d256_b1024.txt	79328	c7919e72eedb69f1b48f5d7f0fce082a1793c21181f5072842b0e917078c1abb
and	benchmark_results/and_bench/coeffs/and17_random_monic_lt1_d2896_b1024.txt	897390	cf0e580c82ef33f53591995e6bfdee7151e7884b39b9f65e4c70b1cff01ebc84
and	benchmark_results/and_bench/coeffs/and17_random_monic_lt1_d32768_b1024.txt	10154424	1dc949a7c52b297246f4b8be3897d3dff1b8797712a102b615fd67e05180884a
and	benchmark_results/and_bench/coeffs/and17_random_monic_lt1_d362_b1024.txt	112177	7af3a4f2cf714d8f95fd7bc11d5ee6996187fa44ec05d8c249ff1b3e385af2a2
and	benchmark_results/and_bench/coeffs/and17_random_monic_lt1_d4096_b1024.txt	1269269	b57a8482413ed9944bc0ebeab69fb9551231682030efa217e6bc60560a971a1e
and	benchmark_results/and_bench/coeffs/and17_random_monic_lt1_d512_b1024.txt	158372	4823aa8c8d9326c52a11700c8e4fe346d6d965c6b0695c16332c581921f8843e
and	benchmark_results/and_bench/coeffs/and17_random_monic_lt1_d5792_b1024.txt	1794861	b1accddd088fed509397b15ddf239d375df9df89b71cd1bb893a65de1fa5ee63
and	benchmark_results/and_bench/coeffs/and17_random_monic_lt1_d724_b1024.txt	224383	4e5d964f2ea8fc527daa91be2adda857e2f4f01a17e9fbb08059d1e83c0840cb
and	benchmark_results/and_bench/coeffs/and17_random_monic_lt1_d8192_b1024.txt	2538257	a7284a7b4590a7b1fbdd0cde2cfec9e5bae2d8c6d2c2ad63bbe68d22f3f64754
and	benchmark_results/and_bench/coeffs/and18_wilkinson_like_d1024_b10112.txt	3193541	567bbc4375decb72e5da0e1bdac150cf4689ed13ab15eb9a3038babd91222d29
and	benchmark_results/and_bench/coeffs/and18_wilkinson_like_d128_b888.txt	35486	1b59abe562db2d2038b79dc6f59adefbae83ebc6d84c3f2c9c020e5424b88626
and	benchmark_results/and_bench/coeffs/and18_wilkinson_like_d1448_b14131.txt	6698974	ef55cabfa9389addcf3e908965208602f68304ab0d606a52755fca5b405bacf5
and	benchmark_results/and_bench/coeffs/and18_wilkinson_like_d181_b1248.txt	75637	27228e2e09e67c4db1577907223b0cf2e4c431a40d1776584beec22317276161
and	benchmark_results/and_bench/coeffs/and18_wilkinson_like_d2048_b22566.txt	14029068	2cc349b315785141e30db606a1e1f6b07de3c1c034a2cb1da74816cf080da068
and	benchmark_results/and_bench/coeffs/and18_wilkinson_like_d256_b2189.txt	160815	1644ac0161f03692ce506f50b79456df5b189ca597c68664fbf4a97bed373ad5
and	benchmark_results/and_bench/coeffs/and18_wilkinson_like_d362_b2968.txt	340767	13c2e904c51c67947b9b021de61d820257bda9bc710ad8775985fe11b9ffef71
and	benchmark_results/and_bench/coeffs/and18_wilkinson_like_d512_b4394.txt	720411	2e53b873422fda14121cf9a6fa4e5319244376a84a1d122c1ec0fd9192274bbe
and	benchmark_results/and_bench/coeffs/and18_wilkinson_like_d724_b6763.txt	1518280	4a78292120354b1a3ce2ab6119903bad9bae54ac95bc64a80209c0f996e0112c
and	benchmark_results/and_bench/coeffs/and19_wilkinson_d1024_b8777.txt	1613514	b52f62f2fd08cc4799ac1740ff4bec6c8e4975741ff678e14e2ad3d07b5135c1
and	benchmark_results/and_bench/coeffs/and19_wilkinson_d128_b721.txt	18060	1e140e3a80d08ea82ca670741f54fdd1d40c9fc6311ed01aa8bb9104651a221d
and	benchmark_results/and_bench/coeffs/and19_wilkinson_d1448_b13130.txt	3382767	1fcff150132983ec9fae014ad1f16c3a8f4375f605af2451b05c5259a6931a0e
and	benchmark_results/and_bench/coeffs/and19_wilkinson_d181_b1107.txt	38412	49ef107be29591864c04e80ece5a04a558c614639bbf5c9f43109c11f9560055
and	benchmark_results/and_bench/coeffs/and19_wilkinson_d2048_b19589.txt	7080855	10cfbe93d22628ba2dadb2d9e66b2b97cd828fcb68a50bad48089a6a16b09638
and	benchmark_results/and_bench/coeffs/and19_wilkinson_d256_b1690.txt	81545	6f4ea8dd6a738530eeec5296a97b14198e8a8b62d7ca16bad41b5039e140d0a5
and	benchmark_results/and_bench/coeffs/and19_wilkinson_d362_b2567.txt	172575	01dcba360acff4c6f639d5245e492884d7a6dcf22794c0dfb0563646182a4a24
and	benchmark_results/and_bench/coeffs/and19_wilkinson_d512_b3882.txt	364484	527171942ddbf5a33bf805a3816c7398e1025a935e01f712f02259e8d48e89f1
and	benchmark_results/and_bench/coeffs/and19_wilkinson_d724_b5847.txt	767593	13dca457476c329cec7053249d25c53dc67561960aac9533126f75c84a5d8351
and	benchmark_results/and_bench/cases_record.json	58143	30772f80decf225518e54472cac56904a45b6ff76dc53cec1d641c605ba213bf
smt	benchmark_results/smt_bench/extracted/AUFNIRA_nasa__cl5_nebula_norm_0017.fof.smt2.apolys	43	e3cf80032c5759bd11f5f74d90fb33dd724ef053ab743bb7d5495d7cb1f02104
smt	benchmark_results/smt_bench/extracted/AUFNIRA_nasa__cl5_nebula_norm_0067.fof.smt2.apolys	2942	e2b330f7abe364b344d29f575cfd7361a7e9797f198856ad9c9eafea0287d307
smt	benchmark_results/smt_bench/extracted/NRA_20220222-cut-three-circles__cut-out-1.smt2.apolys	97	9641c895b4c8dcf33651a2459be3adcb491d14acae636a9eb373f5cd25eceb86
smt	benchmark_results/smt_bench/extracted/NRA_20220222-cut-three-circles__cut-out-2.smt2.apolys	262	5d071b8b10711de56bc1aceb915c465c0e8c811478b6606be8e546fb439608c0
smt	benchmark_results/smt_bench/extracted/QF_NIA_20170427-VeryMax__From_AProVE_2014__MainCopy.jar-obl-10__p10363_edge_closing_0.smt2.apolys	475	0a9dc4a8cecda0654112ef693a9117a5f4bb04dba4311644666b0260ef4ccd6e
smt	benchmark_results/smt_bench/extracted/QF_NIA_20170427-VeryMax__From_AProVE_2014__Test7.jar-obl-11__p12895_safety_0.smt2.apolys	1262	bd1a6ec65475090d5ac7d79906624a78346619b83dd583e1bcebd92ea3e16d71
smt	benchmark_results/smt_bench/extracted/QF_NIA_20170427-VeryMax__From_AProVE_2014__Velroyen08-factorial.jar-obl-8__p13794_terminationG_0.smt2.apolys	1386	c31174d031ed2b47e7965f913196aacca8f705f7029009eecb6c9ef28490fd4c
smt	benchmark_results/smt_bench/extracted/QF_NIA_20170427-VeryMax__From_AProVE_2014__juHashMapCreate.jar-obl-10__p5055_safety_0.smt2.apolys	15341	52e2f4471a5d715bc45f40c479db07413340c0ccc248fc58de69ab6c1033afa6
smt	benchmark_results/smt_bench/extracted/QF_NIA_20170427-VeryMax__From_AProVE_2014__juHashMapCreateClear.jar-obl-11__p30137_safety_0.smt2.apolys	704	44769e53550f439af2f659388af1523c55f1e5ee2069be8b5d3535ad24974708
smt	benchmark_results/smt_bench/extracted/QF_NIA_20170427-VeryMax__From_AProVE_2014__juHashMapCreateContainsKey.jar-obl-11__p30854_safety_0.smt2.apolys	201	12f06888ed9037ddbdebe7b57513437dc768e0ce616c103b6eb33f469470a450
smt	benchmark_results/smt_bench/extracted/QF_NIA_20170427-VeryMax__From_AProVE_2014__juHashMapCreateContainsKey.jar-obl-11__p31075_safety_0.smt2.apolys	5300	9c3ad324dc47974bbe537d0f4215c6d7e641daa2683fc1f5b09b826256af0f57
smt	benchmark_results/smt_bench/extracted/QF_NIA_20170427-VeryMax__From_AProVE_2014__juHashMapCreateContainsKey.jar-obl-11__p31778_safety_0.smt2.apolys	5306	e7fa0cf88ace628ecbd963369afa96ecd252bd4891d5d8a71c9ea5fda7f09c42
smt	benchmark_results/smt_bench/extracted/QF_NIA_20170427-VeryMax__From_AProVE_2014__juHashMapCreateContainsValue.jar-obl-11__p31970_safety_0.smt2.apolys	79	3ab8c5e2349442cb1892c0cf59b75eaceb2a210bced6defdc47689451f737a8f
smt	benchmark_results/smt_bench/extracted/QF_NIA_20170427-VeryMax__From_AProVE_2014__juHashMapCreateContainsValue.jar-obl-11__p32093_safety_0.smt2.apolys	3186	02081e313c971c0a6290ddfddacc54a0513d8f8bac32558ba42bd8c8e8c6b0aa
smt	benchmark_results/smt_bench/extracted/QF_NIA_20170427-VeryMax__From_AProVE_2014__juHashMapCreateIsEmpty.jar-obl-10__p1579_safety_0.smt2.apolys	19947	0ddb8a9f8301d7073794e3e520fd55cacc66246a811397f1f2d00f42aa071b83
smt	benchmark_results/smt_bench/extracted/QF_NIA_20170427-VeryMax__From_AProVE_2014__juHashMapCreateIsEmpty.jar-obl-10__p1900_safety_0.smt2.apolys	7139	e11002e7ff7489dc020be371f95d580f41f065ae1a51a0b5cf2a487d4e9566f9
smt	benchmark_results/smt_bench/extracted/QF_NIA_20170427-VeryMax__From_AProVE_2014__juHashMapCreateIteratorEntryLoop.jar-obl-12__p3002_safety_0.smt2.apolys	3538	03aa94058c119a3dd0b2881251855075d9af05f522d4952bb789e30bd9860d98
smt	benchmark_results/smt_bench/extracted/QF_NIA_20170427-VeryMax__From_AProVE_2014__juHashMapCreatePut.jar-obl-10__p5968_safety_0.smt2.apolys	219	c48c7c7e49c426811287ec6bb7730d56101b9ddf3239524c073c665a7e84de28
smt	benchmark_results/smt_bench/extracted/QF_NIA_20170427-VeryMax__From_AProVE_2014__juHashMapCreatePut.jar-obl-10__p6107_safety_0.smt2.apolys	44159	2ac779019b2a6bb55afd55067edc055f3654da15a84c91c70e8f61bff83bcd1d
smt	benchmark_results/smt_bench/extracted/QF_NIA_20170427-VeryMax__From_AProVE_2014__juHashMapCreateSize.jar-obl-10__p7163_safety_0.smt2.apolys	8191	c0c9de1cf5845284a5ef7f34784b5bcca6d09d1b3e72b6b6bbb3c10a7f45e474
smt	benchmark_results/smt_bench/extracted/QF_NIA_20170427-VeryMax__From_AProVE_2014__juHashMapCreateSize.jar-obl-10__p7575_safety_0.smt2.apolys	95816	c14fa93b7d1baf39adf1a276bd199977c4e75a57bad810a50384f9b296035ace
smt	benchmark_results/smt_bench/extracted/QF_NIA_20170427-VeryMax__From_AProVE_2014__juLinkedListCreateAddAllAt.jar-obl-17__p8067_safety_0.smt2.apolys	250	7b21c45f48321c56a011a1c55157550e4f1d8c949772d97451ece700ecacc2fe
smt	benchmark_results/smt_bench/extracted/QF_NIA_20170427-VeryMax__From_AProVE_2014__juLinkedListCreateAddAllAt.jar-obl-17__p8387_safety_0.smt2.apolys	23	d0574ed53b273e9fd9586f8de5a256bdcc40d6bac6027a5dc1d5853f4538ae4b
smt	benchmark_results/smt_bench/extracted/QF_NIA_20170427-VeryMax__From_T2__afagp-fail.t2__p15460_terminationG_0.smt2.apolys	633	13c28143b9507c8e9fd00bffa18776e2bb66ab08cb53f87cea8a48082f8e39c2
smt	benchmark_results/smt_bench/extracted/QF_NIA_20170427-VeryMax__From_T2__compress.t2__p17866_terminationG_0.smt2.apolys	2711	2e4071829ad36c2b8c8fa4f4a89992eba37fe72dd6145043d13632a74ee61ad5
smt	benchmark_results/smt_bench/extracted/QF_NIA_20170427-VeryMax__From_T2__consts3nt.t2_fixed__p18148_terminationG_0.smt2.apolys	14	4aa4b2b680e8f939e1331d9713e77ca9107379162c7abc0e002fffe4ef453f60
smt	benchmark_results/smt_bench/extracted/QF_NIA_20170427-VeryMax__From_T2__edn.t2__p20109_safety_0.smt2.apolys	1356	2309ef7a91179d818ec468e4646bfde9dadbaaf691a323779b688be46e60a1a2
smt	benchmark_results/smt_bench/extracted/QF_NIA_20170427-VeryMax__From_T2__edn.t2__p20654_safety_0.smt2.apolys	17635	a81aeedf278b7d4671a336cbc57b9766ca66072db8435d7945b391f332b1664d
smt	benchmark_results/smt_bench/extracted/QF_NIA_20170427-VeryMax__From_T2__edn.t2__p20682_safety_0.smt2.apolys	7313	cdcbd32dba0bd607608b3f41884ecf8b8a8887a4d77c1d2a579eaf40a66da8e2
smt	benchmark_results/smt_bench/extracted/QF_NIA_20170427-VeryMax__From_T2__ex36.t2__p29288_safety_0.smt2.apolys	14474	9a7efcf4a66f1995cdcc8dcf4af4c70c8944a2de205d22183f54e34a358ffe3b
smt	benchmark_results/smt_bench/extracted/QF_NIA_20170427-VeryMax__From_T2__foo.t2__terminationS_23_0.smt2.apolys	60	d46131f90d4ebd0350b92e83695d8ecb1b63cceb3a398156bc6cf658a81472de
smt	benchmark_results/smt_bench/extracted/QF_NIA_20170427-VeryMax__From_T2__fun9.t2__p1256_edge_closing_0.smt2.apolys	3539	0233f4216fe130173712dfb31efc7dcb3b476614d67eba42c4d333fb370ec817
smt	benchmark_results/smt_bench/extracted/QF_NIA_20170427-VeryMax__From_T2__fun9.t2__p1366_edge_closing_0.smt2.apolys	379	baa0b047372d640b1d63b39ed937ed8600044ad5fa9dfa0d9c6172d0c2b14aea
smt	benchmark_results/smt_bench/extracted/QF_NIA_20170427-VeryMax__From_T2__hqr.c.i.hqr.pl.t2.nor.t2.rlgfixed.t2_fixed__terminationS_49_0.smt2.apolys	11	e629674152f03e990c981f14fc7fe1c9883bb099ae9c7a9fb1cfa7c3d4f9a9d5
smt	benchmark_results/smt_bench/extracted/QF_NIA_20170427-VeryMax__From_T2__hqr.c.i.hqr.pl.t2.nor.t2.rlgfixed.t2_fixed__terminationS_61_0.smt2.apolys	527	959cb232add646d202b74421788cb2a805aa77539ab3d2222ca2b7113c87ff4d
smt	benchmark_results/smt_bench/extracted/QF_NIA_20170427-VeryMax__From_T2__janne_complex.t2__p2259_terminationG_0.smt2.apolys	286	9de225856650436b0380b7790e64341ee1e66e54215c3a5555208829d5924e28
smt	benchmark_results/smt_bench/extracted/QF_NIA_20170427-VeryMax__From_T2__matmul.t2__p2657_terminationG_0.smt2.apolys	265	7facf4dedf11c38a2e8c834d25d6917f72a884cfb6ec81a6b1635fda4e2f0fb4
smt	benchmark_results/smt_bench/extracted/QF_NIA_20170427-VeryMax__From_T2__n-7.t2_fixed__p4908_terminationG_0.smt2.apolys	137	6ac15a1a614e5085f50919631588efe0d33b6a5c76ccc13ffbcb02a10dcd35ec
smt	benchmark_results/smt_bench/extracted/QF_NIA_20170427-VeryMax__From_T2__s1-striped.t2__p12567_safety_0.smt2.apolys	69	2e3fa1b990b11f0b54f5c0bc72f3c887d23d88033329a0d22fd2f5c528652264
smt	benchmark_results/smt_bench/extracted/QF_NIA_20170427-VeryMax__From_T2__s1-striped.t2__p13166_safety_0.smt2.apolys	56	f95b6ff423e49df4ced61948453baf03277d13e1fb3ff0e173b56f8e3ef852bb
smt	benchmark_results/smt_bench/extracted/QF_NIA_20170427-VeryMax__From_T2__s1-striped.t2__p13877_safety_0.smt2.apolys	54	a247b29df4846b6b08ce895e2b044e9596bf912693517493641add35b0b73caf
smt	benchmark_results/smt_bench/extracted/QF_NIA_20170427-VeryMax__From_T2__s1.t2_fixed__p16651_safety_0.smt2.apolys	12	7ce5f5dc0813718598ee58009bd4f7e5f154fd1676c607e04c2b9f1209bd9acd
smt	benchmark_results/smt_bench/extracted/QF_NIA_20170427-VeryMax__From_T2__s1.t2_fixed__p17151_safety_0.smt2.apolys	15483	dcd85dfecfc2fa7819a0d5986cad08c3174e10847ad0c0a86f193efd8d242a2f
smt	benchmark_results/smt_bench/extracted/QF_NIA_20170427-VeryMax__From_T2__slayer-3-filtered.t2__p21681_safety_0.smt2.apolys	22827	806b29cc49a199ebf7452da01a5ccbad81433d66b66c4b45ce84f706474ec63f
smt	benchmark_results/smt_bench/extracted/QF_NIA_20170427-VeryMax__From_T2__slayer-3-filtered.t2__p21744_safety_0.smt2.apolys	801	df6aac924c476fdd9ba3ae2935bb8e241d04ff83778ef245c35b4fdeb31e5171
smt	benchmark_results/smt_bench/extracted/QF_NIA_20170427-VeryMax__From_T2__slayer-3-new.t2_fixed__p21823_safety_0.smt2.apolys	109	0f0c71dd486588f8e6bb9ac58178bbd259a0037d2d27fc9a99d98a8f7839cd07
smt	benchmark_results/smt_bench/extracted/QF_NIA_20170427-VeryMax__From_T2__slayer-n5-filtered.t2__p23330_terminationG_0.smt2.apolys	29	48671a6e362a809e71a398c2e3018aa86119fbbf443fa6bab87054864a91bf2e
smt	benchmark_results/smt_bench/extracted/QF_NIA_20170427-VeryMax__From_T2__slayer-n5-filtered.t2__p23398_safety_0.smt2.apolys	6088	89080e1029069946182864b8e5e37ab91ec0f097a41c6dae10a49adf563e7539
smt	benchmark_results/smt_bench/extracted/QF_NIA_20170427-VeryMax__From_T2__svdcmp.t2_fixed__term_unfeasibility_11_0.smt2.apolys	134	7d533d313de474ca2502eb353b4b24fce775ba487a9acd07c848460e0d20dcbe
smt	benchmark_results/smt_bench/extracted/QF_NIA_20170427-VeryMax__From_T2__zlib-adler32.c.t2__p25934_safety_0.smt2.apolys	214	9a145a8ddd251c17c3f7f7ce9a3c71bf15cbe2a7c86158b28c61fd79045a3a72
smt	benchmark_results/smt_bench/extracted/QF_NIA_20170427-VeryMax__Stroeder_15__4NestedWith3Variables_true-termination.c__p20203_terminationG_0.smt2.apolys	25212	71eacbb3481c70a751e14733310f25ec37094abbe23241cc13b2dffeb18183d1
smt	benchmark_results/smt_bench/extracted/QF_NIA_20170427-VeryMax__Stroeder_15__GulwaniJainKoskinen-PLDI2009-Fig1_true-termination.c__p23679_edge_closing_0.smt2.apolys	193	60a37df954e2f1bb085228da0d23e5672d54fd56ae7a73786ccaa5110961a99c
smt	benchmark_results/smt_bench/extracted/QF_NIA_20170427-VeryMax__Stroeder_15__GulwaniJainKoskinen-PLDI2009-Fig1_true-termination.c__p23704_edge_closing_0.smt2.apolys	25	86ea3e46dadfef20caf2740e759f13387a601cc4fa79a01310145464ebc7a10f
smt	benchmark_results/smt_bench/extracted/QF_NIA_20170427-VeryMax__Stroeder_15__svcomp_ex2.c__p25876_terminationG_0.smt2.apolys	20	0884b78aa016e210365255248738d2836fec4df177dfb9a1edb649c8a9abc4b7
smt	benchmark_results/smt_bench/extracted/QF_NIA_20170427-VeryMax__Stroeder_15__svcomp_ex2.c__p25913_terminationG_0.smt2.apolys	4050	db009f88e5c553aedec7e1e8d489b0fc31f0fcafd90541c5d6a8f29a1b4224bf
smt	benchmark_results/smt_bench/extracted/QF_NIA_20210219-Dartagnan__lcm2_unwindbound10-O0.smt2.apolys	11	d245a6739937790692b4e5061477424f57e0566704d4fd4bbed7621d4db0107e
smt	benchmark_results/smt_bench/extracted/QF_NIA_20220315-MathProblems__MS_07.smt2.apolys	31830	c3035c9da7d59119c9355e497a278f6466fe13ed081c924913ce04c07dc51e62
smt	benchmark_results/smt_bench/extracted/QF_NIA_20220315-MathProblems__SF_11.smt2.apolys	126	3368f6d4dd62a0d2632b6e1cbc799732baba88e299b2867e84badd48f3b3ee88
smt	benchmark_results/smt_bench/extracted/QF_NIA_20220315-MathProblems__STC_0030.smt2.apolys	211803	70b2fe4cae46f1228ad5ede121319d0f2d7313c111841d6e0eb0d4f09fac449b
smt	benchmark_results/smt_bench/extracted/QF_NIA_20220315-MathProblems__STC_0148.smt2.apolys	199970	d965a21880ef6e6a72421bf3f638d49d27c241fce11a7e22fe5b3f7faed18034
smt	benchmark_results/smt_bench/extracted/QF_NIA_20220315-MathProblems__STC_0157.smt2.apolys	267037	509f4ac40c4be5f378214c30015dcaab850bc5ac9873b4cd8f5fc5b0561e10bf
smt	benchmark_results/smt_bench/extracted/QF_NIA_20220315-MathProblems__STC_0173.smt2.apolys	245819	2ada3b89e6bedc1657f530309a45d3bcec6b99a5866bc2aa2c3be6f21d28dd23
smt	benchmark_results/smt_bench/extracted/QF_NIA_20220315-MathProblems__STC_0176.smt2.apolys	219981	1d922d92c71d30675723e82f292df3a37afe324cb537635cabb61c58004fdf88
smt	benchmark_results/smt_bench/extracted/QF_NIA_20220315-MathProblems__STC_0183.smt2.apolys	220405	65875bb74f4f00cbf26469812d67b449f2756e05b5b3aceb7c9891a5c49aca1a
smt	benchmark_results/smt_bench/extracted/QF_NIA_20220315-MathProblems__STC_0187.smt2.apolys	230496	20957d3bf669a6120b7eedcd319c9a998a33a9cf80812e8a994660b945144fe4
smt	benchmark_results/smt_bench/extracted/QF_NIA_20220315-MathProblems__STC_0189.smt2.apolys	94	2ad5e7dcae3058e93b52a5d852754c9d6aead6fe5f3af3a3098a6b2c27b839bb
smt	benchmark_results/smt_bench/extracted/QF_NIA_20220315-MathProblems__STC_0205.smt2.apolys	9792	f7fa75caf89fe8e973b3f5f66c6d22191f5c7c405f1f9e4c0a492e97dabd68bf
smt	benchmark_results/smt_bench/extracted/QF_NIA_20220315-MathProblems__STC_0340.smt2.apolys	11973	7183a5fc41e4bdcdb8c6c2ee0a46931f2c5863042d37223fe2014137b55ea14b
smt	benchmark_results/smt_bench/extracted/QF_NIA_20220315-MathProblems__STC_0385.smt2.apolys	9694	fc20789431919201174f0a962f002d77a928b0ac567827722c8a3edda8d1dad4
smt	benchmark_results/smt_bench/extracted/QF_NIA_20220315-MathProblems__STC_0388.smt2.apolys	13197	99e14a55b7ab7602a13a46718155ec50b5b26439c696ab8341d521c326a55f29
smt	benchmark_results/smt_bench/extracted/QF_NIA_20220315-MathProblems__STC_0456.smt2.apolys	11093	d8a5f1f24e16fc654fd9469eade948f9a6513586d04045b2b8d4aff12c862cfd
smt	benchmark_results/smt_bench/extracted/QF_NIA_20220315-MathProblems__STC_0493.smt2.apolys	12529	51f8b4431cbd73aef471da64196cff894706c0f1ceb9c292ba6f9d1d3b754dde
smt	benchmark_results/smt_bench/extracted/QF_NIA_20220315-MathProblems__STC_0541.smt2.apolys	11732	edf243bc706c442fdfa7a3381add5d0fa6ccd204c688882f254fbfdaa6579653
smt	benchmark_results/smt_bench/extracted/QF_NIA_20220315-MathProblems__STC_0563.smt2.apolys	311017	eb8cd66a7fcfc92c638f7e846be858c51bf922ca4839a3331d82cec10a9c39dd
smt	benchmark_results/smt_bench/extracted/QF_NIA_20220315-MathProblems__STC_0584.smt2.apolys	10875	9914faaa979669cbe70642481c4edeb0f53e259269094a6da32311ed05cfb7f0
smt	benchmark_results/smt_bench/extracted/QF_NIA_20220315-MathProblems__STC_0609.smt2.apolys	45895	2965cb35e8735d22b36b337aea85c4e6d157af66cb697ff0675626e3c7476d77
smt	benchmark_results/smt_bench/extracted/QF_NIA_20220315-MathProblems__STC_0629.smt2.apolys	9062	f861a98fcd1282b27b8d9042c6a2275a3321bca73359ec94f5464e8993748069
smt	benchmark_results/smt_bench/extracted/QF_NIA_20220315-MathProblems__STC_0650.smt2.apolys	234002	53730ee55d33c6ac093dabdc9c1f94eddf856822939a71d3202a25888790a7d4
smt	benchmark_results/smt_bench/extracted/QF_NIA_20220315-MathProblems__STC_0693.smt2.apolys	207930	c25b31f238ecb6d74f511d02c72e2e808fe3a2bfee2e1250bf8c5ef3aac00f85
smt	benchmark_results/smt_bench/extracted/QF_NIA_20220315-MathProblems__STC_0707.smt2.apolys	207339	0f3eadc0b1982e1f463695c7090f518ae79608aa1e929e9c8581b6ffc483c47f
smt	benchmark_results/smt_bench/extracted/QF_NIA_20220315-MathProblems__STC_0739.smt2.apolys	8246	b7b119daa2b92a9bc7263d2bdd17abd97d61fac32df6e5bedb2b3899e3f41c2e
smt	benchmark_results/smt_bench/extracted/QF_NIA_20220315-MathProblems__STC_0755.smt2.apolys	12464	8f4b1ac92bdce8b753fc59826a0c0ce9186428af365c701a1d17fd2938a144a3
smt	benchmark_results/smt_bench/extracted/QF_NIA_20220315-MathProblems__STC_0770.smt2.apolys	234133	a87b11780c6ffc9cbe5e9da337b4e55178cd10f147f0d68079f7841c11c91a87
smt	benchmark_results/smt_bench/extracted/QF_NIA_20220315-MathProblems__STC_0903.smt2.apolys	192962	6ba488c16708305adf48c7cb55d0346efed931aaf1dca891d9b348684c1baa54
smt	benchmark_results/smt_bench/extracted/QF_NIA_20220315-MathProblems__STC_0959.smt2.apolys	232232	314b5bff42ec2ca1c42560bd59a634301c95580fd262b28358ef45c193f5ad24
smt	benchmark_results/smt_bench/extracted/QF_NIA_20220315-MathProblems__STC_1000.smt2.apolys	29	292e5ee981318a8b97638bd5084ad0a20811757dc9069348ac68c63923019da3
smt	benchmark_results/smt_bench/extracted/QF_NIA_20230321-UltimateAutomizerSvcomp2023__egcd.c_1.smt2.apolys	94	83517c520ce2b0ebff518c82b5f749a883a8b397ec342b326d442f51ec8ddb16
smt	benchmark_results/smt_bench/extracted/QF_NIA_20230321-UltimateAutomizerSvcomp2023__ps5-ll.c_10.smt2.apolys	38825	570dac228abfb353463608e871100ad6fca240d90c1d8a5354415db3c36047f3
smt	benchmark_results/smt_bench/extracted/QF_NIA_20230321-UltimateAutomizerSvcomp2023__ps6.c_0.smt2.apolys	32315	9bac739718f13ca483cd759c2fa7a071b6b4eca6c28d2cbe5ff8b36f3c4438f9
smt	benchmark_results/smt_bench/extracted/QF_NIA_20230321-UltimateAutomizerSvcomp2023__ps6.c_11.smt2.apolys	24597	7fdb1a42a5ef618e29fe2810de1dc9f7a1927edbcd4f80d4178926062d06fb7f
smt	benchmark_results/smt_bench/extracted/QF_NIA_20230321-UltimateAutomizerSvcomp2023__ps6.c_13.smt2.apolys	60423	aa0dccb3355db3ab00bb94f7d737882a64975b2d26597498ca7f45464ad7f27c
smt	benchmark_results/smt_bench/extracted/QF_NIA_20230328-sqrtmodinv-hoenicke__modInv16.smt2.apolys	287358	79e4c6cd986a90fe7a7411af491aa1aed87d23e6aa6f536ccd576a1e8135dcfc
smt	benchmark_results/smt_bench/extracted/QF_NIA_20230328-sqrtmodinv-hoenicke__modInv32.smt2.apolys	416	1e5255c45cfb92262129c4b028c4af2a35f184bc1e4eeab5a8b102b4ecb4a193
smt	benchmark_results/smt_bench/extracted/QF_NIA_20230328-sqrtmodinv-hoenicke__modInv8.smt2.apolys	768696	9db794685a56c8cb8229743f65cd760ad548ec2f8780f816e9707d58fad12e75
smt	benchmark_results/smt_bench/extracted/QF_NIA_20230328-sqrtmodinv-hoenicke__modInvInitial.smt2.apolys	22681	2cf8216547455e9c7d84e71e8a3eca3846e33fa4a9f31a66ac45c5f798a5e6ad
smt	benchmark_results/smt_bench/extracted/QF_NIA_20230328-sqrtmodinv-hoenicke__modInvStep.smt2.apolys	539545	b3fe87a5b3a7e30758457de72b6393259ba98ebe089ba407886d9bad15e1ffc5
smt	benchmark_results/smt_bench/extracted/QF_NIA_20230328-sqrtmodinv-hoenicke__modInvStepSimplified.smt2.apolys	21546	0d4680118b9e0e69980a91f7ad40379e8051f13fef0596d786366f84c035f947
smt	benchmark_results/smt_bench/extracted/QF_NIA_20230328-sqrtmodinv-hoenicke__modInvVar1.smt2.apolys	821112	b024a4baaa5bff3e1510acf7d13dfbf19bd6072bfeca686939aee6399200ff04
smt	benchmark_results/smt_bench/extracted/QF_NIA_20230328-sqrtmodinv-hoenicke__modSimpleTest.smt2.apolys	13	2eed79e4014689497dbf3ab8d64e62cd3c2ba2a75da5438f4b016dc275abf46c
smt	benchmark_results/smt_bench/extracted/QF_NIA_20230328-sqrtmodinv-hoenicke__sqrtStep1.smt2.apolys	1014	7d0c0751e808b3cb9315462400f2114a07994c2b69036aee654007c3cf5fa7b4
smt	benchmark_results/smt_bench/extracted/QF_NIA_20230328-sqrtmodinv-hoenicke__sqrtStep1a.smt2.apolys	1014	7d0c0751e808b3cb9315462400f2114a07994c2b69036aee654007c3cf5fa7b4
smt	benchmark_results/smt_bench/extracted/QF_NIA_20230328-sqrtmodinv-hoenicke__sqrtStep2.smt2.apolys	641	69edd001e0f31fe89f953a05a95e94a39074caa69d56844317878caa628c1a23
smt	benchmark_results/smt_bench/extracted/QF_NIA_20230328-sqrtmodinv-hoenicke__sqrtStep2a.smt2.apolys	641	69edd001e0f31fe89f953a05a95e94a39074caa69d56844317878caa628c1a23
smt	benchmark_results/smt_bench/extracted/QF_NIA_20230328-sqrtmodinv-hoenicke__sqrtStep3.smt2.apolys	945	2478e6fa65b4a8053cef7b6499c51036525faebc33c7e2f0ae0835bbe794df66
smt	benchmark_results/smt_bench/extracted/QF_NIA_20230328-sqrtmodinv-hoenicke__sqrtStep3a.smt2.apolys	1143	7c818bff9cf35516ecc23ec5eaf471756efb83b277ecc4aaa46d62bdd760bcbf
smt	benchmark_results/smt_bench/extracted/QF_NIA_20230328-sqrtmodinv-hoenicke__sqrtStep4.smt2.apolys	820	82dc817935169c3acc81dfc637000911cc9de058bec305465c06a8121cb142ce
smt	benchmark_results/smt_bench/extracted/QF_NIA_20230328-sqrtmodinv-hoenicke__sqrtStep4a.smt2.apolys	1164	f9874bd6c65f95ed4364697ffd2abdf0a61935eaad0af17063c6a59fbe73220f
smt	benchmark_results/smt_bench/extracted/QF_NIA_20230328-sqrtmodinv-hoenicke__sqrtStep5.smt2.apolys	1249	46064ed64d31ee1e53263bdfc64f707c779f2fd28651f348ecbd554229c10d8f
smt	benchmark_results/smt_bench/extracted/QF_NIA_20230328-sqrtmodinv-hoenicke__sqrtStep5a.smt2.apolys	1561	4ba55d8ab91a5e66173ca3be9fe2e1a6e9c15e89c0bee560c054b8071d5db8e1
smt	benchmark_results/smt_bench/extracted/QF_NIA_20230328-sqrtmodinv-hoenicke__sqrtStep6.smt2.apolys	1691	f7c4b92e5d1357f23125c47f60f81e4a064aa75a12de8e3283b42ea99445ab6d
smt	benchmark_results/smt_bench/extracted/QF_NIA_20230328-sqrtmodinv-hoenicke__sqrtStep6a.smt2.apolys	2267	c78787a91aec7ae31add5eba6ef64ac1fbb63a8fcce5b0ccb3fdb28d2c614324
smt	benchmark_results/smt_bench/extracted/QF_NIA_20230328-sqrtmodinv-hoenicke__sqrtStep7.smt2.apolys	12642	b170b3b1452b5ebc81625bb15f121fecf3170b73dab9a953d0777855266a5f72
smt	benchmark_results/smt_bench/extracted/QF_NIA_20230328-sqrtmodinv-hoenicke__sqrtStep7a.smt2.apolys	3841	c875735dc038f2ac7daf85c8aa50bcb673266842945433dd8cc47f943a1ea8aa
smt	benchmark_results/smt_bench/extracted/QF_NIA_20230328-sqrtmodinv-hoenicke__sqrtStepFinal.smt2.apolys	64648	cc22191c8a6379279ca205fe08235b68d2d956cecd55b1dbc3b53e75ba2e4ce6
smt	benchmark_results/smt_bench/extracted/QF_NIA_20230328-sqrtmodinv-hoenicke__sqrtStepFinala.smt2.apolys	332171	ae9fa0062cb5ebfbbf68186ef966d92fd6970cd50ad58e03e6a5f3aa826c1832
smt	benchmark_results/smt_bench/extracted/QF_NIA_20250331-elster__C_2.smt2.apolys	13	0a27d7cb1762b12a2ad8894e57c654422a9f5c1e588eb28dfa8ee66c798b4dd9
smt	benchmark_results/smt_bench/extracted/QF_NIA_AProVE__aproveSMT1273731352138297194.smt2.apolys	1997	1cc5672427318a575b033158ea12d0da3466aab6d9e130dc32c093c4edf673a0
smt	benchmark_results/smt_bench/extracted/QF_NIA_AProVE__aproveSMT1682483342197094972.smt2.apolys	325	72c7f75358c27e2b8bd0e5a571c596f8b466f5f4fecccb9e4f655f883492173b
smt	benchmark_results/smt_bench/extracted/QF_NIA_AProVE__aproveSMT2104748456448998709.smt2.apolys	2422	f2dac8642bfe27528d7806048f82aa9b709cc7f838ed958f7dd258c8556d14ef
smt	benchmark_results/smt_bench/extracted/QF_NIA_AProVE__aproveSMT2163640444650240229.smt2.apolys	748	a0c385742b4b305a37fb8cd6c83b5b0853e4527472fbbd39e567e838cf47cca8
smt	benchmark_results/smt_bench/extracted/QF_NIA_AProVE__aproveSMT3306422790231477425.smt2.apolys	4587	ae7e0d010e957364369854e06bcbaf0739689b0ef9f5dee7c8403cbd9885a8c6
smt	benchmark_results/smt_bench/extracted/QF_NIA_AProVE__aproveSMT3420388863619787077.smt2.apolys	832	df7527096ce3f52901017121f7e618e2ed5a3f86197564a5dedd3dd5e910d9f8
smt	benchmark_results/smt_bench/extracted/QF_NIA_AProVE__aproveSMT3483701614621556321.smt2.apolys	173	7b6e6f201294efc06a132acba68716911d5eccb318819a72ca556d2a2027d2e6
smt	benchmark_results/smt_bench/extracted/QF_NIA_AProVE__aproveSMT3711749212931521777.smt2.apolys	2661	909b7ae0382e43bb29be844a52f857146f7aa5b0e0760c5f854325e22f8a8fdc
smt	benchmark_results/smt_bench/extracted/QF_NIA_AProVE__aproveSMT4239815710630693785.smt2.apolys	51	ca541bb036ffb1800733524f79cd870fe86ce08547e34e399eb664f53e0dd716
smt	benchmark_results/smt_bench/extracted/QF_NIA_AProVE__aproveSMT4709971078612194434.smt2.apolys	3812	673d0281d6ea16f3ef79cc5bb6ec3c354ffd3a0fbdb9fde7721ba557b99f4645
smt	benchmark_results/smt_bench/extracted/QF_NIA_AProVE__aproveSMT4870145291684036249.smt2.apolys	398	ce320f5638cad2bbaa1abff7511c39a66c9948ab1714439ef14c72d973045907
smt	benchmark_results/smt_bench/extracted/QF_NIA_AProVE__aproveSMT4968692977299917888.smt2.apolys	310	eb2a77de74a1fcb1a4a68429af8f7dfe4802f8902aeeb45c30eea7e7085caa74
smt	benchmark_results/smt_bench/extracted/QF_NIA_AProVE__aproveSMT4972425496508857728.smt2.apolys	234	aa7189ed650c1a148c128f0e881563542748dea883d7536f833352d89a4c78f3
smt	benchmark_results/smt_bench/extracted/QF_NIA_AProVE__aproveSMT5081480561387483523.smt2.apolys	89	84fc9b303c48ebccf5e8b94e16fe2e9d9afc64052a9941685035986fde67615e
smt	benchmark_results/smt_bench/extracted/QF_NIA_AProVE__aproveSMT6061013276766078350.smt2.apolys	5521	7264642210670d850471363e0f5d9cca821ec6c4b25840c9b0331d4f04ec8ebd
smt	benchmark_results/smt_bench/extracted/QF_NIA_AProVE__aproveSMT6531155344723557531.smt2.apolys	6635	a5dbbc7c88146178c1cffccb0f599025f5de39f6d81bc9abcb1956a9386a1df8
smt	benchmark_results/smt_bench/extracted/QF_NIA_AProVE__aproveSMT6744620754635880037.smt2.apolys	508	6270e8a56718fb1babb68b7d5cd704620f5167aceb8f065d4c9b74476d960597
smt	benchmark_results/smt_bench/extracted/QF_NIA_AProVE__aproveSMT6761189929823789229.smt2.apolys	891	f7a9e51e6f630d8bc49344ead12b772eb4dd3c82e5defe99125d7e70bb38c575
smt	benchmark_results/smt_bench/extracted/QF_NIA_AProVE__aproveSMT7934578101815516403.smt2.apolys	2372	eb38bc640fc181006b83a53cfcdf2bd23cf097c93e3c5d4996fd5ed5f5f169cb
smt	benchmark_results/smt_bench/extracted/QF_NIA_AProVE__aproveSMT8211259659113423333.smt2.apolys	73	92d172ef242c7782b7366eeeb34ad952cdb1832c4fefbcbea40323236802e0e5
smt	benchmark_results/smt_bench/extracted/QF_NIA_AProVE__aproveSMT8505973648273075649.smt2.apolys	6355	321c87b5cbb1c4095ed58457f3e3068689539fad4debbebe0dd48b76a787ddda
smt	benchmark_results/smt_bench/extracted/QF_NIA_AProVE__aproveSMT9058095127082541976.smt2.apolys	3444	06c93854110a02797122921ee99533f772cb13ca6161826d44480b2b79cd959f
smt	benchmark_results/smt_bench/extracted/QF_NIA_leipzig__term-4AzLVe.smt2.apolys	27	e480b64323897024e4c71bbe88b0f1b403c84947e87a0efb5ac1efb1a873a238
smt	benchmark_results/smt_bench/extracted/QF_NIA_leipzig__term-4LNX6G.smt2.apolys	129	8d1cf0f7f59e4c1eb490d8656816319944d2bf7d32e4f20fa18184e2e7fb947d
smt	benchmark_results/smt_bench/extracted/QF_NIA_leipzig__term-BWHEfg.smt2.apolys	182	83d58197a9443240c5e6b6fbec25d0c309500fa85ef7f6d512380282d05b441b
smt	benchmark_results/smt_bench/extracted/QF_NIA_leipzig__term-H9wl52.smt2.apolys	11	2104034da32c874e7b53c12a4fd81debbccae1981bb10e85105650d9178f0a16
smt	benchmark_results/smt_bench/extracted/QF_NIA_leipzig__term-bEER96.smt2.apolys	582	4274023e3c422a94ab30a7065c228fe1b924f5373a7a56af7f719c11c54a6385
smt	benchmark_results/smt_bench/extracted/QF_NIA_leipzig__term-ddoFAO.smt2.apolys	421	a66e976cb34afde7639b018aa468187ff311d0ac8fce2ce9cf2df6efff57e6ef
smt	benchmark_results/smt_bench/extracted/QF_NIA_leipzig__term-f2cozZ.smt2.apolys	23	d76d89d0f33161e33135cd3c6fd4043de04bbb352f97541120e479cc63530500
smt	benchmark_results/smt_bench/extracted/QF_NIA_leipzig__term-gHq3ie.smt2.apolys	228	5709369aaaa6a2a35fab4ea89094d89943329cff8c14f5f6445cf49a3664fb96
smt	benchmark_results/smt_bench/extracted/QF_NIA_leipzig__term-ye1ece.smt2.apolys	11	6b29b2d67239f1e448b72221aaaaa2d04b7963804ed51b846ce79dd7163f95e0
smt	benchmark_results/smt_bench/extracted/QF_NIA_mcm__10.smt2.apolys	11	f9dfcfac5497d412aef69263e740933f7ca7d73b22cf905cdbc822d98baa05f7
smt	benchmark_results/smt_bench/extracted/QF_NIA_mcm__23.smt2.apolys	11	f9dfcfac5497d412aef69263e740933f7ca7d73b22cf905cdbc822d98baa05f7
smt	benchmark_results/smt_bench/extracted/QF_NIA_mcm__41.smt2.apolys	11	f9dfcfac5497d412aef69263e740933f7ca7d73b22cf905cdbc822d98baa05f7
smt	benchmark_results/smt_bench/extracted/QF_NIA_mcm__52.smt2.apolys	11	f9dfcfac5497d412aef69263e740933f7ca7d73b22cf905cdbc822d98baa05f7
smt	benchmark_results/smt_bench/extracted/QF_NIA_mcm__81.smt2.apolys	11	f9dfcfac5497d412aef69263e740933f7ca7d73b22cf905cdbc822d98baa05f7
smt	benchmark_results/smt_bench/extracted/QF_NIA_mcm__89.smt2.apolys	11	f9dfcfac5497d412aef69263e740933f7ca7d73b22cf905cdbc822d98baa05f7
smt	benchmark_results/smt_bench/extracted/QF_NIA_mcm__94.smt2.apolys	11	f9dfcfac5497d412aef69263e740933f7ca7d73b22cf905cdbc822d98baa05f7
smt	benchmark_results/smt_bench/extracted/QF_NRA_20161105-Sturm-MBO__mbo_E10E25.smt2.apolys	41	63dbc81d8bdcc62b202113f21a86aaf1ae5393fdd8a8bf0ff70af05685c82163
smt	benchmark_results/smt_bench/extracted/QF_NRA_20161105-Sturm-MBO__mbo_E11E13.smt2.apolys	50	76f89e614904f2ea2fd316716fbc4676b6183fb0dbca1edf7cfccb05c49e624e
smt	benchmark_results/smt_bench/extracted/QF_NRA_20161105-Sturm-MBO__mbo_E12E17.smt2.apolys	74	76166617676a3d3dc9c891769c25fcc0f90fd1c1bb7afef2c3d7e3ea04e3dc90
smt	benchmark_results/smt_bench/extracted/QF_NRA_20161105-Sturm-MBO__mbo_E15E24.smt2.apolys	78	d0a1391de58c8a10b145c69b358d1a146832814703c946fb3e0d2f2c25c7c41d
smt	benchmark_results/smt_bench/extracted/QF_NRA_20161105-Sturm-MBO__mbo_E1E22.smt2.apolys	61	b867f88b60dff10caf8b80bb975c020169ef018dea5c3d085d16a1d32bff092d
smt	benchmark_results/smt_bench/extracted/QF_NRA_20161105-Sturm-MBO__mbo_E20E21.smt2.apolys	143	745da6440bea3f11c485a1d0dbaf90bebe626159d591706132fdeb87edd72e02
smt	benchmark_results/smt_bench/extracted/QF_NRA_20161105-Sturm-MBO__mbo_E24E25.smt2.apolys	10	793b7a137eee79a19bebeec69abc10c20243efcc6099e4eca2df8b27ca60fbe3
smt	benchmark_results/smt_bench/extracted/QF_NRA_20161105-Sturm-MBO__mbo_E25E26.smt2.apolys	985	522b4345a41b3b1f3a0cdc686804edb6758080d745084d7b67f5dad41126461c
smt	benchmark_results/smt_bench/extracted/QF_NRA_20161105-Sturm-MBO__mbo_E2E7.smt2.apolys	84	664b0791b079d84e676314e724077decf413e19fb2f6c0da076ce37439887b97
smt	benchmark_results/smt_bench/extracted/QF_NRA_20161105-Sturm-MBO__mbo_E3E27.smt2.apolys	3485	10136d1766e490c3d69f19d23fb30ef89d406311a86465ef384cc762d5acf2c0
smt	benchmark_results/smt_bench/extracted/QF_NRA_20161105-Sturm-MBO__mbo_E3E9.smt2.apolys	90	d7a97126cb415b122b793962ea91aae114abe081945efd4110227c39f5d1348a
smt	benchmark_results/smt_bench/extracted/QF_NRA_20161105-Sturm-MBO__mbo_E4E13.smt2.apolys	155	a3b59368d325bbd897fc23ba2b2ee6314b6fcf0530e9972ee43e46318ce8cace
smt	benchmark_results/smt_bench/extracted/QF_NRA_20161105-Sturm-MBO__mbo_E5E12.smt2.apolys	43	e8de9249495d227d4656396706172967e0817c678b512af2a9db7c0f2b3e4646
smt	benchmark_results/smt_bench/extracted/QF_NRA_20161105-Sturm-MBO__mbo_E5E16.smt2.apolys	75	7cb036ef1243bc5b64eae3de8353aa628c7ff1d9a6cff927ea59d98915f9638e
smt	benchmark_results/smt_bench/extracted/QF_NRA_20161105-Sturm-MBO__mbo_E5E19.smt2.apolys	63	9daad12db078e22e40174c9f71692b5d2762265fc773be1c0bc44691ab6e6b5f
smt	benchmark_results/smt_bench/extracted/QF_NRA_20161105-Sturm-MBO__mbo_E6E14.smt2.apolys	43	4463a3e21db1fb59b9abd5f00cc0394a680bd3cb33dd95b5efa43f1b4f850c66
smt	benchmark_results/smt_bench/extracted/QF_NRA_20161105-Sturm-MBO__mbo_E6E17.smt2.apolys	8175	088ef393bdb9b5a8f9f6914340b9615c4586d66dfbbef19a92fe9ad002696a2e
smt	benchmark_results/smt_bench/extracted/QF_NRA_20161105-Sturm-MBO__mbo_E8E19.smt2.apolys	75	d08914baff370b0a6c8a814a7830f7b0c3f4d2d62792d72fc601b6b0ed9228f2
smt	benchmark_results/smt_bench/extracted/QF_NRA_20161105-Sturm-MBO__mbo_E8E9.smt2.apolys	78	8398fd152c0f790f7a3b969c5dd598ac0ee3838b14ac0aa6d7ad5af3154d7682
smt	benchmark_results/smt_bench/extracted/QF_NRA_20161105-Sturm-MGC__mgc_02.smt2.apolys	163	83b090282531cce73e16772f030ffccd6523bdd6898696582ca7ec24102a2e6e
smt	benchmark_results/smt_bench/extracted/QF_NRA_20161105-Sturm-MGC__mgc_03.smt2.apolys	196	a6d4eb1f11671c889bbe9320e7782a99213ca5aeb12f9399c59c8b00333cb92a
smt	benchmark_results/smt_bench/extracted/QF_NRA_20161105-Sturm-MGC__mgc_04.smt2.apolys	174	57fe76bdd6bd9291f7d09985ab3e9b91f81da37dce694d520cd5a9c4aa447fc1
smt	benchmark_results/smt_bench/extracted/QF_NRA_20161105-Sturm-MGC__mgc_05.smt2.apolys	226	a850d5e129a28bd391398a08d94e87b5aacd02494eb632152046995ee41bb2a8
smt	benchmark_results/smt_bench/extracted/QF_NRA_20161105-Sturm-MGC__mgc_06.smt2.apolys	128	89abadb14b8326c2057db4c0e5b70fa91b8d9ff82cee819842543815e9bc650b
smt	benchmark_results/smt_bench/extracted/QF_NRA_20161105-Sturm-MGC__mgc_07.smt2.apolys	242	3aa22fae1a195fe0e7cf22684cb76ed4cbfb05ffa636359314a2898bb8fe61e6
smt	benchmark_results/smt_bench/extracted/QF_NRA_20161105-Sturm-MGC__mgc_08.smt2.apolys	213	d831383840df4797274b9baaebc324231365eb80ea2168f4a8853d1b314f6aad
smt	benchmark_results/smt_bench/extracted/QF_NRA_20161105-Sturm-MGC__mgc_09.smt2.apolys	518	ffa8c806f4c959c2c5c7e70beb9bbb19cb7d12111511f9521f287d4eb0009c78
smt	benchmark_results/smt_bench/extracted/QF_NRA_20161105-Sturm-MGC__mgc_10.smt2.apolys	395	4be1ec9968c0d80733a6eecae75b8dacdc04426828f6699e0e894dd8944bd227
smt	benchmark_results/smt_bench/extracted/QF_NRA_20170501-Heizmann-UltimateInvariantSynthesis__array_ptr_single_elem_init.i_4_2_2.bpl_5.smt2.apolys	348	79927d05337d69b5c5778acef3f0232d3c9c0fd23d44afddbac32a5a1de1835d
smt	benchmark_results/smt_bench/extracted/QF_NRA_20170501-Heizmann-UltimateInvariantSynthesis__array_single_elem_init.i_4_2_2.bpl_5.smt2.apolys	745	87d84aee23393787d3781f21e31b411454de0a152b53700cfb1c107aa0c1d9dd
smt	benchmark_results/smt_bench/extracted/QF_NRA_20170501-Heizmann-UltimateInvariantSynthesis__gj2007.c.i_4_3_3.bpl_5.smt2.apolys	60581	6845dc8eef88db0df5f225e6dcd36fa4199831514d772d5c2d43eba853de0549
smt	benchmark_results/smt_bench/extracted/QF_NRA_20170501-Heizmann-UltimateInvariantSynthesis__gr2006.c.i_4_4_3.bpl_5.smt2.apolys	16407	809fd63f00b7636e56fe106e27b148e03f9e864472519eda27ef2927c9cd4a1a
smt	benchmark_results/smt_bench/extracted/QF_NRA_20170501-Heizmann-UltimateInvariantSynthesis__linear_search.i_7_23_3.bpl_3.smt2.apolys	29690	aa665db417a98f0f36d25d12c17206fdfaa1e55b3d200ebb65d7ddc89f027c0a
smt	benchmark_results/smt_bench/extracted/QF_NRA_20170501-Heizmann-UltimateInvariantSynthesis__standard_copy1_ground.i_3_2_2.bpl_9.smt2.apolys	34107	0397c59696142e13d7318165897b072e142ab088021e4394c9e35f4021f3313e
smt	benchmark_results/smt_bench/extracted/QF_NRA_20170501-Heizmann-UltimateInvariantSynthesis__standard_copy3_ground.i_3_2_2.bpl_5.smt2.apolys	3827	27008850eafd7b939f569105618d570e1dda0c39b7b93e28f6c85484957553e9
smt	benchmark_results/smt_bench/extracted/QF_NRA_20170501-Heizmann-UltimateInvariantSynthesis__standard_init9_ground.i_3_2_2.bpl_3.smt2.apolys	37910	816d56f80a874ec5511d4848364cadb3897e738df7f733c25ab94221f4797568
smt	benchmark_results/smt_bench/extracted/QF_NRA_2019-ezsmt__inst_1_1000000.smt2.apolys	3321	0883a35ebbb86d13bc1a690feb30fc12de4805dca12dd0a4f7402d522b2e33f9
smt	benchmark_results/smt_bench/extracted/QF_NRA_20200911-Pine__1599121684477306000.smt2.apolys	512	b3d19645d3437b98635318d639bfd34e4d38952ca95857da03e15ea3cd292d50
smt	benchmark_results/smt_bench/extracted/QF_NRA_20200911-Pine__1599121684653478000.smt2.apolys	339	86cbab96e116d217b5c35c3b64345fae03d42c074a8a65c1e91f31d0d540da87
smt	benchmark_results/smt_bench/extracted/QF_NRA_20200911-Pine__1599121861020640000.smt2.apolys	25	7cc35f82b8e3e0b466a6eec01d6e4a332c4d919b1c1a6aa5fe8cf1cff0aa5b68
smt	benchmark_results/smt_bench/extracted/QF_NRA_20200911-Pine__1599121889458073000.smt2.apolys	3781	e6e5ebe51d9e2b2a8c98c838a1da02b274ac70f61ffe68e76eea4bc9a0ab1806
smt	benchmark_results/smt_bench/extracted/QF_NRA_20200911-Pine__1599121899872501000.smt2.apolys	1976	a3cc2fed40e494144d7ca5fc1ba66f8a53331358b968ff9dbec8cb00631c3758
smt	benchmark_results/smt_bench/extracted/QF_NRA_20200911-Pine__1599121900961647000.smt2.apolys	2022	692e438dfafd636261e4abf2ca2f0b64a148d8df22f49c40ff297c50d901a256
smt	benchmark_results/smt_bench/extracted/QF_NRA_20200911-Pine__1599121904275696000.smt2.apolys	2520	dec698c27ee5e4ff6f3e2bc45ec673ff1513d47d38ab5eacb1c04c3145c84b00
smt	benchmark_results/smt_bench/extracted/QF_NRA_20200911-Pine__1599121979753628000.smt2.apolys	1197	915a527a321f0d187bfe7bb2e63dfc7ff949cebd814c2fbad06f696c8db38984
smt	benchmark_results/smt_bench/extracted/QF_NRA_20200911-Pine__1599122159324430000.smt2.apolys	301	59bd56cdbcc145cc98a4761da4842043ed5c249b3dc057986848e397d6989845
smt	benchmark_results/smt_bench/extracted/QF_NRA_20200911-Pine__1599122159846134000.smt2.apolys	355	afdafeeb6d12c8cadd3a5ffc6a2984914ad09e437451473b3ff2d6e51eb6204c
smt	benchmark_results/smt_bench/extracted/QF_NRA_20200911-Pine__1599122162465867000.smt2.apolys	202	95cbc78b4a42b37e43db5de8c2691b817ae42ade00a18faea35ed5cbc67cba21
smt	benchmark_results/smt_bench/extracted/QF_NRA_20200911-Pine__1599122162569064000.smt2.apolys	74	3821fa03638cbd3662845f6b64f26751fa4ee93b237017af0cc8f73768e1cf13
smt	benchmark_results/smt_bench/extracted/QF_NRA_20200911-Pine__1599122163190413000.smt2.apolys	205	3aba5c864010362bdd1fd52a7b055f9d01e165643674a3864ecf16f90b79d43a
smt	benchmark_results/smt_bench/extracted/QF_NRA_20200911-Pine__1599122163683961000.smt2.apolys	351	a957750ce181b0bd5e007a8d575629d0df1cc96b5fed6687a492e1ec6b931f72
smt	benchmark_results/smt_bench/extracted/QF_NRA_20200911-Pine__1599122165140235000.smt2.apolys	209	b903dc49719d23384d923a483fc96b68ecde69194d2c41c044f0e9a13620ac25
smt	benchmark_results/smt_bench/extracted/QF_NRA_20200911-Pine__1599122166207559000.smt2.apolys	205	2449b716cadcba1ec3154421d443b519a35f16705b33cb52c85b9cc59fa9877a
smt	benchmark_results/smt_bench/extracted/QF_NRA_20211101-Geogebra__IsoRightTriangle-Bottema1_12b.smt2.apolys	24	83d8c484db9ff7f123d5a1a0d8dd5ea43db05e2725a76a8cc1aa900011011d0c
smt	benchmark_results/smt_bench/extracted/QF_NRA_20211101-Geogebra__IsoRightTriangle-Bottema1_2b.smt2.apolys	25	555f447ad0ff5e879424da5d3b27c697f041ebfaf2ada7502b514ad43957eb54
smt	benchmark_results/smt_bench/extracted/QF_NRA_20211101-Geogebra__IsoTriangle-Area_Perimeter_a.smt2.apolys	24	3b610fec727a7e3fa59b3c3f4d16e32cdc7879e9cfc8a785886ad198fda01e0a
smt	benchmark_results/smt_bench/extracted/QF_NRA_20211101-Geogebra__IsoTriangle-Bottema6_1a.smt2.apolys	78	b85ec3026d14310357b06028e5954be9685ca4d94dd1e945c4bfbb99afd25260
smt	benchmark_results/smt_bench/extracted/QF_NRA_20211101-Geogebra__IsoTriangle-Bottema6_1b.smt2.apolys	128	7a7d5175dce9b41faf72a41f33e08c5b172adcd54647ca6c8a8f994e05a1233b
smt	benchmark_results/smt_bench/extracted/QF_NRA_20211101-Geogebra__IsoTriangle-Median_Perimeter_a2.smt2.apolys	60	61b1945dec1fd04ef5ffe48d293fcd42af7135e1211751644ed155ce9b887f06
smt	benchmark_results/smt_bench/extracted/QF_NRA_20211101-Geogebra__IsoTriangle-Perimeter_CircumRadius_a.smt2.apolys	144	dbf8d2ccb230defa60d2b1ab5de7fe35b975b0b21281d10ce9dc73cfb48b6a01
smt	benchmark_results/smt_bench/extracted/QF_NRA_20211101-Geogebra__PythagoreanGeneralization_Triangle-aa+bb_cc.smt2.apolys	22	74015c043a31da94bcbd4c2e4e47f69029a1ee8ff203893f911892908a7bd324
smt	benchmark_results/smt_bench/extracted/QF_NRA_20211101-Geogebra__RightTriangle-Bottema1_1b.smt2.apolys	24	c8fa10561718e161c26c059ea9bc7873c6ee82792839875cbe82673c2de114cb
smt	benchmark_results/smt_bench/extracted/QF_NRA_20211101-Geogebra__RightTriangle-Bottema5_3b.smt2.apolys	32	ab68d9ea8a96089c54e39be81efa72c694b627913de4ebc307083d92aa3b643b
smt	benchmark_results/smt_bench/extracted/QF_NRA_20211101-Geogebra__Triangle-Bottema1_9.smt2.apolys	22	74015c043a31da94bcbd4c2e4e47f69029a1ee8ff203893f911892908a7bd324
smt	benchmark_results/smt_bench/extracted/QF_NRA_20220314-Uncu__BDC_ProveIneq_Mitrinovic_4_22b.smt2.apolys	11	95beee47425efb4760c980507e8607d989242a96e7faba51d8e60a96809ebcb1
smt	benchmark_results/smt_bench/extracted/QF_NRA_20240407-pPDA-Chiari-Pontiggia-Winkler__and_or_PRAY.smt2.apolys	21404	50a9a3e3626fa20f9bdf3184a615c2f940c2e947056b5785251fd19674eaf847
smt	benchmark_results/smt_bench/extracted/QF_NRA_20240407-pPDA-Chiari-Pontiggia-Winkler__call_ret_loop_1_POMC_hints.smt2.apolys	7626	f3c30c3c232acf42bac093711770c1111065eafab48bc115aac4f2c56c214262
smt	benchmark_results/smt_bench/extracted/QF_NRA_20240407-pPDA-Chiari-Pontiggia-Winkler__call_ret_loop_1_POMC_no_hints.smt2.apolys	1898	b10f67388a15f7cb24cee812f862b2d5f3616ac2a61c602b030f3b24eb74fff1
smt	benchmark_results/smt_bench/extracted/QF_NRA_20240407-pPDA-Chiari-Pontiggia-Winkler__call_ret_loop_2_POMC_hints.smt2.apolys	7806	abe184c7137c93fc2260da0c4c2b4723d2db8e9d37b7e0bc299aa38fb6779d89
smt	benchmark_results/smt_bench/extracted/QF_NRA_20240407-pPDA-Chiari-Pontiggia-Winkler__call_ret_loop_2_POMC_no_hints.smt2.apolys	1975	ccefb42eff1f8f6f68e5d09992874811165a77be5c41cdacdf3fdaa3322ce462
smt	benchmark_results/smt_bench/extracted/QF_NRA_20240407-pPDA-Chiari-Pontiggia-Winkler__escape25_POMC_hints.smt2.apolys	103682	8490557c9177467fd553baa22d8bb9a4fdf08828a89188764228a0cf846b622d
smt	benchmark_results/smt_bench/extracted/QF_NRA_20240407-pPDA-Chiari-Pontiggia-Winkler__escape25_POMC_no_hints.smt2.apolys	26545	65f6350c0274958a3f7ed2198c952edb65442acb36f2bd585109954aa64127d0
smt	benchmark_results/smt_bench/extracted/QF_NRA_20240407-pPDA-Chiari-Pontiggia-Winkler__mod5_POMC_hints.smt2.apolys	8955	737bf0a40abfaa94ae76634a9b10fd706625b65af2a8e2702af8cb88f907fbcb
smt	benchmark_results/smt_bench/extracted/QF_NRA_20240407-pPDA-Chiari-Pontiggia-Winkler__mod5_POMC_no_hints.smt2.apolys	162	c0b6554fe36ccdbabc9fa509f24d0ec4b65aeb06c1feeada5bf5d0c7fc4bf24b
smt	benchmark_results/smt_bench/extracted/QF_NRA_20240407-pPDA-Chiari-Pontiggia-Winkler__mod7_POMC_no_hints.smt2.apolys	114	d9615a9696ab17b56d0bb34708476c66c58507e3c9047b0bf1617b26a83164f0
smt	benchmark_results/smt_bench/extracted/QF_NRA_20240407-pPDA-Chiari-Pontiggia-Winkler__schelling_POMC_hints.smt2.apolys	27814	bfaae4d261b6cba52c94b6af96867d4168a4ae2ae894d7af0ea71c6086b0ff6b
smt	benchmark_results/smt_bench/extracted/QF_NRA_20240407-pPDA-Chiari-Pontiggia-Winkler__schelling_POMC_no_hints.smt2.apolys	41937	9cb344991f025606ad34a8214d400084a4124920f243fb2cc52faf4e22c99140
smt	benchmark_results/smt_bench/extracted/QF_NRA_20240407-pPDA-Chiari-Pontiggia-Winkler__sqrt2by2_bern_PRAY.smt2.apolys	690	dbcc74a385c11374367b7c2e2321dcf5e6b41382e8986324469755bb5751fed5
smt	benchmark_results/smt_bench/extracted/QF_NRA_LassoRanker__Ben-Amram-2010LMCS-Ex2.3_true-termination.c_Iteration1_Lasso_3-pieceTemplate.smt2.apolys	167	1dd4103270e47e2c5ace2baea5adf3ecb4d03cb2c2cd04f9673a193a28e7074a
smt	benchmark_results/smt_bench/extracted/QF_NRA_LassoRanker__BradleyMannaSipma-2005ICALP-Fig1-deterministic.bpl_Iteration1_Lasso_3-pieceTemplate.smt2.apolys	4090	c52c713d6786409939019003493ccbc2f3345c9526475f5823b15b0b578e0dd9
smt	benchmark_results/smt_bench/extracted/QF_NRA_LassoRanker__Braverman-2006CAV-Ex1-int.bpl_Iteration1_Loop_4-pieceTemplate.smt2.apolys	514	b518d6816a30b02563eaca5b06a5b6bba7aa29ebfc2d42c201c1351e8c4aa8c5
smt	benchmark_results/smt_bench/extracted/QF_NRA_LassoRanker__Khartoum.bpl_Iteration1_Loop_4-pieceTemplate.smt2.apolys	52833	876d6f9878966773f6b1146ff8e23a2f722b06139c3d67fe1098bca33fdac3f8
smt	benchmark_results/smt_bench/extracted/QF_NRA_LassoRanker__Mysore2.bpl_Iteration1_Loop_4-pieceTemplate.smt2.apolys	3910	a582904f2a29d323f72380225e06d8c94058484e4b308847fe25a085a753dbae
smt	benchmark_results/smt_bench/extracted/QF_NRA_LassoRanker__NoriSharma-2013FSE-Fig8_true-termination.c_Iteration1_Lasso_3-pieceTemplate.smt2.apolys	32302	701d14d3035c49235b12d2069f158b6e63d43dbabeec346fc504d1bbcd24d912
smt	benchmark_results/smt_bench/extracted/QF_NRA_LassoRanker__NoriSharma-2013FSE-Fig8_true-termination.c_Iteration1_Loop_3-pieceTemplate.smt2.apolys	414	423f35eb5f238f4b454a40e76a78b7bd141222a6533cec9eef064aef2de0efc8
smt	benchmark_results/smt_bench/extracted/QF_NRA_LassoRanker__TwoPhase.bpl_Iteration1_Loop_3-pieceTemplate.smt2.apolys	17473	30b8c4cd22642e939564f5684f3c9b3d4eb3d5d6e21981b4ebc3f650dece5517
smt	benchmark_results/smt_bench/extracted/QF_NRA_LassoRanker__fun4.t2.c_Iteration1_Loop_4-pieceTemplate.smt2.apolys	74	8d6feb2d68a4284844797c4409aeaa0bbe8987655dbb91957360dcd34c1c1089
smt	benchmark_results/smt_bench/extracted/QF_NRA_LassoRanker__nested.t2.c_Iteration4_Loop_4-pieceTemplate.smt2.apolys	307	52d7a06facfe5db834be65c46ab5b15a6bd13eae10154c6ff4e44d715d79ff0e
smt	benchmark_results/smt_bench/extracted/QF_NRA_UltimateAutomizer__InVarSynth_StructPositiveSum-Safe.c_Iteration2_0.smt2.apolys	2370	90342b43308d0074bc2aa1e4ee3966402cc096f0726971b3f21265a0b7333420
smt	benchmark_results/smt_bench/extracted/QF_NRA_hycomp__ball_count_1d_plain.02.seq_lazy_linear_enc_lemmas_global_8.smt2.apolys	282	94aff026be571b163ec255c1c12856f1412d711e3e569db24b7212a98508e572
smt	benchmark_results/smt_bench/extracted/QF_NRA_hycomp__ball_count_1d_plain.03.seq_lazy_linear_enc_global_10.smt2.apolys	4051	f5f866f1178d39dea18ab7c401484788e572b2b54d7e763cb0a582ad40f43d7d
smt	benchmark_results/smt_bench/extracted/QF_NRA_hycomp__ball_count_1d_plain.04.redlog_global_6.smt2.apolys	48954	75bc8feeb235859eee737fdccccac5e7bc03cae0b2358ba1ab9b545706fc9be9
smt	benchmark_results/smt_bench/extracted/QF_NRA_hycomp__ball_count_1d_plain.04.seq_lazy_linear_enc_lemmas_global_12.smt2.apolys	24201	9f11cff74d7084db5b4f32bd920c87884242027996105b2d2a692cda9fd76422
smt	benchmark_results/smt_bench/extracted/QF_NRA_hycomp__ball_count_2d_hill_simple.01.seq_lazy_global_14.smt2.apolys	59	9532ea0745f385ce0f918b0458fba2a87eab63371c440ccf9649580f475eac56
smt	benchmark_results/smt_bench/extracted/QF_NRA_hycomp__ball_count_2d_hill_simple.02.seq_lazy_lemmas_global_14.smt2.apolys	1400	42074435a555393d7ee00ba696d8afac9143a52743ece579e7fe75155c01eade
smt	benchmark_results/smt_bench/extracted/QF_NRA_hycomp__ball_count_2d_plain.03.seq_lazy_linear_enc_lemmas_global_4.smt2.apolys	3812	25275797269dd7ed75a54db8ccf14b3a9da966176c9f832a85f48865d24e8476
smt	benchmark_results/smt_bench/extracted/QF_NRA_hycomp__ball_count_2d_plain.05.seq_lazy_linear_enc_global_14.smt2.apolys	99026	e663938bf1512a5e2fc1f03c56655950d24a3b90f41f7c95635dbaa58746e9d1
smt	benchmark_results/smt_bench/extracted/QF_NRA_hycomp__ball_count_2d_plain.10.redlog_global_4.smt2.apolys	355	6fa0e3d28ea6417e0fb7cb5811ec2bd791958c0ef5f7f37b971d73c094696ac8
smt	benchmark_results/smt_bench/extracted/QF_NRA_hycomp__ball_count_2d_slope.03.seq_lazy_lemmas_global_6.smt2.apolys	58865	bc7add39a898acea5acb8601992ba92a25779c59cf3562b201981e2f3bfc6212
smt	benchmark_results/smt_bench/extracted/QF_NRA_hycomp__ball_count_2d_slope.04.seq_lazy_linear_enc_global_8.smt2.apolys	186	65a347e762362b0f58189f3784f41815afa73e007b3b53c636a179990b30d072
smt	benchmark_results/smt_bench/extracted/QF_NRA_hycomp__etcs_braking_2.01.seq_lazy_linear_enc_global_15.smt2.apolys	13834	6fe89c62e82f02be793931c97b3e98dc5ef64fa6f790e0ee2076a50c25f0630e
smt	benchmark_results/smt_bench/extracted/QF_NRA_hycomp__simple_ballistics_reach.01.seq_lazy_global_15.smt2.apolys	41785	929d97cf8f0fdedaaa508a4b25766516ffdf3384a769747749a044b304fc88a0
smt	benchmark_results/smt_bench/extracted/QF_NRA_hycomp__simple_ballistics_reach.01.seq_lazy_linear_enc_lemmas_global_9.smt2.apolys	33874	430161eb8e267a33765321a41c4d9eb36bffed77c90720cfd12639d8a8d17c68
smt	benchmark_results/smt_bench/extracted/QF_NRA_meti-tarski__CMOS-opamp-chunk-0029.smt2.apolys	25	7a354b2172b91744141f174d12e808cd7574f9f1fa35806f413b7499daf497c9
smt	benchmark_results/smt_bench/extracted/QF_NRA_meti-tarski__CMOS-opamp-chunk-0071.smt2.apolys	114	141eb33f69e961f87d29a00f2d0f31ce28bafb74d785612b3009ec80ee9be7eb
smt	benchmark_results/smt_bench/extracted/QF_NRA_meti-tarski__CMOS-opamp-chunk-0269.smt2.apolys	102	4f34733edd3b911a76af082d5c1bdbfc8c79a57761843c333da4b3036aae2dd5
smt	benchmark_results/smt_bench/extracted/QF_NRA_meti-tarski__CMOS-opamp-chunk-0285.smt2.apolys	142	3b57a2acdf87e3cd5728c91eff163c3ee4425483908886b1ae6209338aed9108
smt	benchmark_results/smt_bench/extracted/QF_NRA_meti-tarski__Chua-1-VC1-L-chunk-0135.smt2.apolys	10	71a09d887eb9b9c1c0b89ccf0c7b94523aedce422fe4a5d0dace73939b905e6e
smt	benchmark_results/smt_bench/extracted/QF_NRA_meti-tarski__Chua-2-IL-U-chunk-0022.smt2.apolys	221	73464492f2eb0776c70baa4a8b272127a816c58606745634982c2c4546ac5409
smt	benchmark_results/smt_bench/extracted/QF_NRA_meti-tarski__Chua-2-IL-U-chunk-0039.smt2.apolys	54	f3775001397860d87dc92073fb01359ff54f1259640f46e1ebb79fc107cafbc7
smt	benchmark_results/smt_bench/extracted/QF_NRA_meti-tarski__Chua-2-IL-U-chunk-0099.smt2.apolys	619	50fa6419699f49bd50f4fe2fe29709cc2f33216e56f8435fb113db70d6b176c0
smt	benchmark_results/smt_bench/extracted/QF_NRA_meti-tarski__Chua-2-VC1-U-chunk-0123.smt2.apolys	2109	fe05e7198f7a42790435628ac59199f73bc2dcae4e0b368036e6a405971fd70b
smt	benchmark_results/smt_bench/extracted/QF_NRA_meti-tarski__Chua-2-VC2-U-chunk-0108.smt2.apolys	358	c868aaa3119e927a55de3645d1888c1ea9a726c2200591a9ed5ad0c2f71d6ebe
smt	benchmark_results/smt_bench/extracted/QF_NRA_meti-tarski__Lyapunov1a-chunk-0036.smt2.apolys	560	10bd662bcb640e9c8e5ef29b02092e6110501ddc9a398766aff2f6e5ad514717
smt	benchmark_results/smt_bench/extracted/QF_NRA_meti-tarski__Nichols-Plot-Inverted-Pendulum-Fails-1-6-chunk-0034.smt2.apolys	334	f14ba5b4e292ff57982c4ddad9c24e4113372d945a65f532e159023788313493
smt	benchmark_results/smt_bench/extracted/QF_NRA_meti-tarski__Nichols-Plot-Inverted-Pendulum-Fails-1-6-chunk-0234.smt2.apolys	215	5f566e49522a5196b0c0dbac561a5267cd41fad9f18ca56a312986abd5f1e2db
smt	benchmark_results/smt_bench/extracted/QF_NRA_meti-tarski__asin-8-vars4-chunk-0029.smt2.apolys	71	e857b1cee3226fdd918d55ba8650a73a3f23cf28d75367aac9c1315709a08fb8
smt	benchmark_results/smt_bench/extracted/QF_NRA_meti-tarski__atan-problem-1-chunk-0032.smt2.apolys	57	0d1b56c0773ef6c460ffbd39d3ca87ba098ac84d0ad4fce7d1954316989f7770
smt	benchmark_results/smt_bench/extracted/QF_NRA_meti-tarski__atan-problem-1-chunk-0087.smt2.apolys	272	973feee13fe447bbfdc05d46ba4295897e9e6c03d1531be38afb475343c560ba
smt	benchmark_results/smt_bench/extracted/QF_NRA_meti-tarski__atan-problem-2-chunk-0101.smt2.apolys	46	433288f8892d5fd101ea32f8694fd16be54d5e74990fadcb11ab62a35ad4a499
smt	benchmark_results/smt_bench/extracted/QF_NRA_meti-tarski__atan-problem-2-chunk-0107.smt2.apolys	10	a6ca5765a6769e5bc869ac56c1b6b2706c90b8a08e25132a5c3b527b7bc5b2ad
smt	benchmark_results/smt_bench/extracted/QF_NRA_meti-tarski__atan-problem-2-weak-chunk-0061.smt2.apolys	10	d7f70551cf5ab41e21631ae8c2b537703b34fc5636dda839570e65359c135e80
smt	benchmark_results/smt_bench/extracted/QF_NRA_meti-tarski__atan-problem-2-weak-chunk-0100.smt2.apolys	37	327501989d9711f6ecfe018bb8536f801fe32c212431789f0b5d8c0e762e73be
smt	benchmark_results/smt_bench/extracted/QF_NRA_meti-tarski__atan-problem-2-weak-chunk-0225.smt2.apolys	11	b96680b6ebaf3f530628c9e20477de7589c267095fc4f9c977dbee545ed596fb
smt	benchmark_results/smt_bench/extracted/QF_NRA_meti-tarski__atan-problem-2-weakT-chunk-0054.smt2.apolys	21	ae800d4181c59ef1a6945c13ddea9b84c6c86e924fc90a9473c99824e8b59e90
smt	benchmark_results/smt_bench/extracted/QF_NRA_meti-tarski__atan-vega-3-chunk-0434.smt2.apolys	13	b52756605f24bfb1b35317d015ce6df887790db9a8d84f9e8868ae07c438f465
smt	benchmark_results/smt_bench/extracted/QF_NRA_meti-tarski__atan-vega-3-chunk-0489.smt2.apolys	17	046c5dd8873ae002ac876f10bf8d0af2cbe6cfc4b48dfa6d9c51ed5556961fdb
smt	benchmark_results/smt_bench/extracted/QF_NRA_meti-tarski__atan-vega-3-chunk-0640.smt2.apolys	12	2752c64a0ea70be2fb35ddaa9889ec5ee809453a1fb03459abc879288e05d5d1
smt	benchmark_results/smt_bench/extracted/QF_NRA_meti-tarski__atan-vega-3-weak-chunk-0195.smt2.apolys	16	559b051dfffae273cbf535e56534f66ca2b55aac15e55509570f5315ccebfe1b
smt	benchmark_results/smt_bench/extracted/QF_NRA_meti-tarski__atan-vega-3-weak-chunk-0243.smt2.apolys	10	71a09d887eb9b9c1c0b89ccf0c7b94523aedce422fe4a5d0dace73939b905e6e
smt	benchmark_results/smt_bench/extracted/QF_NRA_meti-tarski__atan-vega-3-weak-chunk-0360.smt2.apolys	13	b52756605f24bfb1b35317d015ce6df887790db9a8d84f9e8868ae07c438f465
smt	benchmark_results/smt_bench/extracted/QF_NRA_meti-tarski__atan-vega-3-weak-chunk-0435.smt2.apolys	97	879038b1aca1fa89fd345fcb15c5b2b41b4a7f42831186215f8edb26e1d73af6
smt	benchmark_results/smt_bench/extracted/QF_NRA_meti-tarski__atan-vega-3-weak-chunk-0622.smt2.apolys	24	c614ce594f5309e658cdeb073d22c16931befcaf25d893d4ffa0ab713efcbc35
smt	benchmark_results/smt_bench/extracted/QF_NRA_meti-tarski__exp-problem-10-2-chunk-0145.smt2.apolys	11	7e913c10cce4cf0a65ca82bce15ec990e5fdd76c5cbf09afc82b9b05d3d292bb
smt	benchmark_results/smt_bench/extracted/QF_NRA_meti-tarski__exp-problem-10-2-chunk-0295.smt2.apolys	51	6cc4e05d31854faaa104f39d706f8ecf9d416837bfb36bde10b5618dc68a26ff
smt	benchmark_results/smt_bench/extracted/QF_NRA_meti-tarski__exp-problem-10-3-chunk-0187.smt2.apolys	18	82abe770ad254d032293bb25f358589a10588aa590bf2b8d74255090ea0824f1
smt	benchmark_results/smt_bench/extracted/QF_NRA_meti-tarski__exp-problem-10-3-weak-chunk-0042.smt2.apolys	29	6c0ebbae03e1472e71d4d95d7d567df420d3516071f29646bd349e5aa8965db1
smt	benchmark_results/smt_bench/extracted/QF_NRA_meti-tarski__exp-problem-10-3-weak-chunk-0129.smt2.apolys	39	2cb319fcf751e6a60947245b731e8441632ddbb14451da59f4cd4e22efebccb8
smt	benchmark_results/smt_bench/extracted/QF_NRA_meti-tarski__polypaver-bench-sqrt-3d-chunk-0407.smt2.apolys	12	7c7307b18e509c7d05417a39301dc09b7da8dcb96f8808039f4e00998a1b299f
smt	benchmark_results/smt_bench/extracted/QF_NRA_meti-tarski__polypaver-bench-sqrt-3d-chunk-0437.smt2.apolys	165	73839946beb5436d6a86684d1353b14a147fc4c397b6a036417a5240f6248f26
smt	benchmark_results/smt_bench/extracted/QF_NRA_meti-tarski__polypaver-bench-sqrt-3d-chunk-0469.smt2.apolys	67	a794e854bf680f33a10a007ca2eae6c59462702b41a70f235f9737a17b5120ce
smt	benchmark_results/smt_bench/extracted/QF_NRA_meti-tarski__sin-344-3-chunk-0046.smt2.apolys	21	7cd234709f523161c597ec0676789905ae6e9937c090369ef28997f5c0ed6ac9
smt	benchmark_results/smt_bench/extracted/QF_NRA_meti-tarski__sin-cos-346-b-chunk-0119.smt2.apolys	201	1b0c51476d503f6da528981eb146b6b66813db0fc3ed0cbf2153b0d48016cf52
smt	benchmark_results/smt_bench/extracted/QF_NRA_meti-tarski__sin-cos-346-b-chunk-0350.smt2.apolys	25	a193c10926616311facf5729bfc300c34d60eb42dc6300a1d2039e24be0da63b
smt	benchmark_results/smt_bench/extracted/QF_NRA_meti-tarski__sin-cos-346-b-chunk-0458.smt2.apolys	28	a044d43d5606943a4666057b818fdb2689a595e1bacc0c3ba7c8a9a21ff641e5
smt	benchmark_results/smt_bench/extracted/QF_NRA_meti-tarski__sin-cos-346-b-chunk-0479.smt2.apolys	67	f8d87d6eeb7aee5dd654c9484cef294a7a7011213e813f7f73597ef045cdd9fb
smt	benchmark_results/smt_bench/extracted/QF_NRA_meti-tarski__sin-cos-346-b-chunk-0505.smt2.apolys	33	f68f7b5a96a2aa0559ba2d07c975c1e3cbbafeeb82c4a7ec8bfa673292708934
smt	benchmark_results/smt_bench/extracted/QF_NRA_meti-tarski__sin-cos-346-b-chunk-0515.smt2.apolys	92	b3f23b7edd819dd44edbce71ef808aa79dfd91a8227b867e15cd72ce2156d2ff
smt	benchmark_results/smt_bench/extracted/QF_NRA_meti-tarski__sin-cos-346-b-chunk-0593.smt2.apolys	42	24205c7f73773af230b51cbcbd534131dc161693a1366d27f77ec4a201c14887
smt	benchmark_results/smt_bench/extracted/QF_NRA_meti-tarski__sin-problem-7-chunk-0017.smt2.apolys	11	67c850fbf7e2d716b5a6c66cc64bc6cd58086da9ff82bd00a98b1542e4594d9e
smt	benchmark_results/smt_bench/extracted/QF_NRA_meti-tarski__sin-problem-7-chunk-0125.smt2.apolys	37	7bc73826c6eb779de453241d1480366284dd36fcf8aeedfe918a6a0379043ca6
smt	benchmark_results/smt_bench/extracted/QF_NRA_meti-tarski__sin-problem-7-chunk-0264.smt2.apolys	1193	1595ee6a96c244a0afdc139ddf28a1ce92896d25272ecf8815993521cbfaf0b8
smt	benchmark_results/smt_bench/extracted/QF_NRA_meti-tarski__sin-problem-7-weak2-chunk-0113.smt2.apolys	541	428e5ebc2f67452ea39d42315aa118b9adece15737962406d9373354622b7c48
smt	benchmark_results/smt_bench/extracted/QF_NRA_meti-tarski__sqrt-1mcosq-7-chunk-0023.smt2.apolys	11	2a7e93b2dccab71e0c565c68b077fe82ca7a25a63083a969531137eba38d5bf2
smt	benchmark_results/smt_bench/extracted/QF_NRA_meti-tarski__sqrt-1mcosq-7-chunk-0094.smt2.apolys	36	41a3b3ab5acdebd169a5e5c61e8f7ddd8d77c205e2cbb9d51fbe92c8af496cfc
smt	benchmark_results/smt_bench/extracted/QF_NRA_meti-tarski__sqrt-1mcosq-7-chunk-0190.smt2.apolys	370	3249f68db52cb1a8c9feefb57defdc95ca81eb859d8db31c95a4a8f7c9790a14
smt	benchmark_results/smt_bench/extracted/QF_NRA_meti-tarski__sqrt-1mcosq-8-chunk-0045.smt2.apolys	11	2a7e93b2dccab71e0c565c68b077fe82ca7a25a63083a969531137eba38d5bf2
smt	benchmark_results/smt_bench/extracted/QF_NRA_meti-tarski__sqrt-1mcosq-8-chunk-0092.smt2.apolys	36	fd194c7eb9117e6281fae75b3477aaf12c5f806d6c0211b037492e73fca333c9
smt	benchmark_results/smt_bench/extracted/QF_NRA_meti-tarski__sqrt-1mcosq-8-chunk-0116.smt2.apolys	263	483a2aad77668c1ff24bece59eab4d3116ce39a430de87152ee3c021ecc6ecf6
smt	benchmark_results/smt_bench/extracted/QF_NRA_meti-tarski__sqrt-1mcosq-8-chunk-0130.smt2.apolys	131	847bee25d268a591d5b51251547309e9c11223f82749f6fb211d272ac4b342b2
smt	benchmark_results/smt_bench/extracted/QF_NRA_meti-tarski__sqrt-1mcosq-8-chunk-0164.smt2.apolys	25	d47d89df8d10859f4b9956857367cd2a1a32bc1811c1a2b12d7381654dd31ec3
smt	benchmark_results/smt_bench/extracted/QF_NRA_meti-tarski__sqrt-1mcosq-8-chunk-0447.smt2.apolys	414	21127768002ab41682f98ce2d6b1257fe7334e51a361ab3f7d88f54e3e436687
smt	benchmark_results/smt_bench/extracted/QF_NRA_meti-tarski__sqrt-1mcosq-8-chunk-0531.smt2.apolys	26	2b5540c1150a219778b1a17074d6882f5c1a3160dc5093823b35caef43e7a42d
smt	benchmark_results/smt_bench/extracted/QF_NRA_meti-tarski__sqrt-1mcosq-8-chunk-0674.smt2.apolys	414	21127768002ab41682f98ce2d6b1257fe7334e51a361ab3f7d88f54e3e436687
smt	benchmark_results/smt_bench/extracted/QF_NRA_meti-tarski__sqrt-problem-12vars3-chunk-0033.smt2.apolys	11	2a7e93b2dccab71e0c565c68b077fe82ca7a25a63083a969531137eba38d5bf2
smt	benchmark_results/smt_bench/extracted/QF_NRA_meti-tarski__sqrt-problem-13-sqrt1-chunk-0051.smt2.apolys	12	f99771ee8f310cd23b2f609a87e9260938a1aeaf979ddafeeec033e07c570cf4
smt	benchmark_results/smt_bench/extracted/QF_NRA_meti-tarski__sqrt-problem-Melquiond2-chunk-0041.smt2.apolys	87	fcd71fd466bb2b4ea185c39235fed6f8a532d5d87c445cb064e1a1d3b962f2da
smt	benchmark_results/smt_bench/extracted/QF_NRA_zankl__matrix-1-all-41.smt2.apolys	69	fffcf009efa366c606d61df2e116b41edf80da309f3f7dedd7eff27bb0c3956c
smt	benchmark_results/smt_bench/extracted/QF_NRA_zankl__matrix-3-all-16.smt2.apolys	11	2a7e93b2dccab71e0c565c68b077fe82ca7a25a63083a969531137eba38d5bf2
smt	benchmark_results/smt_bench/extracted/QF_NRA_zankl__matrix-3-all-17.smt2.apolys	26	bc87a499538d134503e06b4269a983be1ff56332642a99bbadab86613f40a690
smt	benchmark_results/smt_bench/extracted/QF_NRA_zankl__matrix-4-all-21.smt2.apolys	36	813789a23dcbf028e8fffab6feb7afc8bf74c4dc1de0d43b631cf71bd130ae34
smt	benchmark_results/smt_bench/extracted/QF_NRA_zankl__matrix-4-all-22.smt2.apolys	11	0660ade5a66f11d180f7ded5ad71c9a3a22856ec7042dc35cbb94d0705272cfc
smt	benchmark_results/smt_bench/extracted/manifest.tsv	33236	76658431880321f952dd6577de308c3bacbbfcb7f49ca0302113ef02eacd0be4
