instance	rep	arm	ms	roots
AUFNIRA_nasa__cl5_nebula_norm_0017.fof.smt2	0	A	0.01425	4
AUFNIRA_nasa__cl5_nebula_norm_0017.fof.smt2	0	B	0.012875	4
AUFNIRA_nasa__cl5_nebula_norm_0017.fof.smt2	0	C	0.010374	4
AUFNIRA_nasa__cl5_nebula_norm_0017.fof.smt2	0	M	0.012541	4
AUFNIRA_nasa__cl5_nebula_norm_0067.fof.smt2	0	B	0.366081	344
AUFNIRA_nasa__cl5_nebula_norm_0067.fof.smt2	0	C	0.28392	344
AUFNIRA_nasa__cl5_nebula_norm_0067.fof.smt2	0	M	0.275666	344
AUFNIRA_nasa__cl5_nebula_norm_0067.fof.smt2	0	A	0.273205	344
NRA_20220222-cut-three-circles__cut-out-1.smt2	0	C	0.011041	6
NRA_20220222-cut-three-circles__cut-out-1.smt2	0	M	0.008791	6
NRA_20220222-cut-three-circles__cut-out-1.smt2	0	A	0.010542	6
NRA_20220222-cut-three-circles__cut-out-1.smt2	0	B	0.012541	6
NRA_20220222-cut-three-circles__cut-out-2.smt2	0	M	0.027747	34
NRA_20220222-cut-three-circles__cut-out-2.smt2	0	A	0.020749	34
NRA_20220222-cut-three-circles__cut-out-2.smt2	0	B	0.027121	34
NRA_20220222-cut-three-circles__cut-out-2.smt2	0	C	0.022876	34
QF_NIA_20170427-VeryMax__From_AProVE_2014__MainCopy.jar-obl-10__p10363_edge_closing_0.smt2	0	A	0.035461	70
QF_NIA_20170427-VeryMax__From_AProVE_2014__MainCopy.jar-obl-10__p10363_edge_closing_0.smt2	0	B	0.052	70
QF_NIA_20170427-VeryMax__From_AProVE_2014__MainCopy.jar-obl-10__p10363_edge_closing_0.smt2	0	C	0.039626	70
QF_NIA_20170427-VeryMax__From_AProVE_2014__MainCopy.jar-obl-10__p10363_edge_closing_0.smt2	0	M	0.053624	70
QF_NIA_20170427-VeryMax__From_AProVE_2014__Test7.jar-obl-11__p12895_safety_0.smt2	0	B	0.094376	145
QF_NIA_20170427-VeryMax__From_AProVE_2014__Test7.jar-obl-11__p12895_safety_0.smt2	0	C	0.070331	145
QF_NIA_20170427-VeryMax__From_AProVE_2014__Test7.jar-obl-11__p12895_safety_0.smt2	0	M	0.107001	145
QF_NIA_20170427-VeryMax__From_AProVE_2014__Test7.jar-obl-11__p12895_safety_0.smt2	0	A	0.06025	145
QF_NIA_20170427-VeryMax__From_AProVE_2014__Velroyen08-factorial.jar-obl-8__p13794_terminationG_0.smt2	0	C	0.104917	204
QF_NIA_20170427-VeryMax__From_AProVE_2014__Velroyen08-factorial.jar-obl-8__p13794_terminationG_0.smt2	0	M	0.131747	204
QF_NIA_20170427-VeryMax__From_AProVE_2014__Velroyen08-factorial.jar-obl-8__p13794_terminationG_0.smt2	0	A	0.098252	204
QF_NIA_20170427-VeryMax__From_AProVE_2014__Velroyen08-factorial.jar-obl-8__p13794_terminationG_0.smt2	0	B	0.134546	204
QF_NIA_20170427-VeryMax__From_AProVE_2014__juHashMapCreate.jar-obl-10__p5055_safety_0.smt2	0	M	0.975866	1195
QF_NIA_20170427-VeryMax__From_AProVE_2014__juHashMapCreate.jar-obl-10__p5055_safety_0.smt2	0	A	0.464709	1195
QF_NIA_20170427-VeryMax__From_AProVE_2014__juHashMapCreate.jar-obl-10__p5055_safety_0.smt2	0	B	0.629668	1195
QF_NIA_20170427-VeryMax__From_AProVE_2014__juHashMapCreate.jar-obl-10__p5055_safety_0.smt2	0	C	0.499863	1195
QF_NIA_20170427-VeryMax__From_AProVE_2014__juHashMapCreateClear.jar-obl-11__p30137_safety_0.smt2	0	A	0.035955	78
QF_NIA_20170427-VeryMax__From_AProVE_2014__juHashMapCreateClear.jar-obl-11__p30137_safety_0.smt2	0	B	0.056083	78
QF_NIA_20170427-VeryMax__From_AProVE_2014__juHashMapCreateClear.jar-obl-11__p30137_safety_0.smt2	0	C	0.041963	78
QF_NIA_20170427-VeryMax__From_AProVE_2014__juHashMapCreateClear.jar-obl-11__p30137_safety_0.smt2	0	M	0.060206	78
QF_NIA_20170427-VeryMax__From_AProVE_2014__juHashMapCreateContainsKey.jar-obl-11__p30854_safety_0.smt2	0	B	0.028461	26
QF_NIA_20170427-VeryMax__From_AProVE_2014__juHashMapCreateContainsKey.jar-obl-11__p30854_safety_0.smt2	0	C	0.025082	26
QF_NIA_20170427-VeryMax__From_AProVE_2014__juHashMapCreateContainsKey.jar-obl-11__p30854_safety_0.smt2	0	M	0.024751	26
QF_NIA_20170427-VeryMax__From_AProVE_2014__juHashMapCreateContainsKey.jar-obl-11__p30854_safety_0.smt2	0	A	0.022876	26
QF_NIA_20170427-VeryMax__From_AProVE_2014__juHashMapCreateContainsKey.jar-obl-11__p31075_safety_0.smt2	0	C	0.207922	368
QF_NIA_20170427-VeryMax__From_AProVE_2014__juHashMapCreateContainsKey.jar-obl-11__p31075_safety_0.smt2	0	M	0.416878	368
QF_NIA_20170427-VeryMax__From_AProVE_2014__juHashMapCreateContainsKey.jar-obl-11__p31075_safety_0.smt2	0	A	0.193332	368
QF_NIA_20170427-VeryMax__From_AProVE_2014__juHashMapCreateContainsKey.jar-obl-11__p31075_safety_0.smt2	0	B	0.263786	368
QF_NIA_20170427-VeryMax__From_AProVE_2014__juHashMapCreateContainsKey.jar-obl-11__p31778_safety_0.smt2	0	M	0.353673	254
QF_NIA_20170427-VeryMax__From_AProVE_2014__juHashMapCreateContainsKey.jar-obl-11__p31778_safety_0.smt2	0	A	0.114919	254
QF_NIA_20170427-VeryMax__From_AProVE_2014__juHashMapCreateContainsKey.jar-obl-11__p31778_safety_0.smt2	0	B	0.160869	254
QF_NIA_20170427-VeryMax__From_AProVE_2014__juHashMapCreateContainsKey.jar-obl-11__p31778_safety_0.smt2	0	C	0.120665	254
QF_NIA_20170427-VeryMax__From_AProVE_2014__juHashMapCreateContainsValue.jar-obl-11__p31970_safety_0.smt2	0	A	0.011626	10
QF_NIA_20170427-VeryMax__From_AProVE_2014__juHashMapCreateContainsValue.jar-obl-11__p31970_safety_0.smt2	0	B	0.015207	10
QF_NIA_20170427-VeryMax__From_AProVE_2014__juHashMapCreateContainsValue.jar-obl-11__p31970_safety_0.smt2	0	C	0.012292	10
QF_NIA_20170427-VeryMax__From_AProVE_2014__juHashMapCreateContainsValue.jar-obl-11__p31970_safety_0.smt2	0	M	0.014168	10
QF_NIA_20170427-VeryMax__From_AProVE_2014__juHashMapCreateContainsValue.jar-obl-11__p32093_safety_0.smt2	0	B	0.166877	220
QF_NIA_20170427-VeryMax__From_AProVE_2014__juHashMapCreateContainsValue.jar-obl-11__p32093_safety_0.smt2	0	C	0.13763	220
QF_NIA_20170427-VeryMax__From_AProVE_2014__juHashMapCreateContainsValue.jar-obl-11__p32093_safety_0.smt2	0	M	0.230293	220
QF_NIA_20170427-VeryMax__From_AProVE_2014__juHashMapCreateContainsValue.jar-obl-11__p32093_safety_0.smt2	0	A	0.118838	220
QF_NIA_20170427-VeryMax__From_AProVE_2014__juHashMapCreateIsEmpty.jar-obl-10__p1579_safety_0.smt2	0	C	0.708158	1388
QF_NIA_20170427-VeryMax__From_AProVE_2014__juHashMapCreateIsEmpty.jar-obl-10__p1579_safety_0.smt2	0	M	1.3821	1388
QF_NIA_20170427-VeryMax__From_AProVE_2014__juHashMapCreateIsEmpty.jar-obl-10__p1579_safety_0.smt2	0	A	0.661156	1388
QF_NIA_20170427-VeryMax__From_AProVE_2014__juHashMapCreateIsEmpty.jar-obl-10__p1579_safety_0.smt2	0	B	0.913295	1388
QF_NIA_20170427-VeryMax__From_AProVE_2014__juHashMapCreateIsEmpty.jar-obl-10__p1900_safety_0.smt2	0	M	0.211461	282
QF_NIA_20170427-VeryMax__From_AProVE_2014__juHashMapCreateIsEmpty.jar-obl-10__p1900_safety_0.smt2	0	A	0.140373	282
QF_NIA_20170427-VeryMax__From_AProVE_2014__juHashMapCreateIsEmpty.jar-obl-10__p1900_safety_0.smt2	0	B	0.176743	282
QF_NIA_20170427-VeryMax__From_AProVE_2014__juHashMapCreateIsEmpty.jar-obl-10__p1900_safety_0.smt2	0	C	0.144731	282
QF_NIA_20170427-VeryMax__From_AProVE_2014__juHashMapCreateIteratorEntryLoop.jar-obl-12__p3002_safety_0.smt2	0	A	0.107913	320
QF_NIA_20170427-VeryMax__From_AProVE_2014__juHashMapCreateIteratorEntryLoop.jar-obl-12__p3002_safety_0.smt2	0	B	0.164377	320
QF_NIA_20170427-VeryMax__From_AProVE_2014__juHashMapCreateIteratorEntryLoop.jar-obl-12__p3002_safety_0.smt2	0	C	0.112916	320
QF_NIA_20170427-VeryMax__From_AProVE_2014__juHashMapCreateIteratorEntryLoop.jar-obl-12__p3002_safety_0.smt2	0	M	0.230662	320
QF_NIA_20170427-VeryMax__From_AProVE_2014__juHashMapCreatePut.jar-obl-10__p5968_safety_0.smt2	0	B	0.025876	24
QF_NIA_20170427-VeryMax__From_AProVE_2014__juHashMapCreatePut.jar-obl-10__p5968_safety_0.smt2	0	C	0.021374	24
QF_NIA_20170427-VeryMax__From_AProVE_2014__juHashMapCreatePut.jar-obl-10__p5968_safety_0.smt2	0	M	0.024625	24
QF_NIA_20170427-VeryMax__From_AProVE_2014__juHashMapCreatePut.jar-obl-10__p5968_safety_0.smt2	0	A	0.0205	24
QF_NIA_20170427-VeryMax__From_AProVE_2014__juHashMapCreatePut.jar-obl-10__p6107_safety_0.smt2	0	C	1.32438	1806
QF_NIA_20170427-VeryMax__From_AProVE_2014__juHashMapCreatePut.jar-obl-10__p6107_safety_0.smt2	0	M	1.96762	1806
QF_NIA_20170427-VeryMax__From_AProVE_2014__juHashMapCreatePut.jar-obl-10__p6107_safety_0.smt2	0	A	1.26683	1806
QF_NIA_20170427-VeryMax__From_AProVE_2014__juHashMapCreatePut.jar-obl-10__p6107_safety_0.smt2	0	B	1.53285	1806
QF_NIA_20170427-VeryMax__From_AProVE_2014__juHashMapCreateSize.jar-obl-10__p7163_safety_0.smt2	0	M	0.55958	553
QF_NIA_20170427-VeryMax__From_AProVE_2014__juHashMapCreateSize.jar-obl-10__p7163_safety_0.smt2	0	A	0.434795	553
QF_NIA_20170427-VeryMax__From_AProVE_2014__juHashMapCreateSize.jar-obl-10__p7163_safety_0.smt2	0	B	0.572921	553
QF_NIA_20170427-VeryMax__From_AProVE_2014__juHashMapCreateSize.jar-obl-10__p7163_safety_0.smt2	0	C	0.501705	553
QF_NIA_20170427-VeryMax__From_AProVE_2014__juHashMapCreateSize.jar-obl-10__p7575_safety_0.smt2	0	A	2.3628	4476
QF_NIA_20170427-VeryMax__From_AProVE_2014__juHashMapCreateSize.jar-obl-10__p7575_safety_0.smt2	0	B	3.13201	4476
QF_NIA_20170427-VeryMax__From_AProVE_2014__juHashMapCreateSize.jar-obl-10__p7575_safety_0.smt2	0	C	2.39383	4476
QF_NIA_20170427-VeryMax__From_AProVE_2014__juHashMapCreateSize.jar-obl-10__p7575_safety_0.smt2	0	M	6.66434	4476
QF_NIA_20170427-VeryMax__From_AProVE_2014__juLinkedListCreateAddAllAt.jar-obl-17__p8067_safety_0.smt2	0	B	0.020831	34
QF_NIA_20170427-VeryMax__From_AProVE_2014__juLinkedListCreateAddAllAt.jar-obl-17__p8067_safety_0.smt2	0	C	0.015708	34
QF_NIA_20170427-VeryMax__From_AProVE_2014__juLinkedListCreateAddAllAt.jar-obl-17__p8067_safety_0.smt2	0	M	0.024168	34
QF_NIA_20170427-VeryMax__From_AProVE_2014__juLinkedListCreateAddAllAt.jar-obl-17__p8067_safety_0.smt2	0	A	0.013913	34
QF_NIA_20170427-VeryMax__From_AProVE_2014__juLinkedListCreateAddAllAt.jar-obl-17__p8387_safety_0.smt2	0	C	0.006583	4
QF_NIA_20170427-VeryMax__From_AProVE_2014__juLinkedListCreateAddAllAt.jar-obl-17__p8387_safety_0.smt2	0	M	0.006959	4
QF_NIA_20170427-VeryMax__From_AProVE_2014__juLinkedListCreateAddAllAt.jar-obl-17__p8387_safety_0.smt2	0	A	0.006417	4
QF_NIA_20170427-VeryMax__From_AProVE_2014__juLinkedListCreateAddAllAt.jar-obl-17__p8387_safety_0.smt2	0	B	0.008667	4
QF_NIA_20170427-VeryMax__From_T2__afagp-fail.t2__p15460_terminationG_0.smt2	0	M	0.068417	83
QF_NIA_20170427-VeryMax__From_T2__afagp-fail.t2__p15460_terminationG_0.smt2	0	A	0.042664	83
QF_NIA_20170427-VeryMax__From_T2__afagp-fail.t2__p15460_terminationG_0.smt2	0	B	0.063043	83
QF_NIA_20170427-VeryMax__From_T2__afagp-fail.t2__p15460_terminationG_0.smt2	0	C	0.045836	83
QF_NIA_20170427-VeryMax__From_T2__compress.t2__p17866_terminationG_0.smt2	0	A	0.147827	345
QF_NIA_20170427-VeryMax__From_T2__compress.t2__p17866_terminationG_0.smt2	0	B	0.221047	345
QF_NIA_20170427-VeryMax__From_T2__compress.t2__p17866_terminationG_0.smt2	0	C	0.153336	345
QF_NIA_20170427-VeryMax__From_T2__compress.t2__p17866_terminationG_0.smt2	0	M	0.225868	345
QF_NIA_20170427-VeryMax__From_T2__consts3nt.t2_fixed__p18148_terminationG_0.smt2	0	B	0.010208	2
QF_NIA_20170427-VeryMax__From_T2__consts3nt.t2_fixed__p18148_terminationG_0.smt2	0	C	0.009375	2
QF_NIA_20170427-VeryMax__From_T2__consts3nt.t2_fixed__p18148_terminationG_0.smt2	0	M	0.005917	2
QF_NIA_20170427-VeryMax__From_T2__consts3nt.t2_fixed__p18148_terminationG_0.smt2	0	A	0.009042	2
QF_NIA_20170427-VeryMax__From_T2__edn.t2__p20109_safety_0.smt2	0	C	0.087002	174
QF_NIA_20170427-VeryMax__From_T2__edn.t2__p20109_safety_0.smt2	0	M	0.117371	174
QF_NIA_20170427-VeryMax__From_T2__edn.t2__p20109_safety_0.smt2	0	A	0.085576	174
QF_NIA_20170427-VeryMax__From_T2__edn.t2__p20109_safety_0.smt2	0	B	0.127414	174
QF_NIA_20170427-VeryMax__From_T2__edn.t2__p20654_safety_0.smt2	0	M	1.4879	2174
QF_NIA_20170427-VeryMax__From_T2__edn.t2__p20654_safety_0.smt2	0	A	1.40113	2174
QF_NIA_20170427-VeryMax__From_T2__edn.t2__p20654_safety_0.smt2	0	B	1.77008	2174
QF_NIA_20170427-VeryMax__From_T2__edn.t2__p20654_safety_0.smt2	0	C	1.45744	2174
QF_NIA_20170427-VeryMax__From_T2__edn.t2__p20682_safety_0.smt2	0	A	0.466332	887
QF_NIA_20170427-VeryMax__From_T2__edn.t2__p20682_safety_0.smt2	0	B	0.614524	887
QF_NIA_20170427-VeryMax__From_T2__edn.t2__p20682_safety_0.smt2	0	C	0.500852	887
QF_NIA_20170427-VeryMax__From_T2__edn.t2__p20682_safety_0.smt2	0	M	0.631406	887
QF_NIA_20170427-VeryMax__From_T2__ex36.t2__p29288_safety_0.smt2	0	B	1.32792	1863
QF_NIA_20170427-VeryMax__From_T2__ex36.t2__p29288_safety_0.smt2	0	C	1.05708	1863
QF_NIA_20170427-VeryMax__From_T2__ex36.t2__p29288_safety_0.smt2	0	M	1.18452	1863
QF_NIA_20170427-VeryMax__From_T2__ex36.t2__p29288_safety_0.smt2	0	A	0.991922	1863
QF_NIA_20170427-VeryMax__From_T2__foo.t2__terminationS_23_0.smt2	0	C	0.018166	10
QF_NIA_20170427-VeryMax__From_T2__foo.t2__terminationS_23_0.smt2	0	M	0.013833	10
QF_NIA_20170427-VeryMax__From_T2__foo.t2__terminationS_23_0.smt2	0	A	0.011584	10
QF_NIA_20170427-VeryMax__From_T2__foo.t2__terminationS_23_0.smt2	0	B	0.014542	10
QF_NIA_20170427-VeryMax__From_T2__fun9.t2__p1256_edge_closing_0.smt2	0	M	0.296707	526
QF_NIA_20170427-VeryMax__From_T2__fun9.t2__p1256_edge_closing_0.smt2	0	A	0.182416	526
QF_NIA_20170427-VeryMax__From_T2__fun9.t2__p1256_edge_closing_0.smt2	0	B	0.260832	526
QF_NIA_20170427-VeryMax__From_T2__fun9.t2__p1256_edge_closing_0.smt2	0	C	0.203211	526
QF_NIA_20170427-VeryMax__From_T2__fun9.t2__p1366_edge_closing_0.smt2	0	A	0.023083	42
QF_NIA_20170427-VeryMax__From_T2__fun9.t2__p1366_edge_closing_0.smt2	0	B	0.035998	42
QF_NIA_20170427-VeryMax__From_T2__fun9.t2__p1366_edge_closing_0.smt2	0	C	0.028833	42
QF_NIA_20170427-VeryMax__From_T2__fun9.t2__p1366_edge_closing_0.smt2	0	M	0.044878	42
QF_NIA_20170427-VeryMax__From_T2__hqr.c.i.hqr.pl.t2.nor.t2.rlgfixed.t2_fixed__terminationS_49_0.smt2	0	B	0.010625	2
QF_NIA_20170427-VeryMax__From_T2__hqr.c.i.hqr.pl.t2.nor.t2.rlgfixed.t2_fixed__terminationS_49_0.smt2	0	C	0.0095	2
QF_NIA_20170427-VeryMax__From_T2__hqr.c.i.hqr.pl.t2.nor.t2.rlgfixed.t2_fixed__terminationS_49_0.smt2	0	M	0.005959	2
QF_NIA_20170427-VeryMax__From_T2__hqr.c.i.hqr.pl.t2.nor.t2.rlgfixed.t2_fixed__terminationS_49_0.smt2	0	A	0.009583	2
QF_NIA_20170427-VeryMax__From_T2__hqr.c.i.hqr.pl.t2.nor.t2.rlgfixed.t2_fixed__terminationS_61_0.smt2	0	C	0.040292	64
QF_NIA_20170427-VeryMax__From_T2__hqr.c.i.hqr.pl.t2.nor.t2.rlgfixed.t2_fixed__terminationS_61_0.smt2	0	M	0.05321	64
QF_NIA_20170427-VeryMax__From_T2__hqr.c.i.hqr.pl.t2.nor.t2.rlgfixed.t2_fixed__terminationS_61_0.smt2	0	A	0.038418	64
QF_NIA_20170427-VeryMax__From_T2__hqr.c.i.hqr.pl.t2.nor.t2.rlgfixed.t2_fixed__terminationS_61_0.smt2	0	B	0.054207	64
QF_NIA_20170427-VeryMax__From_T2__janne_complex.t2__p2259_terminationG_0.smt2	0	M	0.034501	30
QF_NIA_20170427-VeryMax__From_T2__janne_complex.t2__p2259_terminationG_0.smt2	0	A	0.022712	30
QF_NIA_20170427-VeryMax__From_T2__janne_complex.t2__p2259_terminationG_0.smt2	0	B	0.031041	30
QF_NIA_20170427-VeryMax__From_T2__janne_complex.t2__p2259_terminationG_0.smt2	0	C	0.023918	30
QF_NIA_20170427-VeryMax__From_T2__matmul.t2__p2657_terminationG_0.smt2	0	A	0.022002	38
QF_NIA_20170427-VeryMax__From_T2__matmul.t2__p2657_terminationG_0.smt2	0	B	0.036504	38
QF_NIA_20170427-VeryMax__From_T2__matmul.t2__p2657_terminationG_0.smt2	0	C	0.024625	38
QF_NIA_20170427-VeryMax__From_T2__matmul.t2__p2657_terminationG_0.smt2	0	M	0.033997	38
QF_NIA_20170427-VeryMax__From_T2__n-7.t2_fixed__p4908_terminationG_0.smt2	0	B	0.032458	14
QF_NIA_20170427-VeryMax__From_T2__n-7.t2_fixed__p4908_terminationG_0.smt2	0	C	0.033001	14
QF_NIA_20170427-VeryMax__From_T2__n-7.t2_fixed__p4908_terminationG_0.smt2	0	M	0.023625	14
QF_NIA_20170427-VeryMax__From_T2__n-7.t2_fixed__p4908_terminationG_0.smt2	0	A	0.026	14
QF_NIA_20170427-VeryMax__From_T2__s1-striped.t2__p12567_safety_0.smt2	0	C	0.014125	8
QF_NIA_20170427-VeryMax__From_T2__s1-striped.t2__p12567_safety_0.smt2	0	M	0.012917	8
QF_NIA_20170427-VeryMax__From_T2__s1-striped.t2__p12567_safety_0.smt2	0	A	0.01371	8
QF_NIA_20170427-VeryMax__From_T2__s1-striped.t2__p12567_safety_0.smt2	0	B	0.016999	8
QF_NIA_20170427-VeryMax__From_T2__s1-striped.t2__p13166_safety_0.smt2	0	M	0.011168	8
QF_NIA_20170427-VeryMax__From_T2__s1-striped.t2__p13166_safety_0.smt2	0	A	0.011376	8
QF_NIA_20170427-VeryMax__From_T2__s1-striped.t2__p13166_safety_0.smt2	0	B	0.014043	8
QF_NIA_20170427-VeryMax__From_T2__s1-striped.t2__p13166_safety_0.smt2	0	C	0.01179	8
QF_NIA_20170427-VeryMax__From_T2__s1-striped.t2__p13877_safety_0.smt2	0	A	0.007125	2
QF_NIA_20170427-VeryMax__From_T2__s1-striped.t2__p13877_safety_0.smt2	0	B	0.008834	2
QF_NIA_20170427-VeryMax__From_T2__s1-striped.t2__p13877_safety_0.smt2	0	C	0.006708	2
QF_NIA_20170427-VeryMax__From_T2__s1-striped.t2__p13877_safety_0.smt2	0	M	0.010876	2
QF_NIA_20170427-VeryMax__From_T2__s1.t2_fixed__p16651_safety_0.smt2	0	B	0.006417	2
QF_NIA_20170427-VeryMax__From_T2__s1.t2_fixed__p16651_safety_0.smt2	0	C	0.006292	2
QF_NIA_20170427-VeryMax__From_T2__s1.t2_fixed__p16651_safety_0.smt2	0	M	0.005209	2
QF_NIA_20170427-VeryMax__From_T2__s1.t2_fixed__p16651_safety_0.smt2	0	A	0.005542	2
QF_NIA_20170427-VeryMax__From_T2__s1.t2_fixed__p17151_safety_0.smt2	0	C	1.04675	1587
QF_NIA_20170427-VeryMax__From_T2__s1.t2_fixed__p17151_safety_0.smt2	0	M	1.26325	1587
QF_NIA_20170427-VeryMax__From_T2__s1.t2_fixed__p17151_safety_0.smt2	0	A	0.974606	1587
QF_NIA_20170427-VeryMax__From_T2__s1.t2_fixed__p17151_safety_0.smt2	0	B	1.2857	1587
QF_NIA_20170427-VeryMax__From_T2__slayer-3-filtered.t2__p21681_safety_0.smt2	0	M	1.87443	2935
QF_NIA_20170427-VeryMax__From_T2__slayer-3-filtered.t2__p21681_safety_0.smt2	0	A	1.59749	2935
QF_NIA_20170427-VeryMax__From_T2__slayer-3-filtered.t2__p21681_safety_0.smt2	0	B	2.00882	2935
QF_NIA_20170427-VeryMax__From_T2__slayer-3-filtered.t2__p21681_safety_0.smt2	0	C	1.65454	2935
QF_NIA_20170427-VeryMax__From_T2__slayer-3-filtered.t2__p21744_safety_0.smt2	0	A	0.085582	107
QF_NIA_20170427-VeryMax__From_T2__slayer-3-filtered.t2__p21744_safety_0.smt2	0	B	0.104372	107
QF_NIA_20170427-VeryMax__From_T2__slayer-3-filtered.t2__p21744_safety_0.smt2	0	C	0.09612	107
QF_NIA_20170427-VeryMax__From_T2__slayer-3-filtered.t2__p21744_safety_0.smt2	0	M	0.096998	107
QF_NIA_20170427-VeryMax__From_T2__slayer-3-new.t2_fixed__p21823_safety_0.smt2	0	B	0.021085	14
QF_NIA_20170427-VeryMax__From_T2__slayer-3-new.t2_fixed__p21823_safety_0.smt2	0	C	0.01875	14
QF_NIA_20170427-VeryMax__From_T2__slayer-3-new.t2_fixed__p21823_safety_0.smt2	0	M	0.019959	14
QF_NIA_20170427-VeryMax__From_T2__slayer-3-new.t2_fixed__p21823_safety_0.smt2	0	A	0.015748	14
QF_NIA_20170427-VeryMax__From_T2__slayer-n5-filtered.t2__p23330_terminationG_0.smt2	0	C	0.010666	4
QF_NIA_20170427-VeryMax__From_T2__slayer-n5-filtered.t2__p23330_terminationG_0.smt2	0	M	0.007625	4
QF_NIA_20170427-VeryMax__From_T2__slayer-n5-filtered.t2__p23330_terminationG_0.smt2	0	A	0.010375	4
QF_NIA_20170427-VeryMax__From_T2__slayer-n5-filtered.t2__p23330_terminationG_0.smt2	0	B	0.011999	4
QF_NIA_20170427-VeryMax__From_T2__slayer-n5-filtered.t2__p23398_safety_0.smt2	0	M	0.47779	727
QF_NIA_20170427-VeryMax__From_T2__slayer-n5-filtered.t2__p23398_safety_0.smt2	0	A	0.312207	727
QF_NIA_20170427-VeryMax__From_T2__slayer-n5-filtered.t2__p23398_safety_0.smt2	0	B	0.407712	727
QF_NIA_20170427-VeryMax__From_T2__slayer-n5-filtered.t2__p23398_safety_0.smt2	0	C	0.321744	727
QF_NIA_20170427-VeryMax__From_T2__svdcmp.t2_fixed__term_unfeasibility_11_0.smt2	0	A	0.018084	20
QF_NIA_20170427-VeryMax__From_T2__svdcmp.t2_fixed__term_unfeasibility_11_0.smt2	0	B	0.0225	20
QF_NIA_20170427-VeryMax__From_T2__svdcmp.t2_fixed__term_unfeasibility_11_0.smt2	0	C	0.017833	20
QF_NIA_20170427-VeryMax__From_T2__svdcmp.t2_fixed__term_unfeasibility_11_0.smt2	0	M	0.019124	20
QF_NIA_20170427-VeryMax__From_T2__zlib-adler32.c.t2__p25934_safety_0.smt2	0	B	0.027795	28
QF_NIA_20170427-VeryMax__From_T2__zlib-adler32.c.t2__p25934_safety_0.smt2	0	C	0.028	28
QF_NIA_20170427-VeryMax__From_T2__zlib-adler32.c.t2__p25934_safety_0.smt2	0	M	0.029001	28
QF_NIA_20170427-VeryMax__From_T2__zlib-adler32.c.t2__p25934_safety_0.smt2	0	A	0.021042	28
QF_NIA_20170427-VeryMax__Stroeder_15__4NestedWith3Variables_true-termination.c__p20203_terminationG_0.smt2	0	C	1.8782	2258
QF_NIA_20170427-VeryMax__Stroeder_15__4NestedWith3Variables_true-termination.c__p20203_terminationG_0.smt2	0	M	1.86338	2258
QF_NIA_20170427-VeryMax__Stroeder_15__4NestedWith3Variables_true-termination.c__p20203_terminationG_0.smt2	0	A	1.74188	2258
QF_NIA_20170427-VeryMax__Stroeder_15__4NestedWith3Variables_true-termination.c__p20203_terminationG_0.smt2	0	B	2.12146	2258
QF_NIA_20170427-VeryMax__Stroeder_15__GulwaniJainKoskinen-PLDI2009-Fig1_true-termination.c__p23679_edge_closing_0.smt2	0	M	0.038413	20
QF_NIA_20170427-VeryMax__Stroeder_15__GulwaniJainKoskinen-PLDI2009-Fig1_true-termination.c__p23679_edge_closing_0.smt2	0	A	0.062667	20
QF_NIA_20170427-VeryMax__Stroeder_15__GulwaniJainKoskinen-PLDI2009-Fig1_true-termination.c__p23679_edge_closing_0.smt2	0	B	0.067957	20
QF_NIA_20170427-VeryMax__Stroeder_15__GulwaniJainKoskinen-PLDI2009-Fig1_true-termination.c__p23679_edge_closing_0.smt2	0	C	0.0625	20
QF_NIA_20170427-VeryMax__Stroeder_15__GulwaniJainKoskinen-PLDI2009-Fig1_true-termination.c__p23704_edge_closing_0.smt2	0	A	0.008917	2
QF_NIA_20170427-VeryMax__Stroeder_15__GulwaniJainKoskinen-PLDI2009-Fig1_true-termination.c__p23704_edge_closing_0.smt2	0	B	0.010501	2
QF_NIA_20170427-VeryMax__Stroeder_15__GulwaniJainKoskinen-PLDI2009-Fig1_true-termination.c__p23704_edge_closing_0.smt2	0	C	0.009833	2
QF_NIA_20170427-VeryMax__Stroeder_15__GulwaniJainKoskinen-PLDI2009-Fig1_true-termination.c__p23704_edge_closing_0.smt2	0	M	0.009251	2
QF_NIA_20170427-VeryMax__Stroeder_15__svcomp_ex2.c__p25876_terminationG_0.smt2	0	B	0.010958	2
QF_NIA_20170427-VeryMax__Stroeder_15__svcomp_ex2.c__p25876_terminationG_0.smt2	0	C	0.010417	2
QF_NIA_20170427-VeryMax__Stroeder_15__svcomp_ex2.c__p25876_terminationG_0.smt2	0	M	0.007249	2
QF_NIA_20170427-VeryMax__Stroeder_15__svcomp_ex2.c__p25876_terminationG_0.smt2	0	A	0.009833	2
QF_NIA_20170427-VeryMax__Stroeder_15__svcomp_ex2.c__p25913_terminationG_0.smt2	0	C	0.235286	523
QF_NIA_20170427-VeryMax__Stroeder_15__svcomp_ex2.c__p25913_terminationG_0.smt2	0	M	0.354909	523
QF_NIA_20170427-VeryMax__Stroeder_15__svcomp_ex2.c__p25913_terminationG_0.smt2	0	A	0.243994	523
QF_NIA_20170427-VeryMax__Stroeder_15__svcomp_ex2.c__p25913_terminationG_0.smt2	0	B	0.306046	523
QF_NIA_20210219-Dartagnan__lcm2_unwindbound10-O0.smt2	0	M	0.005458	2
QF_NIA_20210219-Dartagnan__lcm2_unwindbound10-O0.smt2	0	A	0.0065	2
QF_NIA_20210219-Dartagnan__lcm2_unwindbound10-O0.smt2	0	B	0.00675	2
QF_NIA_20210219-Dartagnan__lcm2_unwindbound10-O0.smt2	0	C	0.005709	2
QF_NIA_20220315-MathProblems__MS_07.smt2	0	A	0.928493	3518
QF_NIA_20220315-MathProblems__MS_07.smt2	0	B	1.49755	3518
QF_NIA_20220315-MathProblems__MS_07.smt2	0	C	0.979065	3518
QF_NIA_20220315-MathProblems__MS_07.smt2	0	M	1.91933	3518
QF_NIA_20220315-MathProblems__SF_11.smt2	0	B	0.016624	3
QF_NIA_20220315-MathProblems__SF_11.smt2	0	C	0.012085	3
QF_NIA_20220315-MathProblems__SF_11.smt2	0	M	0.010165	3
QF_NIA_20220315-MathProblems__SF_11.smt2	0	A	0.011792	3
QF_NIA_20220315-MathProblems__STC_0030.smt2	0	C	5.20702	9772
QF_NIA_20220315-MathProblems__STC_0030.smt2	0	M	8.14021	9772
QF_NIA_20220315-MathProblems__STC_0030.smt2	0	A	4.86701	9772
QF_NIA_20220315-MathProblems__STC_0030.smt2	0	B	7.6056	9772
QF_NIA_20220315-MathProblems__STC_0148.smt2	0	M	7.78237	9264
QF_NIA_20220315-MathProblems__STC_0148.smt2	0	A	4.4693	9264
QF_NIA_20220315-MathProblems__STC_0148.smt2	0	B	7.01915	9264
QF_NIA_20220315-MathProblems__STC_0148.smt2	0	C	4.95917	9264
QF_NIA_20220315-MathProblems__STC_0157.smt2	0	A	6.04734	12123
QF_NIA_20220315-MathProblems__STC_0157.smt2	0	B	9.59394	12123
QF_NIA_20220315-MathProblems__STC_0157.smt2	0	C	6.5355	12123
QF_NIA_20220315-MathProblems__STC_0157.smt2	0	M	10.2583	12123
QF_NIA_20220315-MathProblems__STC_0173.smt2	0	B	8.93767	11212
QF_NIA_20220315-MathProblems__STC_0173.smt2	0	C	6.94464	11212
QF_NIA_20220315-MathProblems__STC_0173.smt2	0	M	9.5922	11212
QF_NIA_20220315-MathProblems__STC_0173.smt2	0	A	5.61444	11212
QF_NIA_20220315-MathProblems__STC_0176.smt2	0	C	5.36781	10116
QF_NIA_20220315-MathProblems__STC_0176.smt2	0	M	8.71721	10116
QF_NIA_20220315-MathProblems__STC_0176.smt2	0	A	5.06863	10116
QF_NIA_20220315-MathProblems__STC_0176.smt2	0	B	7.87692	10116
QF_NIA_20220315-MathProblems__STC_0183.smt2	0	M	8.91035	10134
QF_NIA_20220315-MathProblems__STC_0183.smt2	0	A	5.11225	10134
QF_NIA_20220315-MathProblems__STC_0183.smt2	0	B	7.7561	10134
QF_NIA_20220315-MathProblems__STC_0183.smt2	0	C	5.42053	10134
QF_NIA_20220315-MathProblems__STC_0187.smt2	0	A	5.12902	10563
QF_NIA_20220315-MathProblems__STC_0187.smt2	0	B	8.24279	10563
QF_NIA_20220315-MathProblems__STC_0187.smt2	0	C	5.87985	10563
QF_NIA_20220315-MathProblems__STC_0187.smt2	0	M	9.72226	10563
QF_NIA_20220315-MathProblems__STC_0189.smt2	0	B	0.017207	5
QF_NIA_20220315-MathProblems__STC_0189.smt2	0	C	0.011125	5
QF_NIA_20220315-MathProblems__STC_0189.smt2	0	M	0.018624	5
QF_NIA_20220315-MathProblems__STC_0189.smt2	0	A	0.009958	5
QF_NIA_20220315-MathProblems__STC_0205.smt2	0	C	0.300764	454
QF_NIA_20220315-MathProblems__STC_0205.smt2	0	M	0.53277	454
QF_NIA_20220315-MathProblems__STC_0205.smt2	0	A	0.277672	454
QF_NIA_20220315-MathProblems__STC_0205.smt2	0	B	0.438955	454
QF_NIA_20220315-MathProblems__STC_0340.smt2	0	M	0.65896	560
QF_NIA_20220315-MathProblems__STC_0340.smt2	0	A	0.320132	560
QF_NIA_20220315-MathProblems__STC_0340.smt2	0	B	0.535672	560
QF_NIA_20220315-MathProblems__STC_0340.smt2	0	C	0.342788	560
QF_NIA_20220315-MathProblems__STC_0385.smt2	0	A	0.257828	457
QF_NIA_20220315-MathProblems__STC_0385.smt2	0	B	0.428754	457
QF_NIA_20220315-MathProblems__STC_0385.smt2	0	C	0.285583	457
QF_NIA_20220315-MathProblems__STC_0385.smt2	0	M	0.527875	457
QF_NIA_20220315-MathProblems__STC_0388.smt2	0	B	0.565865	663
QF_NIA_20220315-MathProblems__STC_0388.smt2	0	C	0.395738	663
QF_NIA_20220315-MathProblems__STC_0388.smt2	0	M	0.708475	663
QF_NIA_20220315-MathProblems__STC_0388.smt2	0	A	0.366264	663
QF_NIA_20220315-MathProblems__STC_0456.smt2	0	C	0.315234	518
QF_NIA_20220315-MathProblems__STC_0456.smt2	0	M	0.643658	518
QF_NIA_20220315-MathProblems__STC_0456.smt2	0	A	0.297142	518
QF_NIA_20220315-MathProblems__STC_0456.smt2	0	B	0.49158	518
QF_NIA_20220315-MathProblems__STC_0493.smt2	0	M	0.650251	574
QF_NIA_20220315-MathProblems__STC_0493.smt2	0	A	0.333545	574
QF_NIA_20220315-MathProblems__STC_0493.smt2	0	B	0.578605	574
QF_NIA_20220315-MathProblems__STC_0493.smt2	0	C	0.393981	574
QF_NIA_20220315-MathProblems__STC_0541.smt2	0	A	0.311824	587
QF_NIA_20220315-MathProblems__STC_0541.smt2	0	B	0.536745	587
QF_NIA_20220315-MathProblems__STC_0541.smt2	0	C	0.339966	587
QF_NIA_20220315-MathProblems__STC_0541.smt2	0	M	0.67053	587
QF_NIA_20220315-MathProblems__STC_0563.smt2	0	B	11.0054	13992
QF_NIA_20220315-MathProblems__STC_0563.smt2	0	C	8.02352	13992
QF_NIA_20220315-MathProblems__STC_0563.smt2	0	M	12.3291	13992
QF_NIA_20220315-MathProblems__STC_0563.smt2	0	A	7.11386	13992
QF_NIA_20220315-MathProblems__STC_0584.smt2	0	C	0.337152	563
QF_NIA_20220315-MathProblems__STC_0584.smt2	0	M	0.574855	563
QF_NIA_20220315-MathProblems__STC_0584.smt2	0	A	0.290129	563
QF_NIA_20220315-MathProblems__STC_0584.smt2	0	B	0.479168	563
QF_NIA_20220315-MathProblems__STC_0609.smt2	0	M	2.05458	1737
QF_NIA_20220315-MathProblems__STC_0609.smt2	0	A	0.846788	1737
QF_NIA_20220315-MathProblems__STC_0609.smt2	0	B	1.52332	1737
QF_NIA_20220315-MathProblems__STC_0609.smt2	0	C	0.980212	1737
QF_NIA_20220315-MathProblems__STC_0629.smt2	0	A	0.23187	472
QF_NIA_20220315-MathProblems__STC_0629.smt2	0	B	0.422455	472
QF_NIA_20220315-MathProblems__STC_0629.smt2	0	C	0.258951	472
QF_NIA_20220315-MathProblems__STC_0629.smt2	0	M	0.505951	472
QF_NIA_20220315-MathProblems__STC_0650.smt2	0	B	9.10956	10714
QF_NIA_20220315-MathProblems__STC_0650.smt2	0	C	5.92148	10714
QF_NIA_20220315-MathProblems__STC_0650.smt2	0	M	9.17832	10714
QF_NIA_20220315-MathProblems__STC_0650.smt2	0	A	5.16443	10714
QF_NIA_20220315-MathProblems__STC_0693.smt2	0	C	5.14181	9612
QF_NIA_20220315-MathProblems__STC_0693.smt2	0	M	8.30052	9612
QF_NIA_20220315-MathProblems__STC_0693.smt2	0	A	4.69368	9612
QF_NIA_20220315-MathProblems__STC_0693.smt2	0	B	7.42339	9612
QF_NIA_20220315-MathProblems__STC_0707.smt2	0	M	8.13671	9587
QF_NIA_20220315-MathProblems__STC_0707.smt2	0	A	4.7173	9587
QF_NIA_20220315-MathProblems__STC_0707.smt2	0	B	7.5825	9587
QF_NIA_20220315-MathProblems__STC_0707.smt2	0	C	5.15364	9587
QF_NIA_20220315-MathProblems__STC_0739.smt2	0	A	0.221707	433
QF_NIA_20220315-MathProblems__STC_0739.smt2	0	B	0.367252	433
QF_NIA_20220315-MathProblems__STC_0739.smt2	0	C	0.24579	433
QF_NIA_20220315-MathProblems__STC_0739.smt2	0	M	0.469798	433
QF_NIA_20220315-MathProblems__STC_0755.smt2	0	B	0.547416	598
QF_NIA_20220315-MathProblems__STC_0755.smt2	0	C	0.353198	598
QF_NIA_20220315-MathProblems__STC_0755.smt2	0	M	0.673908	598
QF_NIA_20220315-MathProblems__STC_0755.smt2	0	A	0.319833	598
QF_NIA_20220315-MathProblems__STC_0770.smt2	0	C	6.12126	10729
QF_NIA_20220315-MathProblems__STC_0770.smt2	0	M	9.1684	10729
QF_NIA_20220315-MathProblems__STC_0770.smt2	0	A	5.362	10729
QF_NIA_20220315-MathProblems__STC_0770.smt2	0	B	8.40903	10729
QF_NIA_20220315-MathProblems__STC_0903.smt2	0	M	7.81157	8955
QF_NIA_20220315-MathProblems__STC_0903.smt2	0	A	4.47014	8955
QF_NIA_20220315-MathProblems__STC_0903.smt2	0	B	6.92368	8955
QF_NIA_20220315-MathProblems__STC_0903.smt2	0	C	4.78808	8955
QF_NIA_20220315-MathProblems__STC_0959.smt2	0	A	5.3832	10640
QF_NIA_20220315-MathProblems__STC_0959.smt2	0	B	8.4598	10640
QF_NIA_20220315-MathProblems__STC_0959.smt2	0	C	5.71616	10640
QF_NIA_20220315-MathProblems__STC_0959.smt2	0	M	9.27743	10640
QF_NIA_20220315-MathProblems__STC_1000.smt2	0	B	0.008416	2
QF_NIA_20220315-MathProblems__STC_1000.smt2	0	C	0.006875	2
QF_NIA_20220315-MathProblems__STC_1000.smt2	0	M	0.007209	2
QF_NIA_20220315-MathProblems__STC_1000.smt2	0	A	0.006792	2
QF_NIA_20230321-UltimateAutomizerSvcomp2023__egcd.c_1.smt2	0	C	0.028084	13
QF_NIA_20230321-UltimateAutomizerSvcomp2023__egcd.c_1.smt2	0	M	0.018583	13
QF_NIA_20230321-UltimateAutomizerSvcomp2023__egcd.c_1.smt2	0	A	0.0255	13
QF_NIA_20230321-UltimateAutomizerSvcomp2023__egcd.c_1.smt2	0	B	0.028834	13
QF_NIA_20230321-UltimateAutomizerSvcomp2023__ps5-ll.c_10.smt2	0	M	2.12364	1869
QF_NIA_20230321-UltimateAutomizerSvcomp2023__ps5-ll.c_10.smt2	0	A	2.69605	1869
QF_NIA_20230321-UltimateAutomizerSvcomp2023__ps5-ll.c_10.smt2	0	B	3.24196	1869
QF_NIA_20230321-UltimateAutomizerSvcomp2023__ps5-ll.c_10.smt2	0	C	2.76982	1869
QF_NIA_20230321-UltimateAutomizerSvcomp2023__ps6.c_0.smt2	0	A	2.33598	2514
QF_NIA_20230321-UltimateAutomizerSvcomp2023__ps6.c_0.smt2	0	B	2.91163	2514
QF_NIA_20230321-UltimateAutomizerSvcomp2023__ps6.c_0.smt2	0	C	2.40414	2514
QF_NIA_20230321-UltimateAutomizerSvcomp2023__ps6.c_0.smt2	0	M	1.98257	2514
QF_NIA_20230321-UltimateAutomizerSvcomp2023__ps6.c_11.smt2	0	B	2.14284	1547
QF_NIA_20230321-UltimateAutomizerSvcomp2023__ps6.c_11.smt2	0	C	1.59774	1547
QF_NIA_20230321-UltimateAutomizerSvcomp2023__ps6.c_11.smt2	0	M	1.31254	1547
QF_NIA_20230321-UltimateAutomizerSvcomp2023__ps6.c_11.smt2	0	A	1.77987	1547
QF_NIA_20230321-UltimateAutomizerSvcomp2023__ps6.c_13.smt2	0	C	4.20101	4633
QF_NIA_20230321-UltimateAutomizerSvcomp2023__ps6.c_13.smt2	0	M	3.35346	4633
QF_NIA_20230321-UltimateAutomizerSvcomp2023__ps6.c_13.smt2	0	A	3.92886	4633
QF_NIA_20230321-UltimateAutomizerSvcomp2023__ps6.c_13.smt2	0	B	4.87534	4633
QF_NIA_20230328-sqrtmodinv-hoenicke__modInv16.smt2	0	M	10.4661	6905
QF_NIA_20230328-sqrtmodinv-hoenicke__modInv16.smt2	0	A	17.1121	6905
QF_NIA_20230328-sqrtmodinv-hoenicke__modInv16.smt2	0	B	19.2626	6905
QF_NIA_20230328-sqrtmodinv-hoenicke__modInv16.smt2	0	C	17.2876	6905
QF_NIA_20230328-sqrtmodinv-hoenicke__modInv32.smt2	0	A	0.056084	10
QF_NIA_20230328-sqrtmodinv-hoenicke__modInv32.smt2	0	B	0.054291	10
QF_NIA_20230328-sqrtmodinv-hoenicke__modInv32.smt2	0	C	0.0515	10
QF_NIA_20230328-sqrtmodinv-hoenicke__modInv32.smt2	0	M	0.036667	10
QF_NIA_20230328-sqrtmodinv-hoenicke__modInv8.smt2	0	B	35.9378	63091
QF_NIA_20230328-sqrtmodinv-hoenicke__modInv8.smt2	0	C	25.5501	63091
QF_NIA_20230328-sqrtmodinv-hoenicke__modInv8.smt2	0	M	33.993	63091
QF_NIA_20230328-sqrtmodinv-hoenicke__modInv8.smt2	0	A	24.1594	63091
QF_NIA_20230328-sqrtmodinv-hoenicke__modInvInitial.smt2	0	C	0.709259	2812
QF_NIA_20230328-sqrtmodinv-hoenicke__modInvInitial.smt2	0	M	1.27999	2812
QF_NIA_20230328-sqrtmodinv-hoenicke__modInvInitial.smt2	0	A	0.659792	2812
QF_NIA_20230328-sqrtmodinv-hoenicke__modInvInitial.smt2	0	B	1.08441	2812
QF_NIA_20230328-sqrtmodinv-hoenicke__modInvStep.smt2	0	M	27.7682	57748
QF_NIA_20230328-sqrtmodinv-hoenicke__modInvStep.smt2	0	A	15.8689	57748
QF_NIA_20230328-sqrtmodinv-hoenicke__modInvStep.smt2	0	B	23.7343	57748
QF_NIA_20230328-sqrtmodinv-hoenicke__modInvStep.smt2	0	C	17.2145	57748
QF_NIA_20230328-sqrtmodinv-hoenicke__modInvStepSimplified.smt2	0	A	0.65401	2830
QF_NIA_20230328-sqrtmodinv-hoenicke__modInvStepSimplified.smt2	0	B	0.996952	2830
QF_NIA_20230328-sqrtmodinv-hoenicke__modInvStepSimplified.smt2	0	C	0.694151	2830
QF_NIA_20230328-sqrtmodinv-hoenicke__modInvStepSimplified.smt2	0	M	1.25212	2830
QF_NIA_20230328-sqrtmodinv-hoenicke__modInvVar1.smt2	0	B	29.677	71013
QF_NIA_20230328-sqrtmodinv-hoenicke__modInvVar1.smt2	0	C	20.3534	71013
QF_NIA_20230328-sqrtmodinv-hoenicke__modInvVar1.smt2	0	M	37.9831	71013
QF_NIA_20230328-sqrtmodinv-hoenicke__modInvVar1.smt2	0	A	18.1963	71013
QF_NIA_20230328-sqrtmodinv-hoenicke__modSimpleTest.smt2	0	C	0.009333	2
QF_NIA_20230328-sqrtmodinv-hoenicke__modSimpleTest.smt2	0	M	0.007292	2
QF_NIA_20230328-sqrtmodinv-hoenicke__modSimpleTest.smt2	0	A	0.0095	2
QF_NIA_20230328-sqrtmodinv-hoenicke__modSimpleTest.smt2	0	B	0.009583	2
QF_NIA_20230328-sqrtmodinv-hoenicke__sqrtStep1.smt2	0	M	0.094037	126
QF_NIA_20230328-sqrtmodinv-hoenicke__sqrtStep1.smt2	0	A	0.108169	126
QF_NIA_20230328-sqrtmodinv-hoenicke__sqrtStep1.smt2	0	B	0.123291	126
QF_NIA_20230328-sqrtmodinv-hoenicke__sqrtStep1.smt2	0	C	0.109499	126
QF_NIA_20230328-sqrtmodinv-hoenicke__sqrtStep1a.smt2	0	A	0.101202	126
QF_NIA_20230328-sqrtmodinv-hoenicke__sqrtStep1a.smt2	0	B	0.123166	126
QF_NIA_20230328-sqrtmodinv-hoenicke__sqrtStep1a.smt2	0	C	0.113542	126
QF_NIA_20230328-sqrtmodinv-hoenicke__sqrtStep1a.smt2	0	M	0.08617	126
QF_NIA_20230328-sqrtmodinv-hoenicke__sqrtStep2.smt2	0	B	0.060955	82
QF_NIA_20230328-sqrtmodinv-hoenicke__sqrtStep2.smt2	0	C	0.047291	82
QF_NIA_20230328-sqrtmodinv-hoenicke__sqrtStep2.smt2	0	M	0.058668	82
QF_NIA_20230328-sqrtmodinv-hoenicke__sqrtStep2.smt2	0	A	0.043331	82
QF_NIA_20230328-sqrtmodinv-hoenicke__sqrtStep2a.smt2	0	C	0.047078	82
QF_NIA_20230328-sqrtmodinv-hoenicke__sqrtStep2a.smt2	0	M	0.060711	82
QF_NIA_20230328-sqrtmodinv-hoenicke__sqrtStep2a.smt2	0	A	0.04796	82
QF_NIA_20230328-sqrtmodinv-hoenicke__sqrtStep2a.smt2	0	B	0.06554	82
QF_NIA_20230328-sqrtmodinv-hoenicke__sqrtStep3.smt2	0	M	0.079583	98
QF_NIA_20230328-sqrtmodinv-hoenicke__sqrtStep3.smt2	0	A	0.062833	98
QF_NIA_20230328-sqrtmodinv-hoenicke__sqrtStep3.smt2	0	B	0.085994	98
QF_NIA_20230328-sqrtmodinv-hoenicke__sqrtStep3.smt2	0	C	0.069875	98
QF_NIA_20230328-sqrtmodinv-hoenicke__sqrtStep3a.smt2	0	A	0.092214	128
QF_NIA_20230328-sqrtmodinv-hoenicke__sqrtStep3a.smt2	0	B	0.121039	128
QF_NIA_20230328-sqrtmodinv-hoenicke__sqrtStep3a.smt2	0	C	0.089045	128
QF_NIA_20230328-sqrtmodinv-hoenicke__sqrtStep3a.smt2	0	M	0.100588	128
QF_NIA_20230328-sqrtmodinv-hoenicke__sqrtStep4.smt2	0	B	0.065794	68
QF_NIA_20230328-sqrtmodinv-hoenicke__sqrtStep4.smt2	0	C	0.053207	68
QF_NIA_20230328-sqrtmodinv-hoenicke__sqrtStep4.smt2	0	M	0.071377	68
QF_NIA_20230328-sqrtmodinv-hoenicke__sqrtStep4.smt2	0	A	0.046374	68
QF_NIA_20230328-sqrtmodinv-hoenicke__sqrtStep4a.smt2	0	C	0.097671	128
QF_NIA_20230328-sqrtmodinv-hoenicke__sqrtStep4a.smt2	0	M	0.11329	128
QF_NIA_20230328-sqrtmodinv-hoenicke__sqrtStep4a.smt2	0	A	0.074671	128
QF_NIA_20230328-sqrtmodinv-hoenicke__sqrtStep4a.smt2	0	B	0.106212	128
QF_NIA_20230328-sqrtmodinv-hoenicke__sqrtStep5.smt2	0	M	0.098372	86
QF_NIA_20230328-sqrtmodinv-hoenicke__sqrtStep5.smt2	0	A	0.061748	86
QF_NIA_20230328-sqrtmodinv-hoenicke__sqrtStep5.smt2	0	B	0.088415	86
QF_NIA_20230328-sqrtmodinv-hoenicke__sqrtStep5.smt2	0	C	0.063921	86
QF_NIA_20230328-sqrtmodinv-hoenicke__sqrtStep5a.smt2	0	A	0.087332	128
QF_NIA_20230328-sqrtmodinv-hoenicke__sqrtStep5a.smt2	0	B	0.129957	128
QF_NIA_20230328-sqrtmodinv-hoenicke__sqrtStep5a.smt2	0	C	0.085294	128
QF_NIA_20230328-sqrtmodinv-hoenicke__sqrtStep5a.smt2	0	M	0.132872	128
QF_NIA_20230328-sqrtmodinv-hoenicke__sqrtStep6.smt2	0	B	0.094249	86
QF_NIA_20230328-sqrtmodinv-hoenicke__sqrtStep6.smt2	0	C	0.071999	86
QF_NIA_20230328-sqrtmodinv-hoenicke__sqrtStep6.smt2	0	M	0.125838	86
QF_NIA_20230328-sqrtmodinv-hoenicke__sqrtStep6.smt2	0	A	0.076416	86
QF_NIA_20230328-sqrtmodinv-hoenicke__sqrtStep6a.smt2	0	C	0.137875	122
QF_NIA_20230328-sqrtmodinv-hoenicke__sqrtStep6a.smt2	0	M	0.187584	122
QF_NIA_20230328-sqrtmodinv-hoenicke__sqrtStep6a.smt2	0	A	0.140288	122
QF_NIA_20230328-sqrtmodinv-hoenicke__sqrtStep6a.smt2	0	B	0.157587	122
QF_NIA_20230328-sqrtmodinv-hoenicke__sqrtStep7.smt2	0	M	0.823462	206
QF_NIA_20230328-sqrtmodinv-hoenicke__sqrtStep7.smt2	0	A	0.873501	206
QF_NIA_20230328-sqrtmodinv-hoenicke__sqrtStep7.smt2	0	B	0.897624	206
QF_NIA_20230328-sqrtmodinv-hoenicke__sqrtStep7.smt2	0	C	0.905633	206
QF_NIA_20230328-sqrtmodinv-hoenicke__sqrtStep7a.smt2	0	A	0.180335	122
QF_NIA_20230328-sqrtmodinv-hoenicke__sqrtStep7a.smt2	0	B	0.22179	122
QF_NIA_20230328-sqrtmodinv-hoenicke__sqrtStep7a.smt2	0	C	0.206291	122
QF_NIA_20230328-sqrtmodinv-hoenicke__sqrtStep7a.smt2	0	M	0.272794	122
QF_NIA_20230328-sqrtmodinv-hoenicke__sqrtStepFinal.smt2	0	B	3.18741	6674
QF_NIA_20230328-sqrtmodinv-hoenicke__sqrtStepFinal.smt2	0	C	2.21881	6674
QF_NIA_20230328-sqrtmodinv-hoenicke__sqrtStepFinal.smt2	0	M	3.31216	6674
QF_NIA_20230328-sqrtmodinv-hoenicke__sqrtStepFinal.smt2	0	A	2.08658	6674
QF_NIA_20230328-sqrtmodinv-hoenicke__sqrtStepFinala.smt2	0	C	12.8238	39614
QF_NIA_20230328-sqrtmodinv-hoenicke__sqrtStepFinala.smt2	0	M	20.6988	39614
QF_NIA_20230328-sqrtmodinv-hoenicke__sqrtStepFinala.smt2	0	A	13.1286	39614
QF_NIA_20230328-sqrtmodinv-hoenicke__sqrtStepFinala.smt2	0	B	17.4417	39614
QF_NIA_20250331-elster__C_2.smt2	0	M	0.007708	2
QF_NIA_20250331-elster__C_2.smt2	0	A	0.009166	2
QF_NIA_20250331-elster__C_2.smt2	0	B	0.00925	2
QF_NIA_20250331-elster__C_2.smt2	0	C	0.009416	2
QF_NIA_AProVE__aproveSMT1273731352138297194.smt2	0	A	0.289333	224
QF_NIA_AProVE__aproveSMT1273731352138297194.smt2	0	B	0.355212	224
QF_NIA_AProVE__aproveSMT1273731352138297194.smt2	0	C	0.307244	224
QF_NIA_AProVE__aproveSMT1273731352138297194.smt2	0	M	0.276766	224
QF_NIA_AProVE__aproveSMT1682483342197094972.smt2	0	B	0.055167	30
QF_NIA_AProVE__aproveSMT1682483342197094972.smt2	0	C	0.040835	30
QF_NIA_AProVE__aproveSMT1682483342197094972.smt2	0	M	0.044004	30
QF_NIA_AProVE__aproveSMT1682483342197094972.smt2	0	A	0.036917	30
QF_NIA_AProVE__aproveSMT2104748456448998709.smt2	0	C	0.324585	219
QF_NIA_AProVE__aproveSMT2104748456448998709.smt2	0	M	0.275132	219
QF_NIA_AProVE__aproveSMT2104748456448998709.smt2	0	A	0.313084	219
QF_NIA_AProVE__aproveSMT2104748456448998709.smt2	0	B	0.333416	219
QF_NIA_AProVE__aproveSMT2163640444650240229.smt2	0	M	0.089923	88
QF_NIA_AProVE__aproveSMT2163640444650240229.smt2	0	A	0.074543	88
QF_NIA_AProVE__aproveSMT2163640444650240229.smt2	0	B	0.109167	88
QF_NIA_AProVE__aproveSMT2163640444650240229.smt2	0	C	0.075462	88
QF_NIA_AProVE__aproveSMT3306422790231477425.smt2	0	A	0.554213	241
QF_NIA_AProVE__aproveSMT3306422790231477425.smt2	0	B	0.598246	241
QF_NIA_AProVE__aproveSMT3306422790231477425.smt2	0	C	0.588493	241
QF_NIA_AProVE__aproveSMT3306422790231477425.smt2	0	M	0.345711	241
QF_NIA_AProVE__aproveSMT3420388863619787077.smt2	0	B	0.169833	93
QF_NIA_AProVE__aproveSMT3420388863619787077.smt2	0	C	0.173247	93
QF_NIA_AProVE__aproveSMT3420388863619787077.smt2	0	M	0.137749	93
QF_NIA_AProVE__aproveSMT3420388863619787077.smt2	0	A	0.14079	93
QF_NIA_AProVE__aproveSMT3483701614621556321.smt2	0	C	0.040374	22
QF_NIA_AProVE__aproveSMT3483701614621556321.smt2	0	M	0.033374	22
QF_NIA_AProVE__aproveSMT3483701614621556321.smt2	0	A	0.038166	22
QF_NIA_AProVE__aproveSMT3483701614621556321.smt2	0	B	0.047751	22
QF_NIA_AProVE__aproveSMT3711749212931521777.smt2	0	M	0.195919	284
QF_NIA_AProVE__aproveSMT3711749212931521777.smt2	0	A	0.176543	284
QF_NIA_AProVE__aproveSMT3711749212931521777.smt2	0	B	0.236297	284
QF_NIA_AProVE__aproveSMT3711749212931521777.smt2	0	C	0.174882	284
QF_NIA_AProVE__aproveSMT4239815710630693785.smt2	0	A	0.015625	7
QF_NIA_AProVE__aproveSMT4239815710630693785.smt2	0	B	0.018666	7
QF_NIA_AProVE__aproveSMT4239815710630693785.smt2	0	C	0.013874	7
QF_NIA_AProVE__aproveSMT4239815710630693785.smt2	0	M	0.012959	7
QF_NIA_AProVE__aproveSMT4709971078612194434.smt2	0	B	0.452376	449
QF_NIA_AProVE__aproveSMT4709971078612194434.smt2	0	C	0.390169	449
QF_NIA_AProVE__aproveSMT4709971078612194434.smt2	0	M	0.397054	449
QF_NIA_AProVE__aproveSMT4709971078612194434.smt2	0	A	0.357288	449
QF_NIA_AProVE__aproveSMT4870145291684036249.smt2	0	C	0.045293	58
QF_NIA_AProVE__aproveSMT4870145291684036249.smt2	0	M	0.050624	58
QF_NIA_AProVE__aproveSMT4870145291684036249.smt2	0	A	0.046793	58
QF_NIA_AProVE__aproveSMT4870145291684036249.smt2	0	B	0.059418	58
QF_NIA_AProVE__aproveSMT4968692977299917888.smt2	0	M	0.035544	43
QF_NIA_AProVE__aproveSMT4968692977299917888.smt2	0	A	0.02346	43
QF_NIA_AProVE__aproveSMT4968692977299917888.smt2	0	B	0.037457	43
QF_NIA_AProVE__aproveSMT4968692977299917888.smt2	0	C	0.028876	43
QF_NIA_AProVE__aproveSMT4972425496508857728.smt2	0	A	0.041456	38
QF_NIA_AProVE__aproveSMT4972425496508857728.smt2	0	B	0.054251	38
QF_NIA_AProVE__aproveSMT4972425496508857728.smt2	0	C	0.047376	38
QF_NIA_AProVE__aproveSMT4972425496508857728.smt2	0	M	0.036834	38
QF_NIA_AProVE__aproveSMT5081480561387483523.smt2	0	B	0.02004	9
QF_NIA_AProVE__aproveSMT5081480561387483523.smt2	0	C	0.01646	9
QF_NIA_AProVE__aproveSMT5081480561387483523.smt2	0	M	0.021083	9
QF_NIA_AProVE__aproveSMT5081480561387483523.smt2	0	A	0.013166	9
QF_NIA_AProVE__aproveSMT6061013276766078350.smt2	0	C	0.674412	445
QF_NIA_AProVE__aproveSMT6061013276766078350.smt2	0	M	0.56046	445
QF_NIA_AProVE__aproveSMT6061013276766078350.smt2	0	A	0.657587	445
QF_NIA_AProVE__aproveSMT6061013276766078350.smt2	0	B	0.755954	445
QF_NIA_AProVE__aproveSMT6531155344723557531.smt2	0	M	0.590498	882
QF_NIA_AProVE__aproveSMT6531155344723557531.smt2	0	A	0.60783	882
QF_NIA_AProVE__aproveSMT6531155344723557531.smt2	0	B	0.79263	882
QF_NIA_AProVE__aproveSMT6531155344723557531.smt2	0	C	0.665963	882
QF_NIA_AProVE__aproveSMT6744620754635880037.smt2	0	A	0.096457	78
QF_NIA_AProVE__aproveSMT6744620754635880037.smt2	0	B	0.112666	78
QF_NIA_AProVE__aproveSMT6744620754635880037.smt2	0	C	0.10254	78
QF_NIA_AProVE__aproveSMT6744620754635880037.smt2	0	M	0.081625	78
QF_NIA_AProVE__aproveSMT6761189929823789229.smt2	0	B	0.094584	97
QF_NIA_AProVE__aproveSMT6761189929823789229.smt2	0	C	0.065912	97
QF_NIA_AProVE__aproveSMT6761189929823789229.smt2	0	M	0.081879	97
QF_NIA_AProVE__aproveSMT6761189929823789229.smt2	0	A	0.063922	97
QF_NIA_AProVE__aproveSMT7934578101815516403.smt2	0	C	0.29279	333
QF_NIA_AProVE__aproveSMT7934578101815516403.smt2	0	M	0.290213	333
QF_NIA_AProVE__aproveSMT7934578101815516403.smt2	0	A	0.276123	333
QF_NIA_AProVE__aproveSMT7934578101815516403.smt2	0	B	0.338746	333
QF_NIA_AProVE__aproveSMT8211259659113423333.smt2	0	M	0.014249	12
QF_NIA_AProVE__aproveSMT8211259659113423333.smt2	0	A	0.014542	12
QF_NIA_AProVE__aproveSMT8211259659113423333.smt2	0	B	0.018208	12
QF_NIA_AProVE__aproveSMT8211259659113423333.smt2	0	C	0.016459	12
QF_NIA_AProVE__aproveSMT8505973648273075649.smt2	0	A	0.617703	722
QF_NIA_AProVE__aproveSMT8505973648273075649.smt2	0	B	0.756582	722
QF_NIA_AProVE__aproveSMT8505973648273075649.smt2	0	C	0.639415	722
QF_NIA_AProVE__aproveSMT8505973648273075649.smt2	0	M	0.710527	722
QF_NIA_AProVE__aproveSMT9058095127082541976.smt2	0	B	0.647243	298
QF_NIA_AProVE__aproveSMT9058095127082541976.smt2	0	C	0.575213	298
QF_NIA_AProVE__aproveSMT9058095127082541976.smt2	0	M	0.49095	298
QF_NIA_AProVE__aproveSMT9058095127082541976.smt2	0	A	0.564009	298
QF_NIA_leipzig__term-4AzLVe.smt2	0	C	0.013833	4
QF_NIA_leipzig__term-4AzLVe.smt2	0	M	0.009332	4
QF_NIA_leipzig__term-4AzLVe.smt2	0	A	0.012	4
QF_NIA_leipzig__term-4AzLVe.smt2	0	B	0.012834	4
QF_NIA_leipzig__term-4LNX6G.smt2	0	M	0.018625	20
QF_NIA_leipzig__term-4LNX6G.smt2	0	A	0.012623	20
QF_NIA_leipzig__term-4LNX6G.smt2	0	B	0.01575	20
QF_NIA_leipzig__term-4LNX6G.smt2	0	C	0.012793	20
QF_NIA_leipzig__term-BWHEfg.smt2	0	A	0.024	26
QF_NIA_leipzig__term-BWHEfg.smt2	0	B	0.034587	26
QF_NIA_leipzig__term-BWHEfg.smt2	0	C	0.025252	26
QF_NIA_leipzig__term-BWHEfg.smt2	0	M	0.027791	26
QF_NIA_leipzig__term-H9wl52.smt2	0	B	0.007084	2
QF_NIA_leipzig__term-H9wl52.smt2	0	C	0.006416	2
QF_NIA_leipzig__term-H9wl52.smt2	0	M	0.006083	2
QF_NIA_leipzig__term-H9wl52.smt2	0	A	0.005875	2
QF_NIA_leipzig__term-bEER96.smt2	0	C	0.045585	66
QF_NIA_leipzig__term-bEER96.smt2	0	M	0.057327	66
QF_NIA_leipzig__term-bEER96.smt2	0	A	0.039377	66
QF_NIA_leipzig__term-bEER96.smt2	0	B	0.061626	66
QF_NIA_leipzig__term-ddoFAO.smt2	0	M	0.170792	49
QF_NIA_leipzig__term-ddoFAO.smt2	0	A	0.18996	49
QF_NIA_leipzig__term-ddoFAO.smt2	0	B	0.201124	49
QF_NIA_leipzig__term-ddoFAO.smt2	0	C	0.175165	49
QF_NIA_leipzig__term-f2cozZ.smt2	0	A	0.0065	4
QF_NIA_leipzig__term-f2cozZ.smt2	0	B	0.008792	4
QF_NIA_leipzig__term-f2cozZ.smt2	0	C	0.007458	4
QF_NIA_leipzig__term-f2cozZ.smt2	0	M	0.009584	4
QF_NIA_leipzig__term-gHq3ie.smt2	0	B	0.021622	3
QF_NIA_leipzig__term-gHq3ie.smt2	0	C	0.01158	3
QF_NIA_leipzig__term-gHq3ie.smt2	0	M	0.03	3
QF_NIA_leipzig__term-gHq3ie.smt2	0	A	0.009415	3
QF_NIA_leipzig__term-ye1ece.smt2	0	C	0.00575	2
QF_NIA_leipzig__term-ye1ece.smt2	0	M	0.006125	2
QF_NIA_leipzig__term-ye1ece.smt2	0	A	0.006125	2
QF_NIA_leipzig__term-ye1ece.smt2	0	B	0.006875	2
QF_NIA_mcm__10.smt2	0	M	0.005625	2
QF_NIA_mcm__10.smt2	0	A	0.00575	2
QF_NIA_mcm__10.smt2	0	B	0.006667	2
QF_NIA_mcm__10.smt2	0	C	0.00625	2
QF_NIA_mcm__23.smt2	0	A	0.005542	2
QF_NIA_mcm__23.smt2	0	B	0.006916	2
QF_NIA_mcm__23.smt2	0	C	0.005625	2
QF_NIA_mcm__23.smt2	0	M	0.007291	2
QF_NIA_mcm__41.smt2	0	B	0.006792	2
QF_NIA_mcm__41.smt2	0	C	0.005667	2
QF_NIA_mcm__41.smt2	0	M	0.006083	2
QF_NIA_mcm__41.smt2	0	A	0.005875	2
QF_NIA_mcm__52.smt2	0	C	0.005709	2
QF_NIA_mcm__52.smt2	0	M	0.005916	2
QF_NIA_mcm__52.smt2	0	A	0.0065	2
QF_NIA_mcm__52.smt2	0	B	0.007416	2
QF_NIA_mcm__81.smt2	0	M	0.007541	2
QF_NIA_mcm__81.smt2	0	A	0.006417	2
QF_NIA_mcm__81.smt2	0	B	0.006958	2
QF_NIA_mcm__81.smt2	0	C	0.007125	2
QF_NIA_mcm__89.smt2	0	A	0.006125	2
QF_NIA_mcm__89.smt2	0	B	0.0065	2
QF_NIA_mcm__89.smt2	0	C	0.005791	2
QF_NIA_mcm__89.smt2	0	M	0.007958	2
QF_NIA_mcm__94.smt2	0	B	0.007292	2
QF_NIA_mcm__94.smt2	0	C	0.006417	2
QF_NIA_mcm__94.smt2	0	M	0.006292	2
QF_NIA_mcm__94.smt2	0	A	0.006667	2
QF_NRA_20161105-Sturm-MBO__mbo_E10E25.smt2	0	C	0.015458	6
QF_NRA_20161105-Sturm-MBO__mbo_E10E25.smt2	0	M	0.010292	6
QF_NRA_20161105-Sturm-MBO__mbo_E10E25.smt2	0	A	0.012625	6
QF_NRA_20161105-Sturm-MBO__mbo_E10E25.smt2	0	B	0.015458	6
QF_NRA_20161105-Sturm-MBO__mbo_E11E13.smt2	0	M	0.011	6
QF_NRA_20161105-Sturm-MBO__mbo_E11E13.smt2	0	A	0.019667	6
QF_NRA_20161105-Sturm-MBO__mbo_E11E13.smt2	0	B	0.022792	6
QF_NRA_20161105-Sturm-MBO__mbo_E11E13.smt2	0	C	0.021209	6
QF_NRA_20161105-Sturm-MBO__mbo_E12E17.smt2	0	A	0.02375	4
QF_NRA_20161105-Sturm-MBO__mbo_E12E17.smt2	0	B	0.026708	4
QF_NRA_20161105-Sturm-MBO__mbo_E12E17.smt2	0	C	0.024624	4
QF_NRA_20161105-Sturm-MBO__mbo_E12E17.smt2	0	M	0.014584	4
QF_NRA_20161105-Sturm-MBO__mbo_E15E24.smt2	0	B	0.029	6
QF_NRA_20161105-Sturm-MBO__mbo_E15E24.smt2	0	C	0.026709	6
QF_NRA_20161105-Sturm-MBO__mbo_E15E24.smt2	0	M	0.013957	6
QF_NRA_20161105-Sturm-MBO__mbo_E15E24.smt2	0	A	0.024125	6
QF_NRA_20161105-Sturm-MBO__mbo_E1E22.smt2	0	C	0.0235	4
QF_NRA_20161105-Sturm-MBO__mbo_E1E22.smt2	0	M	0.014833	4
QF_NRA_20161105-Sturm-MBO__mbo_E1E22.smt2	0	A	0.023458	4
QF_NRA_20161105-Sturm-MBO__mbo_E1E22.smt2	0	B	0.0285	4
QF_NRA_20161105-Sturm-MBO__mbo_E20E21.smt2	0	M	0.024251	13
QF_NRA_20161105-Sturm-MBO__mbo_E20E21.smt2	0	A	0.021831	13
QF_NRA_20161105-Sturm-MBO__mbo_E20E21.smt2	0	B	0.023668	13
QF_NRA_20161105-Sturm-MBO__mbo_E20E21.smt2	0	C	0.020834	13
QF_NRA_20161105-Sturm-MBO__mbo_E24E25.smt2	0	A	0.010583	2
QF_NRA_20161105-Sturm-MBO__mbo_E24E25.smt2	0	B	0.011084	2
QF_NRA_20161105-Sturm-MBO__mbo_E24E25.smt2	0	C	0.010333	2
QF_NRA_20161105-Sturm-MBO__mbo_E24E25.smt2	0	M	0.006416	2
QF_NRA_20161105-Sturm-MBO__mbo_E25E26.smt2	0	B	0.23675	62
QF_NRA_20161105-Sturm-MBO__mbo_E25E26.smt2	0	C	0.218916	62
QF_NRA_20161105-Sturm-MBO__mbo_E25E26.smt2	0	M	0.119999	62
QF_NRA_20161105-Sturm-MBO__mbo_E25E26.smt2	0	A	0.214337	62
QF_NRA_20161105-Sturm-MBO__mbo_E2E7.smt2	0	C	0.034249	8
QF_NRA_20161105-Sturm-MBO__mbo_E2E7.smt2	0	M	0.019001	8
QF_NRA_20161105-Sturm-MBO__mbo_E2E7.smt2	0	A	0.031083	8
QF_NRA_20161105-Sturm-MBO__mbo_E2E7.smt2	0	B	0.037791	8
QF_NRA_20161105-Sturm-MBO__mbo_E3E27.smt2	0	M	0.503587	383
QF_NRA_20161105-Sturm-MBO__mbo_E3E27.smt2	0	A	0.813665	383
QF_NRA_20161105-Sturm-MBO__mbo_E3E27.smt2	0	B	0.924923	383
QF_NRA_20161105-Sturm-MBO__mbo_E3E27.smt2	0	C	0.832249	383
QF_NRA_20161105-Sturm-MBO__mbo_E3E9.smt2	0	A	0.024625	6
QF_NRA_20161105-Sturm-MBO__mbo_E3E9.smt2	0	B	0.029083	6
QF_NRA_20161105-Sturm-MBO__mbo_E3E9.smt2	0	C	0.028084	6
QF_NRA_20161105-Sturm-MBO__mbo_E3E9.smt2	0	M	0.014708	6
QF_NRA_20161105-Sturm-MBO__mbo_E4E13.smt2	0	B	0.061417	12
QF_NRA_20161105-Sturm-MBO__mbo_E4E13.smt2	0	C	0.056083	12
QF_NRA_20161105-Sturm-MBO__mbo_E4E13.smt2	0	M	0.027041	12
QF_NRA_20161105-Sturm-MBO__mbo_E4E13.smt2	0	A	0.054042	12
QF_NRA_20161105-Sturm-MBO__mbo_E5E12.smt2	0	C	0.017791	4
QF_NRA_20161105-Sturm-MBO__mbo_E5E12.smt2	0	M	0.00875	4
QF_NRA_20161105-Sturm-MBO__mbo_E5E12.smt2	0	A	0.015583	4
QF_NRA_20161105-Sturm-MBO__mbo_E5E12.smt2	0	B	0.019042	4
QF_NRA_20161105-Sturm-MBO__mbo_E5E16.smt2	0	M	0.019416	11
QF_NRA_20161105-Sturm-MBO__mbo_E5E16.smt2	0	A	0.032666	11
QF_NRA_20161105-Sturm-MBO__mbo_E5E16.smt2	0	B	0.035875	11
QF_NRA_20161105-Sturm-MBO__mbo_E5E16.smt2	0	C	0.031959	11
QF_NRA_20161105-Sturm-MBO__mbo_E5E19.smt2	0	A	0.027042	7
QF_NRA_20161105-Sturm-MBO__mbo_E5E19.smt2	0	B	0.031834	7
QF_NRA_20161105-Sturm-MBO__mbo_E5E19.smt2	0	C	0.028626	7
QF_NRA_20161105-Sturm-MBO__mbo_E5E19.smt2	0	M	0.016	7
QF_NRA_20161105-Sturm-MBO__mbo_E6E14.smt2	0	B	0.023459	2
QF_NRA_20161105-Sturm-MBO__mbo_E6E14.smt2	0	C	0.020083	2
QF_NRA_20161105-Sturm-MBO__mbo_E6E14.smt2	0	M	0.009792	2
QF_NRA_20161105-Sturm-MBO__mbo_E6E14.smt2	0	A	0.017875	2
QF_NRA_20161105-Sturm-MBO__mbo_E6E17.smt2	0	C	1.04209	642
QF_NRA_20161105-Sturm-MBO__mbo_E6E17.smt2	0	M	0.708792	642
QF_NRA_20161105-Sturm-MBO__mbo_E6E17.smt2	0	A	1.0027	642
QF_NRA_20161105-Sturm-MBO__mbo_E6E17.smt2	0	B	1.09583	642
QF_NRA_20161105-Sturm-MBO__mbo_E8E19.smt2	0	M	0.015209	6
QF_NRA_20161105-Sturm-MBO__mbo_E8E19.smt2	0	A	0.028709	6
QF_NRA_20161105-Sturm-MBO__mbo_E8E19.smt2	0	B	0.028084	6
QF_NRA_20161105-Sturm-MBO__mbo_E8E19.smt2	0	C	0.026416	6
QF_NRA_20161105-Sturm-MBO__mbo_E8E9.smt2	0	A	0.021666	4
QF_NRA_20161105-Sturm-MBO__mbo_E8E9.smt2	0	B	0.025709	4
QF_NRA_20161105-Sturm-MBO__mbo_E8E9.smt2	0	C	0.0235	4
QF_NRA_20161105-Sturm-MBO__mbo_E8E9.smt2	0	M	0.014374	4
QF_NRA_20161105-Sturm-MGC__mgc_02.smt2	0	B	0.066124	18
QF_NRA_20161105-Sturm-MGC__mgc_02.smt2	0	C	0.061668	18
QF_NRA_20161105-Sturm-MGC__mgc_02.smt2	0	M	0.032581	18
QF_NRA_20161105-Sturm-MGC__mgc_02.smt2	0	A	0.05879	18
QF_NRA_20161105-Sturm-MGC__mgc_03.smt2	0	C	0.076042	18
QF_NRA_20161105-Sturm-MGC__mgc_03.smt2	0	M	0.041126	18
QF_NRA_20161105-Sturm-MGC__mgc_03.smt2	0	A	0.075416	18
QF_NRA_20161105-Sturm-MGC__mgc_03.smt2	0	B	0.084001	18
QF_NRA_20161105-Sturm-MGC__mgc_04.smt2	0	M	0.036793	16
QF_NRA_20161105-Sturm-MGC__mgc_04.smt2	0	A	0.071209	16
QF_NRA_20161105-Sturm-MGC__mgc_04.smt2	0	B	0.079582	16
QF_NRA_20161105-Sturm-MGC__mgc_04.smt2	0	C	0.065456	16
QF_NRA_20161105-Sturm-MGC__mgc_05.smt2	0	A	0.082002	18
QF_NRA_20161105-Sturm-MGC__mgc_05.smt2	0	B	0.080626	18
QF_NRA_20161105-Sturm-MGC__mgc_05.smt2	0	C	0.084	18
QF_NRA_20161105-Sturm-MGC__mgc_05.smt2	0	M	0.045626	18
QF_NRA_20161105-Sturm-MGC__mgc_06.smt2	0	B	0.047082	18
QF_NRA_20161105-Sturm-MGC__mgc_06.smt2	0	C	0.041917	18
QF_NRA_20161105-Sturm-MGC__mgc_06.smt2	0	M	0.028916	18
QF_NRA_20161105-Sturm-MGC__mgc_06.smt2	0	A	0.041709	18
QF_NRA_20161105-Sturm-MGC__mgc_07.smt2	0	C	0.083252	18
QF_NRA_20161105-Sturm-MGC__mgc_07.smt2	0	M	0.060207	18
QF_NRA_20161105-Sturm-MGC__mgc_07.smt2	0	A	0.086958	18
QF_NRA_20161105-Sturm-MGC__mgc_07.smt2	0	B	0.091416	18
QF_NRA_20161105-Sturm-MGC__mgc_08.smt2	0	M	0.036791	18
QF_NRA_20161105-Sturm-MGC__mgc_08.smt2	0	A	0.061749	18
QF_NRA_20161105-Sturm-MGC__mgc_08.smt2	0	B	0.061752	18
QF_NRA_20161105-Sturm-MGC__mgc_08.smt2	0	C	0.062376	18
QF_NRA_20161105-Sturm-MGC__mgc_09.smt2	0	A	0.102331	35
QF_NRA_20161105-Sturm-MGC__mgc_09.smt2	0	B	0.113623	35
QF_NRA_20161105-Sturm-MGC__mgc_09.smt2	0	C	0.096543	35
QF_NRA_20161105-Sturm-MGC__mgc_09.smt2	0	M	0.05821	35
QF_NRA_20161105-Sturm-MGC__mgc_10.smt2	0	B	0.110128	27
QF_NRA_20161105-Sturm-MGC__mgc_10.smt2	0	C	0.109832	27
QF_NRA_20161105-Sturm-MGC__mgc_10.smt2	0	M	0.054417	27
QF_NRA_20161105-Sturm-MGC__mgc_10.smt2	0	A	0.101377	27
QF_NRA_20170501-Heizmann-UltimateInvariantSynthesis__array_ptr_single_elem_init.i_4_2_2.bpl_5.smt2	0	C	0.042545	35
QF_NRA_20170501-Heizmann-UltimateInvariantSynthesis__array_ptr_single_elem_init.i_4_2_2.bpl_5.smt2	0	M	0.042042	35
QF_NRA_20170501-Heizmann-UltimateInvariantSynthesis__array_ptr_single_elem_init.i_4_2_2.bpl_5.smt2	0	A	0.037751	35
QF_NRA_20170501-Heizmann-UltimateInvariantSynthesis__array_ptr_single_elem_init.i_4_2_2.bpl_5.smt2	0	B	0.046668	35
QF_NRA_20170501-Heizmann-UltimateInvariantSynthesis__array_single_elem_init.i_4_2_2.bpl_5.smt2	0	M	0.067048	64
QF_NRA_20170501-Heizmann-UltimateInvariantSynthesis__array_single_elem_init.i_4_2_2.bpl_5.smt2	0	A	0.035708	64
QF_NRA_20170501-Heizmann-UltimateInvariantSynthesis__array_single_elem_init.i_4_2_2.bpl_5.smt2	0	B	0.046332	64
QF_NRA_20170501-Heizmann-UltimateInvariantSynthesis__array_single_elem_init.i_4_2_2.bpl_5.smt2	0	C	0.035045	64
QF_NRA_20170501-Heizmann-UltimateInvariantSynthesis__gj2007.c.i_4_3_3.bpl_5.smt2	0	A	4.65777	4669
QF_NRA_20170501-Heizmann-UltimateInvariantSynthesis__gj2007.c.i_4_3_3.bpl_5.smt2	0	B	5.25622	4669
QF_NRA_20170501-Heizmann-UltimateInvariantSynthesis__gj2007.c.i_4_3_3.bpl_5.smt2	0	C	4.69855	4669
QF_NRA_20170501-Heizmann-UltimateInvariantSynthesis__gj2007.c.i_4_3_3.bpl_5.smt2	0	M	3.96682	4669
QF_NRA_20170501-Heizmann-UltimateInvariantSynthesis__gr2006.c.i_4_4_3.bpl_5.smt2	0	B	1.49692	1343
QF_NRA_20170501-Heizmann-UltimateInvariantSynthesis__gr2006.c.i_4_4_3.bpl_5.smt2	0	C	1.23709	1343
QF_NRA_20170501-Heizmann-UltimateInvariantSynthesis__gr2006.c.i_4_4_3.bpl_5.smt2	0	M	1.1225	1343
QF_NRA_20170501-Heizmann-UltimateInvariantSynthesis__gr2006.c.i_4_4_3.bpl_5.smt2	0	A	1.21207	1343
QF_NRA_20170501-Heizmann-UltimateInvariantSynthesis__linear_search.i_7_23_3.bpl_3.smt2	0	C	0.739309	740
QF_NRA_20170501-Heizmann-UltimateInvariantSynthesis__linear_search.i_7_23_3.bpl_3.smt2	0	M	0.935008	740
QF_NRA_20170501-Heizmann-UltimateInvariantSynthesis__linear_search.i_7_23_3.bpl_3.smt2	0	A	0.728536	740
QF_NRA_20170501-Heizmann-UltimateInvariantSynthesis__linear_search.i_7_23_3.bpl_3.smt2	0	B	0.862582	740
QF_NRA_20170501-Heizmann-UltimateInvariantSynthesis__standard_copy1_ground.i_3_2_2.bpl_9.smt2	0	M	1.64818	1930
QF_NRA_20170501-Heizmann-UltimateInvariantSynthesis__standard_copy1_ground.i_3_2_2.bpl_9.smt2	0	A	1.00026	1930
QF_NRA_20170501-Heizmann-UltimateInvariantSynthesis__standard_copy1_ground.i_3_2_2.bpl_9.smt2	0	B	1.33157	1930
QF_NRA_20170501-Heizmann-UltimateInvariantSynthesis__standard_copy1_ground.i_3_2_2.bpl_9.smt2	0	C	1.02244	1930
QF_NRA_20170501-Heizmann-UltimateInvariantSynthesis__standard_copy3_ground.i_3_2_2.bpl_5.smt2	0	A	0.111832	256
QF_NRA_20170501-Heizmann-UltimateInvariantSynthesis__standard_copy3_ground.i_3_2_2.bpl_5.smt2	0	B	0.143502	256
QF_NRA_20170501-Heizmann-UltimateInvariantSynthesis__standard_copy3_ground.i_3_2_2.bpl_5.smt2	0	C	0.113203	256
QF_NRA_20170501-Heizmann-UltimateInvariantSynthesis__standard_copy3_ground.i_3_2_2.bpl_5.smt2	0	M	0.198045	256
QF_NRA_20170501-Heizmann-UltimateInvariantSynthesis__standard_init9_ground.i_3_2_2.bpl_3.smt2	0	B	1.79675	683
QF_NRA_20170501-Heizmann-UltimateInvariantSynthesis__standard_init9_ground.i_3_2_2.bpl_3.smt2	0	C	1.65295	683
QF_NRA_20170501-Heizmann-UltimateInvariantSynthesis__standard_init9_ground.i_3_2_2.bpl_3.smt2	0	M	1.15787	683
QF_NRA_20170501-Heizmann-UltimateInvariantSynthesis__standard_init9_ground.i_3_2_2.bpl_3.smt2	0	A	1.60492	683
QF_NRA_2019-ezsmt__inst_1_1000000.smt2	0	C	0.100458	292
QF_NRA_2019-ezsmt__inst_1_1000000.smt2	0	M	0.167457	292
QF_NRA_2019-ezsmt__inst_1_1000000.smt2	0	A	0.096754	292
QF_NRA_2019-ezsmt__inst_1_1000000.smt2	0	B	0.145709	292
QF_NRA_20200911-Pine__1599121684477306000.smt2	0	M	0.050125	28
QF_NRA_20200911-Pine__1599121684477306000.smt2	0	A	0.067125	28
QF_NRA_20200911-Pine__1599121684477306000.smt2	0	B	0.06875	28
QF_NRA_20200911-Pine__1599121684477306000.smt2	0	C	0.069794	28
QF_NRA_20200911-Pine__1599121684653478000.smt2	0	A	0.047166	20
QF_NRA_20200911-Pine__1599121684653478000.smt2	0	B	0.04804	20
QF_NRA_20200911-Pine__1599121684653478000.smt2	0	C	0.048708	20
QF_NRA_20200911-Pine__1599121684653478000.smt2	0	M	0.037875	20
QF_NRA_20200911-Pine__1599121861020640000.smt2	0	B	0.007209	2
QF_NRA_20200911-Pine__1599121861020640000.smt2	0	C	0.006167	2
QF_NRA_20200911-Pine__1599121861020640000.smt2	0	M	0.005584	2
QF_NRA_20200911-Pine__1599121861020640000.smt2	0	A	0.005583	2
QF_NRA_20200911-Pine__1599121889458073000.smt2	0	C	0.262212	114
QF_NRA_20200911-Pine__1599121889458073000.smt2	0	M	0.188165	114
QF_NRA_20200911-Pine__1599121889458073000.smt2	0	A	0.261789	114
QF_NRA_20200911-Pine__1599121889458073000.smt2	0	B	0.284298	114
QF_NRA_20200911-Pine__1599121899872501000.smt2	0	M	0.115667	27
QF_NRA_20200911-Pine__1599121899872501000.smt2	0	A	0.18379	27
QF_NRA_20200911-Pine__1599121899872501000.smt2	0	B	0.189126	27
QF_NRA_20200911-Pine__1599121899872501000.smt2	0	C	0.184164	27
QF_NRA_20200911-Pine__1599121900961647000.smt2	0	A	0.062042	23
QF_NRA_20200911-Pine__1599121900961647000.smt2	0	B	0.076957	23
QF_NRA_20200911-Pine__1599121900961647000.smt2	0	C	0.058169	23
QF_NRA_20200911-Pine__1599121900961647000.smt2	0	M	0.059038	23
QF_NRA_20200911-Pine__1599121904275696000.smt2	0	B	0.211542	27
QF_NRA_20200911-Pine__1599121904275696000.smt2	0	C	0.213711	27
QF_NRA_20200911-Pine__1599121904275696000.smt2	0	M	0.137085	27
QF_NRA_20200911-Pine__1599121904275696000.smt2	0	A	0.205209	27
QF_NRA_20200911-Pine__1599121979753628000.smt2	0	C	0.053878	50
QF_NRA_20200911-Pine__1599121979753628000.smt2	0	M	0.057918	50
QF_NRA_20200911-Pine__1599121979753628000.smt2	0	A	0.05329	50
QF_NRA_20200911-Pine__1599121979753628000.smt2	0	B	0.057627	50
QF_NRA_20200911-Pine__1599122159324430000.smt2	0	M	0.01796	14
QF_NRA_20200911-Pine__1599122159324430000.smt2	0	A	0.023459	14
QF_NRA_20200911-Pine__1599122159324430000.smt2	0	B	0.025166	14
QF_NRA_20200911-Pine__1599122159324430000.smt2	0	C	0.024166	14
QF_NRA_20200911-Pine__1599122159846134000.smt2	0	A	0.02475	16
QF_NRA_20200911-Pine__1599122159846134000.smt2	0	B	0.029542	16
QF_NRA_20200911-Pine__1599122159846134000.smt2	0	C	0.026584	16
QF_NRA_20200911-Pine__1599122159846134000.smt2	0	M	0.020626	16
QF_NRA_20200911-Pine__1599122162465867000.smt2	0	B	0.012916	10
QF_NRA_20200911-Pine__1599122162465867000.smt2	0	C	0.008999	10
QF_NRA_20200911-Pine__1599122162465867000.smt2	0	M	0.012166	10
QF_NRA_20200911-Pine__1599122162465867000.smt2	0	A	0.009917	10
QF_NRA_20200911-Pine__1599122162569064000.smt2	0	C	0.007375	4
QF_NRA_20200911-Pine__1599122162569064000.smt2	0	M	0.008042	4
QF_NRA_20200911-Pine__1599122162569064000.smt2	0	A	0.007293	4
QF_NRA_20200911-Pine__1599122162569064000.smt2	0	B	0.007916	4
QF_NRA_20200911-Pine__1599122163190413000.smt2	0	M	0.010542	10
QF_NRA_20200911-Pine__1599122163190413000.smt2	0	A	0.009335	10
QF_NRA_20200911-Pine__1599122163190413000.smt2	0	B	0.011208	10
QF_NRA_20200911-Pine__1599122163190413000.smt2	0	C	0.009207	10
QF_NRA_20200911-Pine__1599122163683961000.smt2	0	A	0.03475	16
QF_NRA_20200911-Pine__1599122163683961000.smt2	0	B	0.038958	16
QF_NRA_20200911-Pine__1599122163683961000.smt2	0	C	0.03104	16
QF_NRA_20200911-Pine__1599122163683961000.smt2	0	M	0.023834	16
QF_NRA_20200911-Pine__1599122165140235000.smt2	0	B	0.012374	10
QF_NRA_20200911-Pine__1599122165140235000.smt2	0	C	0.00975	10
QF_NRA_20200911-Pine__1599122165140235000.smt2	0	M	0.012916	10
QF_NRA_20200911-Pine__1599122165140235000.smt2	0	A	0.009959	10
QF_NRA_20200911-Pine__1599122166207559000.smt2	0	C	0.008791	10
QF_NRA_20200911-Pine__1599122166207559000.smt2	0	M	0.01196	10
QF_NRA_20200911-Pine__1599122166207559000.smt2	0	A	0.008376	10
QF_NRA_20200911-Pine__1599122166207559000.smt2	0	B	0.010876	10
QF_NRA_20211101-Geogebra__IsoRightTriangle-Bottema1_12b.smt2	0	M	0.008334	4
QF_NRA_20211101-Geogebra__IsoRightTriangle-Bottema1_12b.smt2	0	A	0.011374	4
QF_NRA_20211101-Geogebra__IsoRightTriangle-Bottema1_12b.smt2	0	B	0.011792	4
QF_NRA_20211101-Geogebra__IsoRightTriangle-Bottema1_12b.smt2	0	C	0.010625	4
QF_NRA_20211101-Geogebra__IsoRightTriangle-Bottema1_2b.smt2	0	A	0.006958	4
QF_NRA_20211101-Geogebra__IsoRightTriangle-Bottema1_2b.smt2	0	B	0.007875	4
QF_NRA_20211101-Geogebra__IsoRightTriangle-Bottema1_2b.smt2	0	C	0.007083	4
QF_NRA_20211101-Geogebra__IsoRightTriangle-Bottema1_2b.smt2	0	M	0.009083	4
QF_NRA_20211101-Geogebra__IsoTriangle-Area_Perimeter_a.smt2	0	B	0.012208	4
QF_NRA_20211101-Geogebra__IsoTriangle-Area_Perimeter_a.smt2	0	C	0.010124	4
QF_NRA_20211101-Geogebra__IsoTriangle-Area_Perimeter_a.smt2	0	M	0.008584	4
QF_NRA_20211101-Geogebra__IsoTriangle-Area_Perimeter_a.smt2	0	A	0.010875	4
QF_NRA_20211101-Geogebra__IsoTriangle-Bottema6_1a.smt2	0	C	0.025791	14
QF_NRA_20211101-Geogebra__IsoTriangle-Bottema6_1a.smt2	0	M	0.018834	14
QF_NRA_20211101-Geogebra__IsoTriangle-Bottema6_1a.smt2	0	A	0.024584	14
QF_NRA_20211101-Geogebra__IsoTriangle-Bottema6_1a.smt2	0	B	0.02804	14
QF_NRA_20211101-Geogebra__IsoTriangle-Bottema6_1b.smt2	0	M	0.024664	20
QF_NRA_20211101-Geogebra__IsoTriangle-Bottema6_1b.smt2	0	A	0.033333	20
QF_NRA_20211101-Geogebra__IsoTriangle-Bottema6_1b.smt2	0	B	0.038665	20
QF_NRA_20211101-Geogebra__IsoTriangle-Bottema6_1b.smt2	0	C	0.031499	20
QF_NRA_20211101-Geogebra__IsoTriangle-Median_Perimeter_a2.smt2	0	A	0.018375	10
QF_NRA_20211101-Geogebra__IsoTriangle-Median_Perimeter_a2.smt2	0	B	0.022291	10
QF_NRA_20211101-Geogebra__IsoTriangle-Median_Perimeter_a2.smt2	0	C	0.018833	10
QF_NRA_20211101-Geogebra__IsoTriangle-Median_Perimeter_a2.smt2	0	M	0.015042	10
QF_NRA_20211101-Geogebra__IsoTriangle-Perimeter_CircumRadius_a.smt2	0	B	0.024625	20
QF_NRA_20211101-Geogebra__IsoTriangle-Perimeter_CircumRadius_a.smt2	0	C	0.020378	20
QF_NRA_20211101-Geogebra__IsoTriangle-Perimeter_CircumRadius_a.smt2	0	M	0.023376	20
QF_NRA_20211101-Geogebra__IsoTriangle-Perimeter_CircumRadius_a.smt2	0	A	0.018165	20
QF_NRA_20211101-Geogebra__PythagoreanGeneralization_Triangle-aa+bb_cc.smt2	0	C	0.006917	4
QF_NRA_20211101-Geogebra__PythagoreanGeneralization_Triangle-aa+bb_cc.smt2	0	M	0.007709	4
QF_NRA_20211101-Geogebra__PythagoreanGeneralization_Triangle-aa+bb_cc.smt2	0	A	0.007	4
QF_NRA_20211101-Geogebra__PythagoreanGeneralization_Triangle-aa+bb_cc.smt2	0	B	0.007958	4
QF_NRA_20211101-Geogebra__RightTriangle-Bottema1_1b.smt2	0	M	0.008	4
QF_NRA_20211101-Geogebra__RightTriangle-Bottema1_1b.smt2	0	A	0.006958	4
QF_NRA_20211101-Geogebra__RightTriangle-Bottema1_1b.smt2	0	B	0.008667	4
QF_NRA_20211101-Geogebra__RightTriangle-Bottema1_1b.smt2	0	C	0.006918	4
QF_NRA_20211101-Geogebra__RightTriangle-Bottema5_3b.smt2	0	A	0.011959	4
QF_NRA_20211101-Geogebra__RightTriangle-Bottema5_3b.smt2	0	B	0.011624	4
QF_NRA_20211101-Geogebra__RightTriangle-Bottema5_3b.smt2	0	C	0.011042	4
QF_NRA_20211101-Geogebra__RightTriangle-Bottema5_3b.smt2	0	M	0.009749	4
QF_NRA_20211101-Geogebra__Triangle-Bottema1_9.smt2	0	B	0.008583	4
QF_NRA_20211101-Geogebra__Triangle-Bottema1_9.smt2	0	C	0.007126	4
QF_NRA_20211101-Geogebra__Triangle-Bottema1_9.smt2	0	M	0.007083	4
QF_NRA_20211101-Geogebra__Triangle-Bottema1_9.smt2	0	A	0.006417	4
QF_NRA_20220314-Uncu__BDC_ProveIneq_Mitrinovic_4_22b.smt2	0	C	0.005667	2
QF_NRA_20220314-Uncu__BDC_ProveIneq_Mitrinovic_4_22b.smt2	0	M	0.00725	2
QF_NRA_20220314-Uncu__BDC_ProveIneq_Mitrinovic_4_22b.smt2	0	A	0.006209	2
QF_NRA_20220314-Uncu__BDC_ProveIneq_Mitrinovic_4_22b.smt2	0	B	0.007083	2
QF_NRA_20240407-pPDA-Chiari-Pontiggia-Winkler__and_or_PRAY.smt2	0	M	2.81423	1305
QF_NRA_20240407-pPDA-Chiari-Pontiggia-Winkler__and_or_PRAY.smt2	0	A	3.7289	1305
QF_NRA_20240407-pPDA-Chiari-Pontiggia-Winkler__and_or_PRAY.smt2	0	B	4.06262	1305
QF_NRA_20240407-pPDA-Chiari-Pontiggia-Winkler__and_or_PRAY.smt2	0	C	3.84501	1305
QF_NRA_20240407-pPDA-Chiari-Pontiggia-Winkler__call_ret_loop_1_POMC_hints.smt2	0	A	0.174503	80
QF_NRA_20240407-pPDA-Chiari-Pontiggia-Winkler__call_ret_loop_1_POMC_hints.smt2	0	B	0.183877	80
QF_NRA_20240407-pPDA-Chiari-Pontiggia-Winkler__call_ret_loop_1_POMC_hints.smt2	0	C	0.177583	80
QF_NRA_20240407-pPDA-Chiari-Pontiggia-Winkler__call_ret_loop_1_POMC_hints.smt2	0	M	0.140209	80
QF_NRA_20240407-pPDA-Chiari-Pontiggia-Winkler__call_ret_loop_1_POMC_no_hints.smt2	0	B	0.466703	120
QF_NRA_20240407-pPDA-Chiari-Pontiggia-Winkler__call_ret_loop_1_POMC_no_hints.smt2	0	C	0.440168	120
QF_NRA_20240407-pPDA-Chiari-Pontiggia-Winkler__call_ret_loop_1_POMC_no_hints.smt2	0	M	0.325541	120
QF_NRA_20240407-pPDA-Chiari-Pontiggia-Winkler__call_ret_loop_1_POMC_no_hints.smt2	0	A	0.442792	120
QF_NRA_20240407-pPDA-Chiari-Pontiggia-Winkler__call_ret_loop_2_POMC_hints.smt2	0	C	0.178329	84
QF_NRA_20240407-pPDA-Chiari-Pontiggia-Winkler__call_ret_loop_2_POMC_hints.smt2	0	M	0.149753	84
QF_NRA_20240407-pPDA-Chiari-Pontiggia-Winkler__call_ret_loop_2_POMC_hints.smt2	0	A	0.169377	84
QF_NRA_20240407-pPDA-Chiari-Pontiggia-Winkler__call_ret_loop_2_POMC_hints.smt2	0	B	0.197704	84
QF_NRA_20240407-pPDA-Chiari-Pontiggia-Winkler__call_ret_loop_2_POMC_no_hints.smt2	0	M	0.340123	130
QF_NRA_20240407-pPDA-Chiari-Pontiggia-Winkler__call_ret_loop_2_POMC_no_hints.smt2	0	A	0.442499	130
QF_NRA_20240407-pPDA-Chiari-Pontiggia-Winkler__call_ret_loop_2_POMC_no_hints.smt2	0	B	0.479709	130
QF_NRA_20240407-pPDA-Chiari-Pontiggia-Winkler__call_ret_loop_2_POMC_no_hints.smt2	0	C	0.460835	130
QF_NRA_20240407-pPDA-Chiari-Pontiggia-Winkler__escape25_POMC_hints.smt2	0	A	0.619626	376
QF_NRA_20240407-pPDA-Chiari-Pontiggia-Winkler__escape25_POMC_hints.smt2	0	B	0.68695	376
QF_NRA_20240407-pPDA-Chiari-Pontiggia-Winkler__escape25_POMC_hints.smt2	0	C	0.636291	376
QF_NRA_20240407-pPDA-Chiari-Pontiggia-Winkler__escape25_POMC_hints.smt2	0	M	0.498124	376
QF_NRA_20240407-pPDA-Chiari-Pontiggia-Winkler__escape25_POMC_no_hints.smt2	0	B	0.559581	707
QF_NRA_20240407-pPDA-Chiari-Pontiggia-Winkler__escape25_POMC_no_hints.smt2	0	C	0.51004	707
QF_NRA_20240407-pPDA-Chiari-Pontiggia-Winkler__escape25_POMC_no_hints.smt2	0	M	0.541933	707
QF_NRA_20240407-pPDA-Chiari-Pontiggia-Winkler__escape25_POMC_no_hints.smt2	0	A	0.448743	707
QF_NRA_20240407-pPDA-Chiari-Pontiggia-Winkler__mod5_POMC_hints.smt2	0	C	0.328538	64
QF_NRA_20240407-pPDA-Chiari-Pontiggia-Winkler__mod5_POMC_hints.smt2	0	M	0.230832	64
QF_NRA_20240407-pPDA-Chiari-Pontiggia-Winkler__mod5_POMC_hints.smt2	0	A	0.332043	64
QF_NRA_20240407-pPDA-Chiari-Pontiggia-Winkler__mod5_POMC_hints.smt2	0	B	0.346542	64
QF_NRA_20240407-pPDA-Chiari-Pontiggia-Winkler__mod5_POMC_no_hints.smt2	0	M	0.020791	20
QF_NRA_20240407-pPDA-Chiari-Pontiggia-Winkler__mod5_POMC_no_hints.smt2	0	A	0.01904	20
QF_NRA_20240407-pPDA-Chiari-Pontiggia-Winkler__mod5_POMC_no_hints.smt2	0	B	0.021252	20
QF_NRA_20240407-pPDA-Chiari-Pontiggia-Winkler__mod5_POMC_no_hints.smt2	0	C	0.019503	20
QF_NRA_20240407-pPDA-Chiari-Pontiggia-Winkler__mod7_POMC_no_hints.smt2	0	A	0.017251	16
QF_NRA_20240407-pPDA-Chiari-Pontiggia-Winkler__mod7_POMC_no_hints.smt2	0	B	0.022208	16
QF_NRA_20240407-pPDA-Chiari-Pontiggia-Winkler__mod7_POMC_no_hints.smt2	0	C	0.017457	16
QF_NRA_20240407-pPDA-Chiari-Pontiggia-Winkler__mod7_POMC_no_hints.smt2	0	M	0.018249	16
QF_NRA_20240407-pPDA-Chiari-Pontiggia-Winkler__schelling_POMC_hints.smt2	0	B	0.855709	381
QF_NRA_20240407-pPDA-Chiari-Pontiggia-Winkler__schelling_POMC_hints.smt2	0	C	0.769583	381
QF_NRA_20240407-pPDA-Chiari-Pontiggia-Winkler__schelling_POMC_hints.smt2	0	M	0.56076	381
QF_NRA_20240407-pPDA-Chiari-Pontiggia-Winkler__schelling_POMC_hints.smt2	0	A	0.762159	381
QF_NRA_20240407-pPDA-Chiari-Pontiggia-Winkler__schelling_POMC_no_hints.smt2	0	C	2.93925	1779
QF_NRA_20240407-pPDA-Chiari-Pontiggia-Winkler__schelling_POMC_no_hints.smt2	0	M	2.1156	1779
QF_NRA_20240407-pPDA-Chiari-Pontiggia-Winkler__schelling_POMC_no_hints.smt2	0	A	2.93357	1779
QF_NRA_20240407-pPDA-Chiari-Pontiggia-Winkler__schelling_POMC_no_hints.smt2	0	B	3.22084	1779
QF_NRA_20240407-pPDA-Chiari-Pontiggia-Winkler__sqrt2by2_bern_PRAY.smt2	0	M	0.092666	44
QF_NRA_20240407-pPDA-Chiari-Pontiggia-Winkler__sqrt2by2_bern_PRAY.smt2	0	A	0.158206	44
QF_NRA_20240407-pPDA-Chiari-Pontiggia-Winkler__sqrt2by2_bern_PRAY.smt2	0	B	0.18171	44
QF_NRA_20240407-pPDA-Chiari-Pontiggia-Winkler__sqrt2by2_bern_PRAY.smt2	0	C	0.17546	44
QF_NRA_LassoRanker__Ben-Amram-2010LMCS-Ex2.3_true-termination.c_Iteration1_Lasso_3-pieceTemplate.smt2	0	A	0.018666	28
QF_NRA_LassoRanker__Ben-Amram-2010LMCS-Ex2.3_true-termination.c_Iteration1_Lasso_3-pieceTemplate.smt2	0	B	0.027292	28
QF_NRA_LassoRanker__Ben-Amram-2010LMCS-Ex2.3_true-termination.c_Iteration1_Lasso_3-pieceTemplate.smt2	0	C	0.019254	28
QF_NRA_LassoRanker__Ben-Amram-2010LMCS-Ex2.3_true-termination.c_Iteration1_Lasso_3-pieceTemplate.smt2	0	M	0.026417	28
QF_NRA_LassoRanker__BradleyMannaSipma-2005ICALP-Fig1-deterministic.bpl_Iteration1_Lasso_3-pieceTemplate.smt2	0	B	0.383917	232
QF_NRA_LassoRanker__BradleyMannaSipma-2005ICALP-Fig1-deterministic.bpl_Iteration1_Lasso_3-pieceTemplate.smt2	0	C	0.336916	232
QF_NRA_LassoRanker__BradleyMannaSipma-2005ICALP-Fig1-deterministic.bpl_Iteration1_Lasso_3-pieceTemplate.smt2	0	M	0.320208	232
QF_NRA_LassoRanker__BradleyMannaSipma-2005ICALP-Fig1-deterministic.bpl_Iteration1_Lasso_3-pieceTemplate.smt2	0	A	0.357954	232
QF_NRA_LassoRanker__Braverman-2006CAV-Ex1-int.bpl_Iteration1_Loop_4-pieceTemplate.smt2	0	C	0.049044	22
QF_NRA_LassoRanker__Braverman-2006CAV-Ex1-int.bpl_Iteration1_Loop_4-pieceTemplate.smt2	0	M	0.044789	22
QF_NRA_LassoRanker__Braverman-2006CAV-Ex1-int.bpl_Iteration1_Loop_4-pieceTemplate.smt2	0	A	0.048291	22
QF_NRA_LassoRanker__Braverman-2006CAV-Ex1-int.bpl_Iteration1_Loop_4-pieceTemplate.smt2	0	B	0.055127	22
QF_NRA_LassoRanker__Khartoum.bpl_Iteration1_Loop_4-pieceTemplate.smt2	0	M	5.53844	6186
QF_NRA_LassoRanker__Khartoum.bpl_Iteration1_Loop_4-pieceTemplate.smt2	0	A	6.52956	6186
QF_NRA_LassoRanker__Khartoum.bpl_Iteration1_Loop_4-pieceTemplate.smt2	0	B	7.39006	6186
QF_NRA_LassoRanker__Khartoum.bpl_Iteration1_Loop_4-pieceTemplate.smt2	0	C	6.5988	6186
QF_NRA_LassoRanker__Mysore2.bpl_Iteration1_Loop_4-pieceTemplate.smt2	0	A	0.296798	572
QF_NRA_LassoRanker__Mysore2.bpl_Iteration1_Loop_4-pieceTemplate.smt2	0	B	0.364006	572
QF_NRA_LassoRanker__Mysore2.bpl_Iteration1_Loop_4-pieceTemplate.smt2	0	C	0.277325	572
QF_NRA_LassoRanker__Mysore2.bpl_Iteration1_Loop_4-pieceTemplate.smt2	0	M	0.364668	572
QF_NRA_LassoRanker__NoriSharma-2013FSE-Fig8_true-termination.c_Iteration1_Lasso_3-pieceTemplate.smt2	0	B	3.71067	4046
QF_NRA_LassoRanker__NoriSharma-2013FSE-Fig8_true-termination.c_Iteration1_Lasso_3-pieceTemplate.smt2	0	C	3.28172	4046
QF_NRA_LassoRanker__NoriSharma-2013FSE-Fig8_true-termination.c_Iteration1_Lasso_3-pieceTemplate.smt2	0	M	2.96475	4046
QF_NRA_LassoRanker__NoriSharma-2013FSE-Fig8_true-termination.c_Iteration1_Lasso_3-pieceTemplate.smt2	0	A	3.06857	4046
QF_NRA_LassoRanker__NoriSharma-2013FSE-Fig8_true-termination.c_Iteration1_Loop_3-pieceTemplate.smt2	0	C	0.039751	43
QF_NRA_LassoRanker__NoriSharma-2013FSE-Fig8_true-termination.c_Iteration1_Loop_3-pieceTemplate.smt2	0	M	0.049037	43
QF_NRA_LassoRanker__NoriSharma-2013FSE-Fig8_true-termination.c_Iteration1_Loop_3-pieceTemplate.smt2	0	A	0.036457	43
QF_NRA_LassoRanker__NoriSharma-2013FSE-Fig8_true-termination.c_Iteration1_Loop_3-pieceTemplate.smt2	0	B	0.054045	43
QF_NRA_LassoRanker__TwoPhase.bpl_Iteration1_Loop_3-pieceTemplate.smt2	0	M	1.46218	2564
QF_NRA_LassoRanker__TwoPhase.bpl_Iteration1_Loop_3-pieceTemplate.smt2	0	A	1.11015	2564
QF_NRA_LassoRanker__TwoPhase.bpl_Iteration1_Loop_3-pieceTemplate.smt2	0	B	1.61604	2564
QF_NRA_LassoRanker__TwoPhase.bpl_Iteration1_Loop_3-pieceTemplate.smt2	0	C	1.18232	2564
QF_NRA_LassoRanker__fun4.t2.c_Iteration1_Loop_4-pieceTemplate.smt2	0	A	0.012501	8
QF_NRA_LassoRanker__fun4.t2.c_Iteration1_Loop_4-pieceTemplate.smt2	0	B	0.017585	8
QF_NRA_LassoRanker__fun4.t2.c_Iteration1_Loop_4-pieceTemplate.smt2	0	C	0.014418	8
QF_NRA_LassoRanker__fun4.t2.c_Iteration1_Loop_4-pieceTemplate.smt2	0	M	0.014583	8
QF_NRA_LassoRanker__nested.t2.c_Iteration4_Loop_4-pieceTemplate.smt2	0	B	0.043164	42
QF_NRA_LassoRanker__nested.t2.c_Iteration4_Loop_4-pieceTemplate.smt2	0	C	0.029707	42
QF_NRA_LassoRanker__nested.t2.c_Iteration4_Loop_4-pieceTemplate.smt2	0	M	0.042545	42
QF_NRA_LassoRanker__nested.t2.c_Iteration4_Loop_4-pieceTemplate.smt2	0	A	0.029582	42
QF_NRA_UltimateAutomizer__InVarSynth_StructPositiveSum-Safe.c_Iteration2_0.smt2	0	C	0.11534	238
QF_NRA_UltimateAutomizer__InVarSynth_StructPositiveSum-Safe.c_Iteration2_0.smt2	0	M	0.147002	238
QF_NRA_UltimateAutomizer__InVarSynth_StructPositiveSum-Safe.c_Iteration2_0.smt2	0	A	0.104672	238
QF_NRA_UltimateAutomizer__InVarSynth_StructPositiveSum-Safe.c_Iteration2_0.smt2	0	B	0.145035	238
QF_NRA_hycomp__ball_count_1d_plain.02.seq_lazy_linear_enc_lemmas_global_8.smt2	0	M	0.029042	26
QF_NRA_hycomp__ball_count_1d_plain.02.seq_lazy_linear_enc_lemmas_global_8.smt2	0	A	0.018542	26
QF_NRA_hycomp__ball_count_1d_plain.02.seq_lazy_linear_enc_lemmas_global_8.smt2	0	B	0.0245	26
QF_NRA_hycomp__ball_count_1d_plain.02.seq_lazy_linear_enc_lemmas_global_8.smt2	0	C	0.020917	26
QF_NRA_hycomp__ball_count_1d_plain.03.seq_lazy_linear_enc_global_10.smt2	0	A	0.134998	356
QF_NRA_hycomp__ball_count_1d_plain.03.seq_lazy_linear_enc_global_10.smt2	0	B	0.21296	356
QF_NRA_hycomp__ball_count_1d_plain.03.seq_lazy_linear_enc_global_10.smt2	0	C	0.152042	356
QF_NRA_hycomp__ball_count_1d_plain.03.seq_lazy_linear_enc_global_10.smt2	0	M	0.285743	356
QF_NRA_hycomp__ball_count_1d_plain.04.redlog_global_6.smt2	0	B	4.22655	3162
QF_NRA_hycomp__ball_count_1d_plain.04.redlog_global_6.smt2	0	C	4.04387	3162
QF_NRA_hycomp__ball_count_1d_plain.04.redlog_global_6.smt2	0	M	3.31014	3162
QF_NRA_hycomp__ball_count_1d_plain.04.redlog_global_6.smt2	0	A	3.58366	3162
QF_NRA_hycomp__ball_count_1d_plain.04.seq_lazy_linear_enc_lemmas_global_12.smt2	0	C	1.0425	1894
QF_NRA_hycomp__ball_count_1d_plain.04.seq_lazy_linear_enc_lemmas_global_12.smt2	0	M	1.55231	1894
QF_NRA_hycomp__ball_count_1d_plain.04.seq_lazy_linear_enc_lemmas_global_12.smt2	0	A	1.02933	1894
QF_NRA_hycomp__ball_count_1d_plain.04.seq_lazy_linear_enc_lemmas_global_12.smt2	0	B	1.37664	1894
QF_NRA_hycomp__ball_count_2d_hill_simple.01.seq_lazy_global_14.smt2	0	M	0.01175	10
QF_NRA_hycomp__ball_count_2d_hill_simple.01.seq_lazy_global_14.smt2	0	A	0.008208	10
QF_NRA_hycomp__ball_count_2d_hill_simple.01.seq_lazy_global_14.smt2	0	B	0.012291	10
QF_NRA_hycomp__ball_count_2d_hill_simple.01.seq_lazy_global_14.smt2	0	C	0.009249	10
QF_NRA_hycomp__ball_count_2d_hill_simple.02.seq_lazy_lemmas_global_14.smt2	0	A	0.058207	178
QF_NRA_hycomp__ball_count_2d_hill_simple.02.seq_lazy_lemmas_global_14.smt2	0	B	0.100165	178
QF_NRA_hycomp__ball_count_2d_hill_simple.02.seq_lazy_lemmas_global_14.smt2	0	C	0.067504	178
QF_NRA_hycomp__ball_count_2d_hill_simple.02.seq_lazy_lemmas_global_14.smt2	0	M	0.105998	178
QF_NRA_hycomp__ball_count_2d_plain.03.seq_lazy_linear_enc_lemmas_global_4.smt2	0	B	0.630619	542
QF_NRA_hycomp__ball_count_2d_plain.03.seq_lazy_linear_enc_lemmas_global_4.smt2	0	C	0.566126	542
QF_NRA_hycomp__ball_count_2d_plain.03.seq_lazy_linear_enc_lemmas_global_4.smt2	0	M	0.398758	542
QF_NRA_hycomp__ball_count_2d_plain.03.seq_lazy_linear_enc_lemmas_global_4.smt2	0	A	0.542314	542
QF_NRA_hycomp__ball_count_2d_plain.05.seq_lazy_linear_enc_global_14.smt2	0	C	6.92248	8642
QF_NRA_hycomp__ball_count_2d_plain.05.seq_lazy_linear_enc_global_14.smt2	0	M	5.71758	8642
QF_NRA_hycomp__ball_count_2d_plain.05.seq_lazy_linear_enc_global_14.smt2	0	A	6.6029	8642
QF_NRA_hycomp__ball_count_2d_plain.05.seq_lazy_linear_enc_global_14.smt2	0	B	8.0026	8642
QF_NRA_hycomp__ball_count_2d_plain.10.redlog_global_4.smt2	0	M	0.042793	24
QF_NRA_hycomp__ball_count_2d_plain.10.redlog_global_4.smt2	0	A	0.041962	24
QF_NRA_hycomp__ball_count_2d_plain.10.redlog_global_4.smt2	0	B	0.054125	24
QF_NRA_hycomp__ball_count_2d_plain.10.redlog_global_4.smt2	0	C	0.042126	24
QF_NRA_hycomp__ball_count_2d_slope.03.seq_lazy_lemmas_global_6.smt2	0	A	6.50151	2434
QF_NRA_hycomp__ball_count_2d_slope.03.seq_lazy_lemmas_global_6.smt2	0	B	6.91801	2434
QF_NRA_hycomp__ball_count_2d_slope.03.seq_lazy_lemmas_global_6.smt2	0	C	6.55584	2434
QF_NRA_hycomp__ball_count_2d_slope.03.seq_lazy_lemmas_global_6.smt2	0	M	4.44595	2434
QF_NRA_hycomp__ball_count_2d_slope.04.seq_lazy_linear_enc_global_8.smt2	0	B	0.035042	17
QF_NRA_hycomp__ball_count_2d_slope.04.seq_lazy_linear_enc_global_8.smt2	0	C	0.029873	17
QF_NRA_hycomp__ball_count_2d_slope.04.seq_lazy_linear_enc_global_8.smt2	0	M	0.021251	17
QF_NRA_hycomp__ball_count_2d_slope.04.seq_lazy_linear_enc_global_8.smt2	0	A	0.031625	17
QF_NRA_hycomp__etcs_braking_2.01.seq_lazy_linear_enc_global_15.smt2	0	C	2.55818	629
QF_NRA_hycomp__etcs_braking_2.01.seq_lazy_linear_enc_global_15.smt2	0	M	1.755	629
QF_NRA_hycomp__etcs_braking_2.01.seq_lazy_linear_enc_global_15.smt2	0	A	2.50583	629
QF_NRA_hycomp__etcs_braking_2.01.seq_lazy_linear_enc_global_15.smt2	0	B	2.60288	629
QF_NRA_hycomp__simple_ballistics_reach.01.seq_lazy_global_15.smt2	0	M	3.12293	1545
QF_NRA_hycomp__simple_ballistics_reach.01.seq_lazy_global_15.smt2	0	A	4.26905	1545
QF_NRA_hycomp__simple_ballistics_reach.01.seq_lazy_global_15.smt2	0	B	4.59466	1545
QF_NRA_hycomp__simple_ballistics_reach.01.seq_lazy_global_15.smt2	0	C	4.27997	1545
QF_NRA_hycomp__simple_ballistics_reach.01.seq_lazy_linear_enc_lemmas_global_9.smt2	0	A	4.4375	743
QF_NRA_hycomp__simple_ballistics_reach.01.seq_lazy_linear_enc_lemmas_global_9.smt2	0	B	4.56683	743
QF_NRA_hycomp__simple_ballistics_reach.01.seq_lazy_linear_enc_lemmas_global_9.smt2	0	C	4.40634	743
QF_NRA_hycomp__simple_ballistics_reach.01.seq_lazy_linear_enc_lemmas_global_9.smt2	0	M	3.09258	743
QF_NRA_meti-tarski__CMOS-opamp-chunk-0029.smt2	0	B	0.0075	0
QF_NRA_meti-tarski__CMOS-opamp-chunk-0029.smt2	0	C	0.0055	0
QF_NRA_meti-tarski__CMOS-opamp-chunk-0029.smt2	0	M	0.005083	0
QF_NRA_meti-tarski__CMOS-opamp-chunk-0029.smt2	0	A	0.004708	0
QF_NRA_meti-tarski__CMOS-opamp-chunk-0071.smt2	0	C	0.012792	4
QF_NRA_meti-tarski__CMOS-opamp-chunk-0071.smt2	0	M	0.011708	4
QF_NRA_meti-tarski__CMOS-opamp-chunk-0071.smt2	0	A	0.01071	4
QF_NRA_meti-tarski__CMOS-opamp-chunk-0071.smt2	0	B	0.012624	4
QF_NRA_meti-tarski__CMOS-opamp-chunk-0269.smt2	0	M	0.022291	4
QF_NRA_meti-tarski__CMOS-opamp-chunk-0269.smt2	0	A	0.043333	4
QF_NRA_meti-tarski__CMOS-opamp-chunk-0269.smt2	0	B	0.049375	4
QF_NRA_meti-tarski__CMOS-opamp-chunk-0269.smt2	0	C	0.044833	4
QF_NRA_meti-tarski__CMOS-opamp-chunk-0285.smt2	0	A	0.013334	4
QF_NRA_meti-tarski__CMOS-opamp-chunk-0285.smt2	0	B	0.012999	4
QF_NRA_meti-tarski__CMOS-opamp-chunk-0285.smt2	0	C	0.012959	4
QF_NRA_meti-tarski__CMOS-opamp-chunk-0285.smt2	0	M	0.012458	4
QF_NRA_meti-tarski__Chua-1-VC1-L-chunk-0135.smt2	0	B	0.0065	0
QF_NRA_meti-tarski__Chua-1-VC1-L-chunk-0135.smt2	0	C	0.005916	0
QF_NRA_meti-tarski__Chua-1-VC1-L-chunk-0135.smt2	0	M	0.005708	0
QF_NRA_meti-tarski__Chua-1-VC1-L-chunk-0135.smt2	0	A	0.005875	0
QF_NRA_meti-tarski__Chua-2-IL-U-chunk-0022.smt2	0	C	0.029458	3
QF_NRA_meti-tarski__Chua-2-IL-U-chunk-0022.smt2	0	M	0.017542	3
QF_NRA_meti-tarski__Chua-2-IL-U-chunk-0022.smt2	0	A	0.0285	3
QF_NRA_meti-tarski__Chua-2-IL-U-chunk-0022.smt2	0	B	0.029584	3
QF_NRA_meti-tarski__Chua-2-IL-U-chunk-0039.smt2	0	M	0.009125	1
QF_NRA_meti-tarski__Chua-2-IL-U-chunk-0039.smt2	0	A	0.009042	1
QF_NRA_meti-tarski__Chua-2-IL-U-chunk-0039.smt2	0	B	0.00875	1
QF_NRA_meti-tarski__Chua-2-IL-U-chunk-0039.smt2	0	C	0.007416	1
QF_NRA_meti-tarski__Chua-2-IL-U-chunk-0099.smt2	0	A	0.043875	2
QF_NRA_meti-tarski__Chua-2-IL-U-chunk-0099.smt2	0	B	0.040291	2
QF_NRA_meti-tarski__Chua-2-IL-U-chunk-0099.smt2	0	C	0.038125	2
QF_NRA_meti-tarski__Chua-2-IL-U-chunk-0099.smt2	0	M	0.020875	2
QF_NRA_meti-tarski__Chua-2-VC1-U-chunk-0123.smt2	0	B	0.262542	6
QF_NRA_meti-tarski__Chua-2-VC1-U-chunk-0123.smt2	0	C	0.253167	6
QF_NRA_meti-tarski__Chua-2-VC1-U-chunk-0123.smt2	0	M	0.121916	6
QF_NRA_meti-tarski__Chua-2-VC1-U-chunk-0123.smt2	0	A	0.258916	6
QF_NRA_meti-tarski__Chua-2-VC2-U-chunk-0108.smt2	0	C	0.0365	2
QF_NRA_meti-tarski__Chua-2-VC2-U-chunk-0108.smt2	0	M	0.017625	2
QF_NRA_meti-tarski__Chua-2-VC2-U-chunk-0108.smt2	0	A	0.040708	2
QF_NRA_meti-tarski__Chua-2-VC2-U-chunk-0108.smt2	0	B	0.03875	2
QF_NRA_meti-tarski__Lyapunov1a-chunk-0036.smt2	0	M	0.031333	26
QF_NRA_meti-tarski__Lyapunov1a-chunk-0036.smt2	0	A	0.023876	26
QF_NRA_meti-tarski__Lyapunov1a-chunk-0036.smt2	0	B	0.026663	26
QF_NRA_meti-tarski__Lyapunov1a-chunk-0036.smt2	0	C	0.027708	26
QF_NRA_meti-tarski__Nichols-Plot-Inverted-Pendulum-Fails-1-6-chunk-0034.smt2	0	A	0.017667	4
QF_NRA_meti-tarski__Nichols-Plot-Inverted-Pendulum-Fails-1-6-chunk-0034.smt2	0	B	0.020333	4
QF_NRA_meti-tarski__Nichols-Plot-Inverted-Pendulum-Fails-1-6-chunk-0034.smt2	0	C	0.018624	4
QF_NRA_meti-tarski__Nichols-Plot-Inverted-Pendulum-Fails-1-6-chunk-0034.smt2	0	M	0.014166	4
QF_NRA_meti-tarski__Nichols-Plot-Inverted-Pendulum-Fails-1-6-chunk-0234.smt2	0	B	0.014833	2
QF_NRA_meti-tarski__Nichols-Plot-Inverted-Pendulum-Fails-1-6-chunk-0234.smt2	0	C	0.011666	2
QF_NRA_meti-tarski__Nichols-Plot-Inverted-Pendulum-Fails-1-6-chunk-0234.smt2	0	M	0.009125	2
QF_NRA_meti-tarski__Nichols-Plot-Inverted-Pendulum-Fails-1-6-chunk-0234.smt2	0	A	0.011375	2
QF_NRA_meti-tarski__asin-8-vars4-chunk-0029.smt2	0	C	0.013583	8
QF_NRA_meti-tarski__asin-8-vars4-chunk-0029.smt2	0	M	0.014333	8
QF_NRA_meti-tarski__asin-8-vars4-chunk-0029.smt2	0	A	0.01375	8
QF_NRA_meti-tarski__asin-8-vars4-chunk-0029.smt2	0	B	0.016958	8
QF_NRA_meti-tarski__atan-problem-1-chunk-0032.smt2	0	M	0.010084	8
QF_NRA_meti-tarski__atan-problem-1-chunk-0032.smt2	0	A	0.008292	8
QF_NRA_meti-tarski__atan-problem-1-chunk-0032.smt2	0	B	0.010792	8
QF_NRA_meti-tarski__atan-problem-1-chunk-0032.smt2	0	C	0.008625	8
QF_NRA_meti-tarski__atan-problem-1-chunk-0087.smt2	0	A	0.020791	20
QF_NRA_meti-tarski__atan-problem-1-chunk-0087.smt2	0	B	0.027999	20
QF_NRA_meti-tarski__atan-problem-1-chunk-0087.smt2	0	C	0.021124	20
QF_NRA_meti-tarski__atan-problem-1-chunk-0087.smt2	0	M	0.022916	20
QF_NRA_meti-tarski__atan-problem-2-chunk-0101.smt2	0	B	0.009833	6
QF_NRA_meti-tarski__atan-problem-2-chunk-0101.smt2	0	C	0.007292	6
QF_NRA_meti-tarski__atan-problem-2-chunk-0101.smt2	0	M	0.008	6
QF_NRA_meti-tarski__atan-problem-2-chunk-0101.smt2	0	A	0.007958	6
QF_NRA_meti-tarski__atan-problem-2-chunk-0107.smt2	0	C	0.005416	0
QF_NRA_meti-tarski__atan-problem-2-chunk-0107.smt2	0	M	0.0045	0
QF_NRA_meti-tarski__atan-problem-2-chunk-0107.smt2	0	A	0.005333	0
QF_NRA_meti-tarski__atan-problem-2-chunk-0107.smt2	0	B	0.006208	0
QF_NRA_meti-tarski__atan-problem-2-weak-chunk-0061.smt2	0	M	0.004584	0
QF_NRA_meti-tarski__atan-problem-2-weak-chunk-0061.smt2	0	A	0.005209	0
QF_NRA_meti-tarski__atan-problem-2-weak-chunk-0061.smt2	0	B	0.006292	0
QF_NRA_meti-tarski__atan-problem-2-weak-chunk-0061.smt2	0	C	0.004875	0
QF_NRA_meti-tarski__atan-problem-2-weak-chunk-0100.smt2	0	A	0.007668	4
QF_NRA_meti-tarski__atan-problem-2-weak-chunk-0100.smt2	0	B	0.009667	4
QF_NRA_meti-tarski__atan-problem-2-weak-chunk-0100.smt2	0	C	0.007543	4
QF_NRA_meti-tarski__atan-problem-2-weak-chunk-0100.smt2	0	M	0.009292	4
QF_NRA_meti-tarski__atan-problem-2-weak-chunk-0225.smt2	0	B	0.0055	0
QF_NRA_meti-tarski__atan-problem-2-weak-chunk-0225.smt2	0	C	0.004875	0
QF_NRA_meti-tarski__atan-problem-2-weak-chunk-0225.smt2	0	M	0.004542	0
QF_NRA_meti-tarski__atan-problem-2-weak-chunk-0225.smt2	0	A	0.0065	0
QF_NRA_meti-tarski__atan-problem-2-weakT-chunk-0054.smt2	0	C	0.006834	2
QF_NRA_meti-tarski__atan-problem-2-weakT-chunk-0054.smt2	0	M	0.00775	2
QF_NRA_meti-tarski__atan-problem-2-weakT-chunk-0054.smt2	0	A	0.006374	2
QF_NRA_meti-tarski__atan-problem-2-weakT-chunk-0054.smt2	0	B	0.007583	2
QF_NRA_meti-tarski__atan-vega-3-chunk-0434.smt2	0	M	0.007209	0
QF_NRA_meti-tarski__atan-vega-3-chunk-0434.smt2	0	A	0.005333	0
QF_NRA_meti-tarski__atan-vega-3-chunk-0434.smt2	0	B	0.005625	0
QF_NRA_meti-tarski__atan-vega-3-chunk-0434.smt2	0	C	0.007	0
QF_NRA_meti-tarski__atan-vega-3-chunk-0489.smt2	0	A	0.007125	0
QF_NRA_meti-tarski__atan-vega-3-chunk-0489.smt2	0	B	0.007125	0
QF_NRA_meti-tarski__atan-vega-3-chunk-0489.smt2	0	C	0.006583	0
QF_NRA_meti-tarski__atan-vega-3-chunk-0489.smt2	0	M	0.005	0
QF_NRA_meti-tarski__atan-vega-3-chunk-0640.smt2	0	B	0.006125	0
QF_NRA_meti-tarski__atan-vega-3-chunk-0640.smt2	0	C	0.004625	0
QF_NRA_meti-tarski__atan-vega-3-chunk-0640.smt2	0	M	0.0055	0
QF_NRA_meti-tarski__atan-vega-3-chunk-0640.smt2	0	A	0.004833	0
QF_NRA_meti-tarski__atan-vega-3-weak-chunk-0195.smt2	0	C	0.005333	0
QF_NRA_meti-tarski__atan-vega-3-weak-chunk-0195.smt2	0	M	0.00675	0
QF_NRA_meti-tarski__atan-vega-3-weak-chunk-0195.smt2	0	A	0.005333	0
QF_NRA_meti-tarski__atan-vega-3-weak-chunk-0195.smt2	0	B	0.006125	0
QF_NRA_meti-tarski__atan-vega-3-weak-chunk-0243.smt2	0	M	0.004083	0
QF_NRA_meti-tarski__atan-vega-3-weak-chunk-0243.smt2	0	A	0.006416	0
QF_NRA_meti-tarski__atan-vega-3-weak-chunk-0243.smt2	0	B	0.006375	0
QF_NRA_meti-tarski__atan-vega-3-weak-chunk-0243.smt2	0	C	0.004958	0
QF_NRA_meti-tarski__atan-vega-3-weak-chunk-0360.smt2	0	A	0.005333	0
QF_NRA_meti-tarski__atan-vega-3-weak-chunk-0360.smt2	0	B	0.005958	0
QF_NRA_meti-tarski__atan-vega-3-weak-chunk-0360.smt2	0	C	0.0055	0
QF_NRA_meti-tarski__atan-vega-3-weak-chunk-0360.smt2	0	M	0.007833	0
QF_NRA_meti-tarski__atan-vega-3-weak-chunk-0435.smt2	0	B	0.025625	3
QF_NRA_meti-tarski__atan-vega-3-weak-chunk-0435.smt2	0	C	0.023042	3
QF_NRA_meti-tarski__atan-vega-3-weak-chunk-0435.smt2	0	M	0.013792	3
QF_NRA_meti-tarski__atan-vega-3-weak-chunk-0435.smt2	0	A	0.020792	3
QF_NRA_meti-tarski__atan-vega-3-weak-chunk-0622.smt2	0	C	0.007166	0
QF_NRA_meti-tarski__atan-vega-3-weak-chunk-0622.smt2	0	M	0.004875	0
QF_NRA_meti-tarski__atan-vega-3-weak-chunk-0622.smt2	0	A	0.006208	0
QF_NRA_meti-tarski__atan-vega-3-weak-chunk-0622.smt2	0	B	0.008625	0
QF_NRA_meti-tarski__exp-problem-10-2-chunk-0145.smt2	0	M	0.007084	0
QF_NRA_meti-tarski__exp-problem-10-2-chunk-0145.smt2	0	A	0.0055	0
QF_NRA_meti-tarski__exp-problem-10-2-chunk-0145.smt2	0	B	0.006042	0
QF_NRA_meti-tarski__exp-problem-10-2-chunk-0145.smt2	0	C	0.005209	0
QF_NRA_meti-tarski__exp-problem-10-2-chunk-0295.smt2	0	A	0.007874	7
QF_NRA_meti-tarski__exp-problem-10-2-chunk-0295.smt2	0	B	0.011167	7
QF_NRA_meti-tarski__exp-problem-10-2-chunk-0295.smt2	0	C	0.008915	7
QF_NRA_meti-tarski__exp-problem-10-2-chunk-0295.smt2	0	M	0.013	7
QF_NRA_meti-tarski__exp-problem-10-3-chunk-0187.smt2	0	B	0.007083	1
QF_NRA_meti-tarski__exp-problem-10-3-chunk-0187.smt2	0	C	0.006333	1
QF_NRA_meti-tarski__exp-problem-10-3-chunk-0187.smt2	0	M	0.007208	1
QF_NRA_meti-tarski__exp-problem-10-3-chunk-0187.smt2	0	A	0.006	1
QF_NRA_meti-tarski__exp-problem-10-3-weak-chunk-0042.smt2	0	C	0.013792	1
QF_NRA_meti-tarski__exp-problem-10-3-weak-chunk-0042.smt2	0	M	0.008166	1
QF_NRA_meti-tarski__exp-problem-10-3-weak-chunk-0042.smt2	0	A	0.013	1
QF_NRA_meti-tarski__exp-problem-10-3-weak-chunk-0042.smt2	0	B	0.014084	1
QF_NRA_meti-tarski__exp-problem-10-3-weak-chunk-0129.smt2	0	M	0.009208	1
QF_NRA_meti-tarski__exp-problem-10-3-weak-chunk-0129.smt2	0	A	0.006459	1
QF_NRA_meti-tarski__exp-problem-10-3-weak-chunk-0129.smt2	0	B	0.008708	1
QF_NRA_meti-tarski__exp-problem-10-3-weak-chunk-0129.smt2	0	C	0.006626	1
QF_NRA_meti-tarski__polypaver-bench-sqrt-3d-chunk-0407.smt2	0	A	0.010708	2
QF_NRA_meti-tarski__polypaver-bench-sqrt-3d-chunk-0407.smt2	0	B	0.010292	2
QF_NRA_meti-tarski__polypaver-bench-sqrt-3d-chunk-0407.smt2	0	C	0.008542	2
QF_NRA_meti-tarski__polypaver-bench-sqrt-3d-chunk-0407.smt2	0	M	0.006667	2
QF_NRA_meti-tarski__polypaver-bench-sqrt-3d-chunk-0437.smt2	0	B	0.046667	14
QF_NRA_meti-tarski__polypaver-bench-sqrt-3d-chunk-0437.smt2	0	C	0.04025	14
QF_NRA_meti-tarski__polypaver-bench-sqrt-3d-chunk-0437.smt2	0	M	0.029584	14
QF_NRA_meti-tarski__polypaver-bench-sqrt-3d-chunk-0437.smt2	0	A	0.043166	14
QF_NRA_meti-tarski__polypaver-bench-sqrt-3d-chunk-0469.smt2	0	C	0.0125	8
QF_NRA_meti-tarski__polypaver-bench-sqrt-3d-chunk-0469.smt2	0	M	0.012208	8
QF_NRA_meti-tarski__polypaver-bench-sqrt-3d-chunk-0469.smt2	0	A	0.010292	8
QF_NRA_meti-tarski__polypaver-bench-sqrt-3d-chunk-0469.smt2	0	B	0.013792	8
QF_NRA_meti-tarski__sin-344-3-chunk-0046.smt2	0	M	0.007916	1
QF_NRA_meti-tarski__sin-344-3-chunk-0046.smt2	0	A	0.006166	1
QF_NRA_meti-tarski__sin-344-3-chunk-0046.smt2	0	B	0.006792	1
QF_NRA_meti-tarski__sin-344-3-chunk-0046.smt2	0	C	0.00625	1
QF_NRA_meti-tarski__sin-cos-346-b-chunk-0119.smt2	0	A	0.078166	6
QF_NRA_meti-tarski__sin-cos-346-b-chunk-0119.smt2	0	B	0.076959	6
QF_NRA_meti-tarski__sin-cos-346-b-chunk-0119.smt2	0	C	0.073959	6
QF_NRA_meti-tarski__sin-cos-346-b-chunk-0119.smt2	0	M	0.059167	6
QF_NRA_meti-tarski__sin-cos-346-b-chunk-0350.smt2	0	B	0.009792	2
QF_NRA_meti-tarski__sin-cos-346-b-chunk-0350.smt2	0	C	0.007917	2
QF_NRA_meti-tarski__sin-cos-346-b-chunk-0350.smt2	0	M	0.00725	2
QF_NRA_meti-tarski__sin-cos-346-b-chunk-0350.smt2	0	A	0.008166	2
QF_NRA_meti-tarski__sin-cos-346-b-chunk-0458.smt2	0	C	0.006833	2
QF_NRA_meti-tarski__sin-cos-346-b-chunk-0458.smt2	0	M	0.009041	2
QF_NRA_meti-tarski__sin-cos-346-b-chunk-0458.smt2	0	A	0.006542	2
QF_NRA_meti-tarski__sin-cos-346-b-chunk-0458.smt2	0	B	0.007583	2
QF_NRA_meti-tarski__sin-cos-346-b-chunk-0479.smt2	0	M	0.015167	2
QF_NRA_meti-tarski__sin-cos-346-b-chunk-0479.smt2	0	A	0.024584	2
QF_NRA_meti-tarski__sin-cos-346-b-chunk-0479.smt2	0	B	0.026292	2
QF_NRA_meti-tarski__sin-cos-346-b-chunk-0479.smt2	0	C	0.024417	2
QF_NRA_meti-tarski__sin-cos-346-b-chunk-0505.smt2	0	A	0.006041	2
QF_NRA_meti-tarski__sin-cos-346-b-chunk-0505.smt2	0	B	0.008334	2
QF_NRA_meti-tarski__sin-cos-346-b-chunk-0505.smt2	0	C	0.00675	2
QF_NRA_meti-tarski__sin-cos-346-b-chunk-0505.smt2	0	M	0.008375	2
QF_NRA_meti-tarski__sin-cos-346-b-chunk-0515.smt2	0	B	0.033208	6
QF_NRA_meti-tarski__sin-cos-346-b-chunk-0515.smt2	0	C	0.028208	6
QF_NRA_meti-tarski__sin-cos-346-b-chunk-0515.smt2	0	M	0.018709	6
QF_NRA_meti-tarski__sin-cos-346-b-chunk-0515.smt2	0	A	0.029707	6
QF_NRA_meti-tarski__sin-cos-346-b-chunk-0593.smt2	0	C	0.016166	2
QF_NRA_meti-tarski__sin-cos-346-b-chunk-0593.smt2	0	M	0.011542	2
QF_NRA_meti-tarski__sin-cos-346-b-chunk-0593.smt2	0	A	0.017916	2
QF_NRA_meti-tarski__sin-cos-346-b-chunk-0593.smt2	0	B	0.019791	2
QF_NRA_meti-tarski__sin-problem-7-chunk-0017.smt2	0	M	0.005416	2
QF_NRA_meti-tarski__sin-problem-7-chunk-0017.smt2	0	A	0.006292	2
QF_NRA_meti-tarski__sin-problem-7-chunk-0017.smt2	0	B	0.007084	2
QF_NRA_meti-tarski__sin-problem-7-chunk-0017.smt2	0	C	0.006333	2
QF_NRA_meti-tarski__sin-problem-7-chunk-0125.smt2	0	A	0.019334	8
QF_NRA_meti-tarski__sin-problem-7-chunk-0125.smt2	0	B	0.0235	8
QF_NRA_meti-tarski__sin-problem-7-chunk-0125.smt2	0	C	0.021375	8
QF_NRA_meti-tarski__sin-problem-7-chunk-0125.smt2	0	M	0.012333	8
QF_NRA_meti-tarski__sin-problem-7-chunk-0264.smt2	0	B	0.207542	20
QF_NRA_meti-tarski__sin-problem-7-chunk-0264.smt2	0	C	0.189625	20
QF_NRA_meti-tarski__sin-problem-7-chunk-0264.smt2	0	M	0.195418	20
QF_NRA_meti-tarski__sin-problem-7-chunk-0264.smt2	0	A	0.205706	20
QF_NRA_meti-tarski__sin-problem-7-weak2-chunk-0113.smt2	0	C	0.224709	24
QF_NRA_meti-tarski__sin-problem-7-weak2-chunk-0113.smt2	0	M	0.107706	24
QF_NRA_meti-tarski__sin-problem-7-weak2-chunk-0113.smt2	0	A	0.218915	24
QF_NRA_meti-tarski__sin-problem-7-weak2-chunk-0113.smt2	0	B	0.23404	24
QF_NRA_meti-tarski__sqrt-1mcosq-7-chunk-0023.smt2	0	M	0.006208	2
QF_NRA_meti-tarski__sqrt-1mcosq-7-chunk-0023.smt2	0	A	0.00625	2
QF_NRA_meti-tarski__sqrt-1mcosq-7-chunk-0023.smt2	0	B	0.007166	2
QF_NRA_meti-tarski__sqrt-1mcosq-7-chunk-0023.smt2	0	C	0.006375	2
QF_NRA_meti-tarski__sqrt-1mcosq-7-chunk-0094.smt2	0	A	0.018332	4
QF_NRA_meti-tarski__sqrt-1mcosq-7-chunk-0094.smt2	0	B	0.021042	4
QF_NRA_meti-tarski__sqrt-1mcosq-7-chunk-0094.smt2	0	C	0.016584	4
QF_NRA_meti-tarski__sqrt-1mcosq-7-chunk-0094.smt2	0	M	0.011792	4
QF_NRA_meti-tarski__sqrt-1mcosq-7-chunk-0190.smt2	0	B	0.152625	24
QF_NRA_meti-tarski__sqrt-1mcosq-7-chunk-0190.smt2	0	C	0.1495	24
QF_NRA_meti-tarski__sqrt-1mcosq-7-chunk-0190.smt2	0	M	0.070374	24
QF_NRA_meti-tarski__sqrt-1mcosq-7-chunk-0190.smt2	0	A	0.134207	24
QF_NRA_meti-tarski__sqrt-1mcosq-8-chunk-0045.smt2	0	C	0.006417	2
QF_NRA_meti-tarski__sqrt-1mcosq-8-chunk-0045.smt2	0	M	0.006583	2
QF_NRA_meti-tarski__sqrt-1mcosq-8-chunk-0045.smt2	0	A	0.006209	2
QF_NRA_meti-tarski__sqrt-1mcosq-8-chunk-0045.smt2	0	B	0.00725	2
QF_NRA_meti-tarski__sqrt-1mcosq-8-chunk-0092.smt2	0	M	0.013833	4
QF_NRA_meti-tarski__sqrt-1mcosq-8-chunk-0092.smt2	0	A	0.020375	4
QF_NRA_meti-tarski__sqrt-1mcosq-8-chunk-0092.smt2	0	B	0.019625	4
QF_NRA_meti-tarski__sqrt-1mcosq-8-chunk-0092.smt2	0	C	0.020916	4
QF_NRA_meti-tarski__sqrt-1mcosq-8-chunk-0116.smt2	0	A	0.09475	6
QF_NRA_meti-tarski__sqrt-1mcosq-8-chunk-0116.smt2	0	B	0.094375	6
QF_NRA_meti-tarski__sqrt-1mcosq-8-chunk-0116.smt2	0	C	0.096166	6
QF_NRA_meti-tarski__sqrt-1mcosq-8-chunk-0116.smt2	0	M	0.050707	6
QF_NRA_meti-tarski__sqrt-1mcosq-8-chunk-0130.smt2	0	B	0.08725	4
QF_NRA_meti-tarski__sqrt-1mcosq-8-chunk-0130.smt2	0	C	0.094417	4
QF_NRA_meti-tarski__sqrt-1mcosq-8-chunk-0130.smt2	0	M	0.052167	4
QF_NRA_meti-tarski__sqrt-1mcosq-8-chunk-0130.smt2	0	A	0.098	4
QF_NRA_meti-tarski__sqrt-1mcosq-8-chunk-0164.smt2	0	C	0.017625	2
QF_NRA_meti-tarski__sqrt-1mcosq-8-chunk-0164.smt2	0	M	0.009292	2
QF_NRA_meti-tarski__sqrt-1mcosq-8-chunk-0164.smt2	0	A	0.015	2
QF_NRA_meti-tarski__sqrt-1mcosq-8-chunk-0164.smt2	0	B	0.01675	2
QF_NRA_meti-tarski__sqrt-1mcosq-8-chunk-0447.smt2	0	M	0.2615	6
QF_NRA_meti-tarski__sqrt-1mcosq-8-chunk-0447.smt2	0	A	0.190125	6
QF_NRA_meti-tarski__sqrt-1mcosq-8-chunk-0447.smt2	0	B	0.198083	6
QF_NRA_meti-tarski__sqrt-1mcosq-8-chunk-0447.smt2	0	C	0.186042	6
QF_NRA_meti-tarski__sqrt-1mcosq-8-chunk-0531.smt2	0	A	0.015125	2
QF_NRA_meti-tarski__sqrt-1mcosq-8-chunk-0531.smt2	0	B	0.015417	2
QF_NRA_meti-tarski__sqrt-1mcosq-8-chunk-0531.smt2	0	C	0.015083	2
QF_NRA_meti-tarski__sqrt-1mcosq-8-chunk-0531.smt2	0	M	0.01125	2
QF_NRA_meti-tarski__sqrt-1mcosq-8-chunk-0674.smt2	0	B	0.184458	6
QF_NRA_meti-tarski__sqrt-1mcosq-8-chunk-0674.smt2	0	C	0.188458	6
QF_NRA_meti-tarski__sqrt-1mcosq-8-chunk-0674.smt2	0	M	0.253917	6
QF_NRA_meti-tarski__sqrt-1mcosq-8-chunk-0674.smt2	0	A	0.19075	6
QF_NRA_meti-tarski__sqrt-problem-12vars3-chunk-0033.smt2	0	C	0.006	2
QF_NRA_meti-tarski__sqrt-problem-12vars3-chunk-0033.smt2	0	M	0.006083	2
QF_NRA_meti-tarski__sqrt-problem-12vars3-chunk-0033.smt2	0	A	0.0055	2
QF_NRA_meti-tarski__sqrt-problem-12vars3-chunk-0033.smt2	0	B	0.007125	2
QF_NRA_meti-tarski__sqrt-problem-13-sqrt1-chunk-0051.smt2	0	M	0.005791	2
QF_NRA_meti-tarski__sqrt-problem-13-sqrt1-chunk-0051.smt2	0	A	0.006333	2
QF_NRA_meti-tarski__sqrt-problem-13-sqrt1-chunk-0051.smt2	0	B	0.007083	2
QF_NRA_meti-tarski__sqrt-problem-13-sqrt1-chunk-0051.smt2	0	C	0.006584	2
QF_NRA_meti-tarski__sqrt-problem-Melquiond2-chunk-0041.smt2	0	A	0.022251	8
QF_NRA_meti-tarski__sqrt-problem-Melquiond2-chunk-0041.smt2	0	B	0.032541	8
QF_NRA_meti-tarski__sqrt-problem-Melquiond2-chunk-0041.smt2	0	C	0.021875	8
QF_NRA_meti-tarski__sqrt-problem-Melquiond2-chunk-0041.smt2	0	M	0.015876	8
QF_NRA_zankl__matrix-1-all-41.smt2	0	B	0.018626	12
QF_NRA_zankl__matrix-1-all-41.smt2	0	C	0.014291	12
QF_NRA_zankl__matrix-1-all-41.smt2	0	M	0.014084	12
QF_NRA_zankl__matrix-1-all-41.smt2	0	A	0.012417	12
QF_NRA_zankl__matrix-3-all-16.smt2	0	C	0.006542	2
QF_NRA_zankl__matrix-3-all-16.smt2	0	M	0.006083	2
QF_NRA_zankl__matrix-3-all-16.smt2	0	A	0.006	2
QF_NRA_zankl__matrix-3-all-16.smt2	0	B	0.006791	2
QF_NRA_zankl__matrix-3-all-17.smt2	0	M	0.007791	2
QF_NRA_zankl__matrix-3-all-17.smt2	0	A	0.006916	2
QF_NRA_zankl__matrix-3-all-17.smt2	0	B	0.008291	2
QF_NRA_zankl__matrix-3-all-17.smt2	0	C	0.007166	2
QF_NRA_zankl__matrix-4-all-21.smt2	0	A	0.008166	4
QF_NRA_zankl__matrix-4-all-21.smt2	0	B	0.010667	4
QF_NRA_zankl__matrix-4-all-21.smt2	0	C	0.0075	4
QF_NRA_zankl__matrix-4-all-21.smt2	0	M	0.012126	4
QF_NRA_zankl__matrix-4-all-22.smt2	0	B	0.0065	2
QF_NRA_zankl__matrix-4-all-22.smt2	0	C	0.006208	2
QF_NRA_zankl__matrix-4-all-22.smt2	0	M	0.0065	2
QF_NRA_zankl__matrix-4-all-22.smt2	0	A	0.006334	2
AUFNIRA_nasa__cl5_nebula_norm_0017.fof.smt2	1	B	0.014916	4
AUFNIRA_nasa__cl5_nebula_norm_0017.fof.smt2	1	C	0.010458	4
AUFNIRA_nasa__cl5_nebula_norm_0017.fof.smt2	1	M	0.012832	4
AUFNIRA_nasa__cl5_nebula_norm_0017.fof.smt2	1	A	0.011084	4
AUFNIRA_nasa__cl5_nebula_norm_0067.fof.smt2	1	C	0.309875	344
AUFNIRA_nasa__cl5_nebula_norm_0067.fof.smt2	1	M	0.301082	344
AUFNIRA_nasa__cl5_nebula_norm_0067.fof.smt2	1	A	0.296421	344
AUFNIRA_nasa__cl5_nebula_norm_0067.fof.smt2	1	B	0.371048	344
NRA_20220222-cut-three-circles__cut-out-1.smt2	1	M	0.010125	6
NRA_20220222-cut-three-circles__cut-out-1.smt2	1	A	0.012167	6
NRA_20220222-cut-three-circles__cut-out-1.smt2	1	B	0.012792	6
NRA_20220222-cut-three-circles__cut-out-1.smt2	1	C	0.012333	6
NRA_20220222-cut-three-circles__cut-out-2.smt2	1	A	0.02229	34
NRA_20220222-cut-three-circles__cut-out-2.smt2	1	B	0.031166	34
NRA_20220222-cut-three-circles__cut-out-2.smt2	1	C	0.0225	34
NRA_20220222-cut-three-circles__cut-out-2.smt2	1	M	0.029708	34
QF_NIA_20170427-VeryMax__From_AProVE_2014__MainCopy.jar-obl-10__p10363_edge_closing_0.smt2	1	B	0.054835	70
QF_NIA_20170427-VeryMax__From_AProVE_2014__MainCopy.jar-obl-10__p10363_edge_closing_0.smt2	1	C	0.045168	70
QF_NIA_20170427-VeryMax__From_AProVE_2014__MainCopy.jar-obl-10__p10363_edge_closing_0.smt2	1	M	0.056794	70
QF_NIA_20170427-VeryMax__From_AProVE_2014__MainCopy.jar-obl-10__p10363_edge_closing_0.smt2	1	A	0.038834	70
QF_NIA_20170427-VeryMax__From_AProVE_2014__Test7.jar-obl-11__p12895_safety_0.smt2	1	C	0.077458	145
QF_NIA_20170427-VeryMax__From_AProVE_2014__Test7.jar-obl-11__p12895_safety_0.smt2	1	M	0.11409	145
QF_NIA_20170427-VeryMax__From_AProVE_2014__Test7.jar-obl-11__p12895_safety_0.smt2	1	A	0.07062	145
QF_NIA_20170427-VeryMax__From_AProVE_2014__Test7.jar-obl-11__p12895_safety_0.smt2	1	B	0.096915	145
QF_NIA_20170427-VeryMax__From_AProVE_2014__Velroyen08-factorial.jar-obl-8__p13794_terminationG_0.smt2	1	M	0.14208	204
QF_NIA_20170427-VeryMax__From_AProVE_2014__Velroyen08-factorial.jar-obl-8__p13794_terminationG_0.smt2	1	A	0.106131	204
QF_NIA_20170427-VeryMax__From_AProVE_2014__Velroyen08-factorial.jar-obl-8__p13794_terminationG_0.smt2	1	B	0.147963	204
QF_NIA_20170427-VeryMax__From_AProVE_2014__Velroyen08-factorial.jar-obl-8__p13794_terminationG_0.smt2	1	C	0.114382	204
QF_NIA_20170427-VeryMax__From_AProVE_2014__juHashMapCreate.jar-obl-10__p5055_safety_0.smt2	1	A	0.511817	1195
QF_NIA_20170427-VeryMax__From_AProVE_2014__juHashMapCreate.jar-obl-10__p5055_safety_0.smt2	1	B	0.678115	1195
QF_NIA_20170427-VeryMax__From_AProVE_2014__juHashMapCreate.jar-obl-10__p5055_safety_0.smt2	1	C	0.531671	1195
QF_NIA_20170427-VeryMax__From_AProVE_2014__juHashMapCreate.jar-obl-10__p5055_safety_0.smt2	1	M	0.976497	1195
QF_NIA_20170427-VeryMax__From_AProVE_2014__juHashMapCreateClear.jar-obl-11__p30137_safety_0.smt2	1	B	0.056372	78
QF_NIA_20170427-VeryMax__From_AProVE_2014__juHashMapCreateClear.jar-obl-11__p30137_safety_0.smt2	1	C	0.040124	78
QF_NIA_20170427-VeryMax__From_AProVE_2014__juHashMapCreateClear.jar-obl-11__p30137_safety_0.smt2	1	M	0.060209	78
QF_NIA_20170427-VeryMax__From_AProVE_2014__juHashMapCreateClear.jar-obl-11__p30137_safety_0.smt2	1	A	0.038043	78
QF_NIA_20170427-VeryMax__From_AProVE_2014__juHashMapCreateContainsKey.jar-obl-11__p30854_safety_0.smt2	1	C	0.031291	26
QF_NIA_20170427-VeryMax__From_AProVE_2014__juHashMapCreateContainsKey.jar-obl-11__p30854_safety_0.smt2	1	M	0.026875	26
QF_NIA_20170427-VeryMax__From_AProVE_2014__juHashMapCreateContainsKey.jar-obl-11__p30854_safety_0.smt2	1	A	0.024124	26
QF_NIA_20170427-VeryMax__From_AProVE_2014__juHashMapCreateContainsKey.jar-obl-11__p30854_safety_0.smt2	1	B	0.029543	26
QF_NIA_20170427-VeryMax__From_AProVE_2014__juHashMapCreateContainsKey.jar-obl-11__p31075_safety_0.smt2	1	M	0.431838	368
QF_NIA_20170427-VeryMax__From_AProVE_2014__juHashMapCreateContainsKey.jar-obl-11__p31075_safety_0.smt2	1	A	0.205531	368
QF_NIA_20170427-VeryMax__From_AProVE_2014__juHashMapCreateContainsKey.jar-obl-11__p31075_safety_0.smt2	1	B	0.281498	368
QF_NIA_20170427-VeryMax__From_AProVE_2014__juHashMapCreateContainsKey.jar-obl-11__p31075_safety_0.smt2	1	C	0.230001	368
QF_NIA_20170427-VeryMax__From_AProVE_2014__juHashMapCreateContainsKey.jar-obl-11__p31778_safety_0.smt2	1	A	0.124624	254
QF_NIA_20170427-VeryMax__From_AProVE_2014__juHashMapCreateContainsKey.jar-obl-11__p31778_safety_0.smt2	1	B	0.176579	254
QF_NIA_20170427-VeryMax__From_AProVE_2014__juHashMapCreateContainsKey.jar-obl-11__p31778_safety_0.smt2	1	C	0.140462	254
QF_NIA_20170427-VeryMax__From_AProVE_2014__juHashMapCreateContainsKey.jar-obl-11__p31778_safety_0.smt2	1	M	0.378121	254
QF_NIA_20170427-VeryMax__From_AProVE_2014__juHashMapCreateContainsValue.jar-obl-11__p31970_safety_0.smt2	1	B	0.014833	10
QF_NIA_20170427-VeryMax__From_AProVE_2014__juHashMapCreateContainsValue.jar-obl-11__p31970_safety_0.smt2	1	C	0.013544	10
QF_NIA_20170427-VeryMax__From_AProVE_2014__juHashMapCreateContainsValue.jar-obl-11__p31970_safety_0.smt2	1	M	0.016208	10
QF_NIA_20170427-VeryMax__From_AProVE_2014__juHashMapCreateContainsValue.jar-obl-11__p31970_safety_0.smt2	1	A	0.013085	10
QF_NIA_20170427-VeryMax__From_AProVE_2014__juHashMapCreateContainsValue.jar-obl-11__p32093_safety_0.smt2	1	C	0.140416	220
QF_NIA_20170427-VeryMax__From_AProVE_2014__juHashMapCreateContainsValue.jar-obl-11__p32093_safety_0.smt2	1	M	0.270166	220
QF_NIA_20170427-VeryMax__From_AProVE_2014__juHashMapCreateContainsValue.jar-obl-11__p32093_safety_0.smt2	1	A	0.124257	220
QF_NIA_20170427-VeryMax__From_AProVE_2014__juHashMapCreateContainsValue.jar-obl-11__p32093_safety_0.smt2	1	B	0.175746	220
QF_NIA_20170427-VeryMax__From_AProVE_2014__juHashMapCreateIsEmpty.jar-obl-10__p1579_safety_0.smt2	1	M	1.43605	1388
QF_NIA_20170427-VeryMax__From_AProVE_2014__juHashMapCreateIsEmpty.jar-obl-10__p1579_safety_0.smt2	1	A	0.789999	1388
QF_NIA_20170427-VeryMax__From_AProVE_2014__juHashMapCreateIsEmpty.jar-obl-10__p1579_safety_0.smt2	1	B	0.954694	1388
QF_NIA_20170427-VeryMax__From_AProVE_2014__juHashMapCreateIsEmpty.jar-obl-10__p1579_safety_0.smt2	1	C	0.812838	1388
QF_NIA_20170427-VeryMax__From_AProVE_2014__juHashMapCreateIsEmpty.jar-obl-10__p1900_safety_0.smt2	1	A	0.146247	282
QF_NIA_20170427-VeryMax__From_AProVE_2014__juHashMapCreateIsEmpty.jar-obl-10__p1900_safety_0.smt2	1	B	0.196917	282
QF_NIA_20170427-VeryMax__From_AProVE_2014__juHashMapCreateIsEmpty.jar-obl-10__p1900_safety_0.smt2	1	C	0.156747	282
QF_NIA_20170427-VeryMax__From_AProVE_2014__juHashMapCreateIsEmpty.jar-obl-10__p1900_safety_0.smt2	1	M	0.232966	282
QF_NIA_20170427-VeryMax__From_AProVE_2014__juHashMapCreateIteratorEntryLoop.jar-obl-12__p3002_safety_0.smt2	1	B	0.182342	320
QF_NIA_20170427-VeryMax__From_AProVE_2014__juHashMapCreateIteratorEntryLoop.jar-obl-12__p3002_safety_0.smt2	1	C	0.131713	320
QF_NIA_20170427-VeryMax__From_AProVE_2014__juHashMapCreateIteratorEntryLoop.jar-obl-12__p3002_safety_0.smt2	1	M	0.240919	320
QF_NIA_20170427-VeryMax__From_AProVE_2014__juHashMapCreateIteratorEntryLoop.jar-obl-12__p3002_safety_0.smt2	1	A	0.120913	320
QF_NIA_20170427-VeryMax__From_AProVE_2014__juHashMapCreatePut.jar-obl-10__p5968_safety_0.smt2	1	C	0.023875	24
QF_NIA_20170427-VeryMax__From_AProVE_2014__juHashMapCreatePut.jar-obl-10__p5968_safety_0.smt2	1	M	0.026375	24
QF_NIA_20170427-VeryMax__From_AProVE_2014__juHashMapCreatePut.jar-obl-10__p5968_safety_0.smt2	1	A	0.019749	24
QF_NIA_20170427-VeryMax__From_AProVE_2014__juHashMapCreatePut.jar-obl-10__p5968_safety_0.smt2	1	B	0.027917	24
QF_NIA_20170427-VeryMax__From_AProVE_2014__juHashMapCreatePut.jar-obl-10__p6107_safety_0.smt2	1	M	2.17188	1806
QF_NIA_20170427-VeryMax__From_AProVE_2014__juHashMapCreatePut.jar-obl-10__p6107_safety_0.smt2	1	A	1.39773	1806
QF_NIA_20170427-VeryMax__From_AProVE_2014__juHashMapCreatePut.jar-obl-10__p6107_safety_0.smt2	1	B	1.57584	1806
QF_NIA_20170427-VeryMax__From_AProVE_2014__juHashMapCreatePut.jar-obl-10__p6107_safety_0.smt2	1	C	1.2945	1806
QF_NIA_20170427-VeryMax__From_AProVE_2014__juHashMapCreateSize.jar-obl-10__p7163_safety_0.smt2	1	A	0.504461	553
QF_NIA_20170427-VeryMax__From_AProVE_2014__juHashMapCreateSize.jar-obl-10__p7163_safety_0.smt2	1	B	0.57303	553
QF_NIA_20170427-VeryMax__From_AProVE_2014__juHashMapCreateSize.jar-obl-10__p7163_safety_0.smt2	1	C	0.480252	553
QF_NIA_20170427-VeryMax__From_AProVE_2014__juHashMapCreateSize.jar-obl-10__p7163_safety_0.smt2	1	M	0.601159	553
QF_NIA_20170427-VeryMax__From_AProVE_2014__juHashMapCreateSize.jar-obl-10__p7575_safety_0.smt2	1	B	3.1794	4476
QF_NIA_20170427-VeryMax__From_AProVE_2014__juHashMapCreateSize.jar-obl-10__p7575_safety_0.smt2	1	C	2.57064	4476
QF_NIA_20170427-VeryMax__From_AProVE_2014__juHashMapCreateSize.jar-obl-10__p7575_safety_0.smt2	1	M	6.49955	4476
QF_NIA_20170427-VeryMax__From_AProVE_2014__juHashMapCreateSize.jar-obl-10__p7575_safety_0.smt2	1	A	2.41147	4476
QF_NIA_20170427-VeryMax__From_AProVE_2014__juLinkedListCreateAddAllAt.jar-obl-17__p8067_safety_0.smt2	1	C	0.019125	34
QF_NIA_20170427-VeryMax__From_AProVE_2014__juLinkedListCreateAddAllAt.jar-obl-17__p8067_safety_0.smt2	1	M	0.028541	34
QF_NIA_20170427-VeryMax__From_AProVE_2014__juLinkedListCreateAddAllAt.jar-obl-17__p8067_safety_0.smt2	1	A	0.017167	34
QF_NIA_20170427-VeryMax__From_AProVE_2014__juLinkedListCreateAddAllAt.jar-obl-17__p8067_safety_0.smt2	1	B	0.023163	34
QF_NIA_20170427-VeryMax__From_AProVE_2014__juLinkedListCreateAddAllAt.jar-obl-17__p8387_safety_0.smt2	1	M	0.00825	4
QF_NIA_20170427-VeryMax__From_AProVE_2014__juLinkedListCreateAddAllAt.jar-obl-17__p8387_safety_0.smt2	1	A	0.007125	4
QF_NIA_20170427-VeryMax__From_AProVE_2014__juLinkedListCreateAddAllAt.jar-obl-17__p8387_safety_0.smt2	1	B	0.00825	4
QF_NIA_20170427-VeryMax__From_AProVE_2014__juLinkedListCreateAddAllAt.jar-obl-17__p8387_safety_0.smt2	1	C	0.006625	4
QF_NIA_20170427-VeryMax__From_T2__afagp-fail.t2__p15460_terminationG_0.smt2	1	A	0.044251	83
QF_NIA_20170427-VeryMax__From_T2__afagp-fail.t2__p15460_terminationG_0.smt2	1	B	0.061287	83
QF_NIA_20170427-VeryMax__From_T2__afagp-fail.t2__p15460_terminationG_0.smt2	1	C	0.049875	83
QF_NIA_20170427-VeryMax__From_T2__afagp-fail.t2__p15460_terminationG_0.smt2	1	M	0.074336	83
QF_NIA_20170427-VeryMax__From_T2__compress.t2__p17866_terminationG_0.smt2	1	B	0.226508	345
QF_NIA_20170427-VeryMax__From_T2__compress.t2__p17866_terminationG_0.smt2	1	C	0.171696	345
QF_NIA_20170427-VeryMax__From_T2__compress.t2__p17866_terminationG_0.smt2	1	M	0.241891	345
QF_NIA_20170427-VeryMax__From_T2__compress.t2__p17866_terminationG_0.smt2	1	A	0.155082	345
QF_NIA_20170427-VeryMax__From_T2__consts3nt.t2_fixed__p18148_terminationG_0.smt2	1	C	0.009584	2
QF_NIA_20170427-VeryMax__From_T2__consts3nt.t2_fixed__p18148_terminationG_0.smt2	1	M	0.0065	2
QF_NIA_20170427-VeryMax__From_T2__consts3nt.t2_fixed__p18148_terminationG_0.smt2	1	A	0.010458	2
QF_NIA_20170427-VeryMax__From_T2__consts3nt.t2_fixed__p18148_terminationG_0.smt2	1	B	0.011375	2
QF_NIA_20170427-VeryMax__From_T2__edn.t2__p20109_safety_0.smt2	1	M	0.130245	174
QF_NIA_20170427-VeryMax__From_T2__edn.t2__p20109_safety_0.smt2	1	A	0.094955	174
QF_NIA_20170427-VeryMax__From_T2__edn.t2__p20109_safety_0.smt2	1	B	0.134874	174
QF_NIA_20170427-VeryMax__From_T2__edn.t2__p20109_safety_0.smt2	1	C	0.100338	174
QF_NIA_20170427-VeryMax__From_T2__edn.t2__p20654_safety_0.smt2	1	A	1.59279	2174
QF_NIA_20170427-VeryMax__From_T2__edn.t2__p20654_safety_0.smt2	1	B	1.77861	2174
QF_NIA_20170427-VeryMax__From_T2__edn.t2__p20654_safety_0.smt2	1	C	1.64135	2174
QF_NIA_20170427-VeryMax__From_T2__edn.t2__p20654_safety_0.smt2	1	M	1.57429	2174
QF_NIA_20170427-VeryMax__From_T2__edn.t2__p20682_safety_0.smt2	1	B	0.657139	887
QF_NIA_20170427-VeryMax__From_T2__edn.t2__p20682_safety_0.smt2	1	C	0.53026	887
QF_NIA_20170427-VeryMax__From_T2__edn.t2__p20682_safety_0.smt2	1	M	0.666122	887
QF_NIA_20170427-VeryMax__From_T2__edn.t2__p20682_safety_0.smt2	1	A	0.533134	887
QF_NIA_20170427-VeryMax__From_T2__ex36.t2__p29288_safety_0.smt2	1	C	1.21564	1863
QF_NIA_20170427-VeryMax__From_T2__ex36.t2__p29288_safety_0.smt2	1	M	1.26349	1863
QF_NIA_20170427-VeryMax__From_T2__ex36.t2__p29288_safety_0.smt2	1	A	1.10712	1863
QF_NIA_20170427-VeryMax__From_T2__ex36.t2__p29288_safety_0.smt2	1	B	1.31096	1863
QF_NIA_20170427-VeryMax__From_T2__foo.t2__terminationS_23_0.smt2	1	M	0.011793	10
QF_NIA_20170427-VeryMax__From_T2__foo.t2__terminationS_23_0.smt2	1	A	0.012916	10
QF_NIA_20170427-VeryMax__From_T2__foo.t2__terminationS_23_0.smt2	1	B	0.015793	10
QF_NIA_20170427-VeryMax__From_T2__foo.t2__terminationS_23_0.smt2	1	C	0.013291	10
QF_NIA_20170427-VeryMax__From_T2__fun9.t2__p1256_edge_closing_0.smt2	1	A	0.208369	526
QF_NIA_20170427-VeryMax__From_T2__fun9.t2__p1256_edge_closing_0.smt2	1	B	0.316255	526
QF_NIA_20170427-VeryMax__From_T2__fun9.t2__p1256_edge_closing_0.smt2	1	C	0.22405	526
QF_NIA_20170427-VeryMax__From_T2__fun9.t2__p1256_edge_closing_0.smt2	1	M	0.315962	526
QF_NIA_20170427-VeryMax__From_T2__fun9.t2__p1366_edge_closing_0.smt2	1	B	0.03679	42
QF_NIA_20170427-VeryMax__From_T2__fun9.t2__p1366_edge_closing_0.smt2	1	C	0.030501	42
QF_NIA_20170427-VeryMax__From_T2__fun9.t2__p1366_edge_closing_0.smt2	1	M	0.044793	42
QF_NIA_20170427-VeryMax__From_T2__fun9.t2__p1366_edge_closing_0.smt2	1	A	0.023375	42
QF_NIA_20170427-VeryMax__From_T2__hqr.c.i.hqr.pl.t2.nor.t2.rlgfixed.t2_fixed__terminationS_49_0.smt2	1	C	0.010333	2
QF_NIA_20170427-VeryMax__From_T2__hqr.c.i.hqr.pl.t2.nor.t2.rlgfixed.t2_fixed__terminationS_49_0.smt2	1	M	0.005959	2
QF_NIA_20170427-VeryMax__From_T2__hqr.c.i.hqr.pl.t2.nor.t2.rlgfixed.t2_fixed__terminationS_49_0.smt2	1	A	0.009416	2
QF_NIA_20170427-VeryMax__From_T2__hqr.c.i.hqr.pl.t2.nor.t2.rlgfixed.t2_fixed__terminationS_49_0.smt2	1	B	0.011125	2
QF_NIA_20170427-VeryMax__From_T2__hqr.c.i.hqr.pl.t2.nor.t2.rlgfixed.t2_fixed__terminationS_61_0.smt2	1	M	0.065585	64
QF_NIA_20170427-VeryMax__From_T2__hqr.c.i.hqr.pl.t2.nor.t2.rlgfixed.t2_fixed__terminationS_61_0.smt2	1	A	0.041832	64
QF_NIA_20170427-VeryMax__From_T2__hqr.c.i.hqr.pl.t2.nor.t2.rlgfixed.t2_fixed__terminationS_61_0.smt2	1	B	0.057413	64
QF_NIA_20170427-VeryMax__From_T2__hqr.c.i.hqr.pl.t2.nor.t2.rlgfixed.t2_fixed__terminationS_61_0.smt2	1	C	0.043373	64
QF_NIA_20170427-VeryMax__From_T2__janne_complex.t2__p2259_terminationG_0.smt2	1	A	0.022128	30
QF_NIA_20170427-VeryMax__From_T2__janne_complex.t2__p2259_terminationG_0.smt2	1	B	0.033958	30
QF_NIA_20170427-VeryMax__From_T2__janne_complex.t2__p2259_terminationG_0.smt2	1	C	0.026624	30
QF_NIA_20170427-VeryMax__From_T2__janne_complex.t2__p2259_terminationG_0.smt2	1	M	0.036626	30
QF_NIA_20170427-VeryMax__From_T2__matmul.t2__p2657_terminationG_0.smt2	1	B	0.033587	38
QF_NIA_20170427-VeryMax__From_T2__matmul.t2__p2657_terminationG_0.smt2	1	C	0.025165	38
QF_NIA_20170427-VeryMax__From_T2__matmul.t2__p2657_terminationG_0.smt2	1	M	0.035002	38
QF_NIA_20170427-VeryMax__From_T2__matmul.t2__p2657_terminationG_0.smt2	1	A	0.024502	38
QF_NIA_20170427-VeryMax__From_T2__n-7.t2_fixed__p4908_terminationG_0.smt2	1	C	0.029206	14
QF_NIA_20170427-VeryMax__From_T2__n-7.t2_fixed__p4908_terminationG_0.smt2	1	M	0.026834	14
QF_NIA_20170427-VeryMax__From_T2__n-7.t2_fixed__p4908_terminationG_0.smt2	1	A	0.029375	14
QF_NIA_20170427-VeryMax__From_T2__n-7.t2_fixed__p4908_terminationG_0.smt2	1	B	0.035125	14
QF_NIA_20170427-VeryMax__From_T2__s1-striped.t2__p12567_safety_0.smt2	1	M	0.014375	8
QF_NIA_20170427-VeryMax__From_T2__s1-striped.t2__p12567_safety_0.smt2	1	A	0.015459	8
QF_NIA_20170427-VeryMax__From_T2__s1-striped.t2__p12567_safety_0.smt2	1	B	0.018249	8
QF_NIA_20170427-VeryMax__From_T2__s1-striped.t2__p12567_safety_0.smt2	1	C	0.014999	8
QF_NIA_20170427-VeryMax__From_T2__s1-striped.t2__p13166_safety_0.smt2	1	A	0.012126	8
QF_NIA_20170427-VeryMax__From_T2__s1-striped.t2__p13166_safety_0.smt2	1	B	0.013832	8
QF_NIA_20170427-VeryMax__From_T2__s1-striped.t2__p13166_safety_0.smt2	1	C	0.011751	8
QF_NIA_20170427-VeryMax__From_T2__s1-striped.t2__p13166_safety_0.smt2	1	M	0.012917	8
QF_NIA_20170427-VeryMax__From_T2__s1-striped.t2__p13877_safety_0.smt2	1	B	0.009875	2
QF_NIA_20170427-VeryMax__From_T2__s1-striped.t2__p13877_safety_0.smt2	1	C	0.006959	2
QF_NIA_20170427-VeryMax__From_T2__s1-striped.t2__p13877_safety_0.smt2	1	M	0.012127	2
QF_NIA_20170427-VeryMax__From_T2__s1-striped.t2__p13877_safety_0.smt2	1	A	0.007375	2
QF_NIA_20170427-VeryMax__From_T2__s1.t2_fixed__p16651_safety_0.smt2	1	C	0.005625	2
QF_NIA_20170427-VeryMax__From_T2__s1.t2_fixed__p16651_safety_0.smt2	1	M	0.006083	2
QF_NIA_20170427-VeryMax__From_T2__s1.t2_fixed__p16651_safety_0.smt2	1	A	0.0065	2
QF_NIA_20170427-VeryMax__From_T2__s1.t2_fixed__p16651_safety_0.smt2	1	B	0.007083	2
QF_NIA_20170427-VeryMax__From_T2__s1.t2_fixed__p17151_safety_0.smt2	1	M	1.27306	1587
QF_NIA_20170427-VeryMax__From_T2__s1.t2_fixed__p17151_safety_0.smt2	1	A	1.05801	1587
QF_NIA_20170427-VeryMax__From_T2__s1.t2_fixed__p17151_safety_0.smt2	1	B	1.28897	1587
QF_NIA_20170427-VeryMax__From_T2__s1.t2_fixed__p17151_safety_0.smt2	1	C	1.10177	1587
QF_NIA_20170427-VeryMax__From_T2__slayer-3-filtered.t2__p21681_safety_0.smt2	1	A	1.64453	2935
QF_NIA_20170427-VeryMax__From_T2__slayer-3-filtered.t2__p21681_safety_0.smt2	1	B	2.17008	2935
QF_NIA_20170427-VeryMax__From_T2__slayer-3-filtered.t2__p21681_safety_0.smt2	1	C	1.7217	2935
QF_NIA_20170427-VeryMax__From_T2__slayer-3-filtered.t2__p21681_safety_0.smt2	1	M	1.97448	2935
QF_NIA_20170427-VeryMax__From_T2__slayer-3-filtered.t2__p21744_safety_0.smt2	1	B	0.11792	107
QF_NIA_20170427-VeryMax__From_T2__slayer-3-filtered.t2__p21744_safety_0.smt2	1	C	0.094128	107
QF_NIA_20170427-VeryMax__From_T2__slayer-3-filtered.t2__p21744_safety_0.smt2	1	M	0.093041	107
QF_NIA_20170427-VeryMax__From_T2__slayer-3-filtered.t2__p21744_safety_0.smt2	1	A	0.085752	107
QF_NIA_20170427-VeryMax__From_T2__slayer-3-new.t2_fixed__p21823_safety_0.smt2	1	C	0.016959	14
QF_NIA_20170427-VeryMax__From_T2__slayer-3-new.t2_fixed__p21823_safety_0.smt2	1	M	0.020665	14
QF_NIA_20170427-VeryMax__From_T2__slayer-3-new.t2_fixed__p21823_safety_0.smt2	1	A	0.017917	14
QF_NIA_20170427-VeryMax__From_T2__slayer-3-new.t2_fixed__p21823_safety_0.smt2	1	B	0.020541	14
QF_NIA_20170427-VeryMax__From_T2__slayer-n5-filtered.t2__p23330_terminationG_0.smt2	1	M	0.008792	4
QF_NIA_20170427-VeryMax__From_T2__slayer-n5-filtered.t2__p23330_terminationG_0.smt2	1	A	0.010625	4
QF_NIA_20170427-VeryMax__From_T2__slayer-n5-filtered.t2__p23330_terminationG_0.smt2	1	B	0.013292	4
QF_NIA_20170427-VeryMax__From_T2__slayer-n5-filtered.t2__p23330_terminationG_0.smt2	1	C	0.011584	4
QF_NIA_20170427-VeryMax__From_T2__slayer-n5-filtered.t2__p23398_safety_0.smt2	1	A	0.315915	727
QF_NIA_20170427-VeryMax__From_T2__slayer-n5-filtered.t2__p23398_safety_0.smt2	1	B	0.4233	727
QF_NIA_20170427-VeryMax__From_T2__slayer-n5-filtered.t2__p23398_safety_0.smt2	1	C	0.333544	727
QF_NIA_20170427-VeryMax__From_T2__slayer-n5-filtered.t2__p23398_safety_0.smt2	1	M	0.454032	727
QF_NIA_20170427-VeryMax__From_T2__svdcmp.t2_fixed__term_unfeasibility_11_0.smt2	1	B	0.024081	20
QF_NIA_20170427-VeryMax__From_T2__svdcmp.t2_fixed__term_unfeasibility_11_0.smt2	1	C	0.020084	20
QF_NIA_20170427-VeryMax__From_T2__svdcmp.t2_fixed__term_unfeasibility_11_0.smt2	1	M	0.020043	20
QF_NIA_20170427-VeryMax__From_T2__svdcmp.t2_fixed__term_unfeasibility_11_0.smt2	1	A	0.018082	20
QF_NIA_20170427-VeryMax__From_T2__zlib-adler32.c.t2__p25934_safety_0.smt2	1	C	0.026836	28
QF_NIA_20170427-VeryMax__From_T2__zlib-adler32.c.t2__p25934_safety_0.smt2	1	M	0.031836	28
QF_NIA_20170427-VeryMax__From_T2__zlib-adler32.c.t2__p25934_safety_0.smt2	1	A	0.022875	28
QF_NIA_20170427-VeryMax__From_T2__zlib-adler32.c.t2__p25934_safety_0.smt2	1	B	0.030667	28
QF_NIA_20170427-VeryMax__Stroeder_15__4NestedWith3Variables_true-termination.c__p20203_terminationG_0.smt2	1	M	1.74452	2258
QF_NIA_20170427-VeryMax__Stroeder_15__4NestedWith3Variables_true-termination.c__p20203_terminationG_0.smt2	1	A	1.83851	2258
QF_NIA_20170427-VeryMax__Stroeder_15__4NestedWith3Variables_true-termination.c__p20203_terminationG_0.smt2	1	B	2.22071	2258
QF_NIA_20170427-VeryMax__Stroeder_15__4NestedWith3Variables_true-termination.c__p20203_terminationG_0.smt2	1	C	1.87853	2258
QF_NIA_20170427-VeryMax__Stroeder_15__GulwaniJainKoskinen-PLDI2009-Fig1_true-termination.c__p23679_edge_closing_0.smt2	1	A	0.06175	20
QF_NIA_20170427-VeryMax__Stroeder_15__GulwaniJainKoskinen-PLDI2009-Fig1_true-termination.c__p23679_edge_closing_0.smt2	1	B	0.075166	20
QF_NIA_20170427-VeryMax__Stroeder_15__GulwaniJainKoskinen-PLDI2009-Fig1_true-termination.c__p23679_edge_closing_0.smt2	1	C	0.07025	20
QF_NIA_20170427-VeryMax__Stroeder_15__GulwaniJainKoskinen-PLDI2009-Fig1_true-termination.c__p23679_edge_closing_0.smt2	1	M	0.043375	20
QF_NIA_20170427-VeryMax__Stroeder_15__GulwaniJainKoskinen-PLDI2009-Fig1_true-termination.c__p23704_edge_closing_0.smt2	1	B	0.011626	2
QF_NIA_20170427-VeryMax__Stroeder_15__GulwaniJainKoskinen-PLDI2009-Fig1_true-termination.c__p23704_edge_closing_0.smt2	1	C	0.008833	2
QF_NIA_20170427-VeryMax__Stroeder_15__GulwaniJainKoskinen-PLDI2009-Fig1_true-termination.c__p23704_edge_closing_0.smt2	1	M	0.008417	2
QF_NIA_20170427-VeryMax__Stroeder_15__GulwaniJainKoskinen-PLDI2009-Fig1_true-termination.c__p23704_edge_closing_0.smt2	1	A	0.009542	2
QF_NIA_20170427-VeryMax__Stroeder_15__svcomp_ex2.c__p25876_terminationG_0.smt2	1	C	0.010041	2
QF_NIA_20170427-VeryMax__Stroeder_15__svcomp_ex2.c__p25876_terminationG_0.smt2	1	M	0.008292	2
QF_NIA_20170427-VeryMax__Stroeder_15__svcomp_ex2.c__p25876_terminationG_0.smt2	1	A	0.010542	2
QF_NIA_20170427-VeryMax__Stroeder_15__svcomp_ex2.c__p25876_terminationG_0.smt2	1	B	0.011749	2
QF_NIA_20170427-VeryMax__Stroeder_15__svcomp_ex2.c__p25913_terminationG_0.smt2	1	M	0.370793	523
QF_NIA_20170427-VeryMax__Stroeder_15__svcomp_ex2.c__p25913_terminationG_0.smt2	1	A	0.339093	523
QF_NIA_20170427-VeryMax__Stroeder_15__svcomp_ex2.c__p25913_terminationG_0.smt2	1	B	0.345085	523
QF_NIA_20170427-VeryMax__Stroeder_15__svcomp_ex2.c__p25913_terminationG_0.smt2	1	C	0.271507	523
QF_NIA_20210219-Dartagnan__lcm2_unwindbound10-O0.smt2	1	A	0.010125	2
QF_NIA_20210219-Dartagnan__lcm2_unwindbound10-O0.smt2	1	B	0.011583	2
QF_NIA_20210219-Dartagnan__lcm2_unwindbound10-O0.smt2	1	C	0.009375	2
QF_NIA_20210219-Dartagnan__lcm2_unwindbound10-O0.smt2	1	M	0.008833	2
QF_NIA_20220315-MathProblems__MS_07.smt2	1	B	1.57301	3518
QF_NIA_20220315-MathProblems__MS_07.smt2	1	C	1.08676	3518
QF_NIA_20220315-MathProblems__MS_07.smt2	1	M	1.99323	3518
QF_NIA_20220315-MathProblems__MS_07.smt2	1	A	0.935578	3518
QF_NIA_20220315-MathProblems__SF_11.smt2	1	C	0.012625	3
QF_NIA_20220315-MathProblems__SF_11.smt2	1	M	0.011375	3
QF_NIA_20220315-MathProblems__SF_11.smt2	1	A	0.012708	3
QF_NIA_20220315-MathProblems__SF_11.smt2	1	B	0.016416	3
QF_NIA_20220315-MathProblems__STC_0030.smt2	1	M	8.83547	9772
QF_NIA_20220315-MathProblems__STC_0030.smt2	1	A	5.00103	9772
QF_NIA_20220315-MathProblems__STC_0030.smt2	1	B	7.61516	9772
QF_NIA_20220315-MathProblems__STC_0030.smt2	1	C	5.28095	9772
QF_NIA_20220315-MathProblems__STC_0148.smt2	1	A	4.66552	9264
QF_NIA_20220315-MathProblems__STC_0148.smt2	1	B	7.11893	9264
QF_NIA_20220315-MathProblems__STC_0148.smt2	1	C	5.00782	9264
QF_NIA_20220315-MathProblems__STC_0148.smt2	1	M	7.94693	9264
QF_NIA_20220315-MathProblems__STC_0157.smt2	1	B	9.38588	12123
QF_NIA_20220315-MathProblems__STC_0157.smt2	1	C	6.84503	12123
QF_NIA_20220315-MathProblems__STC_0157.smt2	1	M	10.3159	12123
QF_NIA_20220315-MathProblems__STC_0157.smt2	1	A	6.11564	12123
QF_NIA_20220315-MathProblems__STC_0173.smt2	1	C	6.18125	11212
QF_NIA_20220315-MathProblems__STC_0173.smt2	1	M	9.56509	11212
QF_NIA_20220315-MathProblems__STC_0173.smt2	1	A	5.62747	11212
QF_NIA_20220315-MathProblems__STC_0173.smt2	1	B	9.10517	11212
QF_NIA_20220315-MathProblems__STC_0176.smt2	1	M	8.74999	10116
QF_NIA_20220315-MathProblems__STC_0176.smt2	1	A	4.93331	10116
QF_NIA_20220315-MathProblems__STC_0176.smt2	1	B	7.91449	10116
QF_NIA_20220315-MathProblems__STC_0176.smt2	1	C	5.45857	10116
QF_NIA_20220315-MathProblems__STC_0183.smt2	1	A	5.17139	10134
QF_NIA_20220315-MathProblems__STC_0183.smt2	1	B	7.79403	10134
QF_NIA_20220315-MathProblems__STC_0183.smt2	1	C	5.38584	10134
QF_NIA_20220315-MathProblems__STC_0183.smt2	1	M	8.56365	10134
QF_NIA_20220315-MathProblems__STC_0187.smt2	1	B	8.30085	10563
QF_NIA_20220315-MathProblems__STC_0187.smt2	1	C	5.76239	10563
QF_NIA_20220315-MathProblems__STC_0187.smt2	1	M	9.02774	10563
QF_NIA_20220315-MathProblems__STC_0187.smt2	1	A	5.20379	10563
QF_NIA_20220315-MathProblems__STC_0189.smt2	1	C	0.008752	5
QF_NIA_20220315-MathProblems__STC_0189.smt2	1	M	0.015291	5
QF_NIA_20220315-MathProblems__STC_0189.smt2	1	A	0.010125	5
QF_NIA_20220315-MathProblems__STC_0189.smt2	1	B	0.016085	5
QF_NIA_20220315-MathProblems__STC_0205.smt2	1	M	0.527419	454
QF_NIA_20220315-MathProblems__STC_0205.smt2	1	A	0.256029	454
QF_NIA_20220315-MathProblems__STC_0205.smt2	1	B	0.412548	454
QF_NIA_20220315-MathProblems__STC_0205.smt2	1	C	0.275323	454
QF_NIA_20220315-MathProblems__STC_0340.smt2	1	A	0.307882	560
QF_NIA_20220315-MathProblems__STC_0340.smt2	1	B	0.507488	560
QF_NIA_20220315-MathProblems__STC_0340.smt2	1	C	0.324216	560
QF_NIA_20220315-MathProblems__STC_0340.smt2	1	M	0.696259	560
QF_NIA_20220315-MathProblems__STC_0385.smt2	1	B	0.425501	457
QF_NIA_20220315-MathProblems__STC_0385.smt2	1	C	0.26675	457
QF_NIA_20220315-MathProblems__STC_0385.smt2	1	M	0.514708	457
QF_NIA_20220315-MathProblems__STC_0385.smt2	1	A	0.253	457
QF_NIA_20220315-MathProblems__STC_0388.smt2	1	C	0.391122	663
QF_NIA_20220315-MathProblems__STC_0388.smt2	1	M	0.754514	663
QF_NIA_20220315-MathProblems__STC_0388.smt2	1	A	0.361174	663
QF_NIA_20220315-MathProblems__STC_0388.smt2	1	B	0.592495	663
QF_NIA_20220315-MathProblems__STC_0456.smt2	1	M	0.580406	518
QF_NIA_20220315-MathProblems__STC_0456.smt2	1	A	0.284456	518
QF_NIA_20220315-MathProblems__STC_0456.smt2	1	B	0.463617	518
QF_NIA_20220315-MathProblems__STC_0456.smt2	1	C	0.312466	518
QF_NIA_20220315-MathProblems__STC_0493.smt2	1	A	0.32605	574
QF_NIA_20220315-MathProblems__STC_0493.smt2	1	B	0.550751	574
QF_NIA_20220315-MathProblems__STC_0493.smt2	1	C	0.347819	574
QF_NIA_20220315-MathProblems__STC_0493.smt2	1	M	0.71433	574
QF_NIA_20220315-MathProblems__STC_0541.smt2	1	B	0.51558	587
QF_NIA_20220315-MathProblems__STC_0541.smt2	1	C	0.352672	587
QF_NIA_20220315-MathProblems__STC_0541.smt2	1	M	0.63308	587
QF_NIA_20220315-MathProblems__STC_0541.smt2	1	A	0.302412	587
QF_NIA_20220315-MathProblems__STC_0563.smt2	1	C	7.96778	13992
QF_NIA_20220315-MathProblems__STC_0563.smt2	1	M	12.4376	13992
QF_NIA_20220315-MathProblems__STC_0563.smt2	1	A	6.97757	13992
QF_NIA_20220315-MathProblems__STC_0563.smt2	1	B	10.9969	13992
QF_NIA_20220315-MathProblems__STC_0584.smt2	1	M	0.587939	563
QF_NIA_20220315-MathProblems__STC_0584.smt2	1	A	0.305842	563
QF_NIA_20220315-MathProblems__STC_0584.smt2	1	B	0.487994	563
QF_NIA_20220315-MathProblems__STC_0584.smt2	1	C	0.330042	563
QF_NIA_20220315-MathProblems__STC_0609.smt2	1	A	0.863232	1737
QF_NIA_20220315-MathProblems__STC_0609.smt2	1	B	1.54555	1737
QF_NIA_20220315-MathProblems__STC_0609.smt2	1	C	0.992657	1737
QF_NIA_20220315-MathProblems__STC_0609.smt2	1	M	2.08442	1737
QF_NIA_20220315-MathProblems__STC_0629.smt2	1	B	0.422911	472
QF_NIA_20220315-MathProblems__STC_0629.smt2	1	C	0.287009	472
QF_NIA_20220315-MathProblems__STC_0629.smt2	1	M	0.500954	472
QF_NIA_20220315-MathProblems__STC_0629.smt2	1	A	0.254114	472
QF_NIA_20220315-MathProblems__STC_0650.smt2	1	C	6.07915	10714
QF_NIA_20220315-MathProblems__STC_0650.smt2	1	M	9.19492	10714
QF_NIA_20220315-MathProblems__STC_0650.smt2	1	A	5.55753	10714
QF_NIA_20220315-MathProblems__STC_0650.smt2	1	B	8.34201	10714
QF_NIA_20220315-MathProblems__STC_0693.smt2	1	M	8.05675	9612
QF_NIA_20220315-MathProblems__STC_0693.smt2	1	A	4.87457	9612
QF_NIA_20220315-MathProblems__STC_0693.smt2	1	B	7.30903	9612
QF_NIA_20220315-MathProblems__STC_0693.smt2	1	C	5.11661	9612
QF_NIA_20220315-MathProblems__STC_0707.smt2	1	A	4.78008	9587
QF_NIA_20220315-MathProblems__STC_0707.smt2	1	B	7.37583	9587
QF_NIA_20220315-MathProblems__STC_0707.smt2	1	C	5.1313	9587
QF_NIA_20220315-MathProblems__STC_0707.smt2	1	M	8.41336	9587
QF_NIA_20220315-MathProblems__STC_0739.smt2	1	B	0.385059	433
QF_NIA_20220315-MathProblems__STC_0739.smt2	1	C	0.25866	433
QF_NIA_20220315-MathProblems__STC_0739.smt2	1	M	0.461793	433
QF_NIA_20220315-MathProblems__STC_0739.smt2	1	A	0.222709	433
QF_NIA_20220315-MathProblems__STC_0755.smt2	1	C	0.378261	598
QF_NIA_20220315-MathProblems__STC_0755.smt2	1	M	0.758239	598
QF_NIA_20220315-MathProblems__STC_0755.smt2	1	A	0.327035	598
QF_NIA_20220315-MathProblems__STC_0755.smt2	1	B	0.543874	598
QF_NIA_20220315-MathProblems__STC_0770.smt2	1	M	9.03659	10729
QF_NIA_20220315-MathProblems__STC_0770.smt2	1	A	5.26676	10729
QF_NIA_20220315-MathProblems__STC_0770.smt2	1	B	8.069	10729
QF_NIA_20220315-MathProblems__STC_0770.smt2	1	C	5.8128	10729
QF_NIA_20220315-MathProblems__STC_0903.smt2	1	A	4.40119	8955
QF_NIA_20220315-MathProblems__STC_0903.smt2	1	B	7.08852	8955
QF_NIA_20220315-MathProblems__STC_0903.smt2	1	C	4.84914	8955
QF_NIA_20220315-MathProblems__STC_0903.smt2	1	M	7.88167	8955
QF_NIA_20220315-MathProblems__STC_0959.smt2	1	B	8.4087	10640
QF_NIA_20220315-MathProblems__STC_0959.smt2	1	C	5.97181	10640
QF_NIA_20220315-MathProblems__STC_0959.smt2	1	M	9.3094	10640
QF_NIA_20220315-MathProblems__STC_0959.smt2	1	A	5.21086	10640
QF_NIA_20220315-MathProblems__STC_1000.smt2	1	C	0.006958	2
QF_NIA_20220315-MathProblems__STC_1000.smt2	1	M	0.008251	2
QF_NIA_20220315-MathProblems__STC_1000.smt2	1	A	0.006667	2
QF_NIA_20220315-MathProblems__STC_1000.smt2	1	B	0.008209	2
QF_NIA_20230321-UltimateAutomizerSvcomp2023__egcd.c_1.smt2	1	M	0.017668	13
QF_NIA_20230321-UltimateAutomizerSvcomp2023__egcd.c_1.smt2	1	A	0.029958	13
QF_NIA_20230321-UltimateAutomizerSvcomp2023__egcd.c_1.smt2	1	B	0.031248	13
QF_NIA_20230321-UltimateAutomizerSvcomp2023__egcd.c_1.smt2	1	C	0.028959	13
QF_NIA_20230321-UltimateAutomizerSvcomp2023__ps5-ll.c_10.smt2	1	A	2.71493	1869
QF_NIA_20230321-UltimateAutomizerSvcomp2023__ps5-ll.c_10.smt2	1	B	3.31724	1869
QF_NIA_20230321-UltimateAutomizerSvcomp2023__ps5-ll.c_10.smt2	1	C	2.7978	1869
QF_NIA_20230321-UltimateAutomizerSvcomp2023__ps5-ll.c_10.smt2	1	M	2.20318	1869
QF_NIA_20230321-UltimateAutomizerSvcomp2023__ps6.c_0.smt2	1	B	2.85828	2514
QF_NIA_20230321-UltimateAutomizerSvcomp2023__ps6.c_0.smt2	1	C	2.46105	2514
QF_NIA_20230321-UltimateAutomizerSvcomp2023__ps6.c_0.smt2	1	M	1.98388	2514
QF_NIA_20230321-UltimateAutomizerSvcomp2023__ps6.c_0.smt2	1	A	2.75313	2514
QF_NIA_20230321-UltimateAutomizerSvcomp2023__ps6.c_11.smt2	1	C	1.61016	1547
QF_NIA_20230321-UltimateAutomizerSvcomp2023__ps6.c_11.smt2	1	M	1.29647	1547
QF_NIA_20230321-UltimateAutomizerSvcomp2023__ps6.c_11.smt2	1	A	1.55229	1547
QF_NIA_20230321-UltimateAutomizerSvcomp2023__ps6.c_11.smt2	1	B	1.897	1547
QF_NIA_20230321-UltimateAutomizerSvcomp2023__ps6.c_13.smt2	1	M	3.41249	4633
QF_NIA_20230321-UltimateAutomizerSvcomp2023__ps6.c_13.smt2	1	A	4.01771	4633
QF_NIA_20230321-UltimateAutomizerSvcomp2023__ps6.c_13.smt2	1	B	5.39139	4633
QF_NIA_20230321-UltimateAutomizerSvcomp2023__ps6.c_13.smt2	1	C	4.3363	4633
QF_NIA_20230328-sqrtmodinv-hoenicke__modInv16.smt2	1	A	17.2259	6905
QF_NIA_20230328-sqrtmodinv-hoenicke__modInv16.smt2	1	B	18.8656	6905
QF_NIA_20230328-sqrtmodinv-hoenicke__modInv16.smt2	1	C	17.4739	6905
QF_NIA_20230328-sqrtmodinv-hoenicke__modInv16.smt2	1	M	10.776	6905
QF_NIA_20230328-sqrtmodinv-hoenicke__modInv32.smt2	1	B	0.062041	10
QF_NIA_20230328-sqrtmodinv-hoenicke__modInv32.smt2	1	C	0.05125	10
QF_NIA_20230328-sqrtmodinv-hoenicke__modInv32.smt2	1	M	0.037126	10
QF_NIA_20230328-sqrtmodinv-hoenicke__modInv32.smt2	1	A	0.055916	10
QF_NIA_20230328-sqrtmodinv-hoenicke__modInv8.smt2	1	C	24.3614	63091
QF_NIA_20230328-sqrtmodinv-hoenicke__modInv8.smt2	1	M	33.878	63091
QF_NIA_20230328-sqrtmodinv-hoenicke__modInv8.smt2	1	A	23.8213	63091
QF_NIA_20230328-sqrtmodinv-hoenicke__modInv8.smt2	1	B	32.4202	63091
QF_NIA_20230328-sqrtmodinv-hoenicke__modInvInitial.smt2	1	M	1.29961	2812
QF_NIA_20230328-sqrtmodinv-hoenicke__modInvInitial.smt2	1	A	0.660926	2812
QF_NIA_20230328-sqrtmodinv-hoenicke__modInvInitial.smt2	1	B	1.08942	2812
QF_NIA_20230328-sqrtmodinv-hoenicke__modInvInitial.smt2	1	C	0.72859	2812
QF_NIA_20230328-sqrtmodinv-hoenicke__modInvStep.smt2	1	A	16.5528	57748
QF_NIA_20230328-sqrtmodinv-hoenicke__modInvStep.smt2	1	B	24.205	57748
QF_NIA_20230328-sqrtmodinv-hoenicke__modInvStep.smt2	1	C	16.9508	57748
QF_NIA_20230328-sqrtmodinv-hoenicke__modInvStep.smt2	1	M	27.8652	57748
QF_NIA_20230328-sqrtmodinv-hoenicke__modInvStepSimplified.smt2	1	B	1.05443	2830
QF_NIA_20230328-sqrtmodinv-hoenicke__modInvStepSimplified.smt2	1	C	0.691795	2830
QF_NIA_20230328-sqrtmodinv-hoenicke__modInvStepSimplified.smt2	1	M	1.28006	2830
QF_NIA_20230328-sqrtmodinv-hoenicke__modInvStepSimplified.smt2	1	A	0.620994	2830
QF_NIA_20230328-sqrtmodinv-hoenicke__modInvVar1.smt2	1	C	19.8583	71013
QF_NIA_20230328-sqrtmodinv-hoenicke__modInvVar1.smt2	1	M	37.4467	71013
QF_NIA_20230328-sqrtmodinv-hoenicke__modInvVar1.smt2	1	A	18.4063	71013
QF_NIA_20230328-sqrtmodinv-hoenicke__modInvVar1.smt2	1	B	30.199	71013
QF_NIA_20230328-sqrtmodinv-hoenicke__modSimpleTest.smt2	1	M	0.007625	2
QF_NIA_20230328-sqrtmodinv-hoenicke__modSimpleTest.smt2	1	A	0.01125	2
QF_NIA_20230328-sqrtmodinv-hoenicke__modSimpleTest.smt2	1	B	0.010584	2
QF_NIA_20230328-sqrtmodinv-hoenicke__modSimpleTest.smt2	1	C	0.009583	2
QF_NIA_20230328-sqrtmodinv-hoenicke__sqrtStep1.smt2	1	A	0.105788	126
QF_NIA_20230328-sqrtmodinv-hoenicke__sqrtStep1.smt2	1	B	0.136873	126
QF_NIA_20230328-sqrtmodinv-hoenicke__sqrtStep1.smt2	1	C	0.108326	126
QF_NIA_20230328-sqrtmodinv-hoenicke__sqrtStep1.smt2	1	M	0.090709	126
QF_NIA_20230328-sqrtmodinv-hoenicke__sqrtStep1a.smt2	1	B	0.140791	126
QF_NIA_20230328-sqrtmodinv-hoenicke__sqrtStep1a.smt2	1	C	0.111167	126
QF_NIA_20230328-sqrtmodinv-hoenicke__sqrtStep1a.smt2	1	M	0.094164	126
QF_NIA_20230328-sqrtmodinv-hoenicke__sqrtStep1a.smt2	1	A	0.112535	126
QF_NIA_20230328-sqrtmodinv-hoenicke__sqrtStep2.smt2	1	C	0.048293	82
QF_NIA_20230328-sqrtmodinv-hoenicke__sqrtStep2.smt2	1	M	0.065333	82
QF_NIA_20230328-sqrtmodinv-hoenicke__sqrtStep2.smt2	1	A	0.046667	82
QF_NIA_20230328-sqrtmodinv-hoenicke__sqrtStep2.smt2	1	B	0.066208	82
QF_NIA_20230328-sqrtmodinv-hoenicke__sqrtStep2a.smt2	1	M	0.059038	82
QF_NIA_20230328-sqrtmodinv-hoenicke__sqrtStep2a.smt2	1	A	0.042166	82
QF_NIA_20230328-sqrtmodinv-hoenicke__sqrtStep2a.smt2	1	B	0.066543	82
QF_NIA_20230328-sqrtmodinv-hoenicke__sqrtStep2a.smt2	1	C	0.051674	82
QF_NIA_20230328-sqrtmodinv-hoenicke__sqrtStep3.smt2	1	A	0.061331	98
QF_NIA_20230328-sqrtmodinv-hoenicke__sqrtStep3.smt2	1	B	0.080122	98
QF_NIA_20230328-sqrtmodinv-hoenicke__sqrtStep3.smt2	1	C	0.062503	98
QF_NIA_20230328-sqrtmodinv-hoenicke__sqrtStep3.smt2	1	M	0.083002	98
QF_NIA_20230328-sqrtmodinv-hoenicke__sqrtStep3a.smt2	1	B	0.119287	128
QF_NIA_20230328-sqrtmodinv-hoenicke__sqrtStep3a.smt2	1	C	0.096793	128
QF_NIA_20230328-sqrtmodinv-hoenicke__sqrtStep3a.smt2	1	M	0.098625	128
QF_NIA_20230328-sqrtmodinv-hoenicke__sqrtStep3a.smt2	1	A	0.090084	128
QF_NIA_20230328-sqrtmodinv-hoenicke__sqrtStep4.smt2	1	C	0.056999	68
QF_NIA_20230328-sqrtmodinv-hoenicke__sqrtStep4.smt2	1	M	0.069956	68
QF_NIA_20230328-sqrtmodinv-hoenicke__sqrtStep4.smt2	1	A	0.051792	68
QF_NIA_20230328-sqrtmodinv-hoenicke__sqrtStep4.smt2	1	B	0.068629	68
QF_NIA_20230328-sqrtmodinv-hoenicke__sqrtStep4a.smt2	1	M	0.105623	128
QF_NIA_20230328-sqrtmodinv-hoenicke__sqrtStep4a.smt2	1	A	0.080833	128
QF_NIA_20230328-sqrtmodinv-hoenicke__sqrtStep4a.smt2	1	B	0.110002	128
QF_NIA_20230328-sqrtmodinv-hoenicke__sqrtStep4a.smt2	1	C	0.081706	128
QF_NIA_20230328-sqrtmodinv-hoenicke__sqrtStep5.smt2	1	A	0.066873	86
QF_NIA_20230328-sqrtmodinv-hoenicke__sqrtStep5.smt2	1	B	0.086334	86
QF_NIA_20230328-sqrtmodinv-hoenicke__sqrtStep5.smt2	1	C	0.084121	86
QF_NIA_20230328-sqrtmodinv-hoenicke__sqrtStep5.smt2	1	M	0.097665	86
QF_NIA_20230328-sqrtmodinv-hoenicke__sqrtStep5a.smt2	1	B	0.120873	128
QF_NIA_20230328-sqrtmodinv-hoenicke__sqrtStep5a.smt2	1	C	0.093957	128
QF_NIA_20230328-sqrtmodinv-hoenicke__sqrtStep5a.smt2	1	M	0.130751	128
QF_NIA_20230328-sqrtmodinv-hoenicke__sqrtStep5a.smt2	1	A	0.090836	128
QF_NIA_20230328-sqrtmodinv-hoenicke__sqrtStep6.smt2	1	C	0.07692	86
QF_NIA_20230328-sqrtmodinv-hoenicke__sqrtStep6.smt2	1	M	0.141503	86
QF_NIA_20230328-sqrtmodinv-hoenicke__sqrtStep6.smt2	1	A	0.077837	86
QF_NIA_20230328-sqrtmodinv-hoenicke__sqrtStep6.smt2	1	B	0.100168	86
QF_NIA_20230328-sqrtmodinv-hoenicke__sqrtStep6a.smt2	1	M	0.18346	122
QF_NIA_20230328-sqrtmodinv-hoenicke__sqrtStep6a.smt2	1	A	0.14025	122
QF_NIA_20230328-sqrtmodinv-hoenicke__sqrtStep6a.smt2	1	B	0.167252	122
QF_NIA_20230328-sqrtmodinv-hoenicke__sqrtStep6a.smt2	1	C	0.144619	122
QF_NIA_20230328-sqrtmodinv-hoenicke__sqrtStep7.smt2	1	A	0.959331	206
QF_NIA_20230328-sqrtmodinv-hoenicke__sqrtStep7.smt2	1	B	0.935585	206
QF_NIA_20230328-sqrtmodinv-hoenicke__sqrtStep7.smt2	1	C	0.933042	206
QF_NIA_20230328-sqrtmodinv-hoenicke__sqrtStep7.smt2	1	M	0.838872	206
QF_NIA_20230328-sqrtmodinv-hoenicke__sqrtStep7a.smt2	1	B	0.213504	122
QF_NIA_20230328-sqrtmodinv-hoenicke__sqrtStep7a.smt2	1	C	0.196789	122
QF_NIA_20230328-sqrtmodinv-hoenicke__sqrtStep7a.smt2	1	M	0.272753	122
QF_NIA_20230328-sqrtmodinv-hoenicke__sqrtStep7a.smt2	1	A	0.189872	122
QF_NIA_20230328-sqrtmodinv-hoenicke__sqrtStepFinal.smt2	1	C	2.17303	6674
QF_NIA_20230328-sqrtmodinv-hoenicke__sqrtStepFinal.smt2	1	M	3.31839	6674
QF_NIA_20230328-sqrtmodinv-hoenicke__sqrtStepFinal.smt2	1	A	2.08404	6674
QF_NIA_20230328-sqrtmodinv-hoenicke__sqrtStepFinal.smt2	1	B	3.03349	6674
QF_NIA_20230328-sqrtmodinv-hoenicke__sqrtStepFinala.smt2	1	M	19.5146	39614
QF_NIA_20230328-sqrtmodinv-hoenicke__sqrtStepFinala.smt2	1	A	12.5071	39614
QF_NIA_20230328-sqrtmodinv-hoenicke__sqrtStepFinala.smt2	1	B	17.4742	39614
QF_NIA_20230328-sqrtmodinv-hoenicke__sqrtStepFinala.smt2	1	C	13.0028	39614
QF_NIA_20250331-elster__C_2.smt2	1	A	0.009583	2
QF_NIA_20250331-elster__C_2.smt2	1	B	0.0105	2
QF_NIA_20250331-elster__C_2.smt2	1	C	0.009208	2
QF_NIA_20250331-elster__C_2.smt2	1	M	0.007625	2
QF_NIA_AProVE__aproveSMT1273731352138297194.smt2	1	B	0.354288	224
QF_NIA_AProVE__aproveSMT1273731352138297194.smt2	1	C	0.306333	224
QF_NIA_AProVE__aproveSMT1273731352138297194.smt2	1	M	0.282167	224
QF_NIA_AProVE__aproveSMT1273731352138297194.smt2	1	A	0.292459	224
QF_NIA_AProVE__aproveSMT1682483342197094972.smt2	1	C	0.039587	30
QF_NIA_AProVE__aproveSMT1682483342197094972.smt2	1	M	0.043794	30
QF_NIA_AProVE__aproveSMT1682483342197094972.smt2	1	A	0.041165	30
QF_NIA_AProVE__aproveSMT1682483342197094972.smt2	1	B	0.053458	30
QF_NIA_AProVE__aproveSMT2104748456448998709.smt2	1	M	0.282046	219
QF_NIA_AProVE__aproveSMT2104748456448998709.smt2	1	A	0.295212	219
QF_NIA_AProVE__aproveSMT2104748456448998709.smt2	1	B	0.370245	219
QF_NIA_AProVE__aproveSMT2104748456448998709.smt2	1	C	0.292874	219
QF_NIA_AProVE__aproveSMT2163640444650240229.smt2	1	A	0.077786	88
QF_NIA_AProVE__aproveSMT2163640444650240229.smt2	1	B	0.098034	88
QF_NIA_AProVE__aproveSMT2163640444650240229.smt2	1	C	0.078129	88
QF_NIA_AProVE__aproveSMT2163640444650240229.smt2	1	M	0.083504	88
QF_NIA_AProVE__aproveSMT3306422790231477425.smt2	1	B	0.616543	241
QF_NIA_AProVE__aproveSMT3306422790231477425.smt2	1	C	0.580752	241
QF_NIA_AProVE__aproveSMT3306422790231477425.smt2	1	M	0.357745	241
QF_NIA_AProVE__aproveSMT3306422790231477425.smt2	1	A	0.595463	241
QF_NIA_AProVE__aproveSMT3420388863619787077.smt2	1	C	0.160377	93
QF_NIA_AProVE__aproveSMT3420388863619787077.smt2	1	M	0.139832	93
QF_NIA_AProVE__aproveSMT3420388863619787077.smt2	1	A	0.158793	93
QF_NIA_AProVE__aproveSMT3420388863619787077.smt2	1	B	0.172254	93
QF_NIA_AProVE__aproveSMT3483701614621556321.smt2	1	M	0.036292	22
QF_NIA_AProVE__aproveSMT3483701614621556321.smt2	1	A	0.03854	22
QF_NIA_AProVE__aproveSMT3483701614621556321.smt2	1	B	0.050462	22
QF_NIA_AProVE__aproveSMT3483701614621556321.smt2	1	C	0.040293	22
QF_NIA_AProVE__aproveSMT3711749212931521777.smt2	1	A	0.175414	284
QF_NIA_AProVE__aproveSMT3711749212931521777.smt2	1	B	0.232419	284
QF_NIA_AProVE__aproveSMT3711749212931521777.smt2	1	C	0.185911	284
QF_NIA_AProVE__aproveSMT3711749212931521777.smt2	1	M	0.200462	284
QF_NIA_AProVE__aproveSMT4239815710630693785.smt2	1	B	0.0185	7
QF_NIA_AProVE__aproveSMT4239815710630693785.smt2	1	C	0.015124	7
QF_NIA_AProVE__aproveSMT4239815710630693785.smt2	1	M	0.013292	7
QF_NIA_AProVE__aproveSMT4239815710630693785.smt2	1	A	0.013999	7
QF_NIA_AProVE__aproveSMT4709971078612194434.smt2	1	C	0.392037	449
QF_NIA_AProVE__aproveSMT4709971078612194434.smt2	1	M	0.394668	449
QF_NIA_AProVE__aproveSMT4709971078612194434.smt2	1	A	0.37825	449
QF_NIA_AProVE__aproveSMT4709971078612194434.smt2	1	B	0.474338	449
QF_NIA_AProVE__aproveSMT4870145291684036249.smt2	1	M	0.046666	58
QF_NIA_AProVE__aproveSMT4870145291684036249.smt2	1	A	0.039959	58
QF_NIA_AProVE__aproveSMT4870145291684036249.smt2	1	B	0.081913	58
QF_NIA_AProVE__aproveSMT4870145291684036249.smt2	1	C	0.049167	58
QF_NIA_AProVE__aproveSMT4968692977299917888.smt2	1	A	0.022751	43
QF_NIA_AProVE__aproveSMT4968692977299917888.smt2	1	B	0.035996	43
QF_NIA_AProVE__aproveSMT4968692977299917888.smt2	1	C	0.033544	43
QF_NIA_AProVE__aproveSMT4968692977299917888.smt2	1	M	0.040334	43
QF_NIA_AProVE__aproveSMT4972425496508857728.smt2	1	B	0.054418	38
QF_NIA_AProVE__aproveSMT4972425496508857728.smt2	1	C	0.043417	38
QF_NIA_AProVE__aproveSMT4972425496508857728.smt2	1	M	0.040375	38
QF_NIA_AProVE__aproveSMT4972425496508857728.smt2	1	A	0.045912	38
QF_NIA_AProVE__aproveSMT5081480561387483523.smt2	1	C	0.014418	9
QF_NIA_AProVE__aproveSMT5081480561387483523.smt2	1	M	0.02025	9
QF_NIA_AProVE__aproveSMT5081480561387483523.smt2	1	A	0.013957	9
QF_NIA_AProVE__aproveSMT5081480561387483523.smt2	1	B	0.020292	9
QF_NIA_AProVE__aproveSMT6061013276766078350.smt2	1	M	0.544	445
QF_NIA_AProVE__aproveSMT6061013276766078350.smt2	1	A	0.691581	445
QF_NIA_AProVE__aproveSMT6061013276766078350.smt2	1	B	0.736204	445
QF_NIA_AProVE__aproveSMT6061013276766078350.smt2	1	C	0.677586	445
QF_NIA_AProVE__aproveSMT6531155344723557531.smt2	1	A	0.635548	882
QF_NIA_AProVE__aproveSMT6531155344723557531.smt2	1	B	0.800554	882
QF_NIA_AProVE__aproveSMT6531155344723557531.smt2	1	C	0.661044	882
QF_NIA_AProVE__aproveSMT6531155344723557531.smt2	1	M	0.609208	882
QF_NIA_AProVE__aproveSMT6744620754635880037.smt2	1	B	0.11675	78
QF_NIA_AProVE__aproveSMT6744620754635880037.smt2	1	C	0.1105	78
QF_NIA_AProVE__aproveSMT6744620754635880037.smt2	1	M	0.077128	78
QF_NIA_AProVE__aproveSMT6744620754635880037.smt2	1	A	0.089754	78
QF_NIA_AProVE__aproveSMT6761189929823789229.smt2	1	C	0.067202	97
QF_NIA_AProVE__aproveSMT6761189929823789229.smt2	1	M	0.086125	97
QF_NIA_AProVE__aproveSMT6761189929823789229.smt2	1	A	0.062297	97
QF_NIA_AProVE__aproveSMT6761189929823789229.smt2	1	B	0.085868	97
QF_NIA_AProVE__aproveSMT7934578101815516403.smt2	1	M	0.278205	333
QF_NIA_AProVE__aproveSMT7934578101815516403.smt2	1	A	0.28093	333
QF_NIA_AProVE__aproveSMT7934578101815516403.smt2	1	B	0.341585	333
QF_NIA_AProVE__aproveSMT7934578101815516403.smt2	1	C	0.291336	333
QF_NIA_AProVE__aproveSMT8211259659113423333.smt2	1	A	0.01625	12
QF_NIA_AProVE__aproveSMT8211259659113423333.smt2	1	B	0.018499	12
QF_NIA_AProVE__aproveSMT8211259659113423333.smt2	1	C	0.016833	12
QF_NIA_AProVE__aproveSMT8211259659113423333.smt2	1	M	0.013082	12
QF_NIA_AProVE__aproveSMT8505973648273075649.smt2	1	B	0.815835	722
QF_NIA_AProVE__aproveSMT8505973648273075649.smt2	1	C	0.651458	722
QF_NIA_AProVE__aproveSMT8505973648273075649.smt2	1	M	0.723529	722
QF_NIA_AProVE__aproveSMT8505973648273075649.smt2	1	A	0.622168	722
QF_NIA_AProVE__aproveSMT9058095127082541976.smt2	1	C	0.583834	298
QF_NIA_AProVE__aproveSMT9058095127082541976.smt2	1	M	0.489994	298
QF_NIA_AProVE__aproveSMT9058095127082541976.smt2	1	A	0.575835	298
QF_NIA_AProVE__aproveSMT9058095127082541976.smt2	1	B	0.655121	298
QF_NIA_leipzig__term-4AzLVe.smt2	1	M	0.009168	4
QF_NIA_leipzig__term-4AzLVe.smt2	1	A	0.011958	4
QF_NIA_leipzig__term-4AzLVe.smt2	1	B	0.014167	4
QF_NIA_leipzig__term-4AzLVe.smt2	1	C	0.011834	4
QF_NIA_leipzig__term-4LNX6G.smt2	1	A	0.011543	20
QF_NIA_leipzig__term-4LNX6G.smt2	1	B	0.015459	20
QF_NIA_leipzig__term-4LNX6G.smt2	1	C	0.013832	20
QF_NIA_leipzig__term-4LNX6G.smt2	1	M	0.019374	20
QF_NIA_leipzig__term-BWHEfg.smt2	1	B	0.031249	26
QF_NIA_leipzig__term-BWHEfg.smt2	1	C	0.022669	26
QF_NIA_leipzig__term-BWHEfg.smt2	1	M	0.027789	26
QF_NIA_leipzig__term-BWHEfg.smt2	1	A	0.023873	26
QF_NIA_leipzig__term-H9wl52.smt2	1	C	0.00675	2
QF_NIA_leipzig__term-H9wl52.smt2	1	M	0.006208	2
QF_NIA_leipzig__term-H9wl52.smt2	1	A	0.006291	2
QF_NIA_leipzig__term-H9wl52.smt2	1	B	0.007334	2
QF_NIA_leipzig__term-bEER96.smt2	1	M	0.06354	66
QF_NIA_leipzig__term-bEER96.smt2	1	A	0.0405	66
QF_NIA_leipzig__term-bEER96.smt2	1	B	0.056749	66
QF_NIA_leipzig__term-bEER96.smt2	1	C	0.045165	66
QF_NIA_leipzig__term-ddoFAO.smt2	1	A	0.187373	49
QF_NIA_leipzig__term-ddoFAO.smt2	1	B	0.201125	49
QF_NIA_leipzig__term-ddoFAO.smt2	1	C	0.183749	49
QF_NIA_leipzig__term-ddoFAO.smt2	1	M	0.1715	49
QF_NIA_leipzig__term-f2cozZ.smt2	1	B	0.00875	4
QF_NIA_leipzig__term-f2cozZ.smt2	1	C	0.00725	4
QF_NIA_leipzig__term-f2cozZ.smt2	1	M	0.008083	4
QF_NIA_leipzig__term-f2cozZ.smt2	1	A	0.006292	4
QF_NIA_leipzig__term-gHq3ie.smt2	1	C	0.012789	3
QF_NIA_leipzig__term-gHq3ie.smt2	1	M	0.029209	3
QF_NIA_leipzig__term-gHq3ie.smt2	1	A	0.009877	3
QF_NIA_leipzig__term-gHq3ie.smt2	1	B	0.019623	3
QF_NIA_leipzig__term-ye1ece.smt2	1	M	0.005917	2
QF_NIA_leipzig__term-ye1ece.smt2	1	A	0.006208	2
QF_NIA_leipzig__term-ye1ece.smt2	1	B	0.007042	2
QF_NIA_leipzig__term-ye1ece.smt2	1	C	0.006209	2
QF_NIA_mcm__10.smt2	1	A	0.006083	2
QF_NIA_mcm__10.smt2	1	B	0.007375	2
QF_NIA_mcm__10.smt2	1	C	0.006291	2
QF_NIA_mcm__10.smt2	1	M	0.006292	2
QF_NIA_mcm__23.smt2	1	B	0.006834	2
QF_NIA_mcm__23.smt2	1	C	0.006333	2
QF_NIA_mcm__23.smt2	1	M	0.006125	2
QF_NIA_mcm__23.smt2	1	A	0.006541	2
QF_NIA_mcm__41.smt2	1	C	0.006458	2
QF_NIA_mcm__41.smt2	1	M	0.006083	2
QF_NIA_mcm__41.smt2	1	A	0.005542	2
QF_NIA_mcm__41.smt2	1	B	0.006833	2
QF_NIA_mcm__52.smt2	1	M	0.005958	2
QF_NIA_mcm__52.smt2	1	A	0.006208	2
QF_NIA_mcm__52.smt2	1	B	0.006958	2
QF_NIA_mcm__52.smt2	1	C	0.006125	2
QF_NIA_mcm__81.smt2	1	A	0.00575	2
QF_NIA_mcm__81.smt2	1	B	0.007	2
QF_NIA_mcm__81.smt2	1	C	0.005958	2
QF_NIA_mcm__81.smt2	1	M	0.006625	2
QF_NIA_mcm__89.smt2	1	B	0.006292	2
QF_NIA_mcm__89.smt2	1	C	0.006458	2
QF_NIA_mcm__89.smt2	1	M	0.00625	2
QF_NIA_mcm__89.smt2	1	A	0.006292	2
QF_NIA_mcm__94.smt2	1	C	0.006416	2
QF_NIA_mcm__94.smt2	1	M	0.005875	2
QF_NIA_mcm__94.smt2	1	A	0.006292	2
QF_NIA_mcm__94.smt2	1	B	0.00625	2
QF_NRA_20161105-Sturm-MBO__mbo_E10E25.smt2	1	M	0.010166	6
QF_NRA_20161105-Sturm-MBO__mbo_E10E25.smt2	1	A	0.013125	6
QF_NRA_20161105-Sturm-MBO__mbo_E10E25.smt2	1	B	0.015876	6
QF_NRA_20161105-Sturm-MBO__mbo_E10E25.smt2	1	C	0.013208	6
QF_NRA_20161105-Sturm-MBO__mbo_E11E13.smt2	1	A	0.021709	6
QF_NRA_20161105-Sturm-MBO__mbo_E11E13.smt2	1	B	0.022666	6
QF_NRA_20161105-Sturm-MBO__mbo_E11E13.smt2	1	C	0.020959	6
QF_NRA_20161105-Sturm-MBO__mbo_E11E13.smt2	1	M	0.011584	6
QF_NRA_20161105-Sturm-MBO__mbo_E12E17.smt2	1	B	0.027792	4
QF_NRA_20161105-Sturm-MBO__mbo_E12E17.smt2	1	C	0.024542	4
QF_NRA_20161105-Sturm-MBO__mbo_E12E17.smt2	1	M	0.016042	4
QF_NRA_20161105-Sturm-MBO__mbo_E12E17.smt2	1	A	0.024667	4
QF_NRA_20161105-Sturm-MBO__mbo_E15E24.smt2	1	C	0.025542	6
QF_NRA_20161105-Sturm-MBO__mbo_E15E24.smt2	1	M	0.014042	6
QF_NRA_20161105-Sturm-MBO__mbo_E15E24.smt2	1	A	0.02525	6
QF_NRA_20161105-Sturm-MBO__mbo_E15E24.smt2	1	B	0.027582	6
QF_NRA_20161105-Sturm-MBO__mbo_E1E22.smt2	1	M	0.014458	4
QF_NRA_20161105-Sturm-MBO__mbo_E1E22.smt2	1	A	0.023042	4
QF_NRA_20161105-Sturm-MBO__mbo_E1E22.smt2	1	B	0.028583	4
QF_NRA_20161105-Sturm-MBO__mbo_E1E22.smt2	1	C	0.023583	4
QF_NRA_20161105-Sturm-MBO__mbo_E20E21.smt2	1	A	0.018501	13
QF_NRA_20161105-Sturm-MBO__mbo_E20E21.smt2	1	B	0.025331	13
QF_NRA_20161105-Sturm-MBO__mbo_E20E21.smt2	1	C	0.020541	13
QF_NRA_20161105-Sturm-MBO__mbo_E20E21.smt2	1	M	0.02621	13
QF_NRA_20161105-Sturm-MBO__mbo_E24E25.smt2	1	B	0.01175	2
QF_NRA_20161105-Sturm-MBO__mbo_E24E25.smt2	1	C	0.0105	2
QF_NRA_20161105-Sturm-MBO__mbo_E24E25.smt2	1	M	0.007125	2
QF_NRA_20161105-Sturm-MBO__mbo_E24E25.smt2	1	A	0.011042	2
QF_NRA_20161105-Sturm-MBO__mbo_E25E26.smt2	1	C	0.218121	62
QF_NRA_20161105-Sturm-MBO__mbo_E25E26.smt2	1	M	0.12575	62
QF_NRA_20161105-Sturm-MBO__mbo_E25E26.smt2	1	A	0.210338	62
QF_NRA_20161105-Sturm-MBO__mbo_E25E26.smt2	1	B	0.226004	62
QF_NRA_20161105-Sturm-MBO__mbo_E2E7.smt2	1	M	0.021	8
QF_NRA_20161105-Sturm-MBO__mbo_E2E7.smt2	1	A	0.033208	8
QF_NRA_20161105-Sturm-MBO__mbo_E2E7.smt2	1	B	0.032375	8
QF_NRA_20161105-Sturm-MBO__mbo_E2E7.smt2	1	C	0.034251	8
QF_NRA_20161105-Sturm-MBO__mbo_E3E27.smt2	1	A	0.81304	383
QF_NRA_20161105-Sturm-MBO__mbo_E3E27.smt2	1	B	0.920336	383
QF_NRA_20161105-Sturm-MBO__mbo_E3E27.smt2	1	C	0.818167	383
QF_NRA_20161105-Sturm-MBO__mbo_E3E27.smt2	1	M	0.530546	383
QF_NRA_20161105-Sturm-MBO__mbo_E3E9.smt2	1	B	0.029582	6
QF_NRA_20161105-Sturm-MBO__mbo_E3E9.smt2	1	C	0.025082	6
QF_NRA_20161105-Sturm-MBO__mbo_E3E9.smt2	1	M	0.014459	6
QF_NRA_20161105-Sturm-MBO__mbo_E3E9.smt2	1	A	0.025917	6
QF_NRA_20161105-Sturm-MBO__mbo_E4E13.smt2	1	C	0.060376	12
QF_NRA_20161105-Sturm-MBO__mbo_E4E13.smt2	1	M	0.026458	12
QF_NRA_20161105-Sturm-MBO__mbo_E4E13.smt2	1	A	0.072542	12
QF_NRA_20161105-Sturm-MBO__mbo_E4E13.smt2	1	B	0.060749	12
QF_NRA_20161105-Sturm-MBO__mbo_E5E12.smt2	1	M	0.009667	4
QF_NRA_20161105-Sturm-MBO__mbo_E5E12.smt2	1	A	0.018375	4
QF_NRA_20161105-Sturm-MBO__mbo_E5E12.smt2	1	B	0.020125	4
QF_NRA_20161105-Sturm-MBO__mbo_E5E12.smt2	1	C	0.016125	4
QF_NRA_20161105-Sturm-MBO__mbo_E5E16.smt2	1	A	0.032584	11
QF_NRA_20161105-Sturm-MBO__mbo_E5E16.smt2	1	B	0.035125	11
QF_NRA_20161105-Sturm-MBO__mbo_E5E16.smt2	1	C	0.032583	11
QF_NRA_20161105-Sturm-MBO__mbo_E5E16.smt2	1	M	0.021375	11
QF_NRA_20161105-Sturm-MBO__mbo_E5E19.smt2	1	B	0.029875	7
QF_NRA_20161105-Sturm-MBO__mbo_E5E19.smt2	1	C	0.033833	7
QF_NRA_20161105-Sturm-MBO__mbo_E5E19.smt2	1	M	0.015083	7
QF_NRA_20161105-Sturm-MBO__mbo_E5E19.smt2	1	A	0.031334	7
QF_NRA_20161105-Sturm-MBO__mbo_E6E14.smt2	1	C	0.019625	2
QF_NRA_20161105-Sturm-MBO__mbo_E6E14.smt2	1	M	0.0105	2
QF_NRA_20161105-Sturm-MBO__mbo_E6E14.smt2	1	A	0.018583	2
QF_NRA_20161105-Sturm-MBO__mbo_E6E14.smt2	1	B	0.024542	2
QF_NRA_20161105-Sturm-MBO__mbo_E6E17.smt2	1	M	0.725041	642
QF_NRA_20161105-Sturm-MBO__mbo_E6E17.smt2	1	A	1.02479	642
QF_NRA_20161105-Sturm-MBO__mbo_E6E17.smt2	1	B	1.1018	642
QF_NRA_20161105-Sturm-MBO__mbo_E6E17.smt2	1	C	1.04721	642
QF_NRA_20161105-Sturm-MBO__mbo_E8E19.smt2	1	A	0.028749	6
QF_NRA_20161105-Sturm-MBO__mbo_E8E19.smt2	1	B	0.027834	6
QF_NRA_20161105-Sturm-MBO__mbo_E8E19.smt2	1	C	0.030291	6
QF_NRA_20161105-Sturm-MBO__mbo_E8E19.smt2	1	M	0.01875	6
QF_NRA_20161105-Sturm-MBO__mbo_E8E9.smt2	1	B	0.024791	4
QF_NRA_20161105-Sturm-MBO__mbo_E8E9.smt2	1	C	0.022375	4
QF_NRA_20161105-Sturm-MBO__mbo_E8E9.smt2	1	M	0.012625	4
QF_NRA_20161105-Sturm-MBO__mbo_E8E9.smt2	1	A	0.02075	4
QF_NRA_20161105-Sturm-MGC__mgc_02.smt2	1	C	0.055415	18
QF_NRA_20161105-Sturm-MGC__mgc_02.smt2	1	M	0.034208	18
QF_NRA_20161105-Sturm-MGC__mgc_02.smt2	1	A	0.058834	18
QF_NRA_20161105-Sturm-MGC__mgc_02.smt2	1	B	0.079002	18
QF_NRA_20161105-Sturm-MGC__mgc_03.smt2	1	M	0.045544	18
QF_NRA_20161105-Sturm-MGC__mgc_03.smt2	1	A	0.077542	18
QF_NRA_20161105-Sturm-MGC__mgc_03.smt2	1	B	0.082875	18
QF_NRA_20161105-Sturm-MGC__mgc_03.smt2	1	C	0.077582	18
QF_NRA_20161105-Sturm-MGC__mgc_04.smt2	1	A	0.064165	16
QF_NRA_20161105-Sturm-MGC__mgc_04.smt2	1	B	0.075667	16
QF_NRA_20161105-Sturm-MGC__mgc_04.smt2	1	C	0.072125	16
QF_NRA_20161105-Sturm-MGC__mgc_04.smt2	1	M	0.04075	16
QF_NRA_20161105-Sturm-MGC__mgc_05.smt2	1	B	0.078959	18
QF_NRA_20161105-Sturm-MGC__mgc_05.smt2	1	C	0.082959	18
QF_NRA_20161105-Sturm-MGC__mgc_05.smt2	1	M	0.043084	18
QF_NRA_20161105-Sturm-MGC__mgc_05.smt2	1	A	0.077333	18
QF_NRA_20161105-Sturm-MGC__mgc_06.smt2	1	C	0.041916	18
QF_NRA_20161105-Sturm-MGC__mgc_06.smt2	1	M	0.029708	18
QF_NRA_20161105-Sturm-MGC__mgc_06.smt2	1	A	0.038666	18
QF_NRA_20161105-Sturm-MGC__mgc_06.smt2	1	B	0.046291	18
QF_NRA_20161105-Sturm-MGC__mgc_07.smt2	1	M	0.049458	18
QF_NRA_20161105-Sturm-MGC__mgc_07.smt2	1	A	0.086919	18
QF_NRA_20161105-Sturm-MGC__mgc_07.smt2	1	B	0.09175	18
QF_NRA_20161105-Sturm-MGC__mgc_07.smt2	1	C	0.087709	18
QF_NRA_20161105-Sturm-MGC__mgc_08.smt2	1	A	0.060209	18
QF_NRA_20161105-Sturm-MGC__mgc_08.smt2	1	B	0.064958	18
QF_NRA_20161105-Sturm-MGC__mgc_08.smt2	1	C	0.058541	18
QF_NRA_20161105-Sturm-MGC__mgc_08.smt2	1	M	0.033749	18
QF_NRA_20161105-Sturm-MGC__mgc_09.smt2	1	B	0.110917	35
QF_NRA_20161105-Sturm-MGC__mgc_09.smt2	1	C	0.101834	35
QF_NRA_20161105-Sturm-MGC__mgc_09.smt2	1	M	0.058329	35
QF_NRA_20161105-Sturm-MGC__mgc_09.smt2	1	A	0.100046	35
QF_NRA_20161105-Sturm-MGC__mgc_10.smt2	1	C	0.103626	27
QF_NRA_20161105-Sturm-MGC__mgc_10.smt2	1	M	0.058626	27
QF_NRA_20161105-Sturm-MGC__mgc_10.smt2	1	A	0.101292	27
QF_NRA_20161105-Sturm-MGC__mgc_10.smt2	1	B	0.110335	27
QF_NRA_20170501-Heizmann-UltimateInvariantSynthesis__array_ptr_single_elem_init.i_4_2_2.bpl_5.smt2	1	M	0.045914	35
QF_NRA_20170501-Heizmann-UltimateInvariantSynthesis__array_ptr_single_elem_init.i_4_2_2.bpl_5.smt2	1	A	0.041502	35
QF_NRA_20170501-Heizmann-UltimateInvariantSynthesis__array_ptr_single_elem_init.i_4_2_2.bpl_5.smt2	1	B	0.048459	35
QF_NRA_20170501-Heizmann-UltimateInvariantSynthesis__array_ptr_single_elem_init.i_4_2_2.bpl_5.smt2	1	C	0.037793	35
QF_NRA_20170501-Heizmann-UltimateInvariantSynthesis__array_single_elem_init.i_4_2_2.bpl_5.smt2	1	A	0.034337	64
QF_NRA_20170501-Heizmann-UltimateInvariantSynthesis__array_single_elem_init.i_4_2_2.bpl_5.smt2	1	B	0.053997	64
QF_NRA_20170501-Heizmann-UltimateInvariantSynthesis__array_single_elem_init.i_4_2_2.bpl_5.smt2	1	C	0.042711	64
QF_NRA_20170501-Heizmann-UltimateInvariantSynthesis__array_single_elem_init.i_4_2_2.bpl_5.smt2	1	M	0.070124	64
QF_NRA_20170501-Heizmann-UltimateInvariantSynthesis__gj2007.c.i_4_3_3.bpl_5.smt2	1	B	5.3096	4669
QF_NRA_20170501-Heizmann-UltimateInvariantSynthesis__gj2007.c.i_4_3_3.bpl_5.smt2	1	C	4.84872	4669
QF_NRA_20170501-Heizmann-UltimateInvariantSynthesis__gj2007.c.i_4_3_3.bpl_5.smt2	1	M	3.70736	4669
QF_NRA_20170501-Heizmann-UltimateInvariantSynthesis__gj2007.c.i_4_3_3.bpl_5.smt2	1	A	4.60988	4669
QF_NRA_20170501-Heizmann-UltimateInvariantSynthesis__gr2006.c.i_4_4_3.bpl_5.smt2	1	C	1.25776	1343
QF_NRA_20170501-Heizmann-UltimateInvariantSynthesis__gr2006.c.i_4_4_3.bpl_5.smt2	1	M	1.08707	1343
QF_NRA_20170501-Heizmann-UltimateInvariantSynthesis__gr2006.c.i_4_4_3.bpl_5.smt2	1	A	1.23029	1343
QF_NRA_20170501-Heizmann-UltimateInvariantSynthesis__gr2006.c.i_4_4_3.bpl_5.smt2	1	B	1.4406	1343
QF_NRA_20170501-Heizmann-UltimateInvariantSynthesis__linear_search.i_7_23_3.bpl_3.smt2	1	M	0.96909	740
QF_NRA_20170501-Heizmann-UltimateInvariantSynthesis__linear_search.i_7_23_3.bpl_3.smt2	1	A	0.711075	740
QF_NRA_20170501-Heizmann-UltimateInvariantSynthesis__linear_search.i_7_23_3.bpl_3.smt2	1	B	0.824451	740
QF_NRA_20170501-Heizmann-UltimateInvariantSynthesis__linear_search.i_7_23_3.bpl_3.smt2	1	C	0.72108	740
QF_NRA_20170501-Heizmann-UltimateInvariantSynthesis__standard_copy1_ground.i_3_2_2.bpl_9.smt2	1	A	0.979873	1930
QF_NRA_20170501-Heizmann-UltimateInvariantSynthesis__standard_copy1_ground.i_3_2_2.bpl_9.smt2	1	B	1.29792	1930
QF_NRA_20170501-Heizmann-UltimateInvariantSynthesis__standard_copy1_ground.i_3_2_2.bpl_9.smt2	1	C	1.0232	1930
QF_NRA_20170501-Heizmann-UltimateInvariantSynthesis__standard_copy1_ground.i_3_2_2.bpl_9.smt2	1	M	1.63124	1930
QF_NRA_20170501-Heizmann-UltimateInvariantSynthesis__standard_copy3_ground.i_3_2_2.bpl_5.smt2	1	B	0.166958	256
QF_NRA_20170501-Heizmann-UltimateInvariantSynthesis__standard_copy3_ground.i_3_2_2.bpl_5.smt2	1	C	0.115257	256
QF_NRA_20170501-Heizmann-UltimateInvariantSynthesis__standard_copy3_ground.i_3_2_2.bpl_5.smt2	1	M	0.201795	256
QF_NRA_20170501-Heizmann-UltimateInvariantSynthesis__standard_copy3_ground.i_3_2_2.bpl_5.smt2	1	A	0.103624	256
QF_NRA_20170501-Heizmann-UltimateInvariantSynthesis__standard_init9_ground.i_3_2_2.bpl_3.smt2	1	C	1.63142	683
QF_NRA_20170501-Heizmann-UltimateInvariantSynthesis__standard_init9_ground.i_3_2_2.bpl_3.smt2	1	M	1.17534	683
QF_NRA_20170501-Heizmann-UltimateInvariantSynthesis__standard_init9_ground.i_3_2_2.bpl_3.smt2	1	A	1.64938	683
QF_NRA_20170501-Heizmann-UltimateInvariantSynthesis__standard_init9_ground.i_3_2_2.bpl_3.smt2	1	B	1.74171	683
QF_NRA_2019-ezsmt__inst_1_1000000.smt2	1	M	0.174831	292
QF_NRA_2019-ezsmt__inst_1_1000000.smt2	1	A	0.102958	292
QF_NRA_2019-ezsmt__inst_1_1000000.smt2	1	B	0.138083	292
QF_NRA_2019-ezsmt__inst_1_1000000.smt2	1	C	0.117216	292
QF_NRA_20200911-Pine__1599121684477306000.smt2	1	A	0.069249	28
QF_NRA_20200911-Pine__1599121684477306000.smt2	1	B	0.076084	28
QF_NRA_20200911-Pine__1599121684477306000.smt2	1	C	0.069041	28
QF_NRA_20200911-Pine__1599121684477306000.smt2	1	M	0.045585	28
QF_NRA_20200911-Pine__1599121684653478000.smt2	1	B	0.05296	20
QF_NRA_20200911-Pine__1599121684653478000.smt2	1	C	0.047001	20
QF_NRA_20200911-Pine__1599121684653478000.smt2	1	M	0.037998	20
QF_NRA_20200911-Pine__1599121684653478000.smt2	1	A	0.050252	20
QF_NRA_20200911-Pine__1599121861020640000.smt2	1	C	0.006666	2
QF_NRA_20200911-Pine__1599121861020640000.smt2	1	M	0.006292	2
QF_NRA_20200911-Pine__1599121861020640000.smt2	1	A	0.006417	2
QF_NRA_20200911-Pine__1599121861020640000.smt2	1	B	0.008792	2
QF_NRA_20200911-Pine__1599121889458073000.smt2	1	M	0.195668	114
QF_NRA_20200911-Pine__1599121889458073000.smt2	1	A	0.266793	114
QF_NRA_20200911-Pine__1599121889458073000.smt2	1	B	0.276578	114
QF_NRA_20200911-Pine__1599121889458073000.smt2	1	C	0.267169	114
QF_NRA_20200911-Pine__1599121899872501000.smt2	1	A	0.180416	27
QF_NRA_20200911-Pine__1599121899872501000.smt2	1	B	0.201167	27
QF_NRA_20200911-Pine__1599121899872501000.smt2	1	C	0.189416	27
QF_NRA_20200911-Pine__1599121899872501000.smt2	1	M	0.120541	27
QF_NRA_20200911-Pine__1599121900961647000.smt2	1	B	0.075793	23
QF_NRA_20200911-Pine__1599121900961647000.smt2	1	C	0.063957	23
QF_NRA_20200911-Pine__1599121900961647000.smt2	1	M	0.062208	23
QF_NRA_20200911-Pine__1599121900961647000.smt2	1	A	0.06025	23
QF_NRA_20200911-Pine__1599121904275696000.smt2	1	C	0.213877	27
QF_NRA_20200911-Pine__1599121904275696000.smt2	1	M	0.140207	27
QF_NRA_20200911-Pine__1599121904275696000.smt2	1	A	0.203207	27
QF_NRA_20200911-Pine__1599121904275696000.smt2	1	B	0.213044	27
QF_NRA_20200911-Pine__1599121979753628000.smt2	1	M	0.054373	50
QF_NRA_20200911-Pine__1599121979753628000.smt2	1	A	0.051003	50
QF_NRA_20200911-Pine__1599121979753628000.smt2	1	B	0.065879	50
QF_NRA_20200911-Pine__1599121979753628000.smt2	1	C	0.052414	50
QF_NRA_20200911-Pine__1599122159324430000.smt2	1	A	0.023416	14
QF_NRA_20200911-Pine__1599122159324430000.smt2	1	B	0.028167	14
QF_NRA_20200911-Pine__1599122159324430000.smt2	1	C	0.022709	14
QF_NRA_20200911-Pine__1599122159324430000.smt2	1	M	0.021458	14
QF_NRA_20200911-Pine__1599122159846134000.smt2	1	B	0.029542	16
QF_NRA_20200911-Pine__1599122159846134000.smt2	1	C	0.026708	16
QF_NRA_20200911-Pine__1599122159846134000.smt2	1	M	0.020624	16
QF_NRA_20200911-Pine__1599122159846134000.smt2	1	A	0.025666	16
QF_NRA_20200911-Pine__1599122162465867000.smt2	1	C	0.008874	10
QF_NRA_20200911-Pine__1599122162465867000.smt2	1	M	0.012124	10
QF_NRA_20200911-Pine__1599122162465867000.smt2	1	A	0.008333	10
QF_NRA_20200911-Pine__1599122162465867000.smt2	1	B	0.01125	10
QF_NRA_20200911-Pine__1599122162569064000.smt2	1	M	0.007751	4
QF_NRA_20200911-Pine__1599122162569064000.smt2	1	A	0.007292	4
QF_NRA_20200911-Pine__1599122162569064000.smt2	1	B	0.008541	4
QF_NRA_20200911-Pine__1599122162569064000.smt2	1	C	0.007708	4
QF_NRA_20200911-Pine__1599122163190413000.smt2	1	A	0.009665	10
QF_NRA_20200911-Pine__1599122163190413000.smt2	1	B	0.012873	10
QF_NRA_20200911-Pine__1599122163190413000.smt2	1	C	0.009666	10
QF_NRA_20200911-Pine__1599122163190413000.smt2	1	M	0.011041	10
QF_NRA_20200911-Pine__1599122163683961000.smt2	1	B	0.038915	16
QF_NRA_20200911-Pine__1599122163683961000.smt2	1	C	0.035792	16
QF_NRA_20200911-Pine__1599122163683961000.smt2	1	M	0.024584	16
QF_NRA_20200911-Pine__1599122163683961000.smt2	1	A	0.033042	16
QF_NRA_20200911-Pine__1599122165140235000.smt2	1	C	0.010251	10
QF_NRA_20200911-Pine__1599122165140235000.smt2	1	M	0.011999	10
QF_NRA_20200911-Pine__1599122165140235000.smt2	1	A	0.009458	10
QF_NRA_20200911-Pine__1599122165140235000.smt2	1	B	0.012999	10
QF_NRA_20200911-Pine__1599122166207559000.smt2	1	M	0.013043	10
QF_NRA_20200911-Pine__1599122166207559000.smt2	1	A	0.009833	10
QF_NRA_20200911-Pine__1599122166207559000.smt2	1	B	0.011999	10
QF_NRA_20200911-Pine__1599122166207559000.smt2	1	C	0.010334	10
QF_NRA_20211101-Geogebra__IsoRightTriangle-Bottema1_12b.smt2	1	A	0.011375	4
QF_NRA_20211101-Geogebra__IsoRightTriangle-Bottema1_12b.smt2	1	B	0.012125	4
QF_NRA_20211101-Geogebra__IsoRightTriangle-Bottema1_12b.smt2	1	C	0.010542	4
QF_NRA_20211101-Geogebra__IsoRightTriangle-Bottema1_12b.smt2	1	M	0.008624	4
QF_NRA_20211101-Geogebra__IsoRightTriangle-Bottema1_2b.smt2	1	B	0.008834	4
QF_NRA_20211101-Geogebra__IsoRightTriangle-Bottema1_2b.smt2	1	C	0.007458	4
QF_NRA_20211101-Geogebra__IsoRightTriangle-Bottema1_2b.smt2	1	M	0.008208	4
QF_NRA_20211101-Geogebra__IsoRightTriangle-Bottema1_2b.smt2	1	A	0.007084	4
QF_NRA_20211101-Geogebra__IsoTriangle-Area_Perimeter_a.smt2	1	C	0.011459	4
QF_NRA_20211101-Geogebra__IsoTriangle-Area_Perimeter_a.smt2	1	M	0.007666	4
QF_NRA_20211101-Geogebra__IsoTriangle-Area_Perimeter_a.smt2	1	A	0.010167	4
QF_NRA_20211101-Geogebra__IsoTriangle-Area_Perimeter_a.smt2	1	B	0.011	4
QF_NRA_20211101-Geogebra__IsoTriangle-Bottema6_1a.smt2	1	M	0.01825	14
QF_NRA_20211101-Geogebra__IsoTriangle-Bottema6_1a.smt2	1	A	0.025708	14
QF_NRA_20211101-Geogebra__IsoTriangle-Bottema6_1a.smt2	1	B	0.029501	14
QF_NRA_20211101-Geogebra__IsoTriangle-Bottema6_1a.smt2	1	C	0.025291	14
QF_NRA_20211101-Geogebra__IsoTriangle-Bottema6_1b.smt2	1	A	0.033542	20
QF_NRA_20211101-Geogebra__IsoTriangle-Bottema6_1b.smt2	1	B	0.038835	20
QF_NRA_20211101-Geogebra__IsoTriangle-Bottema6_1b.smt2	1	C	0.033124	20
QF_NRA_20211101-Geogebra__IsoTriangle-Bottema6_1b.smt2	1	M	0.028835	20
QF_NRA_20211101-Geogebra__IsoTriangle-Median_Perimeter_a2.smt2	1	B	0.023125	10
QF_NRA_20211101-Geogebra__IsoTriangle-Median_Perimeter_a2.smt2	1	C	0.020709	10
QF_NRA_20211101-Geogebra__IsoTriangle-Median_Perimeter_a2.smt2	1	M	0.014625	10
QF_NRA_20211101-Geogebra__IsoTriangle-Median_Perimeter_a2.smt2	1	A	0.019624	10
QF_NRA_20211101-Geogebra__IsoTriangle-Perimeter_CircumRadius_a.smt2	1	C	0.021666	20
QF_NRA_20211101-Geogebra__IsoTriangle-Perimeter_CircumRadius_a.smt2	1	M	0.023794	20
QF_NRA_20211101-Geogebra__IsoTriangle-Perimeter_CircumRadius_a.smt2	1	A	0.018376	20
QF_NRA_20211101-Geogebra__IsoTriangle-Perimeter_CircumRadius_a.smt2	1	B	0.023749	20
QF_NRA_20211101-Geogebra__PythagoreanGeneralization_Triangle-aa+bb_cc.smt2	1	M	0.007375	4
QF_NRA_20211101-Geogebra__PythagoreanGeneralization_Triangle-aa+bb_cc.smt2	1	A	0.007167	4
QF_NRA_20211101-Geogebra__PythagoreanGeneralization_Triangle-aa+bb_cc.smt2	1	B	0.0085	4
QF_NRA_20211101-Geogebra__PythagoreanGeneralization_Triangle-aa+bb_cc.smt2	1	C	0.007124	4
QF_NRA_20211101-Geogebra__RightTriangle-Bottema1_1b.smt2	1	A	0.006542	4
QF_NRA_20211101-Geogebra__RightTriangle-Bottema1_1b.smt2	1	B	0.008833	4
QF_NRA_20211101-Geogebra__RightTriangle-Bottema1_1b.smt2	1	C	0.00675	4
QF_NRA_20211101-Geogebra__RightTriangle-Bottema1_1b.smt2	1	M	0.008875	4
QF_NRA_20211101-Geogebra__RightTriangle-Bottema5_3b.smt2	1	B	0.014458	4
QF_NRA_20211101-Geogebra__RightTriangle-Bottema5_3b.smt2	1	C	0.009791	4
QF_NRA_20211101-Geogebra__RightTriangle-Bottema5_3b.smt2	1	M	0.009458	4
QF_NRA_20211101-Geogebra__RightTriangle-Bottema5_3b.smt2	1	A	0.010792	4
QF_NRA_20211101-Geogebra__Triangle-Bottema1_9.smt2	1	C	0.00725	4
QF_NRA_20211101-Geogebra__Triangle-Bottema1_9.smt2	1	M	0.007624	4
QF_NRA_20211101-Geogebra__Triangle-Bottema1_9.smt2	1	A	0.006166	4
QF_NRA_20211101-Geogebra__Triangle-Bottema1_9.smt2	1	B	0.008626	4
QF_NRA_20220314-Uncu__BDC_ProveIneq_Mitrinovic_4_22b.smt2	1	M	0.006125	2
QF_NRA_20220314-Uncu__BDC_ProveIneq_Mitrinovic_4_22b.smt2	1	A	0.006167	2
QF_NRA_20220314-Uncu__BDC_ProveIneq_Mitrinovic_4_22b.smt2	1	B	0.0065	2
QF_NRA_20220314-Uncu__BDC_ProveIneq_Mitrinovic_4_22b.smt2	1	C	0.006291	2
QF_NRA_20240407-pPDA-Chiari-Pontiggia-Winkler__and_or_PRAY.smt2	1	A	3.85108	1305
QF_NRA_20240407-pPDA-Chiari-Pontiggia-Winkler__and_or_PRAY.smt2	1	B	3.98766	1305
QF_NRA_20240407-pPDA-Chiari-Pontiggia-Winkler__and_or_PRAY.smt2	1	C	3.9816	1305
QF_NRA_20240407-pPDA-Chiari-Pontiggia-Winkler__and_or_PRAY.smt2	1	M	2.74564	1305
QF_NRA_20240407-pPDA-Chiari-Pontiggia-Winkler__call_ret_loop_1_POMC_hints.smt2	1	B	0.191169	80
QF_NRA_20240407-pPDA-Chiari-Pontiggia-Winkler__call_ret_loop_1_POMC_hints.smt2	1	C	0.180834	80
QF_NRA_20240407-pPDA-Chiari-Pontiggia-Winkler__call_ret_loop_1_POMC_hints.smt2	1	M	0.140619	80
QF_NRA_20240407-pPDA-Chiari-Pontiggia-Winkler__call_ret_loop_1_POMC_hints.smt2	1	A	0.192331	80
QF_NRA_20240407-pPDA-Chiari-Pontiggia-Winkler__call_ret_loop_1_POMC_no_hints.smt2	1	C	0.44588	120
QF_NRA_20240407-pPDA-Chiari-Pontiggia-Winkler__call_ret_loop_1_POMC_no_hints.smt2	1	M	0.326002	120
QF_NRA_20240407-pPDA-Chiari-Pontiggia-Winkler__call_ret_loop_1_POMC_no_hints.smt2	1	A	0.435581	120
QF_NRA_20240407-pPDA-Chiari-Pontiggia-Winkler__call_ret_loop_1_POMC_no_hints.smt2	1	B	0.482419	120
QF_NRA_20240407-pPDA-Chiari-Pontiggia-Winkler__call_ret_loop_2_POMC_hints.smt2	1	M	0.150206	84
QF_NRA_20240407-pPDA-Chiari-Pontiggia-Winkler__call_ret_loop_2_POMC_hints.smt2	1	A	0.192586	84
QF_NRA_20240407-pPDA-Chiari-Pontiggia-Winkler__call_ret_loop_2_POMC_hints.smt2	1	B	0.198248	84
QF_NRA_20240407-pPDA-Chiari-Pontiggia-Winkler__call_ret_loop_2_POMC_hints.smt2	1	C	0.17996	84
QF_NRA_20240407-pPDA-Chiari-Pontiggia-Winkler__call_ret_loop_2_POMC_no_hints.smt2	1	A	0.438452	130
QF_NRA_20240407-pPDA-Chiari-Pontiggia-Winkler__call_ret_loop_2_POMC_no_hints.smt2	1	B	0.46829	130
QF_NRA_20240407-pPDA-Chiari-Pontiggia-Winkler__call_ret_loop_2_POMC_no_hints.smt2	1	C	0.451165	130
QF_NRA_20240407-pPDA-Chiari-Pontiggia-Winkler__call_ret_loop_2_POMC_no_hints.smt2	1	M	0.349166	130
QF_NRA_20240407-pPDA-Chiari-Pontiggia-Winkler__escape25_POMC_hints.smt2	1	B	0.713037	376
QF_NRA_20240407-pPDA-Chiari-Pontiggia-Winkler__escape25_POMC_hints.smt2	1	C	0.625794	376
QF_NRA_20240407-pPDA-Chiari-Pontiggia-Winkler__escape25_POMC_hints.smt2	1	M	0.507591	376
QF_NRA_20240407-pPDA-Chiari-Pontiggia-Winkler__escape25_POMC_hints.smt2	1	A	0.667047	376
QF_NRA_20240407-pPDA-Chiari-Pontiggia-Winkler__escape25_POMC_no_hints.smt2	1	C	0.461078	707
QF_NRA_20240407-pPDA-Chiari-Pontiggia-Winkler__escape25_POMC_no_hints.smt2	1	M	0.560455	707
QF_NRA_20240407-pPDA-Chiari-Pontiggia-Winkler__escape25_POMC_no_hints.smt2	1	A	0.453157	707
QF_NRA_20240407-pPDA-Chiari-Pontiggia-Winkler__escape25_POMC_no_hints.smt2	1	B	0.576118	707
QF_NRA_20240407-pPDA-Chiari-Pontiggia-Winkler__mod5_POMC_hints.smt2	1	M	0.231415	64
QF_NRA_20240407-pPDA-Chiari-Pontiggia-Winkler__mod5_POMC_hints.smt2	1	A	0.348666	64
QF_NRA_20240407-pPDA-Chiari-Pontiggia-Winkler__mod5_POMC_hints.smt2	1	B	0.377502	64
QF_NRA_20240407-pPDA-Chiari-Pontiggia-Winkler__mod5_POMC_hints.smt2	1	C	0.344417	64
QF_NRA_20240407-pPDA-Chiari-Pontiggia-Winkler__mod5_POMC_no_hints.smt2	1	A	0.019833	20
QF_NRA_20240407-pPDA-Chiari-Pontiggia-Winkler__mod5_POMC_no_hints.smt2	1	B	0.024042	20
QF_NRA_20240407-pPDA-Chiari-Pontiggia-Winkler__mod5_POMC_no_hints.smt2	1	C	0.019708	20
QF_NRA_20240407-pPDA-Chiari-Pontiggia-Winkler__mod5_POMC_no_hints.smt2	1	M	0.021625	20
QF_NRA_20240407-pPDA-Chiari-Pontiggia-Winkler__mod7_POMC_no_hints.smt2	1	B	0.021125	16
QF_NRA_20240407-pPDA-Chiari-Pontiggia-Winkler__mod7_POMC_no_hints.smt2	1	C	0.016834	16
QF_NRA_20240407-pPDA-Chiari-Pontiggia-Winkler__mod7_POMC_no_hints.smt2	1	M	0.018376	16
QF_NRA_20240407-pPDA-Chiari-Pontiggia-Winkler__mod7_POMC_no_hints.smt2	1	A	0.01696	16
QF_NRA_20240407-pPDA-Chiari-Pontiggia-Winkler__schelling_POMC_hints.smt2	1	C	0.801538	381
QF_NRA_20240407-pPDA-Chiari-Pontiggia-Winkler__schelling_POMC_hints.smt2	1	M	0.560162	381
QF_NRA_20240407-pPDA-Chiari-Pontiggia-Winkler__schelling_POMC_hints.smt2	1	A	0.808123	381
QF_NRA_20240407-pPDA-Chiari-Pontiggia-Winkler__schelling_POMC_hints.smt2	1	B	0.832286	381
QF_NRA_20240407-pPDA-Chiari-Pontiggia-Winkler__schelling_POMC_no_hints.smt2	1	M	2.12747	1779
QF_NRA_20240407-pPDA-Chiari-Pontiggia-Winkler__schelling_POMC_no_hints.smt2	1	A	2.95684	1779
QF_NRA_20240407-pPDA-Chiari-Pontiggia-Winkler__schelling_POMC_no_hints.smt2	1	B	3.18733	1779
QF_NRA_20240407-pPDA-Chiari-Pontiggia-Winkler__schelling_POMC_no_hints.smt2	1	C	3.00211	1779
QF_NRA_20240407-pPDA-Chiari-Pontiggia-Winkler__sqrt2by2_bern_PRAY.smt2	1	A	0.163958	44
QF_NRA_20240407-pPDA-Chiari-Pontiggia-Winkler__sqrt2by2_bern_PRAY.smt2	1	B	0.189667	44
QF_NRA_20240407-pPDA-Chiari-Pontiggia-Winkler__sqrt2by2_bern_PRAY.smt2	1	C	0.173208	44
QF_NRA_20240407-pPDA-Chiari-Pontiggia-Winkler__sqrt2by2_bern_PRAY.smt2	1	M	0.098539	44
QF_NRA_LassoRanker__Ben-Amram-2010LMCS-Ex2.3_true-termination.c_Iteration1_Lasso_3-pieceTemplate.smt2	1	B	0.028499	28
QF_NRA_LassoRanker__Ben-Amram-2010LMCS-Ex2.3_true-termination.c_Iteration1_Lasso_3-pieceTemplate.smt2	1	C	0.021624	28
QF_NRA_LassoRanker__Ben-Amram-2010LMCS-Ex2.3_true-termination.c_Iteration1_Lasso_3-pieceTemplate.smt2	1	M	0.023374	28
QF_NRA_LassoRanker__Ben-Amram-2010LMCS-Ex2.3_true-termination.c_Iteration1_Lasso_3-pieceTemplate.smt2	1	A	0.019	28
QF_NRA_LassoRanker__BradleyMannaSipma-2005ICALP-Fig1-deterministic.bpl_Iteration1_Lasso_3-pieceTemplate.smt2	1	C	0.340833	232
QF_NRA_LassoRanker__BradleyMannaSipma-2005ICALP-Fig1-deterministic.bpl_Iteration1_Lasso_3-pieceTemplate.smt2	1	M	0.332082	232
QF_NRA_LassoRanker__BradleyMannaSipma-2005ICALP-Fig1-deterministic.bpl_Iteration1_Lasso_3-pieceTemplate.smt2	1	A	0.323923	232
QF_NRA_LassoRanker__BradleyMannaSipma-2005ICALP-Fig1-deterministic.bpl_Iteration1_Lasso_3-pieceTemplate.smt2	1	B	0.401999	232
QF_NRA_LassoRanker__Braverman-2006CAV-Ex1-int.bpl_Iteration1_Loop_4-pieceTemplate.smt2	1	M	0.045917	22
QF_NRA_LassoRanker__Braverman-2006CAV-Ex1-int.bpl_Iteration1_Loop_4-pieceTemplate.smt2	1	A	0.049377	22
QF_NRA_LassoRanker__Braverman-2006CAV-Ex1-int.bpl_Iteration1_Loop_4-pieceTemplate.smt2	1	B	0.054626	22
QF_NRA_LassoRanker__Braverman-2006CAV-Ex1-int.bpl_Iteration1_Loop_4-pieceTemplate.smt2	1	C	0.045374	22
QF_NRA_LassoRanker__Khartoum.bpl_Iteration1_Loop_4-pieceTemplate.smt2	1	A	6.55997	6186
QF_NRA_LassoRanker__Khartoum.bpl_Iteration1_Loop_4-pieceTemplate.smt2	1	B	7.41721	6186
QF_NRA_LassoRanker__Khartoum.bpl_Iteration1_Loop_4-pieceTemplate.smt2	1	C	6.63079	6186
QF_NRA_LassoRanker__Khartoum.bpl_Iteration1_Loop_4-pieceTemplate.smt2	1	M	5.4128	6186
QF_NRA_LassoRanker__Mysore2.bpl_Iteration1_Loop_4-pieceTemplate.smt2	1	B	0.366006	572
QF_NRA_LassoRanker__Mysore2.bpl_Iteration1_Loop_4-pieceTemplate.smt2	1	C	0.289301	572
QF_NRA_LassoRanker__Mysore2.bpl_Iteration1_Loop_4-pieceTemplate.smt2	1	M	0.345918	572
QF_NRA_LassoRanker__Mysore2.bpl_Iteration1_Loop_4-pieceTemplate.smt2	1	A	0.287085	572
QF_NRA_LassoRanker__NoriSharma-2013FSE-Fig8_true-termination.c_Iteration1_Lasso_3-pieceTemplate.smt2	1	C	3.17326	4046
QF_NRA_LassoRanker__NoriSharma-2013FSE-Fig8_true-termination.c_Iteration1_Lasso_3-pieceTemplate.smt2	1	M	2.78277	4046
QF_NRA_LassoRanker__NoriSharma-2013FSE-Fig8_true-termination.c_Iteration1_Lasso_3-pieceTemplate.smt2	1	A	3.0961	4046
QF_NRA_LassoRanker__NoriSharma-2013FSE-Fig8_true-termination.c_Iteration1_Lasso_3-pieceTemplate.smt2	1	B	3.65088	4046
QF_NRA_LassoRanker__NoriSharma-2013FSE-Fig8_true-termination.c_Iteration1_Loop_3-pieceTemplate.smt2	1	M	0.048001	43
QF_NRA_LassoRanker__NoriSharma-2013FSE-Fig8_true-termination.c_Iteration1_Loop_3-pieceTemplate.smt2	1	A	0.038125	43
QF_NRA_LassoRanker__NoriSharma-2013FSE-Fig8_true-termination.c_Iteration1_Loop_3-pieceTemplate.smt2	1	B	0.051961	43
QF_NRA_LassoRanker__NoriSharma-2013FSE-Fig8_true-termination.c_Iteration1_Loop_3-pieceTemplate.smt2	1	C	0.042498	43
QF_NRA_LassoRanker__TwoPhase.bpl_Iteration1_Loop_3-pieceTemplate.smt2	1	A	1.18911	2564
QF_NRA_LassoRanker__TwoPhase.bpl_Iteration1_Loop_3-pieceTemplate.smt2	1	B	1.50772	2564
QF_NRA_LassoRanker__TwoPhase.bpl_Iteration1_Loop_3-pieceTemplate.smt2	1	C	1.29212	2564
QF_NRA_LassoRanker__TwoPhase.bpl_Iteration1_Loop_3-pieceTemplate.smt2	1	M	1.48104	2564
QF_NRA_LassoRanker__fun4.t2.c_Iteration1_Loop_4-pieceTemplate.smt2	1	B	0.016082	8
QF_NRA_LassoRanker__fun4.t2.c_Iteration1_Loop_4-pieceTemplate.smt2	1	C	0.014669	8
QF_NRA_LassoRanker__fun4.t2.c_Iteration1_Loop_4-pieceTemplate.smt2	1	M	0.014625	8
QF_NRA_LassoRanker__fun4.t2.c_Iteration1_Loop_4-pieceTemplate.smt2	1	A	0.014249	8
QF_NRA_LassoRanker__nested.t2.c_Iteration4_Loop_4-pieceTemplate.smt2	1	C	0.033293	42
QF_NRA_LassoRanker__nested.t2.c_Iteration4_Loop_4-pieceTemplate.smt2	1	M	0.042248	42
QF_NRA_LassoRanker__nested.t2.c_Iteration4_Loop_4-pieceTemplate.smt2	1	A	0.029125	42
QF_NRA_LassoRanker__nested.t2.c_Iteration4_Loop_4-pieceTemplate.smt2	1	B	0.042834	42
QF_NRA_UltimateAutomizer__InVarSynth_StructPositiveSum-Safe.c_Iteration2_0.smt2	1	M	0.16047	238
QF_NRA_UltimateAutomizer__InVarSynth_StructPositiveSum-Safe.c_Iteration2_0.smt2	1	A	0.103456	238
QF_NRA_UltimateAutomizer__InVarSynth_StructPositiveSum-Safe.c_Iteration2_0.smt2	1	B	0.151043	238
QF_NRA_UltimateAutomizer__InVarSynth_StructPositiveSum-Safe.c_Iteration2_0.smt2	1	C	0.112919	238
QF_NRA_hycomp__ball_count_1d_plain.02.seq_lazy_linear_enc_lemmas_global_8.smt2	1	A	0.021	26
QF_NRA_hycomp__ball_count_1d_plain.02.seq_lazy_linear_enc_lemmas_global_8.smt2	1	B	0.025917	26
QF_NRA_hycomp__ball_count_1d_plain.02.seq_lazy_linear_enc_lemmas_global_8.smt2	1	C	0.019084	26
QF_NRA_hycomp__ball_count_1d_plain.02.seq_lazy_linear_enc_lemmas_global_8.smt2	1	M	0.028878	26
QF_NRA_hycomp__ball_count_1d_plain.03.seq_lazy_linear_enc_global_10.smt2	1	B	0.209422	356
QF_NRA_hycomp__ball_count_1d_plain.03.seq_lazy_linear_enc_global_10.smt2	1	C	0.149872	356
QF_NRA_hycomp__ball_count_1d_plain.03.seq_lazy_linear_enc_global_10.smt2	1	M	0.289635	356
QF_NRA_hycomp__ball_count_1d_plain.03.seq_lazy_linear_enc_global_10.smt2	1	A	0.130405	356
QF_NRA_hycomp__ball_count_1d_plain.04.redlog_global_6.smt2	1	C	3.7221	3162
QF_NRA_hycomp__ball_count_1d_plain.04.redlog_global_6.smt2	1	M	3.28351	3162
QF_NRA_hycomp__ball_count_1d_plain.04.redlog_global_6.smt2	1	A	3.75431	3162
QF_NRA_hycomp__ball_count_1d_plain.04.redlog_global_6.smt2	1	B	4.13886	3162
QF_NRA_hycomp__ball_count_1d_plain.04.seq_lazy_linear_enc_lemmas_global_12.smt2	1	M	1.54125	1894
QF_NRA_hycomp__ball_count_1d_plain.04.seq_lazy_linear_enc_lemmas_global_12.smt2	1	A	1.03514	1894
QF_NRA_hycomp__ball_count_1d_plain.04.seq_lazy_linear_enc_lemmas_global_12.smt2	1	B	1.40525	1894
QF_NRA_hycomp__ball_count_1d_plain.04.seq_lazy_linear_enc_lemmas_global_12.smt2	1	C	1.0432	1894
QF_NRA_hycomp__ball_count_2d_hill_simple.01.seq_lazy_global_14.smt2	1	A	0.008168	10
QF_NRA_hycomp__ball_count_2d_hill_simple.01.seq_lazy_global_14.smt2	1	B	0.011834	10
QF_NRA_hycomp__ball_count_2d_hill_simple.01.seq_lazy_global_14.smt2	1	C	0.009334	10
QF_NRA_hycomp__ball_count_2d_hill_simple.01.seq_lazy_global_14.smt2	1	M	0.020417	10
QF_NRA_hycomp__ball_count_2d_hill_simple.02.seq_lazy_lemmas_global_14.smt2	1	B	0.09733	178
QF_NRA_hycomp__ball_count_2d_hill_simple.02.seq_lazy_lemmas_global_14.smt2	1	C	0.07013	178
QF_NRA_hycomp__ball_count_2d_hill_simple.02.seq_lazy_lemmas_global_14.smt2	1	M	0.113625	178
QF_NRA_hycomp__ball_count_2d_hill_simple.02.seq_lazy_lemmas_global_14.smt2	1	A	0.066625	178
QF_NRA_hycomp__ball_count_2d_plain.03.seq_lazy_linear_enc_lemmas_global_4.smt2	1	C	0.571456	542
QF_NRA_hycomp__ball_count_2d_plain.03.seq_lazy_linear_enc_lemmas_global_4.smt2	1	M	0.40733	542
QF_NRA_hycomp__ball_count_2d_plain.03.seq_lazy_linear_enc_lemmas_global_4.smt2	1	A	0.555489	542
QF_NRA_hycomp__ball_count_2d_plain.03.seq_lazy_linear_enc_lemmas_global_4.smt2	1	B	0.648504	542
QF_NRA_hycomp__ball_count_2d_plain.05.seq_lazy_linear_enc_global_14.smt2	1	M	5.73786	8642
QF_NRA_hycomp__ball_count_2d_plain.05.seq_lazy_linear_enc_global_14.smt2	1	A	6.71794	8642
QF_NRA_hycomp__ball_count_2d_plain.05.seq_lazy_linear_enc_global_14.smt2	1	B	8.08879	8642
QF_NRA_hycomp__ball_count_2d_plain.05.seq_lazy_linear_enc_global_14.smt2	1	C	7.04347	8642
QF_NRA_hycomp__ball_count_2d_plain.10.redlog_global_4.smt2	1	A	0.041208	24
QF_NRA_hycomp__ball_count_2d_plain.10.redlog_global_4.smt2	1	B	0.049208	24
QF_NRA_hycomp__ball_count_2d_plain.10.redlog_global_4.smt2	1	C	0.044625	24
QF_NRA_hycomp__ball_count_2d_plain.10.redlog_global_4.smt2	1	M	0.046128	24
QF_NRA_hycomp__ball_count_2d_slope.03.seq_lazy_lemmas_global_6.smt2	1	B	6.98104	2434
QF_NRA_hycomp__ball_count_2d_slope.03.seq_lazy_lemmas_global_6.smt2	1	C	6.63538	2434
QF_NRA_hycomp__ball_count_2d_slope.03.seq_lazy_lemmas_global_6.smt2	1	M	4.40837	2434
QF_NRA_hycomp__ball_count_2d_slope.03.seq_lazy_lemmas_global_6.smt2	1	A	6.61064	2434
QF_NRA_hycomp__ball_count_2d_slope.04.seq_lazy_linear_enc_global_8.smt2	1	C	0.029873	17
QF_NRA_hycomp__ball_count_2d_slope.04.seq_lazy_linear_enc_global_8.smt2	1	M	0.021458	17
QF_NRA_hycomp__ball_count_2d_slope.04.seq_lazy_linear_enc_global_8.smt2	1	A	0.029333	17
QF_NRA_hycomp__ball_count_2d_slope.04.seq_lazy_linear_enc_global_8.smt2	1	B	0.034291	17
QF_NRA_hycomp__etcs_braking_2.01.seq_lazy_linear_enc_global_15.smt2	1	M	1.70683	629
QF_NRA_hycomp__etcs_braking_2.01.seq_lazy_linear_enc_global_15.smt2	1	A	2.58404	629
QF_NRA_hycomp__etcs_braking_2.01.seq_lazy_linear_enc_global_15.smt2	1	B	2.80878	629
QF_NRA_hycomp__etcs_braking_2.01.seq_lazy_linear_enc_global_15.smt2	1	C	2.54366	629
QF_NRA_hycomp__simple_ballistics_reach.01.seq_lazy_global_15.smt2	1	A	4.53872	1545
QF_NRA_hycomp__simple_ballistics_reach.01.seq_lazy_global_15.smt2	1	B	4.70245	1545
QF_NRA_hycomp__simple_ballistics_reach.01.seq_lazy_global_15.smt2	1	C	4.43212	1545
QF_NRA_hycomp__simple_ballistics_reach.01.seq_lazy_global_15.smt2	1	M	3.13677	1545
QF_NRA_hycomp__simple_ballistics_reach.01.seq_lazy_linear_enc_lemmas_global_9.smt2	1	B	4.65703	743
QF_NRA_hycomp__simple_ballistics_reach.01.seq_lazy_linear_enc_lemmas_global_9.smt2	1	C	4.75112	743
QF_NRA_hycomp__simple_ballistics_reach.01.seq_lazy_linear_enc_lemmas_global_9.smt2	1	M	3.07425	743
QF_NRA_hycomp__simple_ballistics_reach.01.seq_lazy_linear_enc_lemmas_global_9.smt2	1	A	4.40154	743
QF_NRA_meti-tarski__CMOS-opamp-chunk-0029.smt2	1	C	0.005792	0
QF_NRA_meti-tarski__CMOS-opamp-chunk-0029.smt2	1	M	0.005	0
QF_NRA_meti-tarski__CMOS-opamp-chunk-0029.smt2	1	A	0.004625	0
QF_NRA_meti-tarski__CMOS-opamp-chunk-0029.smt2	1	B	0.00625	0
QF_NRA_meti-tarski__CMOS-opamp-chunk-0071.smt2	1	M	0.011167	4
QF_NRA_meti-tarski__CMOS-opamp-chunk-0071.smt2	1	A	0.012208	4
QF_NRA_meti-tarski__CMOS-opamp-chunk-0071.smt2	1	B	0.0145	4
QF_NRA_meti-tarski__CMOS-opamp-chunk-0071.smt2	1	C	0.010667	4
QF_NRA_meti-tarski__CMOS-opamp-chunk-0269.smt2	1	A	0.038583	4
QF_NRA_meti-tarski__CMOS-opamp-chunk-0269.smt2	1	B	0.042917	4
QF_NRA_meti-tarski__CMOS-opamp-chunk-0269.smt2	1	C	0.040749	4
QF_NRA_meti-tarski__CMOS-opamp-chunk-0269.smt2	1	M	0.023083	4
QF_NRA_meti-tarski__CMOS-opamp-chunk-0285.smt2	1	B	0.014125	4
QF_NRA_meti-tarski__CMOS-opamp-chunk-0285.smt2	1	C	0.010542	4
QF_NRA_meti-tarski__CMOS-opamp-chunk-0285.smt2	1	M	0.010374	4
QF_NRA_meti-tarski__CMOS-opamp-chunk-0285.smt2	1	A	0.011083	4
QF_NRA_meti-tarski__Chua-1-VC1-L-chunk-0135.smt2	1	C	0.005667	0
QF_NRA_meti-tarski__Chua-1-VC1-L-chunk-0135.smt2	1	M	0.004167	0
QF_NRA_meti-tarski__Chua-1-VC1-L-chunk-0135.smt2	1	A	0.005042	0
QF_NRA_meti-tarski__Chua-1-VC1-L-chunk-0135.smt2	1	B	0.006166	0
QF_NRA_meti-tarski__Chua-2-IL-U-chunk-0022.smt2	1	M	0.018208	3
QF_NRA_meti-tarski__Chua-2-IL-U-chunk-0022.smt2	1	A	0.026167	3
QF_NRA_meti-tarski__Chua-2-IL-U-chunk-0022.smt2	1	B	0.028792	3
QF_NRA_meti-tarski__Chua-2-IL-U-chunk-0022.smt2	1	C	0.026043	3
QF_NRA_meti-tarski__Chua-2-IL-U-chunk-0039.smt2	1	A	0.006709	1
QF_NRA_meti-tarski__Chua-2-IL-U-chunk-0039.smt2	1	B	0.008125	1
QF_NRA_meti-tarski__Chua-2-IL-U-chunk-0039.smt2	1	C	0.006792	1
QF_NRA_meti-tarski__Chua-2-IL-U-chunk-0039.smt2	1	M	0.007667	1
QF_NRA_meti-tarski__Chua-2-IL-U-chunk-0099.smt2	1	B	0.042334	2
QF_NRA_meti-tarski__Chua-2-IL-U-chunk-0099.smt2	1	C	0.038041	2
QF_NRA_meti-tarski__Chua-2-IL-U-chunk-0099.smt2	1	M	0.016417	2
QF_NRA_meti-tarski__Chua-2-IL-U-chunk-0099.smt2	1	A	0.033792	2
QF_NRA_meti-tarski__Chua-2-VC1-U-chunk-0123.smt2	1	C	0.251416	6
QF_NRA_meti-tarski__Chua-2-VC1-U-chunk-0123.smt2	1	M	0.116875	6
QF_NRA_meti-tarski__Chua-2-VC1-U-chunk-0123.smt2	1	A	0.246875	6
QF_NRA_meti-tarski__Chua-2-VC1-U-chunk-0123.smt2	1	B	0.251584	6
QF_NRA_meti-tarski__Chua-2-VC2-U-chunk-0108.smt2	1	M	0.015875	2
QF_NRA_meti-tarski__Chua-2-VC2-U-chunk-0108.smt2	1	A	0.035458	2
QF_NRA_meti-tarski__Chua-2-VC2-U-chunk-0108.smt2	1	B	0.037166	2
QF_NRA_meti-tarski__Chua-2-VC2-U-chunk-0108.smt2	1	C	0.035334	2
QF_NRA_meti-tarski__Lyapunov1a-chunk-0036.smt2	1	A	0.019504	26
QF_NRA_meti-tarski__Lyapunov1a-chunk-0036.smt2	1	B	0.028999	26
QF_NRA_meti-tarski__Lyapunov1a-chunk-0036.smt2	1	C	0.019664	26
QF_NRA_meti-tarski__Lyapunov1a-chunk-0036.smt2	1	M	0.036499	26
QF_NRA_meti-tarski__Nichols-Plot-Inverted-Pendulum-Fails-1-6-chunk-0034.smt2	1	B	0.018459	4
QF_NRA_meti-tarski__Nichols-Plot-Inverted-Pendulum-Fails-1-6-chunk-0034.smt2	1	C	0.016083	4
QF_NRA_meti-tarski__Nichols-Plot-Inverted-Pendulum-Fails-1-6-chunk-0034.smt2	1	M	0.011667	4
QF_NRA_meti-tarski__Nichols-Plot-Inverted-Pendulum-Fails-1-6-chunk-0034.smt2	1	A	0.016042	4
QF_NRA_meti-tarski__Nichols-Plot-Inverted-Pendulum-Fails-1-6-chunk-0234.smt2	1	C	0.011167	2
QF_NRA_meti-tarski__Nichols-Plot-Inverted-Pendulum-Fails-1-6-chunk-0234.smt2	1	M	0.008749	2
QF_NRA_meti-tarski__Nichols-Plot-Inverted-Pendulum-Fails-1-6-chunk-0234.smt2	1	A	0.010833	2
QF_NRA_meti-tarski__Nichols-Plot-Inverted-Pendulum-Fails-1-6-chunk-0234.smt2	1	B	0.011459	2
QF_NRA_meti-tarski__asin-8-vars4-chunk-0029.smt2	1	M	0.013666	8
QF_NRA_meti-tarski__asin-8-vars4-chunk-0029.smt2	1	A	0.014626	8
QF_NRA_meti-tarski__asin-8-vars4-chunk-0029.smt2	1	B	0.016834	8
QF_NRA_meti-tarski__asin-8-vars4-chunk-0029.smt2	1	C	0.014125	8
QF_NRA_meti-tarski__atan-problem-1-chunk-0032.smt2	1	A	0.008458	8
QF_NRA_meti-tarski__atan-problem-1-chunk-0032.smt2	1	B	0.010501	8
QF_NRA_meti-tarski__atan-problem-1-chunk-0032.smt2	1	C	0.008458	8
QF_NRA_meti-tarski__atan-problem-1-chunk-0032.smt2	1	M	0.010583	8
QF_NRA_meti-tarski__atan-problem-1-chunk-0087.smt2	1	B	0.030541	20
QF_NRA_meti-tarski__atan-problem-1-chunk-0087.smt2	1	C	0.020959	20
QF_NRA_meti-tarski__atan-problem-1-chunk-0087.smt2	1	M	0.022915	20
QF_NRA_meti-tarski__atan-problem-1-chunk-0087.smt2	1	A	0.02146	20
QF_NRA_meti-tarski__atan-problem-2-chunk-0101.smt2	1	C	0.008291	6
QF_NRA_meti-tarski__atan-problem-2-chunk-0101.smt2	1	M	0.009209	6
QF_NRA_meti-tarski__atan-problem-2-chunk-0101.smt2	1	A	0.006791	6
QF_NRA_meti-tarski__atan-problem-2-chunk-0101.smt2	1	B	0.011	6
QF_NRA_meti-tarski__atan-problem-2-chunk-0107.smt2	1	M	0.004708	0
QF_NRA_meti-tarski__atan-problem-2-chunk-0107.smt2	1	A	0.005208	0
QF_NRA_meti-tarski__atan-problem-2-chunk-0107.smt2	1	B	0.006084	0
QF_NRA_meti-tarski__atan-problem-2-chunk-0107.smt2	1	C	0.005667	0
QF_NRA_meti-tarski__atan-problem-2-weak-chunk-0061.smt2	1	A	0.005166	0
QF_NRA_meti-tarski__atan-problem-2-weak-chunk-0061.smt2	1	B	0.006084	0
QF_NRA_meti-tarski__atan-problem-2-weak-chunk-0061.smt2	1	C	0.005416	0
QF_NRA_meti-tarski__atan-problem-2-weak-chunk-0061.smt2	1	M	0.005333	0
QF_NRA_meti-tarski__atan-problem-2-weak-chunk-0100.smt2	1	B	0.009667	4
QF_NRA_meti-tarski__atan-problem-2-weak-chunk-0100.smt2	1	C	0.007626	4
QF_NRA_meti-tarski__atan-problem-2-weak-chunk-0100.smt2	1	M	0.009709	4
QF_NRA_meti-tarski__atan-problem-2-weak-chunk-0100.smt2	1	A	0.006666	4
QF_NRA_meti-tarski__atan-problem-2-weak-chunk-0225.smt2	1	C	0.005459	0
QF_NRA_meti-tarski__atan-problem-2-weak-chunk-0225.smt2	1	M	0.004583	0
QF_NRA_meti-tarski__atan-problem-2-weak-chunk-0225.smt2	1	A	0.005292	0
QF_NRA_meti-tarski__atan-problem-2-weak-chunk-0225.smt2	1	B	0.006334	0
QF_NRA_meti-tarski__atan-problem-2-weakT-chunk-0054.smt2	1	M	0.007917	2
QF_NRA_meti-tarski__atan-problem-2-weakT-chunk-0054.smt2	1	A	0.006791	2
QF_NRA_meti-tarski__atan-problem-2-weakT-chunk-0054.smt2	1	B	0.008166	2
QF_NRA_meti-tarski__atan-problem-2-weakT-chunk-0054.smt2	1	C	0.006708	2
QF_NRA_meti-tarski__atan-vega-3-chunk-0434.smt2	1	A	0.005375	0
QF_NRA_meti-tarski__atan-vega-3-chunk-0434.smt2	1	B	0.006291	0
QF_NRA_meti-tarski__atan-vega-3-chunk-0434.smt2	1	C	0.005209	0
QF_NRA_meti-tarski__atan-vega-3-chunk-0434.smt2	1	M	0.007416	0
QF_NRA_meti-tarski__atan-vega-3-chunk-0489.smt2	1	B	0.007292	0
QF_NRA_meti-tarski__atan-vega-3-chunk-0489.smt2	1	C	0.006666	0
QF_NRA_meti-tarski__atan-vega-3-chunk-0489.smt2	1	M	0.004792	0
QF_NRA_meti-tarski__atan-vega-3-chunk-0489.smt2	1	A	0.006834	0
QF_NRA_meti-tarski__atan-vega-3-chunk-0640.smt2	1	C	0.005541	0
QF_NRA_meti-tarski__atan-vega-3-chunk-0640.smt2	1	M	0.005917	0
QF_NRA_meti-tarski__atan-vega-3-chunk-0640.smt2	1	A	0.004583	0
QF_NRA_meti-tarski__atan-vega-3-chunk-0640.smt2	1	B	0.006209	0
QF_NRA_meti-tarski__atan-vega-3-weak-chunk-0195.smt2	1	M	0.006416	0
QF_NRA_meti-tarski__atan-vega-3-weak-chunk-0195.smt2	1	A	0.005209	0
QF_NRA_meti-tarski__atan-vega-3-weak-chunk-0195.smt2	1	B	0.0055	0
QF_NRA_meti-tarski__atan-vega-3-weak-chunk-0195.smt2	1	C	0.005583	0
QF_NRA_meti-tarski__atan-vega-3-weak-chunk-0243.smt2	1	A	0.00525	0
QF_NRA_meti-tarski__atan-vega-3-weak-chunk-0243.smt2	1	B	0.0055	0
QF_NRA_meti-tarski__atan-vega-3-weak-chunk-0243.smt2	1	C	0.004916	0
QF_NRA_meti-tarski__atan-vega-3-weak-chunk-0243.smt2	1	M	0.004209	0
QF_NRA_meti-tarski__atan-vega-3-weak-chunk-0360.smt2	1	B	0.006375	0
QF_NRA_meti-tarski__atan-vega-3-weak-chunk-0360.smt2	1	C	0.005458	0
QF_NRA_meti-tarski__atan-vega-3-weak-chunk-0360.smt2	1	M	0.006708	0
QF_NRA_meti-tarski__atan-vega-3-weak-chunk-0360.smt2	1	A	0.005375	0
QF_NRA_meti-tarski__atan-vega-3-weak-chunk-0435.smt2	1	C	0.023166	3
QF_NRA_meti-tarski__atan-vega-3-weak-chunk-0435.smt2	1	M	0.014416	3
QF_NRA_meti-tarski__atan-vega-3-weak-chunk-0435.smt2	1	A	0.022708	3
QF_NRA_meti-tarski__atan-vega-3-weak-chunk-0435.smt2	1	B	0.023333	3
QF_NRA_meti-tarski__atan-vega-3-weak-chunk-0622.smt2	1	M	0.004875	0
QF_NRA_meti-tarski__atan-vega-3-weak-chunk-0622.smt2	1	A	0.007083	0
QF_NRA_meti-tarski__atan-vega-3-weak-chunk-0622.smt2	1	B	0.008083	0
QF_NRA_meti-tarski__atan-vega-3-weak-chunk-0622.smt2	1	C	0.007291	0
QF_NRA_meti-tarski__exp-problem-10-2-chunk-0145.smt2	1	A	0.005375	0
QF_NRA_meti-tarski__exp-problem-10-2-chunk-0145.smt2	1	B	0.006167	0
QF_NRA_meti-tarski__exp-problem-10-2-chunk-0145.smt2	1	C	0.005583	0
QF_NRA_meti-tarski__exp-problem-10-2-chunk-0145.smt2	1	M	0.006916	0
QF_NRA_meti-tarski__exp-problem-10-2-chunk-0295.smt2	1	B	0.012125	7
QF_NRA_meti-tarski__exp-problem-10-2-chunk-0295.smt2	1	C	0.009082	7
QF_NRA_meti-tarski__exp-problem-10-2-chunk-0295.smt2	1	M	0.012207	7
QF_NRA_meti-tarski__exp-problem-10-2-chunk-0295.smt2	1	A	0.007834	7
QF_NRA_meti-tarski__exp-problem-10-3-chunk-0187.smt2	1	C	0.006334	1
QF_NRA_meti-tarski__exp-problem-10-3-chunk-0187.smt2	1	M	0.006833	1
QF_NRA_meti-tarski__exp-problem-10-3-chunk-0187.smt2	1	A	0.005875	1
QF_NRA_meti-tarski__exp-problem-10-3-chunk-0187.smt2	1	B	0.006834	1
QF_NRA_meti-tarski__exp-problem-10-3-weak-chunk-0042.smt2	1	M	0.009291	1
QF_NRA_meti-tarski__exp-problem-10-3-weak-chunk-0042.smt2	1	A	0.015167	1
QF_NRA_meti-tarski__exp-problem-10-3-weak-chunk-0042.smt2	1	B	0.015541	1
QF_NRA_meti-tarski__exp-problem-10-3-weak-chunk-0042.smt2	1	C	0.013834	1
QF_NRA_meti-tarski__exp-problem-10-3-weak-chunk-0129.smt2	1	A	0.006333	1
QF_NRA_meti-tarski__exp-problem-10-3-weak-chunk-0129.smt2	1	B	0.00875	1
QF_NRA_meti-tarski__exp-problem-10-3-weak-chunk-0129.smt2	1	C	0.006876	1
QF_NRA_meti-tarski__exp-problem-10-3-weak-chunk-0129.smt2	1	M	0.010499	1
QF_NRA_meti-tarski__polypaver-bench-sqrt-3d-chunk-0407.smt2	1	B	0.011792	2
QF_NRA_meti-tarski__polypaver-bench-sqrt-3d-chunk-0407.smt2	1	C	0.009292	2
QF_NRA_meti-tarski__polypaver-bench-sqrt-3d-chunk-0407.smt2	1	M	0.006375	2
QF_NRA_meti-tarski__polypaver-bench-sqrt-3d-chunk-0407.smt2	1	A	0.008958	2
QF_NRA_meti-tarski__polypaver-bench-sqrt-3d-chunk-0437.smt2	1	C	0.045209	14
QF_NRA_meti-tarski__polypaver-bench-sqrt-3d-chunk-0437.smt2	1	M	0.028668	14
QF_NRA_meti-tarski__polypaver-bench-sqrt-3d-chunk-0437.smt2	1	A	0.048499	14
QF_NRA_meti-tarski__polypaver-bench-sqrt-3d-chunk-0437.smt2	1	B	0.043543	14
QF_NRA_meti-tarski__polypaver-bench-sqrt-3d-chunk-0469.smt2	1	M	0.011875	8
QF_NRA_meti-tarski__polypaver-bench-sqrt-3d-chunk-0469.smt2	1	A	0.011959	8
QF_NRA_meti-tarski__polypaver-bench-sqrt-3d-chunk-0469.smt2	1	B	0.013625	8
QF_NRA_meti-tarski__polypaver-bench-sqrt-3d-chunk-0469.smt2	1	C	0.012	8
QF_NRA_meti-tarski__sin-344-3-chunk-0046.smt2	1	A	0.006042	1
QF_NRA_meti-tarski__sin-344-3-chunk-0046.smt2	1	B	0.007333	1
QF_NRA_meti-tarski__sin-344-3-chunk-0046.smt2	1	C	0.006	1
QF_NRA_meti-tarski__sin-344-3-chunk-0046.smt2	1	M	0.009	1
QF_NRA_meti-tarski__sin-cos-346-b-chunk-0119.smt2	1	B	0.0795	6
QF_NRA_meti-tarski__sin-cos-346-b-chunk-0119.smt2	1	C	0.073583	6
QF_NRA_meti-tarski__sin-cos-346-b-chunk-0119.smt2	1	M	0.058833	6
QF_NRA_meti-tarski__sin-cos-346-b-chunk-0119.smt2	1	A	0.073334	6
QF_NRA_meti-tarski__sin-cos-346-b-chunk-0350.smt2	1	C	0.008167	2
QF_NRA_meti-tarski__sin-cos-346-b-chunk-0350.smt2	1	M	0.006958	2
QF_NRA_meti-tarski__sin-cos-346-b-chunk-0350.smt2	1	A	0.0085	2
QF_NRA_meti-tarski__sin-cos-346-b-chunk-0350.smt2	1	B	0.008459	2
QF_NRA_meti-tarski__sin-cos-346-b-chunk-0458.smt2	1	M	0.007667	2
QF_NRA_meti-tarski__sin-cos-346-b-chunk-0458.smt2	1	A	0.006459	2
QF_NRA_meti-tarski__sin-cos-346-b-chunk-0458.smt2	1	B	0.008375	2
QF_NRA_meti-tarski__sin-cos-346-b-chunk-0458.smt2	1	C	0.006833	2
QF_NRA_meti-tarski__sin-cos-346-b-chunk-0479.smt2	1	A	0.024459	2
QF_NRA_meti-tarski__sin-cos-346-b-chunk-0479.smt2	1	B	0.025125	2
QF_NRA_meti-tarski__sin-cos-346-b-chunk-0479.smt2	1	C	0.025125	2
QF_NRA_meti-tarski__sin-cos-346-b-chunk-0479.smt2	1	M	0.015875	2
QF_NRA_meti-tarski__sin-cos-346-b-chunk-0505.smt2	1	B	0.008209	2
QF_NRA_meti-tarski__sin-cos-346-b-chunk-0505.smt2	1	C	0.006541	2
QF_NRA_meti-tarski__sin-cos-346-b-chunk-0505.smt2	1	M	0.006833	2
QF_NRA_meti-tarski__sin-cos-346-b-chunk-0505.smt2	1	A	0.006582	2
QF_NRA_meti-tarski__sin-cos-346-b-chunk-0515.smt2	1	C	0.030542	6
QF_NRA_meti-tarski__sin-cos-346-b-chunk-0515.smt2	1	M	0.020584	6
QF_NRA_meti-tarski__sin-cos-346-b-chunk-0515.smt2	1	A	0.029334	6
QF_NRA_meti-tarski__sin-cos-346-b-chunk-0515.smt2	1	B	0.032501	6
QF_NRA_meti-tarski__sin-cos-346-b-chunk-0593.smt2	1	M	0.012209	2
QF_NRA_meti-tarski__sin-cos-346-b-chunk-0593.smt2	1	A	0.017833	2
QF_NRA_meti-tarski__sin-cos-346-b-chunk-0593.smt2	1	B	0.019751	2
QF_NRA_meti-tarski__sin-cos-346-b-chunk-0593.smt2	1	C	0.017958	2
QF_NRA_meti-tarski__sin-problem-7-chunk-0017.smt2	1	A	0.005667	2
QF_NRA_meti-tarski__sin-problem-7-chunk-0017.smt2	1	B	0.007208	2
QF_NRA_meti-tarski__sin-problem-7-chunk-0017.smt2	1	C	0.006416	2
QF_NRA_meti-tarski__sin-problem-7-chunk-0017.smt2	1	M	0.006708	2
QF_NRA_meti-tarski__sin-problem-7-chunk-0125.smt2	1	B	0.022167	8
QF_NRA_meti-tarski__sin-problem-7-chunk-0125.smt2	1	C	0.020041	8
QF_NRA_meti-tarski__sin-problem-7-chunk-0125.smt2	1	M	0.012958	8
QF_NRA_meti-tarski__sin-problem-7-chunk-0125.smt2	1	A	0.020208	8
QF_NRA_meti-tarski__sin-problem-7-chunk-0264.smt2	1	C	0.194666	20
QF_NRA_meti-tarski__sin-problem-7-chunk-0264.smt2	1	M	0.204167	20
QF_NRA_meti-tarski__sin-problem-7-chunk-0264.smt2	1	A	0.20304	20
QF_NRA_meti-tarski__sin-problem-7-chunk-0264.smt2	1	B	0.207544	20
QF_NRA_meti-tarski__sin-problem-7-weak2-chunk-0113.smt2	1	M	0.101498	24
QF_NRA_meti-tarski__sin-problem-7-weak2-chunk-0113.smt2	1	A	0.230374	24
QF_NRA_meti-tarski__sin-problem-7-weak2-chunk-0113.smt2	1	B	0.229792	24
QF_NRA_meti-tarski__sin-problem-7-weak2-chunk-0113.smt2	1	C	0.230793	24
QF_NRA_meti-tarski__sqrt-1mcosq-7-chunk-0023.smt2	1	A	0.006625	2
QF_NRA_meti-tarski__sqrt-1mcosq-7-chunk-0023.smt2	1	B	0.0075	2
QF_NRA_meti-tarski__sqrt-1mcosq-7-chunk-0023.smt2	1	C	0.006584	2
QF_NRA_meti-tarski__sqrt-1mcosq-7-chunk-0023.smt2	1	M	0.006875	2
QF_NRA_meti-tarski__sqrt-1mcosq-7-chunk-0094.smt2	1	B	0.021208	4
QF_NRA_meti-tarski__sqrt-1mcosq-7-chunk-0094.smt2	1	C	0.019749	4
QF_NRA_meti-tarski__sqrt-1mcosq-7-chunk-0094.smt2	1	M	0.012292	4
QF_NRA_meti-tarski__sqrt-1mcosq-7-chunk-0094.smt2	1	A	0.017042	4
QF_NRA_meti-tarski__sqrt-1mcosq-7-chunk-0190.smt2	1	C	0.148876	24
QF_NRA_meti-tarski__sqrt-1mcosq-7-chunk-0190.smt2	1	M	0.070624	24
QF_NRA_meti-tarski__sqrt-1mcosq-7-chunk-0190.smt2	1	A	0.152542	24
QF_NRA_meti-tarski__sqrt-1mcosq-7-chunk-0190.smt2	1	B	0.157876	24
QF_NRA_meti-tarski__sqrt-1mcosq-8-chunk-0045.smt2	1	M	0.006458	2
QF_NRA_meti-tarski__sqrt-1mcosq-8-chunk-0045.smt2	1	A	0.005792	2
QF_NRA_meti-tarski__sqrt-1mcosq-8-chunk-0045.smt2	1	B	0.007209	2
QF_NRA_meti-tarski__sqrt-1mcosq-8-chunk-0045.smt2	1	C	0.00575	2
QF_NRA_meti-tarski__sqrt-1mcosq-8-chunk-0092.smt2	1	A	0.020792	4
QF_NRA_meti-tarski__sqrt-1mcosq-8-chunk-0092.smt2	1	B	0.021959	4
QF_NRA_meti-tarski__sqrt-1mcosq-8-chunk-0092.smt2	1	C	0.02125	4
QF_NRA_meti-tarski__sqrt-1mcosq-8-chunk-0092.smt2	1	M	0.014417	4
QF_NRA_meti-tarski__sqrt-1mcosq-8-chunk-0116.smt2	1	B	0.109249	6
QF_NRA_meti-tarski__sqrt-1mcosq-8-chunk-0116.smt2	1	C	0.098375	6
QF_NRA_meti-tarski__sqrt-1mcosq-8-chunk-0116.smt2	1	M	0.050374	6
QF_NRA_meti-tarski__sqrt-1mcosq-8-chunk-0116.smt2	1	A	0.099208	6
QF_NRA_meti-tarski__sqrt-1mcosq-8-chunk-0130.smt2	1	C	0.094292	4
QF_NRA_meti-tarski__sqrt-1mcosq-8-chunk-0130.smt2	1	M	0.050542	4
QF_NRA_meti-tarski__sqrt-1mcosq-8-chunk-0130.smt2	1	A	0.094167	4
QF_NRA_meti-tarski__sqrt-1mcosq-8-chunk-0130.smt2	1	B	0.096667	4
QF_NRA_meti-tarski__sqrt-1mcosq-8-chunk-0164.smt2	1	M	0.010208	2
QF_NRA_meti-tarski__sqrt-1mcosq-8-chunk-0164.smt2	1	A	0.016209	2
QF_NRA_meti-tarski__sqrt-1mcosq-8-chunk-0164.smt2	1	B	0.016083	2
QF_NRA_meti-tarski__sqrt-1mcosq-8-chunk-0164.smt2	1	C	0.015542	2
QF_NRA_meti-tarski__sqrt-1mcosq-8-chunk-0447.smt2	1	A	0.191083	6
QF_NRA_meti-tarski__sqrt-1mcosq-8-chunk-0447.smt2	1	B	0.191459	6
QF_NRA_meti-tarski__sqrt-1mcosq-8-chunk-0447.smt2	1	C	0.17775	6
QF_NRA_meti-tarski__sqrt-1mcosq-8-chunk-0447.smt2	1	M	0.262834	6
QF_NRA_meti-tarski__sqrt-1mcosq-8-chunk-0531.smt2	1	B	0.01825	2
QF_NRA_meti-tarski__sqrt-1mcosq-8-chunk-0531.smt2	1	C	0.014792	2
QF_NRA_meti-tarski__sqrt-1mcosq-8-chunk-0531.smt2	1	M	0.010709	2
QF_NRA_meti-tarski__sqrt-1mcosq-8-chunk-0531.smt2	1	A	0.014958	2
QF_NRA_meti-tarski__sqrt-1mcosq-8-chunk-0674.smt2	1	C	0.192583	6
QF_NRA_meti-tarski__sqrt-1mcosq-8-chunk-0674.smt2	1	M	0.257917	6
QF_NRA_meti-tarski__sqrt-1mcosq-8-chunk-0674.smt2	1	A	0.196959	6
QF_NRA_meti-tarski__sqrt-1mcosq-8-chunk-0674.smt2	1	B	0.187792	6
QF_NRA_meti-tarski__sqrt-problem-12vars3-chunk-0033.smt2	1	M	0.006208	2
QF_NRA_meti-tarski__sqrt-problem-12vars3-chunk-0033.smt2	1	A	0.005917	2
QF_NRA_meti-tarski__sqrt-problem-12vars3-chunk-0033.smt2	1	B	0.006875	2
QF_NRA_meti-tarski__sqrt-problem-12vars3-chunk-0033.smt2	1	C	0.006458	2
QF_NRA_meti-tarski__sqrt-problem-13-sqrt1-chunk-0051.smt2	1	A	0.006166	2
QF_NRA_meti-tarski__sqrt-problem-13-sqrt1-chunk-0051.smt2	1	B	0.00675	2
QF_NRA_meti-tarski__sqrt-problem-13-sqrt1-chunk-0051.smt2	1	C	0.006583	2
QF_NRA_meti-tarski__sqrt-problem-13-sqrt1-chunk-0051.smt2	1	M	0.007125	2
QF_NRA_meti-tarski__sqrt-problem-Melquiond2-chunk-0041.smt2	1	B	0.023583	8
QF_NRA_meti-tarski__sqrt-problem-Melquiond2-chunk-0041.smt2	1	C	0.023585	8
QF_NRA_meti-tarski__sqrt-problem-Melquiond2-chunk-0041.smt2	1	M	0.015958	8
QF_NRA_meti-tarski__sqrt-problem-Melquiond2-chunk-0041.smt2	1	A	0.02621	8
QF_NRA_zankl__matrix-1-all-41.smt2	1	C	0.015332	12
QF_NRA_zankl__matrix-1-all-41.smt2	1	M	0.015418	12
QF_NRA_zankl__matrix-1-all-41.smt2	1	A	0.013499	12
QF_NRA_zankl__matrix-1-all-41.smt2	1	B	0.015168	12
QF_NRA_zankl__matrix-3-all-16.smt2	1	M	0.006167	2
QF_NRA_zankl__matrix-3-all-16.smt2	1	A	0.006042	2
QF_NRA_zankl__matrix-3-all-16.smt2	1	B	0.007292	2
QF_NRA_zankl__matrix-3-all-16.smt2	1	C	0.007125	2
QF_NRA_zankl__matrix-3-all-17.smt2	1	A	0.007209	2
QF_NRA_zankl__matrix-3-all-17.smt2	1	B	0.008793	2
QF_NRA_zankl__matrix-3-all-17.smt2	1	C	0.007126	2
QF_NRA_zankl__matrix-3-all-17.smt2	1	M	0.008375	2
QF_NRA_zankl__matrix-4-all-21.smt2	1	B	0.010333	4
QF_NRA_zankl__matrix-4-all-21.smt2	1	C	0.008667	4
QF_NRA_zankl__matrix-4-all-21.smt2	1	M	0.010459	4
QF_NRA_zankl__matrix-4-all-21.smt2	1	A	0.008792	4
QF_NRA_zankl__matrix-4-all-22.smt2	1	C	0.005625	2
QF_NRA_zankl__matrix-4-all-22.smt2	1	M	0.005958	2
QF_NRA_zankl__matrix-4-all-22.smt2	1	A	0.006375	2
QF_NRA_zankl__matrix-4-all-22.smt2	1	B	0.007	2
AUFNIRA_nasa__cl5_nebula_norm_0017.fof.smt2	2	C	0.012708	4
AUFNIRA_nasa__cl5_nebula_norm_0017.fof.smt2	2	M	0.012209	4
AUFNIRA_nasa__cl5_nebula_norm_0017.fof.smt2	2	A	0.010916	4
AUFNIRA_nasa__cl5_nebula_norm_0017.fof.smt2	2	B	0.012668	4
AUFNIRA_nasa__cl5_nebula_norm_0067.fof.smt2	2	M	0.302328	344
AUFNIRA_nasa__cl5_nebula_norm_0067.fof.smt2	2	A	0.295044	344
AUFNIRA_nasa__cl5_nebula_norm_0067.fof.smt2	2	B	0.372748	344
AUFNIRA_nasa__cl5_nebula_norm_0067.fof.smt2	2	C	0.317045	344
NRA_20220222-cut-three-circles__cut-out-1.smt2	2	A	0.011917	6
NRA_20220222-cut-three-circles__cut-out-1.smt2	2	B	0.013917	6
NRA_20220222-cut-three-circles__cut-out-1.smt2	2	C	0.011917	6
NRA_20220222-cut-three-circles__cut-out-1.smt2	2	M	0.009958	6
NRA_20220222-cut-three-circles__cut-out-2.smt2	2	B	0.031083	34
NRA_20220222-cut-three-circles__cut-out-2.smt2	2	C	0.024335	34
NRA_20220222-cut-three-circles__cut-out-2.smt2	2	M	0.029374	34
NRA_20220222-cut-three-circles__cut-out-2.smt2	2	A	0.021791	34
QF_NIA_20170427-VeryMax__From_AProVE_2014__MainCopy.jar-obl-10__p10363_edge_closing_0.smt2	2	C	0.044372	70
QF_NIA_20170427-VeryMax__From_AProVE_2014__MainCopy.jar-obl-10__p10363_edge_closing_0.smt2	2	M	0.060537	70
QF_NIA_20170427-VeryMax__From_AProVE_2014__MainCopy.jar-obl-10__p10363_edge_closing_0.smt2	2	A	0.04075	70
QF_NIA_20170427-VeryMax__From_AProVE_2014__MainCopy.jar-obl-10__p10363_edge_closing_0.smt2	2	B	0.062124	70
QF_NIA_20170427-VeryMax__From_AProVE_2014__Test7.jar-obl-11__p12895_safety_0.smt2	2	M	0.120127	145
QF_NIA_20170427-VeryMax__From_AProVE_2014__Test7.jar-obl-11__p12895_safety_0.smt2	2	A	0.065379	145
QF_NIA_20170427-VeryMax__From_AProVE_2014__Test7.jar-obl-11__p12895_safety_0.smt2	2	B	0.105628	145
QF_NIA_20170427-VeryMax__From_AProVE_2014__Test7.jar-obl-11__p12895_safety_0.smt2	2	C	0.074716	145
QF_NIA_20170427-VeryMax__From_AProVE_2014__Velroyen08-factorial.jar-obl-8__p13794_terminationG_0.smt2	2	A	0.102168	204
QF_NIA_20170427-VeryMax__From_AProVE_2014__Velroyen08-factorial.jar-obl-8__p13794_terminationG_0.smt2	2	B	0.153089	204
QF_NIA_20170427-VeryMax__From_AProVE_2014__Velroyen08-factorial.jar-obl-8__p13794_terminationG_0.smt2	2	C	0.111072	204
QF_NIA_20170427-VeryMax__From_AProVE_2014__Velroyen08-factorial.jar-obl-8__p13794_terminationG_0.smt2	2	M	0.141205	204
QF_NIA_20170427-VeryMax__From_AProVE_2014__juHashMapCreate.jar-obl-10__p5055_safety_0.smt2	2	B	0.700844	1195
QF_NIA_20170427-VeryMax__From_AProVE_2014__juHashMapCreate.jar-obl-10__p5055_safety_0.smt2	2	C	0.519787	1195
QF_NIA_20170427-VeryMax__From_AProVE_2014__juHashMapCreate.jar-obl-10__p5055_safety_0.smt2	2	M	1.02674	1195
QF_NIA_20170427-VeryMax__From_AProVE_2014__juHashMapCreate.jar-obl-10__p5055_safety_0.smt2	2	A	0.488695	1195
QF_NIA_20170427-VeryMax__From_AProVE_2014__juHashMapCreateClear.jar-obl-11__p30137_safety_0.smt2	2	C	0.043288	78
QF_NIA_20170427-VeryMax__From_AProVE_2014__juHashMapCreateClear.jar-obl-11__p30137_safety_0.smt2	2	M	0.067127	78
QF_NIA_20170427-VeryMax__From_AProVE_2014__juHashMapCreateClear.jar-obl-11__p30137_safety_0.smt2	2	A	0.045001	78
QF_NIA_20170427-VeryMax__From_AProVE_2014__juHashMapCreateClear.jar-obl-11__p30137_safety_0.smt2	2	B	0.05408	78
QF_NIA_20170427-VeryMax__From_AProVE_2014__juHashMapCreateContainsKey.jar-obl-11__p30854_safety_0.smt2	2	M	0.028497	26
QF_NIA_20170427-VeryMax__From_AProVE_2014__juHashMapCreateContainsKey.jar-obl-11__p30854_safety_0.smt2	2	A	0.02571	26
QF_NIA_20170427-VeryMax__From_AProVE_2014__juHashMapCreateContainsKey.jar-obl-11__p30854_safety_0.smt2	2	B	0.03371	26
QF_NIA_20170427-VeryMax__From_AProVE_2014__juHashMapCreateContainsKey.jar-obl-11__p30854_safety_0.smt2	2	C	0.026581	26
QF_NIA_20170427-VeryMax__From_AProVE_2014__juHashMapCreateContainsKey.jar-obl-11__p31075_safety_0.smt2	2	A	0.196706	368
QF_NIA_20170427-VeryMax__From_AProVE_2014__juHashMapCreateContainsKey.jar-obl-11__p31075_safety_0.smt2	2	B	0.274882	368
QF_NIA_20170427-VeryMax__From_AProVE_2014__juHashMapCreateContainsKey.jar-obl-11__p31075_safety_0.smt2	2	C	0.210497	368
QF_NIA_20170427-VeryMax__From_AProVE_2014__juHashMapCreateContainsKey.jar-obl-11__p31075_safety_0.smt2	2	M	0.415747	368
QF_NIA_20170427-VeryMax__From_AProVE_2014__juHashMapCreateContainsKey.jar-obl-11__p31778_safety_0.smt2	2	B	0.174961	254
QF_NIA_20170427-VeryMax__From_AProVE_2014__juHashMapCreateContainsKey.jar-obl-11__p31778_safety_0.smt2	2	C	0.128552	254
QF_NIA_20170427-VeryMax__From_AProVE_2014__juHashMapCreateContainsKey.jar-obl-11__p31778_safety_0.smt2	2	M	0.408921	254
QF_NIA_20170427-VeryMax__From_AProVE_2014__juHashMapCreateContainsKey.jar-obl-11__p31778_safety_0.smt2	2	A	0.128079	254
QF_NIA_20170427-VeryMax__From_AProVE_2014__juHashMapCreateContainsValue.jar-obl-11__p31970_safety_0.smt2	2	C	0.01279	10
QF_NIA_20170427-VeryMax__From_AProVE_2014__juHashMapCreateContainsValue.jar-obl-11__p31970_safety_0.smt2	2	M	0.018415	10
QF_NIA_20170427-VeryMax__From_AProVE_2014__juHashMapCreateContainsValue.jar-obl-11__p31970_safety_0.smt2	2	A	0.015915	10
QF_NIA_20170427-VeryMax__From_AProVE_2014__juHashMapCreateContainsValue.jar-obl-11__p31970_safety_0.smt2	2	B	0.014749	10
QF_NIA_20170427-VeryMax__From_AProVE_2014__juHashMapCreateContainsValue.jar-obl-11__p32093_safety_0.smt2	2	M	0.243038	220
QF_NIA_20170427-VeryMax__From_AProVE_2014__juHashMapCreateContainsValue.jar-obl-11__p32093_safety_0.smt2	2	A	0.133913	220
QF_NIA_20170427-VeryMax__From_AProVE_2014__juHashMapCreateContainsValue.jar-obl-11__p32093_safety_0.smt2	2	B	0.193837	220
QF_NIA_20170427-VeryMax__From_AProVE_2014__juHashMapCreateContainsValue.jar-obl-11__p32093_safety_0.smt2	2	C	0.146211	220
QF_NIA_20170427-VeryMax__From_AProVE_2014__juHashMapCreateIsEmpty.jar-obl-10__p1579_safety_0.smt2	2	A	0.770465	1388
QF_NIA_20170427-VeryMax__From_AProVE_2014__juHashMapCreateIsEmpty.jar-obl-10__p1579_safety_0.smt2	2	B	0.965932	1388
QF_NIA_20170427-VeryMax__From_AProVE_2014__juHashMapCreateIsEmpty.jar-obl-10__p1579_safety_0.smt2	2	C	0.800582	1388
QF_NIA_20170427-VeryMax__From_AProVE_2014__juHashMapCreateIsEmpty.jar-obl-10__p1579_safety_0.smt2	2	M	1.45372	1388
QF_NIA_20170427-VeryMax__From_AProVE_2014__juHashMapCreateIsEmpty.jar-obl-10__p1900_safety_0.smt2	2	B	0.193132	282
QF_NIA_20170427-VeryMax__From_AProVE_2014__juHashMapCreateIsEmpty.jar-obl-10__p1900_safety_0.smt2	2	C	0.155374	282
QF_NIA_20170427-VeryMax__From_AProVE_2014__juHashMapCreateIsEmpty.jar-obl-10__p1900_safety_0.smt2	2	M	0.253505	282
QF_NIA_20170427-VeryMax__From_AProVE_2014__juHashMapCreateIsEmpty.jar-obl-10__p1900_safety_0.smt2	2	A	0.161488	282
QF_NIA_20170427-VeryMax__From_AProVE_2014__juHashMapCreateIteratorEntryLoop.jar-obl-12__p3002_safety_0.smt2	2	C	0.134798	320
QF_NIA_20170427-VeryMax__From_AProVE_2014__juHashMapCreateIteratorEntryLoop.jar-obl-12__p3002_safety_0.smt2	2	M	0.25971	320
QF_NIA_20170427-VeryMax__From_AProVE_2014__juHashMapCreateIteratorEntryLoop.jar-obl-12__p3002_safety_0.smt2	2	A	0.120706	320
QF_NIA_20170427-VeryMax__From_AProVE_2014__juHashMapCreateIteratorEntryLoop.jar-obl-12__p3002_safety_0.smt2	2	B	0.178126	320
QF_NIA_20170427-VeryMax__From_AProVE_2014__juHashMapCreatePut.jar-obl-10__p5968_safety_0.smt2	2	M	0.02679	24
QF_NIA_20170427-VeryMax__From_AProVE_2014__juHashMapCreatePut.jar-obl-10__p5968_safety_0.smt2	2	A	0.0215	24
QF_NIA_20170427-VeryMax__From_AProVE_2014__juHashMapCreatePut.jar-obl-10__p5968_safety_0.smt2	2	B	0.025126	24
QF_NIA_20170427-VeryMax__From_AProVE_2014__juHashMapCreatePut.jar-obl-10__p5968_safety_0.smt2	2	C	0.023457	24
QF_NIA_20170427-VeryMax__From_AProVE_2014__juHashMapCreatePut.jar-obl-10__p6107_safety_0.smt2	2	A	1.27675	1806
QF_NIA_20170427-VeryMax__From_AProVE_2014__juHashMapCreatePut.jar-obl-10__p6107_safety_0.smt2	2	B	1.616	1806
QF_NIA_20170427-VeryMax__From_AProVE_2014__juHashMapCreatePut.jar-obl-10__p6107_safety_0.smt2	2	C	1.29802	1806
QF_NIA_20170427-VeryMax__From_AProVE_2014__juHashMapCreatePut.jar-obl-10__p6107_safety_0.smt2	2	M	2.19668	1806
QF_NIA_20170427-VeryMax__From_AProVE_2014__juHashMapCreateSize.jar-obl-10__p7163_safety_0.smt2	2	B	0.578453	553
QF_NIA_20170427-VeryMax__From_AProVE_2014__juHashMapCreateSize.jar-obl-10__p7163_safety_0.smt2	2	C	0.488551	553
QF_NIA_20170427-VeryMax__From_AProVE_2014__juHashMapCreateSize.jar-obl-10__p7163_safety_0.smt2	2	M	0.603001	553
QF_NIA_20170427-VeryMax__From_AProVE_2014__juHashMapCreateSize.jar-obl-10__p7163_safety_0.smt2	2	A	0.475417	553
QF_NIA_20170427-VeryMax__From_AProVE_2014__juHashMapCreateSize.jar-obl-10__p7575_safety_0.smt2	2	C	2.52226	4476
QF_NIA_20170427-VeryMax__From_AProVE_2014__juHashMapCreateSize.jar-obl-10__p7575_safety_0.smt2	2	M	6.53656	4476
QF_NIA_20170427-VeryMax__From_AProVE_2014__juHashMapCreateSize.jar-obl-10__p7575_safety_0.smt2	2	A	2.72867	4476
QF_NIA_20170427-VeryMax__From_AProVE_2014__juHashMapCreateSize.jar-obl-10__p7575_safety_0.smt2	2	B	3.37573	4476
QF_NIA_20170427-VeryMax__From_AProVE_2014__juLinkedListCreateAddAllAt.jar-obl-17__p8067_safety_0.smt2	2	M	0.027915	34
QF_NIA_20170427-VeryMax__From_AProVE_2014__juLinkedListCreateAddAllAt.jar-obl-17__p8067_safety_0.smt2	2	A	0.017999	34
QF_NIA_20170427-VeryMax__From_AProVE_2014__juLinkedListCreateAddAllAt.jar-obl-17__p8067_safety_0.smt2	2	B	0.024541	34
QF_NIA_20170427-VeryMax__From_AProVE_2014__juLinkedListCreateAddAllAt.jar-obl-17__p8067_safety_0.smt2	2	C	0.019082	34
QF_NIA_20170427-VeryMax__From_AProVE_2014__juLinkedListCreateAddAllAt.jar-obl-17__p8387_safety_0.smt2	2	A	0.00725	4
QF_NIA_20170427-VeryMax__From_AProVE_2014__juLinkedListCreateAddAllAt.jar-obl-17__p8387_safety_0.smt2	2	B	0.009	4
QF_NIA_20170427-VeryMax__From_AProVE_2014__juLinkedListCreateAddAllAt.jar-obl-17__p8387_safety_0.smt2	2	C	0.007292	4
QF_NIA_20170427-VeryMax__From_AProVE_2014__juLinkedListCreateAddAllAt.jar-obl-17__p8387_safety_0.smt2	2	M	0.008333	4
QF_NIA_20170427-VeryMax__From_T2__afagp-fail.t2__p15460_terminationG_0.smt2	2	B	0.06767	83
QF_NIA_20170427-VeryMax__From_T2__afagp-fail.t2__p15460_terminationG_0.smt2	2	C	0.051034	83
QF_NIA_20170427-VeryMax__From_T2__afagp-fail.t2__p15460_terminationG_0.smt2	2	M	0.074543	83
QF_NIA_20170427-VeryMax__From_T2__afagp-fail.t2__p15460_terminationG_0.smt2	2	A	0.046419	83
QF_NIA_20170427-VeryMax__From_T2__compress.t2__p17866_terminationG_0.smt2	2	C	0.183798	345
QF_NIA_20170427-VeryMax__From_T2__compress.t2__p17866_terminationG_0.smt2	2	M	0.244084	345
QF_NIA_20170427-VeryMax__From_T2__compress.t2__p17866_terminationG_0.smt2	2	A	0.164164	345
QF_NIA_20170427-VeryMax__From_T2__compress.t2__p17866_terminationG_0.smt2	2	B	0.222618	345
QF_NIA_20170427-VeryMax__From_T2__consts3nt.t2_fixed__p18148_terminationG_0.smt2	2	M	0.006292	2
QF_NIA_20170427-VeryMax__From_T2__consts3nt.t2_fixed__p18148_terminationG_0.smt2	2	A	0.0105	2
QF_NIA_20170427-VeryMax__From_T2__consts3nt.t2_fixed__p18148_terminationG_0.smt2	2	B	0.010125	2
QF_NIA_20170427-VeryMax__From_T2__consts3nt.t2_fixed__p18148_terminationG_0.smt2	2	C	0.012833	2
QF_NIA_20170427-VeryMax__From_T2__edn.t2__p20109_safety_0.smt2	2	A	0.092876	174
QF_NIA_20170427-VeryMax__From_T2__edn.t2__p20109_safety_0.smt2	2	B	0.130791	174
QF_NIA_20170427-VeryMax__From_T2__edn.t2__p20109_safety_0.smt2	2	C	0.095333	174
QF_NIA_20170427-VeryMax__From_T2__edn.t2__p20109_safety_0.smt2	2	M	0.131744	174
QF_NIA_20170427-VeryMax__From_T2__edn.t2__p20654_safety_0.smt2	2	B	1.82219	2174
QF_NIA_20170427-VeryMax__From_T2__edn.t2__p20654_safety_0.smt2	2	C	1.50547	2174
QF_NIA_20170427-VeryMax__From_T2__edn.t2__p20654_safety_0.smt2	2	M	1.53108	2174
QF_NIA_20170427-VeryMax__From_T2__edn.t2__p20654_safety_0.smt2	2	A	1.47834	2174
QF_NIA_20170427-VeryMax__From_T2__edn.t2__p20682_safety_0.smt2	2	C	0.532427	887
QF_NIA_20170427-VeryMax__From_T2__edn.t2__p20682_safety_0.smt2	2	M	0.649987	887
QF_NIA_20170427-VeryMax__From_T2__edn.t2__p20682_safety_0.smt2	2	A	0.496123	887
QF_NIA_20170427-VeryMax__From_T2__edn.t2__p20682_safety_0.smt2	2	B	0.640552	887
QF_NIA_20170427-VeryMax__From_T2__ex36.t2__p29288_safety_0.smt2	2	M	1.30061	1863
QF_NIA_20170427-VeryMax__From_T2__ex36.t2__p29288_safety_0.smt2	2	A	1.03876	1863
QF_NIA_20170427-VeryMax__From_T2__ex36.t2__p29288_safety_0.smt2	2	B	1.43373	1863
QF_NIA_20170427-VeryMax__From_T2__ex36.t2__p29288_safety_0.smt2	2	C	1.07384	1863
QF_NIA_20170427-VeryMax__From_T2__foo.t2__terminationS_23_0.smt2	2	A	0.014792	10
QF_NIA_20170427-VeryMax__From_T2__foo.t2__terminationS_23_0.smt2	2	B	0.015832	10
QF_NIA_20170427-VeryMax__From_T2__foo.t2__terminationS_23_0.smt2	2	C	0.012833	10
QF_NIA_20170427-VeryMax__From_T2__foo.t2__terminationS_23_0.smt2	2	M	0.015001	10
QF_NIA_20170427-VeryMax__From_T2__fun9.t2__p1256_edge_closing_0.smt2	2	B	0.275961	526
QF_NIA_20170427-VeryMax__From_T2__fun9.t2__p1256_edge_closing_0.smt2	2	C	0.209552	526
QF_NIA_20170427-VeryMax__From_T2__fun9.t2__p1256_edge_closing_0.smt2	2	M	0.30091	526
QF_NIA_20170427-VeryMax__From_T2__fun9.t2__p1256_edge_closing_0.smt2	2	A	0.20867	526
QF_NIA_20170427-VeryMax__From_T2__fun9.t2__p1366_edge_closing_0.smt2	2	C	0.02975	42
QF_NIA_20170427-VeryMax__From_T2__fun9.t2__p1366_edge_closing_0.smt2	2	M	0.048876	42
QF_NIA_20170427-VeryMax__From_T2__fun9.t2__p1366_edge_closing_0.smt2	2	A	0.024582	42
QF_NIA_20170427-VeryMax__From_T2__fun9.t2__p1366_edge_closing_0.smt2	2	B	0.039043	42
QF_NIA_20170427-VeryMax__From_T2__hqr.c.i.hqr.pl.t2.nor.t2.rlgfixed.t2_fixed__terminationS_49_0.smt2	2	M	0.006708	2
QF_NIA_20170427-VeryMax__From_T2__hqr.c.i.hqr.pl.t2.nor.t2.rlgfixed.t2_fixed__terminationS_49_0.smt2	2	A	0.010708	2
QF_NIA_20170427-VeryMax__From_T2__hqr.c.i.hqr.pl.t2.nor.t2.rlgfixed.t2_fixed__terminationS_49_0.smt2	2	B	0.010833	2
QF_NIA_20170427-VeryMax__From_T2__hqr.c.i.hqr.pl.t2.nor.t2.rlgfixed.t2_fixed__terminationS_49_0.smt2	2	C	0.01025	2
QF_NIA_20170427-VeryMax__From_T2__hqr.c.i.hqr.pl.t2.nor.t2.rlgfixed.t2_fixed__terminationS_61_0.smt2	2	A	0.040082	64
QF_NIA_20170427-VeryMax__From_T2__hqr.c.i.hqr.pl.t2.nor.t2.rlgfixed.t2_fixed__terminationS_61_0.smt2	2	B	0.058039	64
QF_NIA_20170427-VeryMax__From_T2__hqr.c.i.hqr.pl.t2.nor.t2.rlgfixed.t2_fixed__terminationS_61_0.smt2	2	C	0.049747	64
QF_NIA_20170427-VeryMax__From_T2__hqr.c.i.hqr.pl.t2.nor.t2.rlgfixed.t2_fixed__terminationS_61_0.smt2	2	M	0.057959	64
QF_NIA_20170427-VeryMax__From_T2__janne_complex.t2__p2259_terminationG_0.smt2	2	B	0.034833	30
QF_NIA_20170427-VeryMax__From_T2__janne_complex.t2__p2259_terminationG_0.smt2	2	C	0.025874	30
QF_NIA_20170427-VeryMax__From_T2__janne_complex.t2__p2259_terminationG_0.smt2	2	M	0.03475	30
QF_NIA_20170427-VeryMax__From_T2__janne_complex.t2__p2259_terminationG_0.smt2	2	A	0.024753	30
QF_NIA_20170427-VeryMax__From_T2__matmul.t2__p2657_terminationG_0.smt2	2	C	0.027084	38
QF_NIA_20170427-VeryMax__From_T2__matmul.t2__p2657_terminationG_0.smt2	2	M	0.038003	38
QF_NIA_20170427-VeryMax__From_T2__matmul.t2__p2657_terminationG_0.smt2	2	A	0.023257	38
QF_NIA_20170427-VeryMax__From_T2__matmul.t2__p2657_terminationG_0.smt2	2	B	0.034626	38
QF_NIA_20170427-VeryMax__From_T2__n-7.t2_fixed__p4908_terminationG_0.smt2	2	M	0.026418	14
QF_NIA_20170427-VeryMax__From_T2__n-7.t2_fixed__p4908_terminationG_0.smt2	2	A	0.030666	14
QF_NIA_20170427-VeryMax__From_T2__n-7.t2_fixed__p4908_terminationG_0.smt2	2	B	0.038999	14
QF_NIA_20170427-VeryMax__From_T2__n-7.t2_fixed__p4908_terminationG_0.smt2	2	C	0.027164	14
QF_NIA_20170427-VeryMax__From_T2__s1-striped.t2__p12567_safety_0.smt2	2	A	0.015667	8
QF_NIA_20170427-VeryMax__From_T2__s1-striped.t2__p12567_safety_0.smt2	2	B	0.020249	8
QF_NIA_20170427-VeryMax__From_T2__s1-striped.t2__p12567_safety_0.smt2	2	C	0.0155	8
QF_NIA_20170427-VeryMax__From_T2__s1-striped.t2__p12567_safety_0.smt2	2	M	0.014584	8
QF_NIA_20170427-VeryMax__From_T2__s1-striped.t2__p13166_safety_0.smt2	2	B	0.016375	8
QF_NIA_20170427-VeryMax__From_T2__s1-striped.t2__p13166_safety_0.smt2	2	C	0.012708	8
QF_NIA_20170427-VeryMax__From_T2__s1-striped.t2__p13166_safety_0.smt2	2	M	0.012166	8
QF_NIA_20170427-VeryMax__From_T2__s1-striped.t2__p13166_safety_0.smt2	2	A	0.01225	8
QF_NIA_20170427-VeryMax__From_T2__s1-striped.t2__p13877_safety_0.smt2	2	C	0.006792	2
QF_NIA_20170427-VeryMax__From_T2__s1-striped.t2__p13877_safety_0.smt2	2	M	0.013042	2
QF_NIA_20170427-VeryMax__From_T2__s1-striped.t2__p13877_safety_0.smt2	2	A	0.007001	2
QF_NIA_20170427-VeryMax__From_T2__s1-striped.t2__p13877_safety_0.smt2	2	B	0.01025	2
QF_NIA_20170427-VeryMax__From_T2__s1.t2_fixed__p16651_safety_0.smt2	2	M	0.005667	2
QF_NIA_20170427-VeryMax__From_T2__s1.t2_fixed__p16651_safety_0.smt2	2	A	0.016084	2
QF_NIA_20170427-VeryMax__From_T2__s1.t2_fixed__p16651_safety_0.smt2	2	B	0.006417	2
QF_NIA_20170427-VeryMax__From_T2__s1.t2_fixed__p16651_safety_0.smt2	2	C	0.006583	2
QF_NIA_20170427-VeryMax__From_T2__s1.t2_fixed__p17151_safety_0.smt2	2	A	1.00958	1587
QF_NIA_20170427-VeryMax__From_T2__s1.t2_fixed__p17151_safety_0.smt2	2	B	1.29732	1587
QF_NIA_20170427-VeryMax__From_T2__s1.t2_fixed__p17151_safety_0.smt2	2	C	1.06932	1587
QF_NIA_20170427-VeryMax__From_T2__s1.t2_fixed__p17151_safety_0.smt2	2	M	1.31549	1587
QF_NIA_20170427-VeryMax__From_T2__slayer-3-filtered.t2__p21681_safety_0.smt2	2	B	2.08213	2935
QF_NIA_20170427-VeryMax__From_T2__slayer-3-filtered.t2__p21681_safety_0.smt2	2	C	1.76941	2935
QF_NIA_20170427-VeryMax__From_T2__slayer-3-filtered.t2__p21681_safety_0.smt2	2	M	2.07331	2935
QF_NIA_20170427-VeryMax__From_T2__slayer-3-filtered.t2__p21681_safety_0.smt2	2	A	1.6286	2935
QF_NIA_20170427-VeryMax__From_T2__slayer-3-filtered.t2__p21744_safety_0.smt2	2	C	0.089582	107
QF_NIA_20170427-VeryMax__From_T2__slayer-3-filtered.t2__p21744_safety_0.smt2	2	M	0.098083	107
QF_NIA_20170427-VeryMax__From_T2__slayer-3-filtered.t2__p21744_safety_0.smt2	2	A	0.088414	107
QF_NIA_20170427-VeryMax__From_T2__slayer-3-filtered.t2__p21744_safety_0.smt2	2	B	0.110958	107
QF_NIA_20170427-VeryMax__From_T2__slayer-3-new.t2_fixed__p21823_safety_0.smt2	2	M	0.021957	14
QF_NIA_20170427-VeryMax__From_T2__slayer-3-new.t2_fixed__p21823_safety_0.smt2	2	A	0.017669	14
QF_NIA_20170427-VeryMax__From_T2__slayer-3-new.t2_fixed__p21823_safety_0.smt2	2	B	0.022836	14
QF_NIA_20170427-VeryMax__From_T2__slayer-3-new.t2_fixed__p21823_safety_0.smt2	2	C	0.01846	14
QF_NIA_20170427-VeryMax__From_T2__slayer-n5-filtered.t2__p23330_terminationG_0.smt2	2	A	0.0115	4
QF_NIA_20170427-VeryMax__From_T2__slayer-n5-filtered.t2__p23330_terminationG_0.smt2	2	B	0.012834	4
QF_NIA_20170427-VeryMax__From_T2__slayer-n5-filtered.t2__p23330_terminationG_0.smt2	2	C	0.011875	4
QF_NIA_20170427-VeryMax__From_T2__slayer-n5-filtered.t2__p23330_terminationG_0.smt2	2	M	0.010084	4
QF_NIA_20170427-VeryMax__From_T2__slayer-n5-filtered.t2__p23398_safety_0.smt2	2	B	0.4418	727
QF_NIA_20170427-VeryMax__From_T2__slayer-n5-filtered.t2__p23398_safety_0.smt2	2	C	0.330708	727
QF_NIA_20170427-VeryMax__From_T2__slayer-n5-filtered.t2__p23398_safety_0.smt2	2	M	0.477799	727
QF_NIA_20170427-VeryMax__From_T2__slayer-n5-filtered.t2__p23398_safety_0.smt2	2	A	0.330784	727
QF_NIA_20170427-VeryMax__From_T2__svdcmp.t2_fixed__term_unfeasibility_11_0.smt2	2	C	0.021084	20
QF_NIA_20170427-VeryMax__From_T2__svdcmp.t2_fixed__term_unfeasibility_11_0.smt2	2	M	0.021541	20
QF_NIA_20170427-VeryMax__From_T2__svdcmp.t2_fixed__term_unfeasibility_11_0.smt2	2	A	0.018792	20
QF_NIA_20170427-VeryMax__From_T2__svdcmp.t2_fixed__term_unfeasibility_11_0.smt2	2	B	0.023874	20
QF_NIA_20170427-VeryMax__From_T2__zlib-adler32.c.t2__p25934_safety_0.smt2	2	M	0.032709	28
QF_NIA_20170427-VeryMax__From_T2__zlib-adler32.c.t2__p25934_safety_0.smt2	2	A	0.02279	28
QF_NIA_20170427-VeryMax__From_T2__zlib-adler32.c.t2__p25934_safety_0.smt2	2	B	0.032501	28
QF_NIA_20170427-VeryMax__From_T2__zlib-adler32.c.t2__p25934_safety_0.smt2	2	C	0.026125	28
QF_NIA_20170427-VeryMax__Stroeder_15__4NestedWith3Variables_true-termination.c__p20203_terminationG_0.smt2	2	A	1.8395	2258
QF_NIA_20170427-VeryMax__Stroeder_15__4NestedWith3Variables_true-termination.c__p20203_terminationG_0.smt2	2	B	2.19683	2258
QF_NIA_20170427-VeryMax__Stroeder_15__4NestedWith3Variables_true-termination.c__p20203_terminationG_0.smt2	2	C	1.89872	2258
QF_NIA_20170427-VeryMax__Stroeder_15__4NestedWith3Variables_true-termination.c__p20203_terminationG_0.smt2	2	M	1.72871	2258
QF_NIA_20170427-VeryMax__Stroeder_15__GulwaniJainKoskinen-PLDI2009-Fig1_true-termination.c__p23679_edge_closing_0.smt2	2	B	0.080709	20
QF_NIA_20170427-VeryMax__Stroeder_15__GulwaniJainKoskinen-PLDI2009-Fig1_true-termination.c__p23679_edge_closing_0.smt2	2	C	0.069043	20
QF_NIA_20170427-VeryMax__Stroeder_15__GulwaniJainKoskinen-PLDI2009-Fig1_true-termination.c__p23679_edge_closing_0.smt2	2	M	0.042833	20
QF_NIA_20170427-VeryMax__Stroeder_15__GulwaniJainKoskinen-PLDI2009-Fig1_true-termination.c__p23679_edge_closing_0.smt2	2	A	0.068208	20
QF_NIA_20170427-VeryMax__Stroeder_15__GulwaniJainKoskinen-PLDI2009-Fig1_true-termination.c__p23704_edge_closing_0.smt2	2	C	0.010501	2
QF_NIA_20170427-VeryMax__Stroeder_15__GulwaniJainKoskinen-PLDI2009-Fig1_true-termination.c__p23704_edge_closing_0.smt2	2	M	0.009624	2
QF_NIA_20170427-VeryMax__Stroeder_15__GulwaniJainKoskinen-PLDI2009-Fig1_true-termination.c__p23704_edge_closing_0.smt2	2	A	0.010041	2
QF_NIA_20170427-VeryMax__Stroeder_15__GulwaniJainKoskinen-PLDI2009-Fig1_true-termination.c__p23704_edge_closing_0.smt2	2	B	0.011708	2
QF_NIA_20170427-VeryMax__Stroeder_15__svcomp_ex2.c__p25876_terminationG_0.smt2	2	M	0.007958	2
QF_NIA_20170427-VeryMax__Stroeder_15__svcomp_ex2.c__p25876_terminationG_0.smt2	2	A	0.010876	2
QF_NIA_20170427-VeryMax__Stroeder_15__svcomp_ex2.c__p25876_terminationG_0.smt2	2	B	0.012166	2
QF_NIA_20170427-VeryMax__Stroeder_15__svcomp_ex2.c__p25876_terminationG_0.smt2	2	C	0.010916	2
QF_NIA_20170427-VeryMax__Stroeder_15__svcomp_ex2.c__p25913_terminationG_0.smt2	2	A	0.234298	523
QF_NIA_20170427-VeryMax__Stroeder_15__svcomp_ex2.c__p25913_terminationG_0.smt2	2	B	0.327176	523
QF_NIA_20170427-VeryMax__Stroeder_15__svcomp_ex2.c__p25913_terminationG_0.smt2	2	C	0.247698	523
QF_NIA_20170427-VeryMax__Stroeder_15__svcomp_ex2.c__p25913_terminationG_0.smt2	2	M	0.385176	523
QF_NIA_20210219-Dartagnan__lcm2_unwindbound10-O0.smt2	2	B	0.007333	2
QF_NIA_20210219-Dartagnan__lcm2_unwindbound10-O0.smt2	2	C	0.006459	2
QF_NIA_20210219-Dartagnan__lcm2_unwindbound10-O0.smt2	2	M	0.006167	2
QF_NIA_20210219-Dartagnan__lcm2_unwindbound10-O0.smt2	2	A	0.006375	2
QF_NIA_20220315-MathProblems__MS_07.smt2	2	C	1.00222	3518
QF_NIA_20220315-MathProblems__MS_07.smt2	2	M	2.08045	3518
QF_NIA_20220315-MathProblems__MS_07.smt2	2	A	0.9049	3518
QF_NIA_20220315-MathProblems__MS_07.smt2	2	B	1.52583	3518
QF_NIA_20220315-MathProblems__SF_11.smt2	2	M	0.010877	3
QF_NIA_20220315-MathProblems__SF_11.smt2	2	A	0.012541	3
QF_NIA_20220315-MathProblems__SF_11.smt2	2	B	0.014709	3
QF_NIA_20220315-MathProblems__SF_11.smt2	2	C	0.012708	3
QF_NIA_20220315-MathProblems__STC_0030.smt2	2	A	5.02936	9772
QF_NIA_20220315-MathProblems__STC_0030.smt2	2	B	7.49086	9772
QF_NIA_20220315-MathProblems__STC_0030.smt2	2	C	5.58516	9772
QF_NIA_20220315-MathProblems__STC_0030.smt2	2	M	8.47995	9772
QF_NIA_20220315-MathProblems__STC_0148.smt2	2	B	7.43701	9264
QF_NIA_20220315-MathProblems__STC_0148.smt2	2	C	5.00554	9264
QF_NIA_20220315-MathProblems__STC_0148.smt2	2	M	7.7853	9264
QF_NIA_20220315-MathProblems__STC_0148.smt2	2	A	4.7617	9264
QF_NIA_20220315-MathProblems__STC_0157.smt2	2	C	6.72989	12123
QF_NIA_20220315-MathProblems__STC_0157.smt2	2	M	10.5042	12123
QF_NIA_20220315-MathProblems__STC_0157.smt2	2	A	5.97361	12123
QF_NIA_20220315-MathProblems__STC_0157.smt2	2	B	9.49567	12123
QF_NIA_20220315-MathProblems__STC_0173.smt2	2	M	9.67582	11212
QF_NIA_20220315-MathProblems__STC_0173.smt2	2	A	5.59732	11212
QF_NIA_20220315-MathProblems__STC_0173.smt2	2	B	8.76247	11212
QF_NIA_20220315-MathProblems__STC_0173.smt2	2	C	6.08558	11212
QF_NIA_20220315-MathProblems__STC_0176.smt2	2	A	5.45787	10116
QF_NIA_20220315-MathProblems__STC_0176.smt2	2	B	7.82559	10116
QF_NIA_20220315-MathProblems__STC_0176.smt2	2	C	5.40696	10116
QF_NIA_20220315-MathProblems__STC_0176.smt2	2	M	8.72295	10116
QF_NIA_20220315-MathProblems__STC_0183.smt2	2	B	7.81066	10134
QF_NIA_20220315-MathProblems__STC_0183.smt2	2	C	5.42359	10134
QF_NIA_20220315-MathProblems__STC_0183.smt2	2	M	8.85197	10134
QF_NIA_20220315-MathProblems__STC_0183.smt2	2	A	5.18291	10134
QF_NIA_20220315-MathProblems__STC_0187.smt2	2	C	5.72478	10563
QF_NIA_20220315-MathProblems__STC_0187.smt2	2	M	9.18564	10563
QF_NIA_20220315-MathProblems__STC_0187.smt2	2	A	5.21368	10563
QF_NIA_20220315-MathProblems__STC_0187.smt2	2	B	8.41989	10563
QF_NIA_20220315-MathProblems__STC_0189.smt2	2	M	0.019417	5
QF_NIA_20220315-MathProblems__STC_0189.smt2	2	A	0.00925	5
QF_NIA_20220315-MathProblems__STC_0189.smt2	2	B	0.012334	5
QF_NIA_20220315-MathProblems__STC_0189.smt2	2	C	0.009791	5
QF_NIA_20220315-MathProblems__STC_0205.smt2	2	A	0.245507	454
QF_NIA_20220315-MathProblems__STC_0205.smt2	2	B	0.418328	454
QF_NIA_20220315-MathProblems__STC_0205.smt2	2	C	0.298716	454
QF_NIA_20220315-MathProblems__STC_0205.smt2	2	M	0.532333	454
QF_NIA_20220315-MathProblems__STC_0340.smt2	2	B	0.518214	560
QF_NIA_20220315-MathProblems__STC_0340.smt2	2	C	0.331566	560
QF_NIA_20220315-MathProblems__STC_0340.smt2	2	M	0.638363	560
QF_NIA_20220315-MathProblems__STC_0340.smt2	2	A	0.291623	560
QF_NIA_20220315-MathProblems__STC_0385.smt2	2	C	0.287052	457
QF_NIA_20220315-MathProblems__STC_0385.smt2	2	M	0.539953	457
QF_NIA_20220315-MathProblems__STC_0385.smt2	2	A	0.244842	457
QF_NIA_20220315-MathProblems__STC_0385.smt2	2	B	0.433731	457
QF_NIA_20220315-MathProblems__STC_0388.smt2	2	M	0.684792	663
QF_NIA_20220315-MathProblems__STC_0388.smt2	2	A	0.354749	663
QF_NIA_20220315-MathProblems__STC_0388.smt2	2	B	0.591788	663
QF_NIA_20220315-MathProblems__STC_0388.smt2	2	C	0.403457	663
QF_NIA_20220315-MathProblems__STC_0456.smt2	2	A	0.285753	518
QF_NIA_20220315-MathProblems__STC_0456.smt2	2	B	0.48283	518
QF_NIA_20220315-MathProblems__STC_0456.smt2	2	C	0.327262	518
QF_NIA_20220315-MathProblems__STC_0456.smt2	2	M	0.59692	518
QF_NIA_20220315-MathProblems__STC_0493.smt2	2	B	0.541243	574
QF_NIA_20220315-MathProblems__STC_0493.smt2	2	C	0.346131	574
QF_NIA_20220315-MathProblems__STC_0493.smt2	2	M	0.690325	574
QF_NIA_20220315-MathProblems__STC_0493.smt2	2	A	0.320878	574
QF_NIA_20220315-MathProblems__STC_0541.smt2	2	C	0.356906	587
QF_NIA_20220315-MathProblems__STC_0541.smt2	2	M	0.640164	587
QF_NIA_20220315-MathProblems__STC_0541.smt2	2	A	0.314691	587
QF_NIA_20220315-MathProblems__STC_0541.smt2	2	B	0.521922	587
QF_NIA_20220315-MathProblems__STC_0563.smt2	2	M	11.9553	13992
QF_NIA_20220315-MathProblems__STC_0563.smt2	2	A	7.04227	13992
QF_NIA_20220315-MathProblems__STC_0563.smt2	2	B	11.4026	13992
QF_NIA_20220315-MathProblems__STC_0563.smt2	2	C	8.10046	13992
QF_NIA_20220315-MathProblems__STC_0584.smt2	2	A	0.30155	563
QF_NIA_20220315-MathProblems__STC_0584.smt2	2	B	0.503398	563
QF_NIA_20220315-MathProblems__STC_0584.smt2	2	C	0.323616	563
QF_NIA_20220315-MathProblems__STC_0584.smt2	2	M	0.583796	563
QF_NIA_20220315-MathProblems__STC_0609.smt2	2	B	1.55645	1737
QF_NIA_20220315-MathProblems__STC_0609.smt2	2	C	0.978772	1737
QF_NIA_20220315-MathProblems__STC_0609.smt2	2	M	2.0912	1737
QF_NIA_20220315-MathProblems__STC_0609.smt2	2	A	0.920051	1737
QF_NIA_20220315-MathProblems__STC_0629.smt2	2	C	0.27741	472
QF_NIA_20220315-MathProblems__STC_0629.smt2	2	M	0.525413	472
QF_NIA_20220315-MathProblems__STC_0629.smt2	2	A	0.261006	472
QF_NIA_20220315-MathProblems__STC_0629.smt2	2	B	0.413285	472
QF_NIA_20220315-MathProblems__STC_0650.smt2	2	M	9.37063	10714
QF_NIA_20220315-MathProblems__STC_0650.smt2	2	A	5.36016	10714
QF_NIA_20220315-MathProblems__STC_0650.smt2	2	B	8.54482	10714
QF_NIA_20220315-MathProblems__STC_0650.smt2	2	C	5.80787	10714
QF_NIA_20220315-MathProblems__STC_0693.smt2	2	A	4.84109	9612
QF_NIA_20220315-MathProblems__STC_0693.smt2	2	B	7.42056	9612
QF_NIA_20220315-MathProblems__STC_0693.smt2	2	C	5.45373	9612
QF_NIA_20220315-MathProblems__STC_0693.smt2	2	M	8.2644	9612
QF_NIA_20220315-MathProblems__STC_0707.smt2	2	B	7.42686	9587
QF_NIA_20220315-MathProblems__STC_0707.smt2	2	C	5.07896	9587
QF_NIA_20220315-MathProblems__STC_0707.smt2	2	M	8.12274	9587
QF_NIA_20220315-MathProblems__STC_0707.smt2	2	A	4.86613	9587
QF_NIA_20220315-MathProblems__STC_0739.smt2	2	C	0.249368	433
QF_NIA_20220315-MathProblems__STC_0739.smt2	2	M	0.465326	433
QF_NIA_20220315-MathProblems__STC_0739.smt2	2	A	0.233743	433
QF_NIA_20220315-MathProblems__STC_0739.smt2	2	B	0.374811	433
QF_NIA_20220315-MathProblems__STC_0755.smt2	2	M	0.686157	598
QF_NIA_20220315-MathProblems__STC_0755.smt2	2	A	0.306335	598
QF_NIA_20220315-MathProblems__STC_0755.smt2	2	B	0.524927	598
QF_NIA_20220315-MathProblems__STC_0755.smt2	2	C	0.370783	598
QF_NIA_20220315-MathProblems__STC_0770.smt2	2	A	5.38604	10729
QF_NIA_20220315-MathProblems__STC_0770.smt2	2	B	8.33747	10729
QF_NIA_20220315-MathProblems__STC_0770.smt2	2	C	5.91172	10729
QF_NIA_20220315-MathProblems__STC_0770.smt2	2	M	9.00041	10729
QF_NIA_20220315-MathProblems__STC_0903.smt2	2	B	6.91977	8955
QF_NIA_20220315-MathProblems__STC_0903.smt2	2	C	4.78504	8955
QF_NIA_20220315-MathProblems__STC_0903.smt2	2	M	7.60248	8955
QF_NIA_20220315-MathProblems__STC_0903.smt2	2	A	4.53886	8955
QF_NIA_20220315-MathProblems__STC_0959.smt2	2	C	5.97692	10640
QF_NIA_20220315-MathProblems__STC_0959.smt2	2	M	8.94553	10640
QF_NIA_20220315-MathProblems__STC_0959.smt2	2	A	5.40513	10640
QF_NIA_20220315-MathProblems__STC_0959.smt2	2	B	8.53396	10640
QF_NIA_20220315-MathProblems__STC_1000.smt2	2	M	0.007833	2
QF_NIA_20220315-MathProblems__STC_1000.smt2	2	A	0.006625	2
QF_NIA_20220315-MathProblems__STC_1000.smt2	2	B	0.008375	2
QF_NIA_20220315-MathProblems__STC_1000.smt2	2	C	0.007583	2
QF_NIA_20230321-UltimateAutomizerSvcomp2023__egcd.c_1.smt2	2	A	0.030624	13
QF_NIA_20230321-UltimateAutomizerSvcomp2023__egcd.c_1.smt2	2	B	0.031291	13
QF_NIA_20230321-UltimateAutomizerSvcomp2023__egcd.c_1.smt2	2	C	0.028084	13
QF_NIA_20230321-UltimateAutomizerSvcomp2023__egcd.c_1.smt2	2	M	0.019792	13
QF_NIA_20230321-UltimateAutomizerSvcomp2023__ps5-ll.c_10.smt2	2	B	3.43233	1869
QF_NIA_20230321-UltimateAutomizerSvcomp2023__ps5-ll.c_10.smt2	2	C	2.81937	1869
QF_NIA_20230321-UltimateAutomizerSvcomp2023__ps5-ll.c_10.smt2	2	M	2.16842	1869
QF_NIA_20230321-UltimateAutomizerSvcomp2023__ps5-ll.c_10.smt2	2	A	2.8588	1869
QF_NIA_20230321-UltimateAutomizerSvcomp2023__ps6.c_0.smt2	2	C	2.50393	2514
QF_NIA_20230321-UltimateAutomizerSvcomp2023__ps6.c_0.smt2	2	M	2.03328	2514
QF_NIA_20230321-UltimateAutomizerSvcomp2023__ps6.c_0.smt2	2	A	2.35383	2514
QF_NIA_20230321-UltimateAutomizerSvcomp2023__ps6.c_0.smt2	2	B	2.91113	2514
QF_NIA_20230321-UltimateAutomizerSvcomp2023__ps6.c_11.smt2	2	M	1.28792	1547
QF_NIA_20230321-UltimateAutomizerSvcomp2023__ps6.c_11.smt2	2	A	1.57834	1547
QF_NIA_20230321-UltimateAutomizerSvcomp2023__ps6.c_11.smt2	2	B	2.04513	1547
QF_NIA_20230321-UltimateAutomizerSvcomp2023__ps6.c_11.smt2	2	C	1.60971	1547
QF_NIA_20230321-UltimateAutomizerSvcomp2023__ps6.c_13.smt2	2	A	4.00998	4633
QF_NIA_20230321-UltimateAutomizerSvcomp2023__ps6.c_13.smt2	2	B	4.97997	4633
QF_NIA_20230321-UltimateAutomizerSvcomp2023__ps6.c_13.smt2	2	C	4.10859	4633
QF_NIA_20230321-UltimateAutomizerSvcomp2023__ps6.c_13.smt2	2	M	3.44714	4633
QF_NIA_20230328-sqrtmodinv-hoenicke__modInv16.smt2	2	B	18.8955	6905
QF_NIA_20230328-sqrtmodinv-hoenicke__modInv16.smt2	2	C	17.2894	6905
QF_NIA_20230328-sqrtmodinv-hoenicke__modInv16.smt2	2	M	10.5009	6905
QF_NIA_20230328-sqrtmodinv-hoenicke__modInv16.smt2	2	A	17.4934	6905
QF_NIA_20230328-sqrtmodinv-hoenicke__modInv32.smt2	2	C	0.057333	10
QF_NIA_20230328-sqrtmodinv-hoenicke__modInv32.smt2	2	M	0.035626	10
QF_NIA_20230328-sqrtmodinv-hoenicke__modInv32.smt2	2	A	0.054417	10
QF_NIA_20230328-sqrtmodinv-hoenicke__modInv32.smt2	2	B	0.063085	10
QF_NIA_20230328-sqrtmodinv-hoenicke__modInv8.smt2	2	M	33.4003	63091
QF_NIA_20230328-sqrtmodinv-hoenicke__modInv8.smt2	2	A	23.3656	63091
QF_NIA_20230328-sqrtmodinv-hoenicke__modInv8.smt2	2	B	44.1642	63091
QF_NIA_20230328-sqrtmodinv-hoenicke__modInv8.smt2	2	C	24.7195	63091
QF_NIA_20230328-sqrtmodinv-hoenicke__modInvInitial.smt2	2	A	0.65774	2812
QF_NIA_20230328-sqrtmodinv-hoenicke__modInvInitial.smt2	2	B	1.10605	2812
QF_NIA_20230328-sqrtmodinv-hoenicke__modInvInitial.smt2	2	C	0.717881	2812
QF_NIA_20230328-sqrtmodinv-hoenicke__modInvInitial.smt2	2	M	1.27103	2812
QF_NIA_20230328-sqrtmodinv-hoenicke__modInvStep.smt2	2	B	24.0008	57748
QF_NIA_20230328-sqrtmodinv-hoenicke__modInvStep.smt2	2	C	17.2817	57748
QF_NIA_20230328-sqrtmodinv-hoenicke__modInvStep.smt2	2	M	27.7153	57748
QF_NIA_20230328-sqrtmodinv-hoenicke__modInvStep.smt2	2	A	15.804	57748
QF_NIA_20230328-sqrtmodinv-hoenicke__modInvStepSimplified.smt2	2	C	0.715752	2830
QF_NIA_20230328-sqrtmodinv-hoenicke__modInvStepSimplified.smt2	2	M	1.2765	2830
QF_NIA_20230328-sqrtmodinv-hoenicke__modInvStepSimplified.smt2	2	A	0.670028	2830
QF_NIA_20230328-sqrtmodinv-hoenicke__modInvStepSimplified.smt2	2	B	1.06099	2830
QF_NIA_20230328-sqrtmodinv-hoenicke__modInvVar1.smt2	2	M	37.4106	71013
QF_NIA_20230328-sqrtmodinv-hoenicke__modInvVar1.smt2	2	A	18.6076	71013
QF_NIA_20230328-sqrtmodinv-hoenicke__modInvVar1.smt2	2	B	29.3933	71013
QF_NIA_20230328-sqrtmodinv-hoenicke__modInvVar1.smt2	2	C	20.2808	71013
QF_NIA_20230328-sqrtmodinv-hoenicke__modSimpleTest.smt2	2	A	0.010959	2
QF_NIA_20230328-sqrtmodinv-hoenicke__modSimpleTest.smt2	2	B	0.009667	2
QF_NIA_20230328-sqrtmodinv-hoenicke__modSimpleTest.smt2	2	C	0.0095	2
QF_NIA_20230328-sqrtmodinv-hoenicke__modSimpleTest.smt2	2	M	0.007792	2
QF_NIA_20230328-sqrtmodinv-hoenicke__sqrtStep1.smt2	2	B	0.130291	126
QF_NIA_20230328-sqrtmodinv-hoenicke__sqrtStep1.smt2	2	C	0.107333	126
QF_NIA_20230328-sqrtmodinv-hoenicke__sqrtStep1.smt2	2	M	0.09396	126
QF_NIA_20230328-sqrtmodinv-hoenicke__sqrtStep1.smt2	2	A	0.101627	126
QF_NIA_20230328-sqrtmodinv-hoenicke__sqrtStep1a.smt2	2	C	0.110125	126
QF_NIA_20230328-sqrtmodinv-hoenicke__sqrtStep1a.smt2	2	M	0.095793	126
QF_NIA_20230328-sqrtmodinv-hoenicke__sqrtStep1a.smt2	2	A	0.103792	126
QF_NIA_20230328-sqrtmodinv-hoenicke__sqrtStep1a.smt2	2	B	0.132205	126
QF_NIA_20230328-sqrtmodinv-hoenicke__sqrtStep2.smt2	2	M	0.06504	82
QF_NIA_20230328-sqrtmodinv-hoenicke__sqrtStep2.smt2	2	A	0.045209	82
QF_NIA_20230328-sqrtmodinv-hoenicke__sqrtStep2.smt2	2	B	0.067875	82
QF_NIA_20230328-sqrtmodinv-hoenicke__sqrtStep2.smt2	2	C	0.053083	82
QF_NIA_20230328-sqrtmodinv-hoenicke__sqrtStep2a.smt2	2	A	0.048503	82
QF_NIA_20230328-sqrtmodinv-hoenicke__sqrtStep2a.smt2	2	B	0.072668	82
QF_NIA_20230328-sqrtmodinv-hoenicke__sqrtStep2a.smt2	2	C	0.048125	82
QF_NIA_20230328-sqrtmodinv-hoenicke__sqrtStep2a.smt2	2	M	0.066879	82
QF_NIA_20230328-sqrtmodinv-hoenicke__sqrtStep3.smt2	2	B	0.086036	98
QF_NIA_20230328-sqrtmodinv-hoenicke__sqrtStep3.smt2	2	C	0.06746	98
QF_NIA_20230328-sqrtmodinv-hoenicke__sqrtStep3.smt2	2	M	0.078831	98
QF_NIA_20230328-sqrtmodinv-hoenicke__sqrtStep3.smt2	2	A	0.062415	98
QF_NIA_20230328-sqrtmodinv-hoenicke__sqrtStep3a.smt2	2	C	0.100753	128
QF_NIA_20230328-sqrtmodinv-hoenicke__sqrtStep3a.smt2	2	M	0.105213	128
QF_NIA_20230328-sqrtmodinv-hoenicke__sqrtStep3a.smt2	2	A	0.098207	128
QF_NIA_20230328-sqrtmodinv-hoenicke__sqrtStep3a.smt2	2	B	0.122128	128
QF_NIA_20230328-sqrtmodinv-hoenicke__sqrtStep4.smt2	2	M	0.070331	68
QF_NIA_20230328-sqrtmodinv-hoenicke__sqrtStep4.smt2	2	A	0.052544	68
QF_NIA_20230328-sqrtmodinv-hoenicke__sqrtStep4.smt2	2	B	0.07025	68
QF_NIA_20230328-sqrtmodinv-hoenicke__sqrtStep4.smt2	2	C	0.054083	68
QF_NIA_20230328-sqrtmodinv-hoenicke__sqrtStep4a.smt2	2	A	0.081786	128
QF_NIA_20230328-sqrtmodinv-hoenicke__sqrtStep4a.smt2	2	B	0.118038	128
QF_NIA_20230328-sqrtmodinv-hoenicke__sqrtStep4a.smt2	2	C	0.087753	128
QF_NIA_20230328-sqrtmodinv-hoenicke__sqrtStep4a.smt2	2	M	0.107499	128
QF_NIA_20230328-sqrtmodinv-hoenicke__sqrtStep5.smt2	2	B	0.098084	86
QF_NIA_20230328-sqrtmodinv-hoenicke__sqrtStep5.smt2	2	C	0.074377	86
QF_NIA_20230328-sqrtmodinv-hoenicke__sqrtStep5.smt2	2	M	0.098667	86
QF_NIA_20230328-sqrtmodinv-hoenicke__sqrtStep5.smt2	2	A	0.064921	86
QF_NIA_20230328-sqrtmodinv-hoenicke__sqrtStep5a.smt2	2	C	0.096665	128
QF_NIA_20230328-sqrtmodinv-hoenicke__sqrtStep5a.smt2	2	M	0.133044	128
QF_NIA_20230328-sqrtmodinv-hoenicke__sqrtStep5a.smt2	2	A	0.097371	128
QF_NIA_20230328-sqrtmodinv-hoenicke__sqrtStep5a.smt2	2	B	0.114458	128
QF_NIA_20230328-sqrtmodinv-hoenicke__sqrtStep6.smt2	2	M	0.130545	86
QF_NIA_20230328-sqrtmodinv-hoenicke__sqrtStep6.smt2	2	A	0.086125	86
QF_NIA_20230328-sqrtmodinv-hoenicke__sqrtStep6.smt2	2	B	0.111918	86
QF_NIA_20230328-sqrtmodinv-hoenicke__sqrtStep6.smt2	2	C	0.092542	86
QF_NIA_20230328-sqrtmodinv-hoenicke__sqrtStep6a.smt2	2	A	0.143913	122
QF_NIA_20230328-sqrtmodinv-hoenicke__sqrtStep6a.smt2	2	B	0.16604	122
QF_NIA_20230328-sqrtmodinv-hoenicke__sqrtStep6a.smt2	2	C	0.141835	122
QF_NIA_20230328-sqrtmodinv-hoenicke__sqrtStep6a.smt2	2	M	0.182831	122
QF_NIA_20230328-sqrtmodinv-hoenicke__sqrtStep7.smt2	2	B	0.931165	206
QF_NIA_20230328-sqrtmodinv-hoenicke__sqrtStep7.smt2	2	C	1.00445	206
QF_NIA_20230328-sqrtmodinv-hoenicke__sqrtStep7.smt2	2	M	0.841961	206
QF_NIA_20230328-sqrtmodinv-hoenicke__sqrtStep7.smt2	2	A	0.928296	206
QF_NIA_20230328-sqrtmodinv-hoenicke__sqrtStep7a.smt2	2	C	0.19408	122
QF_NIA_20230328-sqrtmodinv-hoenicke__sqrtStep7a.smt2	2	M	0.279705	122
QF_NIA_20230328-sqrtmodinv-hoenicke__sqrtStep7a.smt2	2	A	0.190795	122
QF_NIA_20230328-sqrtmodinv-hoenicke__sqrtStep7a.smt2	2	B	0.218747	122
QF_NIA_20230328-sqrtmodinv-hoenicke__sqrtStepFinal.smt2	2	M	3.6054	6674
QF_NIA_20230328-sqrtmodinv-hoenicke__sqrtStepFinal.smt2	2	A	2.03624	6674
QF_NIA_20230328-sqrtmodinv-hoenicke__sqrtStepFinal.smt2	2	B	2.98326	6674
QF_NIA_20230328-sqrtmodinv-hoenicke__sqrtStepFinal.smt2	2	C	2.25944	6674
QF_NIA_20230328-sqrtmodinv-hoenicke__sqrtStepFinala.smt2	2	A	12.0942	39614
QF_NIA_20230328-sqrtmodinv-hoenicke__sqrtStepFinala.smt2	2	B	17.3834	39614
QF_NIA_20230328-sqrtmodinv-hoenicke__sqrtStepFinala.smt2	2	C	13.1377	39614
QF_NIA_20230328-sqrtmodinv-hoenicke__sqrtStepFinala.smt2	2	M	19.7264	39614
QF_NIA_20250331-elster__C_2.smt2	2	B	0.010625	2
QF_NIA_20250331-elster__C_2.smt2	2	C	0.009333	2
QF_NIA_20250331-elster__C_2.smt2	2	M	0.006667	2
QF_NIA_20250331-elster__C_2.smt2	2	A	0.008833	2
QF_NIA_AProVE__aproveSMT1273731352138297194.smt2	2	C	0.308681	224
QF_NIA_AProVE__aproveSMT1273731352138297194.smt2	2	M	0.288033	224
QF_NIA_AProVE__aproveSMT1273731352138297194.smt2	2	A	0.310953	224
QF_NIA_AProVE__aproveSMT1273731352138297194.smt2	2	B	0.361796	224
QF_NIA_AProVE__aproveSMT1682483342197094972.smt2	2	M	0.047001	30
QF_NIA_AProVE__aproveSMT1682483342197094972.smt2	2	A	0.040164	30
QF_NIA_AProVE__aproveSMT1682483342197094972.smt2	2	B	0.05304	30
QF_NIA_AProVE__aproveSMT1682483342197094972.smt2	2	C	0.042125	30
QF_NIA_AProVE__aproveSMT2104748456448998709.smt2	2	A	0.292872	219
QF_NIA_AProVE__aproveSMT2104748456448998709.smt2	2	B	0.368495	219
QF_NIA_AProVE__aproveSMT2104748456448998709.smt2	2	C	0.303505	219
QF_NIA_AProVE__aproveSMT2104748456448998709.smt2	2	M	0.285917	219
QF_NIA_AProVE__aproveSMT2163640444650240229.smt2	2	B	0.100959	88
QF_NIA_AProVE__aproveSMT2163640444650240229.smt2	2	C	0.081454	88
QF_NIA_AProVE__aproveSMT2163640444650240229.smt2	2	M	0.086746	88
QF_NIA_AProVE__aproveSMT2163640444650240229.smt2	2	A	0.083873	88
QF_NIA_AProVE__aproveSMT3306422790231477425.smt2	2	C	0.604332	241
QF_NIA_AProVE__aproveSMT3306422790231477425.smt2	2	M	0.364166	241
QF_NIA_AProVE__aproveSMT3306422790231477425.smt2	2	A	0.562088	241
QF_NIA_AProVE__aproveSMT3306422790231477425.smt2	2	B	0.662543	241
QF_NIA_AProVE__aproveSMT3420388863619787077.smt2	2	M	0.142705	93
QF_NIA_AProVE__aproveSMT3420388863619787077.smt2	2	A	0.156664	93
QF_NIA_AProVE__aproveSMT3420388863619787077.smt2	2	B	0.18175	93
QF_NIA_AProVE__aproveSMT3420388863619787077.smt2	2	C	0.165504	93
QF_NIA_AProVE__aproveSMT3483701614621556321.smt2	2	A	0.042374	22
QF_NIA_AProVE__aproveSMT3483701614621556321.smt2	2	B	0.050334	22
QF_NIA_AProVE__aproveSMT3483701614621556321.smt2	2	C	0.045125	22
QF_NIA_AProVE__aproveSMT3483701614621556321.smt2	2	M	0.037084	22
QF_NIA_AProVE__aproveSMT3711749212931521777.smt2	2	B	0.2292	284
QF_NIA_AProVE__aproveSMT3711749212931521777.smt2	2	C	0.181965	284
QF_NIA_AProVE__aproveSMT3711749212931521777.smt2	2	M	0.201286	284
QF_NIA_AProVE__aproveSMT3711749212931521777.smt2	2	A	0.176294	284
QF_NIA_AProVE__aproveSMT4239815710630693785.smt2	2	C	0.015584	7
QF_NIA_AProVE__aproveSMT4239815710630693785.smt2	2	M	0.012709	7
QF_NIA_AProVE__aproveSMT4239815710630693785.smt2	2	A	0.015792	7
QF_NIA_AProVE__aproveSMT4239815710630693785.smt2	2	B	0.018291	7
QF_NIA_AProVE__aproveSMT4709971078612194434.smt2	2	M	0.394333	449
QF_NIA_AProVE__aproveSMT4709971078612194434.smt2	2	A	0.393955	449
QF_NIA_AProVE__aproveSMT4709971078612194434.smt2	2	B	0.454324	449
QF_NIA_AProVE__aproveSMT4709971078612194434.smt2	2	C	0.380797	449
QF_NIA_AProVE__aproveSMT4870145291684036249.smt2	2	A	0.042253	58
QF_NIA_AProVE__aproveSMT4870145291684036249.smt2	2	B	0.061419	58
QF_NIA_AProVE__aproveSMT4870145291684036249.smt2	2	C	0.047209	58
QF_NIA_AProVE__aproveSMT4870145291684036249.smt2	2	M	0.052959	58
QF_NIA_AProVE__aproveSMT4968692977299917888.smt2	2	B	0.034375	43
QF_NIA_AProVE__aproveSMT4968692977299917888.smt2	2	C	0.024666	43
QF_NIA_AProVE__aproveSMT4968692977299917888.smt2	2	M	0.04125	43
QF_NIA_AProVE__aproveSMT4968692977299917888.smt2	2	A	0.024333	43
QF_NIA_AProVE__aproveSMT4972425496508857728.smt2	2	C	0.045834	38
QF_NIA_AProVE__aproveSMT4972425496508857728.smt2	2	M	0.039834	38
QF_NIA_AProVE__aproveSMT4972425496508857728.smt2	2	A	0.043627	38
QF_NIA_AProVE__aproveSMT4972425496508857728.smt2	2	B	0.055829	38
QF_NIA_AProVE__aproveSMT5081480561387483523.smt2	2	M	0.021207	9
QF_NIA_AProVE__aproveSMT5081480561387483523.smt2	2	A	0.016374	9
QF_NIA_AProVE__aproveSMT5081480561387483523.smt2	2	B	0.019458	9
QF_NIA_AProVE__aproveSMT5081480561387483523.smt2	2	C	0.014918	9
QF_NIA_AProVE__aproveSMT6061013276766078350.smt2	2	A	0.668869	445
QF_NIA_AProVE__aproveSMT6061013276766078350.smt2	2	B	0.77051	445
QF_NIA_AProVE__aproveSMT6061013276766078350.smt2	2	C	0.668949	445
QF_NIA_AProVE__aproveSMT6061013276766078350.smt2	2	M	0.57999	445
QF_NIA_AProVE__aproveSMT6531155344723557531.smt2	2	B	0.757091	882
QF_NIA_AProVE__aproveSMT6531155344723557531.smt2	2	C	0.686623	882
QF_NIA_AProVE__aproveSMT6531155344723557531.smt2	2	M	0.632051	882
QF_NIA_AProVE__aproveSMT6531155344723557531.smt2	2	A	0.659749	882
QF_NIA_AProVE__aproveSMT6744620754635880037.smt2	2	C	0.105502	78
QF_NIA_AProVE__aproveSMT6744620754635880037.smt2	2	M	0.084039	78
QF_NIA_AProVE__aproveSMT6744620754635880037.smt2	2	A	0.094833	78
QF_NIA_AProVE__aproveSMT6744620754635880037.smt2	2	B	0.118003	78
QF_NIA_AProVE__aproveSMT6761189929823789229.smt2	2	M	0.091252	97
QF_NIA_AProVE__aproveSMT6761189929823789229.smt2	2	A	0.062204	97
QF_NIA_AProVE__aproveSMT6761189929823789229.smt2	2	B	0.083912	97
QF_NIA_AProVE__aproveSMT6761189929823789229.smt2	2	C	0.067499	97
QF_NIA_AProVE__aproveSMT7934578101815516403.smt2	2	A	0.279089	333
QF_NIA_AProVE__aproveSMT7934578101815516403.smt2	2	B	0.34947	333
QF_NIA_AProVE__aproveSMT7934578101815516403.smt2	2	C	0.290283	333
QF_NIA_AProVE__aproveSMT7934578101815516403.smt2	2	M	0.296702	333
QF_NIA_AProVE__aproveSMT8211259659113423333.smt2	2	B	0.019251	12
QF_NIA_AProVE__aproveSMT8211259659113423333.smt2	2	C	0.016249	12
QF_NIA_AProVE__aproveSMT8211259659113423333.smt2	2	M	0.014291	12
QF_NIA_AProVE__aproveSMT8211259659113423333.smt2	2	A	0.015999	12
QF_NIA_AProVE__aproveSMT8505973648273075649.smt2	2	C	0.642296	722
QF_NIA_AProVE__aproveSMT8505973648273075649.smt2	2	M	0.734818	722
QF_NIA_AProVE__aproveSMT8505973648273075649.smt2	2	A	0.624159	722
QF_NIA_AProVE__aproveSMT8505973648273075649.smt2	2	B	0.817919	722
QF_NIA_AProVE__aproveSMT9058095127082541976.smt2	2	M	0.527298	298
QF_NIA_AProVE__aproveSMT9058095127082541976.smt2	2	A	0.575755	298
QF_NIA_AProVE__aproveSMT9058095127082541976.smt2	2	B	0.704044	298
QF_NIA_AProVE__aproveSMT9058095127082541976.smt2	2	C	0.588325	298
QF_NIA_leipzig__term-4AzLVe.smt2	2	A	0.013417	4
QF_NIA_leipzig__term-4AzLVe.smt2	2	B	0.023125	4
QF_NIA_leipzig__term-4AzLVe.smt2	2	C	0.01325	4
QF_NIA_leipzig__term-4AzLVe.smt2	2	M	0.011125	4
QF_NIA_leipzig__term-4LNX6G.smt2	2	B	0.017876	20
QF_NIA_leipzig__term-4LNX6G.smt2	2	C	0.013124	20
QF_NIA_leipzig__term-4LNX6G.smt2	2	M	0.020957	20
QF_NIA_leipzig__term-4LNX6G.smt2	2	A	0.012874	20
QF_NIA_leipzig__term-BWHEfg.smt2	2	C	0.024748	26
QF_NIA_leipzig__term-BWHEfg.smt2	2	M	0.029626	26
QF_NIA_leipzig__term-BWHEfg.smt2	2	A	0.023459	26
QF_NIA_leipzig__term-BWHEfg.smt2	2	B	0.029543	26
QF_NIA_leipzig__term-H9wl52.smt2	2	M	0.005917	2
QF_NIA_leipzig__term-H9wl52.smt2	2	A	0.006291	2
QF_NIA_leipzig__term-H9wl52.smt2	2	B	0.007584	2
QF_NIA_leipzig__term-H9wl52.smt2	2	C	0.005583	2
QF_NIA_leipzig__term-bEER96.smt2	2	A	0.036252	66
QF_NIA_leipzig__term-bEER96.smt2	2	B	0.05925	66
QF_NIA_leipzig__term-bEER96.smt2	2	C	0.044958	66
QF_NIA_leipzig__term-bEER96.smt2	2	M	0.062206	66
QF_NIA_leipzig__term-ddoFAO.smt2	2	B	0.19183	49
QF_NIA_leipzig__term-ddoFAO.smt2	2	C	0.189001	49
QF_NIA_leipzig__term-ddoFAO.smt2	2	M	0.171875	49
QF_NIA_leipzig__term-ddoFAO.smt2	2	A	0.180543	49
QF_NIA_leipzig__term-f2cozZ.smt2	2	C	0.007541	4
QF_NIA_leipzig__term-f2cozZ.smt2	2	M	0.008166	4
QF_NIA_leipzig__term-f2cozZ.smt2	2	A	0.007041	4
QF_NIA_leipzig__term-f2cozZ.smt2	2	B	0.009291	4
QF_NIA_leipzig__term-gHq3ie.smt2	2	M	0.028082	3
QF_NIA_leipzig__term-gHq3ie.smt2	2	A	0.010459	3
QF_NIA_leipzig__term-gHq3ie.smt2	2	B	0.021748	3
QF_NIA_leipzig__term-gHq3ie.smt2	2	C	0.012789	3
QF_NIA_leipzig__term-ye1ece.smt2	2	A	0.006333	2
QF_NIA_leipzig__term-ye1ece.smt2	2	B	0.00725	2
QF_NIA_leipzig__term-ye1ece.smt2	2	C	0.006208	2
QF_NIA_leipzig__term-ye1ece.smt2	2	M	0.0065	2
QF_NIA_mcm__10.smt2	2	B	0.00725	2
QF_NIA_mcm__10.smt2	2	C	0.0065	2
QF_NIA_mcm__10.smt2	2	M	0.005834	2
QF_NIA_mcm__10.smt2	2	A	0.006125	2
QF_NIA_mcm__23.smt2	2	C	0.006333	2
QF_NIA_mcm__23.smt2	2	M	0.005833	2
QF_NIA_mcm__23.smt2	2	A	0.006083	2
QF_NIA_mcm__23.smt2	2	B	0.007292	2
QF_NIA_mcm__41.smt2	2	M	0.005834	2
QF_NIA_mcm__41.smt2	2	A	0.006375	2
QF_NIA_mcm__41.smt2	2	B	0.007167	2
QF_NIA_mcm__41.smt2	2	C	0.006375	2
QF_NIA_mcm__52.smt2	2	A	0.00625	2
QF_NIA_mcm__52.smt2	2	B	0.007	2
QF_NIA_mcm__52.smt2	2	C	0.006083	2
QF_NIA_mcm__52.smt2	2	M	0.006334	2
QF_NIA_mcm__81.smt2	2	B	0.006834	2
QF_NIA_mcm__81.smt2	2	C	0.006334	2
QF_NIA_mcm__81.smt2	2	M	0.005833	2
QF_NIA_mcm__81.smt2	2	A	0.006125	2
QF_NIA_mcm__89.smt2	2	C	0.006375	2
QF_NIA_mcm__89.smt2	2	M	0.005958	2
QF_NIA_mcm__89.smt2	2	A	0.006167	2
QF_NIA_mcm__89.smt2	2	B	0.007042	2
QF_NIA_mcm__94.smt2	2	M	0.005958	2
QF_NIA_mcm__94.smt2	2	A	0.006292	2
QF_NIA_mcm__94.smt2	2	B	0.007125	2
QF_NIA_mcm__94.smt2	2	C	0.006292	2
QF_NRA_20161105-Sturm-MBO__mbo_E10E25.smt2	2	A	0.014624	6
QF_NRA_20161105-Sturm-MBO__mbo_E10E25.smt2	2	B	0.015333	6
QF_NRA_20161105-Sturm-MBO__mbo_E10E25.smt2	2	C	0.0135	6
QF_NRA_20161105-Sturm-MBO__mbo_E10E25.smt2	2	M	0.011541	6
QF_NRA_20161105-Sturm-MBO__mbo_E11E13.smt2	2	B	0.021084	6
QF_NRA_20161105-Sturm-MBO__mbo_E11E13.smt2	2	C	0.021125	6
QF_NRA_20161105-Sturm-MBO__mbo_E11E13.smt2	2	M	0.010833	6
QF_NRA_20161105-Sturm-MBO__mbo_E11E13.smt2	2	A	0.023959	6
QF_NRA_20161105-Sturm-MBO__mbo_E12E17.smt2	2	C	0.025	4
QF_NRA_20161105-Sturm-MBO__mbo_E12E17.smt2	2	M	0.014376	4
QF_NRA_20161105-Sturm-MBO__mbo_E12E17.smt2	2	A	0.026	4
QF_NRA_20161105-Sturm-MBO__mbo_E12E17.smt2	2	B	0.029	4
QF_NRA_20161105-Sturm-MBO__mbo_E15E24.smt2	2	M	0.015208	6
QF_NRA_20161105-Sturm-MBO__mbo_E15E24.smt2	2	A	0.025208	6
QF_NRA_20161105-Sturm-MBO__mbo_E15E24.smt2	2	B	0.026625	6
QF_NRA_20161105-Sturm-MBO__mbo_E15E24.smt2	2	C	0.024959	6
QF_NRA_20161105-Sturm-MBO__mbo_E1E22.smt2	2	A	0.023001	4
QF_NRA_20161105-Sturm-MBO__mbo_E1E22.smt2	2	B	0.028792	4
QF_NRA_20161105-Sturm-MBO__mbo_E1E22.smt2	2	C	0.025792	4
QF_NRA_20161105-Sturm-MBO__mbo_E1E22.smt2	2	M	0.015333	4
QF_NRA_20161105-Sturm-MBO__mbo_E20E21.smt2	2	B	0.026667	13
QF_NRA_20161105-Sturm-MBO__mbo_E20E21.smt2	2	C	0.025165	13
QF_NRA_20161105-Sturm-MBO__mbo_E20E21.smt2	2	M	0.031707	13
QF_NRA_20161105-Sturm-MBO__mbo_E20E21.smt2	2	A	0.02446	13
QF_NRA_20161105-Sturm-MBO__mbo_E24E25.smt2	2	C	0.011625	2
QF_NRA_20161105-Sturm-MBO__mbo_E24E25.smt2	2	M	0.008	2
QF_NRA_20161105-Sturm-MBO__mbo_E24E25.smt2	2	A	0.010417	2
QF_NRA_20161105-Sturm-MBO__mbo_E24E25.smt2	2	B	0.011458	2
QF_NRA_20161105-Sturm-MBO__mbo_E25E26.smt2	2	M	0.123585	62
QF_NRA_20161105-Sturm-MBO__mbo_E25E26.smt2	2	A	0.23579	62
QF_NRA_20161105-Sturm-MBO__mbo_E25E26.smt2	2	B	0.246038	62
QF_NRA_20161105-Sturm-MBO__mbo_E25E26.smt2	2	C	0.220791	62
QF_NRA_20161105-Sturm-MBO__mbo_E2E7.smt2	2	A	0.036083	8
QF_NRA_20161105-Sturm-MBO__mbo_E2E7.smt2	2	B	0.040334	8
QF_NRA_20161105-Sturm-MBO__mbo_E2E7.smt2	2	C	0.037791	8
QF_NRA_20161105-Sturm-MBO__mbo_E2E7.smt2	2	M	0.021	8
QF_NRA_20161105-Sturm-MBO__mbo_E3E27.smt2	2	B	0.890872	383
QF_NRA_20161105-Sturm-MBO__mbo_E3E27.smt2	2	C	0.848127	383
QF_NRA_20161105-Sturm-MBO__mbo_E3E27.smt2	2	M	0.522878	383
QF_NRA_20161105-Sturm-MBO__mbo_E3E27.smt2	2	A	0.815625	383
QF_NRA_20161105-Sturm-MBO__mbo_E3E9.smt2	2	C	0.028167	6
QF_NRA_20161105-Sturm-MBO__mbo_E3E9.smt2	2	M	0.015209	6
QF_NRA_20161105-Sturm-MBO__mbo_E3E9.smt2	2	A	0.027167	6
QF_NRA_20161105-Sturm-MBO__mbo_E3E9.smt2	2	B	0.030418	6
QF_NRA_20161105-Sturm-MBO__mbo_E4E13.smt2	2	M	0.029416	12
QF_NRA_20161105-Sturm-MBO__mbo_E4E13.smt2	2	A	0.05825	12
QF_NRA_20161105-Sturm-MBO__mbo_E4E13.smt2	2	B	0.062876	12
QF_NRA_20161105-Sturm-MBO__mbo_E4E13.smt2	2	C	0.056125	12
QF_NRA_20161105-Sturm-MBO__mbo_E5E12.smt2	2	A	0.017542	4
QF_NRA_20161105-Sturm-MBO__mbo_E5E12.smt2	2	B	0.020166	4
QF_NRA_20161105-Sturm-MBO__mbo_E5E12.smt2	2	C	0.017625	4
QF_NRA_20161105-Sturm-MBO__mbo_E5E12.smt2	2	M	0.010875	4
QF_NRA_20161105-Sturm-MBO__mbo_E5E16.smt2	2	B	0.037958	11
QF_NRA_20161105-Sturm-MBO__mbo_E5E16.smt2	2	C	0.032833	11
QF_NRA_20161105-Sturm-MBO__mbo_E5E16.smt2	2	M	0.020666	11
QF_NRA_20161105-Sturm-MBO__mbo_E5E16.smt2	2	A	0.03125	11
QF_NRA_20161105-Sturm-MBO__mbo_E5E19.smt2	2	C	0.031208	7
QF_NRA_20161105-Sturm-MBO__mbo_E5E19.smt2	2	M	0.014917	7
QF_NRA_20161105-Sturm-MBO__mbo_E5E19.smt2	2	A	0.031334	7
QF_NRA_20161105-Sturm-MBO__mbo_E5E19.smt2	2	B	0.033584	7
QF_NRA_20161105-Sturm-MBO__mbo_E6E14.smt2	2	M	0.01025	2
QF_NRA_20161105-Sturm-MBO__mbo_E6E14.smt2	2	A	0.019375	2
QF_NRA_20161105-Sturm-MBO__mbo_E6E14.smt2	2	B	0.021208	2
QF_NRA_20161105-Sturm-MBO__mbo_E6E14.smt2	2	C	0.020459	2
QF_NRA_20161105-Sturm-MBO__mbo_E6E17.smt2	2	A	0.990045	642
QF_NRA_20161105-Sturm-MBO__mbo_E6E17.smt2	2	B	1.13896	642
QF_NRA_20161105-Sturm-MBO__mbo_E6E17.smt2	2	C	1.00105	642
QF_NRA_20161105-Sturm-MBO__mbo_E6E17.smt2	2	M	0.737085	642
QF_NRA_20161105-Sturm-MBO__mbo_E8E19.smt2	2	B	0.031542	6
QF_NRA_20161105-Sturm-MBO__mbo_E8E19.smt2	2	C	0.02925	6
QF_NRA_20161105-Sturm-MBO__mbo_E8E19.smt2	2	M	0.016751	6
QF_NRA_20161105-Sturm-MBO__mbo_E8E19.smt2	2	A	0.029999	6
QF_NRA_20161105-Sturm-MBO__mbo_E8E9.smt2	2	C	0.022083	4
QF_NRA_20161105-Sturm-MBO__mbo_E8E9.smt2	2	M	0.013458	4
QF_NRA_20161105-Sturm-MBO__mbo_E8E9.smt2	2	A	0.023041	4
QF_NRA_20161105-Sturm-MBO__mbo_E8E9.smt2	2	B	0.026291	4
QF_NRA_20161105-Sturm-MGC__mgc_02.smt2	2	M	0.036043	18
QF_NRA_20161105-Sturm-MGC__mgc_02.smt2	2	A	0.062501	18
QF_NRA_20161105-Sturm-MGC__mgc_02.smt2	2	B	0.064084	18
QF_NRA_20161105-Sturm-MGC__mgc_02.smt2	2	C	0.05929	18
QF_NRA_20161105-Sturm-MGC__mgc_03.smt2	2	A	0.091082	18
QF_NRA_20161105-Sturm-MGC__mgc_03.smt2	2	B	0.081001	18
QF_NRA_20161105-Sturm-MGC__mgc_03.smt2	2	C	0.0765	18
QF_NRA_20161105-Sturm-MGC__mgc_03.smt2	2	M	0.046332	18
QF_NRA_20161105-Sturm-MGC__mgc_04.smt2	2	B	0.076167	16
QF_NRA_20161105-Sturm-MGC__mgc_04.smt2	2	C	0.071917	16
QF_NRA_20161105-Sturm-MGC__mgc_04.smt2	2	M	0.041291	16
QF_NRA_20161105-Sturm-MGC__mgc_04.smt2	2	A	0.070958	16
QF_NRA_20161105-Sturm-MGC__mgc_05.smt2	2	C	0.082917	18
QF_NRA_20161105-Sturm-MGC__mgc_05.smt2	2	M	0.046708	18
QF_NRA_20161105-Sturm-MGC__mgc_05.smt2	2	A	0.08171	18
QF_NRA_20161105-Sturm-MGC__mgc_05.smt2	2	B	0.087084	18
QF_NRA_20161105-Sturm-MGC__mgc_06.smt2	2	M	0.030128	18
QF_NRA_20161105-Sturm-MGC__mgc_06.smt2	2	A	0.042167	18
QF_NRA_20161105-Sturm-MGC__mgc_06.smt2	2	B	0.046042	18
QF_NRA_20161105-Sturm-MGC__mgc_06.smt2	2	C	0.041834	18
QF_NRA_20161105-Sturm-MGC__mgc_07.smt2	2	A	0.088125	18
QF_NRA_20161105-Sturm-MGC__mgc_07.smt2	2	B	0.095793	18
QF_NRA_20161105-Sturm-MGC__mgc_07.smt2	2	C	0.086793	18
QF_NRA_20161105-Sturm-MGC__mgc_07.smt2	2	M	0.04825	18
QF_NRA_20161105-Sturm-MGC__mgc_08.smt2	2	B	0.06846	18
QF_NRA_20161105-Sturm-MGC__mgc_08.smt2	2	C	0.061959	18
QF_NRA_20161105-Sturm-MGC__mgc_08.smt2	2	M	0.037209	18
QF_NRA_20161105-Sturm-MGC__mgc_08.smt2	2	A	0.06125	18
QF_NRA_20161105-Sturm-MGC__mgc_09.smt2	2	C	0.102956	35
QF_NRA_20161105-Sturm-MGC__mgc_09.smt2	2	M	0.065417	35
QF_NRA_20161105-Sturm-MGC__mgc_09.smt2	2	A	0.101292	35
QF_NRA_20161105-Sturm-MGC__mgc_09.smt2	2	B	0.107459	35
QF_NRA_20161105-Sturm-MGC__mgc_10.smt2	2	M	0.059498	27
QF_NRA_20161105-Sturm-MGC__mgc_10.smt2	2	A	0.101333	27
QF_NRA_20161105-Sturm-MGC__mgc_10.smt2	2	B	0.111043	27
QF_NRA_20161105-Sturm-MGC__mgc_10.smt2	2	C	0.105626	27
QF_NRA_20170501-Heizmann-UltimateInvariantSynthesis__array_ptr_single_elem_init.i_4_2_2.bpl_5.smt2	2	A	0.03925	35
QF_NRA_20170501-Heizmann-UltimateInvariantSynthesis__array_ptr_single_elem_init.i_4_2_2.bpl_5.smt2	2	B	0.04954	35
QF_NRA_20170501-Heizmann-UltimateInvariantSynthesis__array_ptr_single_elem_init.i_4_2_2.bpl_5.smt2	2	C	0.042124	35
QF_NRA_20170501-Heizmann-UltimateInvariantSynthesis__array_ptr_single_elem_init.i_4_2_2.bpl_5.smt2	2	M	0.046415	35
QF_NRA_20170501-Heizmann-UltimateInvariantSynthesis__array_single_elem_init.i_4_2_2.bpl_5.smt2	2	B	0.051127	64
QF_NRA_20170501-Heizmann-UltimateInvariantSynthesis__array_single_elem_init.i_4_2_2.bpl_5.smt2	2	C	0.036249	64
QF_NRA_20170501-Heizmann-UltimateInvariantSynthesis__array_single_elem_init.i_4_2_2.bpl_5.smt2	2	M	0.067582	64
QF_NRA_20170501-Heizmann-UltimateInvariantSynthesis__array_single_elem_init.i_4_2_2.bpl_5.smt2	2	A	0.035206	64
QF_NRA_20170501-Heizmann-UltimateInvariantSynthesis__gj2007.c.i_4_3_3.bpl_5.smt2	2	C	4.66968	4669
QF_NRA_20170501-Heizmann-UltimateInvariantSynthesis__gj2007.c.i_4_3_3.bpl_5.smt2	2	M	3.82693	4669
QF_NRA_20170501-Heizmann-UltimateInvariantSynthesis__gj2007.c.i_4_3_3.bpl_5.smt2	2	A	4.56229	4669
QF_NRA_20170501-Heizmann-UltimateInvariantSynthesis__gj2007.c.i_4_3_3.bpl_5.smt2	2	B	5.23348	4669
QF_NRA_20170501-Heizmann-UltimateInvariantSynthesis__gr2006.c.i_4_4_3.bpl_5.smt2	2	M	1.13963	1343
QF_NRA_20170501-Heizmann-UltimateInvariantSynthesis__gr2006.c.i_4_4_3.bpl_5.smt2	2	A	1.3989	1343
QF_NRA_20170501-Heizmann-UltimateInvariantSynthesis__gr2006.c.i_4_4_3.bpl_5.smt2	2	B	1.48982	1343
QF_NRA_20170501-Heizmann-UltimateInvariantSynthesis__gr2006.c.i_4_4_3.bpl_5.smt2	2	C	1.25119	1343
QF_NRA_20170501-Heizmann-UltimateInvariantSynthesis__linear_search.i_7_23_3.bpl_3.smt2	2	A	0.687417	740
QF_NRA_20170501-Heizmann-UltimateInvariantSynthesis__linear_search.i_7_23_3.bpl_3.smt2	2	B	0.858174	740
QF_NRA_20170501-Heizmann-UltimateInvariantSynthesis__linear_search.i_7_23_3.bpl_3.smt2	2	C	0.727114	740
QF_NRA_20170501-Heizmann-UltimateInvariantSynthesis__linear_search.i_7_23_3.bpl_3.smt2	2	M	0.939282	740
QF_NRA_20170501-Heizmann-UltimateInvariantSynthesis__standard_copy1_ground.i_3_2_2.bpl_9.smt2	2	B	1.30991	1930
QF_NRA_20170501-Heizmann-UltimateInvariantSynthesis__standard_copy1_ground.i_3_2_2.bpl_9.smt2	2	C	1.03336	1930
QF_NRA_20170501-Heizmann-UltimateInvariantSynthesis__standard_copy1_ground.i_3_2_2.bpl_9.smt2	2	M	1.69729	1930
QF_NRA_20170501-Heizmann-UltimateInvariantSynthesis__standard_copy1_ground.i_3_2_2.bpl_9.smt2	2	A	1.05585	1930
QF_NRA_20170501-Heizmann-UltimateInvariantSynthesis__standard_copy3_ground.i_3_2_2.bpl_5.smt2	2	C	0.113624	256
QF_NRA_20170501-Heizmann-UltimateInvariantSynthesis__standard_copy3_ground.i_3_2_2.bpl_5.smt2	2	M	0.203875	256
QF_NRA_20170501-Heizmann-UltimateInvariantSynthesis__standard_copy3_ground.i_3_2_2.bpl_5.smt2	2	A	0.107626	256
QF_NRA_20170501-Heizmann-UltimateInvariantSynthesis__standard_copy3_ground.i_3_2_2.bpl_5.smt2	2	B	0.155591	256
QF_NRA_20170501-Heizmann-UltimateInvariantSynthesis__standard_init9_ground.i_3_2_2.bpl_3.smt2	2	M	1.2025	683
QF_NRA_20170501-Heizmann-UltimateInvariantSynthesis__standard_init9_ground.i_3_2_2.bpl_3.smt2	2	A	1.61588	683
QF_NRA_20170501-Heizmann-UltimateInvariantSynthesis__standard_init9_ground.i_3_2_2.bpl_3.smt2	2	B	1.73159	683
QF_NRA_20170501-Heizmann-UltimateInvariantSynthesis__standard_init9_ground.i_3_2_2.bpl_3.smt2	2	C	1.63896	683
QF_NRA_2019-ezsmt__inst_1_1000000.smt2	2	A	0.105202	292
QF_NRA_2019-ezsmt__inst_1_1000000.smt2	2	B	0.156336	292
QF_NRA_2019-ezsmt__inst_1_1000000.smt2	2	C	0.105455	292
QF_NRA_2019-ezsmt__inst_1_1000000.smt2	2	M	0.171451	292
QF_NRA_20200911-Pine__1599121684477306000.smt2	2	B	0.078292	28
QF_NRA_20200911-Pine__1599121684477306000.smt2	2	C	0.074293	28
QF_NRA_20200911-Pine__1599121684477306000.smt2	2	M	0.051166	28
QF_NRA_20200911-Pine__1599121684477306000.smt2	2	A	0.070958	28
QF_NRA_20200911-Pine__1599121684653478000.smt2	2	C	0.051622	20
QF_NRA_20200911-Pine__1599121684653478000.smt2	2	M	0.037457	20
QF_NRA_20200911-Pine__1599121684653478000.smt2	2	A	0.047334	20
QF_NRA_20200911-Pine__1599121684653478000.smt2	2	B	0.056125	20
QF_NRA_20200911-Pine__1599121861020640000.smt2	2	M	0.006292	2
QF_NRA_20200911-Pine__1599121861020640000.smt2	2	A	0.005583	2
QF_NRA_20200911-Pine__1599121861020640000.smt2	2	B	0.007291	2
QF_NRA_20200911-Pine__1599121861020640000.smt2	2	C	0.005959	2
QF_NRA_20200911-Pine__1599121889458073000.smt2	2	A	0.265585	114
QF_NRA_20200911-Pine__1599121889458073000.smt2	2	B	0.294583	114
QF_NRA_20200911-Pine__1599121889458073000.smt2	2	C	0.278543	114
QF_NRA_20200911-Pine__1599121889458073000.smt2	2	M	0.191874	114
QF_NRA_20200911-Pine__1599121899872501000.smt2	2	B	0.198498	27
QF_NRA_20200911-Pine__1599121899872501000.smt2	2	C	0.180124	27
QF_NRA_20200911-Pine__1599121899872501000.smt2	2	M	0.119955	27
QF_NRA_20200911-Pine__1599121899872501000.smt2	2	A	0.182583	27
QF_NRA_20200911-Pine__1599121900961647000.smt2	2	C	0.062041	23
QF_NRA_20200911-Pine__1599121900961647000.smt2	2	M	0.060584	23
QF_NRA_20200911-Pine__1599121900961647000.smt2	2	A	0.068584	23
QF_NRA_20200911-Pine__1599121900961647000.smt2	2	B	0.077873	23
QF_NRA_20200911-Pine__1599121904275696000.smt2	2	M	0.142706	27
QF_NRA_20200911-Pine__1599121904275696000.smt2	2	A	0.215291	27
QF_NRA_20200911-Pine__1599121904275696000.smt2	2	B	0.221294	27
QF_NRA_20200911-Pine__1599121904275696000.smt2	2	C	0.209041	27
QF_NRA_20200911-Pine__1599121979753628000.smt2	2	A	0.048958	50
QF_NRA_20200911-Pine__1599121979753628000.smt2	2	B	0.064999	50
QF_NRA_20200911-Pine__1599121979753628000.smt2	2	C	0.052084	50
QF_NRA_20200911-Pine__1599121979753628000.smt2	2	M	0.059836	50
QF_NRA_20200911-Pine__1599122159324430000.smt2	2	B	0.028208	14
QF_NRA_20200911-Pine__1599122159324430000.smt2	2	C	0.025418	14
QF_NRA_20200911-Pine__1599122159324430000.smt2	2	M	0.019417	14
QF_NRA_20200911-Pine__1599122159324430000.smt2	2	A	0.025043	14
QF_NRA_20200911-Pine__1599122159846134000.smt2	2	C	0.025834	16
QF_NRA_20200911-Pine__1599122159846134000.smt2	2	M	0.021375	16
QF_NRA_20200911-Pine__1599122159846134000.smt2	2	A	0.024958	16
QF_NRA_20200911-Pine__1599122159846134000.smt2	2	B	0.030041	16
QF_NRA_20200911-Pine__1599122162465867000.smt2	2	M	0.012167	10
QF_NRA_20200911-Pine__1599122162465867000.smt2	2	A	0.009917	10
QF_NRA_20200911-Pine__1599122162465867000.smt2	2	B	0.013042	10
QF_NRA_20200911-Pine__1599122162465867000.smt2	2	C	0.010249	10
QF_NRA_20200911-Pine__1599122162569064000.smt2	2	A	0.006584	4
QF_NRA_20200911-Pine__1599122162569064000.smt2	2	B	0.008	4
QF_NRA_20200911-Pine__1599122162569064000.smt2	2	C	0.007459	4
QF_NRA_20200911-Pine__1599122162569064000.smt2	2	M	0.008459	4
QF_NRA_20200911-Pine__1599122163190413000.smt2	2	B	0.011875	10
QF_NRA_20200911-Pine__1599122163190413000.smt2	2	C	0.009127	10
QF_NRA_20200911-Pine__1599122163190413000.smt2	2	M	0.011084	10
QF_NRA_20200911-Pine__1599122163190413000.smt2	2	A	0.009917	10
QF_NRA_20200911-Pine__1599122163683961000.smt2	2	C	0.03579	16
QF_NRA_20200911-Pine__1599122163683961000.smt2	2	M	0.024373	16
QF_NRA_20200911-Pine__1599122163683961000.smt2	2	A	0.029834	16
QF_NRA_20200911-Pine__1599122163683961000.smt2	2	B	0.038458	16
QF_NRA_20200911-Pine__1599122165140235000.smt2	2	M	0.011876	10
QF_NRA_20200911-Pine__1599122165140235000.smt2	2	A	0.0095	10
QF_NRA_20200911-Pine__1599122165140235000.smt2	2	B	0.014167	10
QF_NRA_20200911-Pine__1599122165140235000.smt2	2	C	0.009875	10
QF_NRA_20200911-Pine__1599122166207559000.smt2	2	A	0.009666	10
QF_NRA_20200911-Pine__1599122166207559000.smt2	2	B	0.011999	10
QF_NRA_20200911-Pine__1599122166207559000.smt2	2	C	0.009958	10
QF_NRA_20200911-Pine__1599122166207559000.smt2	2	M	0.012249	10
QF_NRA_20211101-Geogebra__IsoRightTriangle-Bottema1_12b.smt2	2	B	0.013376	4
QF_NRA_20211101-Geogebra__IsoRightTriangle-Bottema1_12b.smt2	2	C	0.01125	4
QF_NRA_20211101-Geogebra__IsoRightTriangle-Bottema1_12b.smt2	2	M	0.008291	4
QF_NRA_20211101-Geogebra__IsoRightTriangle-Bottema1_12b.smt2	2	A	0.01	4
QF_NRA_20211101-Geogebra__IsoRightTriangle-Bottema1_2b.smt2	2	C	0.007374	4
QF_NRA_20211101-Geogebra__IsoRightTriangle-Bottema1_2b.smt2	2	M	0.007708	4
QF_NRA_20211101-Geogebra__IsoRightTriangle-Bottema1_2b.smt2	2	A	0.007125	4
QF_NRA_20211101-Geogebra__IsoRightTriangle-Bottema1_2b.smt2	2	B	0.008667	4
QF_NRA_20211101-Geogebra__IsoTriangle-Area_Perimeter_a.smt2	2	M	0.008292	4
QF_NRA_20211101-Geogebra__IsoTriangle-Area_Perimeter_a.smt2	2	A	0.011334	4
QF_NRA_20211101-Geogebra__IsoTriangle-Area_Perimeter_a.smt2	2	B	0.011792	4
QF_NRA_20211101-Geogebra__IsoTriangle-Area_Perimeter_a.smt2	2	C	0.010542	4
QF_NRA_20211101-Geogebra__IsoTriangle-Bottema6_1a.smt2	2	A	0.023001	14
QF_NRA_20211101-Geogebra__IsoTriangle-Bottema6_1a.smt2	2	B	0.028541	14
QF_NRA_20211101-Geogebra__IsoTriangle-Bottema6_1a.smt2	2	C	0.025585	14
QF_NRA_20211101-Geogebra__IsoTriangle-Bottema6_1a.smt2	2	M	0.018333	14
QF_NRA_20211101-Geogebra__IsoTriangle-Bottema6_1b.smt2	2	B	0.039793	20
QF_NRA_20211101-Geogebra__IsoTriangle-Bottema6_1b.smt2	2	C	0.030999	20
QF_NRA_20211101-Geogebra__IsoTriangle-Bottema6_1b.smt2	2	M	0.026877	20
QF_NRA_20211101-Geogebra__IsoTriangle-Bottema6_1b.smt2	2	A	0.035376	20
QF_NRA_20211101-Geogebra__IsoTriangle-Median_Perimeter_a2.smt2	2	C	0.021501	10
QF_NRA_20211101-Geogebra__IsoTriangle-Median_Perimeter_a2.smt2	2	M	0.014375	10
QF_NRA_20211101-Geogebra__IsoTriangle-Median_Perimeter_a2.smt2	2	A	0.020709	10
QF_NRA_20211101-Geogebra__IsoTriangle-Median_Perimeter_a2.smt2	2	B	0.024001	10
QF_NRA_20211101-Geogebra__IsoTriangle-Perimeter_CircumRadius_a.smt2	2	M	0.023086	20
QF_NRA_20211101-Geogebra__IsoTriangle-Perimeter_CircumRadius_a.smt2	2	A	0.018624	20
QF_NRA_20211101-Geogebra__IsoTriangle-Perimeter_CircumRadius_a.smt2	2	B	0.02496	20
QF_NRA_20211101-Geogebra__IsoTriangle-Perimeter_CircumRadius_a.smt2	2	C	0.020205	20
QF_NRA_20211101-Geogebra__PythagoreanGeneralization_Triangle-aa+bb_cc.smt2	2	A	0.007208	4
QF_NRA_20211101-Geogebra__PythagoreanGeneralization_Triangle-aa+bb_cc.smt2	2	B	0.008625	4
QF_NRA_20211101-Geogebra__PythagoreanGeneralization_Triangle-aa+bb_cc.smt2	2	C	0.007207	4
QF_NRA_20211101-Geogebra__PythagoreanGeneralization_Triangle-aa+bb_cc.smt2	2	M	0.007791	4
QF_NRA_20211101-Geogebra__RightTriangle-Bottema1_1b.smt2	2	B	0.007792	4
QF_NRA_20211101-Geogebra__RightTriangle-Bottema1_1b.smt2	2	C	0.007542	4
QF_NRA_20211101-Geogebra__RightTriangle-Bottema1_1b.smt2	2	M	0.008166	4
QF_NRA_20211101-Geogebra__RightTriangle-Bottema1_1b.smt2	2	A	0.006833	4
QF_NRA_20211101-Geogebra__RightTriangle-Bottema5_3b.smt2	2	C	0.01175	4
QF_NRA_20211101-Geogebra__RightTriangle-Bottema5_3b.smt2	2	M	0.009542	4
QF_NRA_20211101-Geogebra__RightTriangle-Bottema5_3b.smt2	2	A	0.010917	4
QF_NRA_20211101-Geogebra__RightTriangle-Bottema5_3b.smt2	2	B	0.012916	4
QF_NRA_20211101-Geogebra__Triangle-Bottema1_9.smt2	2	M	0.007625	4
QF_NRA_20211101-Geogebra__Triangle-Bottema1_9.smt2	2	A	0.00725	4
QF_NRA_20211101-Geogebra__Triangle-Bottema1_9.smt2	2	B	0.007625	4
QF_NRA_20211101-Geogebra__Triangle-Bottema1_9.smt2	2	C	0.007292	4
QF_NRA_20220314-Uncu__BDC_ProveIneq_Mitrinovic_4_22b.smt2	2	A	0.005667	2
QF_NRA_20220314-Uncu__BDC_ProveIneq_Mitrinovic_4_22b.smt2	2	B	0.007083	2
QF_NRA_20220314-Uncu__BDC_ProveIneq_Mitrinovic_4_22b.smt2	2	C	0.006166	2
QF_NRA_20220314-Uncu__BDC_ProveIneq_Mitrinovic_4_22b.smt2	2	M	0.006375	2
QF_NRA_20240407-pPDA-Chiari-Pontiggia-Winkler__and_or_PRAY.smt2	2	B	4.00422	1305
QF_NRA_20240407-pPDA-Chiari-Pontiggia-Winkler__and_or_PRAY.smt2	2	C	3.86831	1305
QF_NRA_20240407-pPDA-Chiari-Pontiggia-Winkler__and_or_PRAY.smt2	2	M	2.8283	1305
QF_NRA_20240407-pPDA-Chiari-Pontiggia-Winkler__and_or_PRAY.smt2	2	A	3.79343	1305
QF_NRA_20240407-pPDA-Chiari-Pontiggia-Winkler__call_ret_loop_1_POMC_hints.smt2	2	C	0.17804	80
QF_NRA_20240407-pPDA-Chiari-Pontiggia-Winkler__call_ret_loop_1_POMC_hints.smt2	2	M	0.144082	80
QF_NRA_20240407-pPDA-Chiari-Pontiggia-Winkler__call_ret_loop_1_POMC_hints.smt2	2	A	0.167707	80
QF_NRA_20240407-pPDA-Chiari-Pontiggia-Winkler__call_ret_loop_1_POMC_hints.smt2	2	B	0.196422	80
QF_NRA_20240407-pPDA-Chiari-Pontiggia-Winkler__call_ret_loop_1_POMC_no_hints.smt2	2	M	0.331418	120
QF_NRA_20240407-pPDA-Chiari-Pontiggia-Winkler__call_ret_loop_1_POMC_no_hints.smt2	2	A	0.437746	120
QF_NRA_20240407-pPDA-Chiari-Pontiggia-Winkler__call_ret_loop_1_POMC_no_hints.smt2	2	B	0.467502	120
QF_NRA_20240407-pPDA-Chiari-Pontiggia-Winkler__call_ret_loop_1_POMC_no_hints.smt2	2	C	0.459999	120
QF_NRA_20240407-pPDA-Chiari-Pontiggia-Winkler__call_ret_loop_2_POMC_hints.smt2	2	A	0.178627	84
QF_NRA_20240407-pPDA-Chiari-Pontiggia-Winkler__call_ret_loop_2_POMC_hints.smt2	2	B	0.202251	84
QF_NRA_20240407-pPDA-Chiari-Pontiggia-Winkler__call_ret_loop_2_POMC_hints.smt2	2	C	0.183917	84
QF_NRA_20240407-pPDA-Chiari-Pontiggia-Winkler__call_ret_loop_2_POMC_hints.smt2	2	M	0.144371	84
QF_NRA_20240407-pPDA-Chiari-Pontiggia-Winkler__call_ret_loop_2_POMC_no_hints.smt2	2	B	0.474546	130
QF_NRA_20240407-pPDA-Chiari-Pontiggia-Winkler__call_ret_loop_2_POMC_no_hints.smt2	2	C	0.446085	130
QF_NRA_20240407-pPDA-Chiari-Pontiggia-Winkler__call_ret_loop_2_POMC_no_hints.smt2	2	M	0.341581	130
QF_NRA_20240407-pPDA-Chiari-Pontiggia-Winkler__call_ret_loop_2_POMC_no_hints.smt2	2	A	0.44729	130
QF_NRA_20240407-pPDA-Chiari-Pontiggia-Winkler__escape25_POMC_hints.smt2	2	C	0.627339	376
QF_NRA_20240407-pPDA-Chiari-Pontiggia-Winkler__escape25_POMC_hints.smt2	2	M	0.501587	376
QF_NRA_20240407-pPDA-Chiari-Pontiggia-Winkler__escape25_POMC_hints.smt2	2	A	0.625543	376
QF_NRA_20240407-pPDA-Chiari-Pontiggia-Winkler__escape25_POMC_hints.smt2	2	B	0.674211	376
QF_NRA_20240407-pPDA-Chiari-Pontiggia-Winkler__escape25_POMC_no_hints.smt2	2	M	0.546089	707
QF_NRA_20240407-pPDA-Chiari-Pontiggia-Winkler__escape25_POMC_no_hints.smt2	2	A	0.491622	707
QF_NRA_20240407-pPDA-Chiari-Pontiggia-Winkler__escape25_POMC_no_hints.smt2	2	B	0.551045	707
QF_NRA_20240407-pPDA-Chiari-Pontiggia-Winkler__escape25_POMC_no_hints.smt2	2	C	0.458335	707
QF_NRA_20240407-pPDA-Chiari-Pontiggia-Winkler__mod5_POMC_hints.smt2	2	A	0.325168	64
QF_NRA_20240407-pPDA-Chiari-Pontiggia-Winkler__mod5_POMC_hints.smt2	2	B	0.364833	64
QF_NRA_20240407-pPDA-Chiari-Pontiggia-Winkler__mod5_POMC_hints.smt2	2	C	0.342336	64
QF_NRA_20240407-pPDA-Chiari-Pontiggia-Winkler__mod5_POMC_hints.smt2	2	M	0.234791	64
QF_NRA_20240407-pPDA-Chiari-Pontiggia-Winkler__mod5_POMC_no_hints.smt2	2	B	0.021874	20
QF_NRA_20240407-pPDA-Chiari-Pontiggia-Winkler__mod5_POMC_no_hints.smt2	2	C	0.020082	20
QF_NRA_20240407-pPDA-Chiari-Pontiggia-Winkler__mod5_POMC_no_hints.smt2	2	M	0.019788	20
QF_NRA_20240407-pPDA-Chiari-Pontiggia-Winkler__mod5_POMC_no_hints.smt2	2	A	0.017041	20
QF_NRA_20240407-pPDA-Chiari-Pontiggia-Winkler__mod7_POMC_no_hints.smt2	2	C	0.018416	16
QF_NRA_20240407-pPDA-Chiari-Pontiggia-Winkler__mod7_POMC_no_hints.smt2	2	M	0.018248	16
QF_NRA_20240407-pPDA-Chiari-Pontiggia-Winkler__mod7_POMC_no_hints.smt2	2	A	0.017999	16
QF_NRA_20240407-pPDA-Chiari-Pontiggia-Winkler__mod7_POMC_no_hints.smt2	2	B	0.021	16
QF_NRA_20240407-pPDA-Chiari-Pontiggia-Winkler__schelling_POMC_hints.smt2	2	M	0.579211	381
QF_NRA_20240407-pPDA-Chiari-Pontiggia-Winkler__schelling_POMC_hints.smt2	2	A	0.765992	381
QF_NRA_20240407-pPDA-Chiari-Pontiggia-Winkler__schelling_POMC_hints.smt2	2	B	0.837749	381
QF_NRA_20240407-pPDA-Chiari-Pontiggia-Winkler__schelling_POMC_hints.smt2	2	C	0.798954	381
QF_NRA_20240407-pPDA-Chiari-Pontiggia-Winkler__schelling_POMC_no_hints.smt2	2	A	2.90912	1779
QF_NRA_20240407-pPDA-Chiari-Pontiggia-Winkler__schelling_POMC_no_hints.smt2	2	B	3.19503	1779
QF_NRA_20240407-pPDA-Chiari-Pontiggia-Winkler__schelling_POMC_no_hints.smt2	2	C	2.97524	1779
QF_NRA_20240407-pPDA-Chiari-Pontiggia-Winkler__schelling_POMC_no_hints.smt2	2	M	2.14329	1779
QF_NRA_20240407-pPDA-Chiari-Pontiggia-Winkler__sqrt2by2_bern_PRAY.smt2	2	B	0.197	44
QF_NRA_20240407-pPDA-Chiari-Pontiggia-Winkler__sqrt2by2_bern_PRAY.smt2	2	C	0.176669	44
QF_NRA_20240407-pPDA-Chiari-Pontiggia-Winkler__sqrt2by2_bern_PRAY.smt2	2	M	0.099629	44
QF_NRA_20240407-pPDA-Chiari-Pontiggia-Winkler__sqrt2by2_bern_PRAY.smt2	2	A	0.167957	44
QF_NRA_LassoRanker__Ben-Amram-2010LMCS-Ex2.3_true-termination.c_Iteration1_Lasso_3-pieceTemplate.smt2	2	C	0.021583	28
QF_NRA_LassoRanker__Ben-Amram-2010LMCS-Ex2.3_true-termination.c_Iteration1_Lasso_3-pieceTemplate.smt2	2	M	0.029334	28
QF_NRA_LassoRanker__Ben-Amram-2010LMCS-Ex2.3_true-termination.c_Iteration1_Lasso_3-pieceTemplate.smt2	2	A	0.019834	28
QF_NRA_LassoRanker__Ben-Amram-2010LMCS-Ex2.3_true-termination.c_Iteration1_Lasso_3-pieceTemplate.smt2	2	B	0.026086	28
QF_NRA_LassoRanker__BradleyMannaSipma-2005ICALP-Fig1-deterministic.bpl_Iteration1_Lasso_3-pieceTemplate.smt2	2	M	0.321669	232
QF_NRA_LassoRanker__BradleyMannaSipma-2005ICALP-Fig1-deterministic.bpl_Iteration1_Lasso_3-pieceTemplate.smt2	2	A	0.320786	232
QF_NRA_LassoRanker__BradleyMannaSipma-2005ICALP-Fig1-deterministic.bpl_Iteration1_Lasso_3-pieceTemplate.smt2	2	B	0.410617	232
QF_NRA_LassoRanker__BradleyMannaSipma-2005ICALP-Fig1-deterministic.bpl_Iteration1_Lasso_3-pieceTemplate.smt2	2	C	0.359009	232
QF_NRA_LassoRanker__Braverman-2006CAV-Ex1-int.bpl_Iteration1_Loop_4-pieceTemplate.smt2	2	A	0.049041	22
QF_NRA_LassoRanker__Braverman-2006CAV-Ex1-int.bpl_Iteration1_Loop_4-pieceTemplate.smt2	2	B	0.056458	22
QF_NRA_LassoRanker__Braverman-2006CAV-Ex1-int.bpl_Iteration1_Loop_4-pieceTemplate.smt2	2	C	0.052584	22
QF_NRA_LassoRanker__Braverman-2006CAV-Ex1-int.bpl_Iteration1_Loop_4-pieceTemplate.smt2	2	M	0.043042	22
QF_NRA_LassoRanker__Khartoum.bpl_Iteration1_Loop_4-pieceTemplate.smt2	2	B	7.51749	6186
QF_NRA_LassoRanker__Khartoum.bpl_Iteration1_Loop_4-pieceTemplate.smt2	2	C	6.69437	6186
QF_NRA_LassoRanker__Khartoum.bpl_Iteration1_Loop_4-pieceTemplate.smt2	2	M	5.26493	6186
QF_NRA_LassoRanker__Khartoum.bpl_Iteration1_Loop_4-pieceTemplate.smt2	2	A	6.78712	6186
QF_NRA_LassoRanker__Mysore2.bpl_Iteration1_Loop_4-pieceTemplate.smt2	2	C	0.284961	572
QF_NRA_LassoRanker__Mysore2.bpl_Iteration1_Loop_4-pieceTemplate.smt2	2	M	0.341547	572
QF_NRA_LassoRanker__Mysore2.bpl_Iteration1_Loop_4-pieceTemplate.smt2	2	A	0.275664	572
QF_NRA_LassoRanker__Mysore2.bpl_Iteration1_Loop_4-pieceTemplate.smt2	2	B	0.371255	572
QF_NRA_LassoRanker__NoriSharma-2013FSE-Fig8_true-termination.c_Iteration1_Lasso_3-pieceTemplate.smt2	2	M	2.79986	4046
QF_NRA_LassoRanker__NoriSharma-2013FSE-Fig8_true-termination.c_Iteration1_Lasso_3-pieceTemplate.smt2	2	A	3.08913	4046
QF_NRA_LassoRanker__NoriSharma-2013FSE-Fig8_true-termination.c_Iteration1_Lasso_3-pieceTemplate.smt2	2	B	3.6179	4046
QF_NRA_LassoRanker__NoriSharma-2013FSE-Fig8_true-termination.c_Iteration1_Lasso_3-pieceTemplate.smt2	2	C	3.15947	4046
QF_NRA_LassoRanker__NoriSharma-2013FSE-Fig8_true-termination.c_Iteration1_Loop_3-pieceTemplate.smt2	2	A	0.035502	43
QF_NRA_LassoRanker__NoriSharma-2013FSE-Fig8_true-termination.c_Iteration1_Loop_3-pieceTemplate.smt2	2	B	0.052957	43
QF_NRA_LassoRanker__NoriSharma-2013FSE-Fig8_true-termination.c_Iteration1_Loop_3-pieceTemplate.smt2	2	C	0.04358	43
QF_NRA_LassoRanker__NoriSharma-2013FSE-Fig8_true-termination.c_Iteration1_Loop_3-pieceTemplate.smt2	2	M	0.050583	43
QF_NRA_LassoRanker__TwoPhase.bpl_Iteration1_Loop_3-pieceTemplate.smt2	2	B	1.53271	2564
QF_NRA_LassoRanker__TwoPhase.bpl_Iteration1_Loop_3-pieceTemplate.smt2	2	C	1.25341	2564
QF_NRA_LassoRanker__TwoPhase.bpl_Iteration1_Loop_3-pieceTemplate.smt2	2	M	1.52359	2564
QF_NRA_LassoRanker__TwoPhase.bpl_Iteration1_Loop_3-pieceTemplate.smt2	2	A	1.27212	2564
QF_NRA_LassoRanker__fun4.t2.c_Iteration1_Loop_4-pieceTemplate.smt2	2	C	0.013624	8
QF_NRA_LassoRanker__fun4.t2.c_Iteration1_Loop_4-pieceTemplate.smt2	2	M	0.016083	8
QF_NRA_LassoRanker__fun4.t2.c_Iteration1_Loop_4-pieceTemplate.smt2	2	A	0.014125	8
QF_NRA_LassoRanker__fun4.t2.c_Iteration1_Loop_4-pieceTemplate.smt2	2	B	0.017834	8
QF_NRA_LassoRanker__nested.t2.c_Iteration4_Loop_4-pieceTemplate.smt2	2	M	0.042168	42
QF_NRA_LassoRanker__nested.t2.c_Iteration4_Loop_4-pieceTemplate.smt2	2	A	0.028166	42
QF_NRA_LassoRanker__nested.t2.c_Iteration4_Loop_4-pieceTemplate.smt2	2	B	0.044122	42
QF_NRA_LassoRanker__nested.t2.c_Iteration4_Loop_4-pieceTemplate.smt2	2	C	0.032584	42
QF_NRA_UltimateAutomizer__InVarSynth_StructPositiveSum-Safe.c_Iteration2_0.smt2	2	A	0.107545	238
QF_NRA_UltimateAutomizer__InVarSynth_StructPositiveSum-Safe.c_Iteration2_0.smt2	2	B	0.138042	238
QF_NRA_UltimateAutomizer__InVarSynth_StructPositiveSum-Safe.c_Iteration2_0.smt2	2	C	0.111163	238
QF_NRA_UltimateAutomizer__InVarSynth_StructPositiveSum-Safe.c_Iteration2_0.smt2	2	M	0.157914	238
QF_NRA_hycomp__ball_count_1d_plain.02.seq_lazy_linear_enc_lemmas_global_8.smt2	2	B	0.027373	26
QF_NRA_hycomp__ball_count_1d_plain.02.seq_lazy_linear_enc_lemmas_global_8.smt2	2	C	0.023289	26
QF_NRA_hycomp__ball_count_1d_plain.02.seq_lazy_linear_enc_lemmas_global_8.smt2	2	M	0.033124	26
QF_NRA_hycomp__ball_count_1d_plain.02.seq_lazy_linear_enc_lemmas_global_8.smt2	2	A	0.020626	26
QF_NRA_hycomp__ball_count_1d_plain.03.seq_lazy_linear_enc_global_10.smt2	2	C	0.150583	356
QF_NRA_hycomp__ball_count_1d_plain.03.seq_lazy_linear_enc_global_10.smt2	2	M	0.302921	356
QF_NRA_hycomp__ball_count_1d_plain.03.seq_lazy_linear_enc_global_10.smt2	2	A	0.125739	356
QF_NRA_hycomp__ball_count_1d_plain.03.seq_lazy_linear_enc_global_10.smt2	2	B	0.214417	356
QF_NRA_hycomp__ball_count_1d_plain.04.redlog_global_6.smt2	2	M	3.22459	3162
QF_NRA_hycomp__ball_count_1d_plain.04.redlog_global_6.smt2	2	A	3.55308	3162
QF_NRA_hycomp__ball_count_1d_plain.04.redlog_global_6.smt2	2	B	4.31095	3162
QF_NRA_hycomp__ball_count_1d_plain.04.redlog_global_6.smt2	2	C	3.67397	3162
QF_NRA_hycomp__ball_count_1d_plain.04.seq_lazy_linear_enc_lemmas_global_12.smt2	2	A	1.04463	1894
QF_NRA_hycomp__ball_count_1d_plain.04.seq_lazy_linear_enc_lemmas_global_12.smt2	2	B	1.3819	1894
QF_NRA_hycomp__ball_count_1d_plain.04.seq_lazy_linear_enc_lemmas_global_12.smt2	2	C	1.0332	1894
QF_NRA_hycomp__ball_count_1d_plain.04.seq_lazy_linear_enc_lemmas_global_12.smt2	2	M	1.53179	1894
QF_NRA_hycomp__ball_count_2d_hill_simple.01.seq_lazy_global_14.smt2	2	B	0.011834	10
QF_NRA_hycomp__ball_count_2d_hill_simple.01.seq_lazy_global_14.smt2	2	C	0.009583	10
QF_NRA_hycomp__ball_count_2d_hill_simple.01.seq_lazy_global_14.smt2	2	M	0.012124	10
QF_NRA_hycomp__ball_count_2d_hill_simple.01.seq_lazy_global_14.smt2	2	A	0.008957	10
QF_NRA_hycomp__ball_count_2d_hill_simple.02.seq_lazy_lemmas_global_14.smt2	2	C	0.070877	178
QF_NRA_hycomp__ball_count_2d_hill_simple.02.seq_lazy_lemmas_global_14.smt2	2	M	0.107463	178
QF_NRA_hycomp__ball_count_2d_hill_simple.02.seq_lazy_lemmas_global_14.smt2	2	A	0.067335	178
QF_NRA_hycomp__ball_count_2d_hill_simple.02.seq_lazy_lemmas_global_14.smt2	2	B	0.102002	178
QF_NRA_hycomp__ball_count_2d_plain.03.seq_lazy_linear_enc_lemmas_global_4.smt2	2	M	0.401202	542
QF_NRA_hycomp__ball_count_2d_plain.03.seq_lazy_linear_enc_lemmas_global_4.smt2	2	A	0.629848	542
QF_NRA_hycomp__ball_count_2d_plain.03.seq_lazy_linear_enc_lemmas_global_4.smt2	2	B	0.644632	542
QF_NRA_hycomp__ball_count_2d_plain.03.seq_lazy_linear_enc_lemmas_global_4.smt2	2	C	0.573621	542
QF_NRA_hycomp__ball_count_2d_plain.05.seq_lazy_linear_enc_global_14.smt2	2	A	6.68004	8642
QF_NRA_hycomp__ball_count_2d_plain.05.seq_lazy_linear_enc_global_14.smt2	2	B	7.88502	8642
QF_NRA_hycomp__ball_count_2d_plain.05.seq_lazy_linear_enc_global_14.smt2	2	C	6.86443	8642
QF_NRA_hycomp__ball_count_2d_plain.05.seq_lazy_linear_enc_global_14.smt2	2	M	5.70343	8642
QF_NRA_hycomp__ball_count_2d_plain.10.redlog_global_4.smt2	2	B	0.055705	24
QF_NRA_hycomp__ball_count_2d_plain.10.redlog_global_4.smt2	2	C	0.040085	24
QF_NRA_hycomp__ball_count_2d_plain.10.redlog_global_4.smt2	2	M	0.052125	24
QF_NRA_hycomp__ball_count_2d_plain.10.redlog_global_4.smt2	2	A	0.041296	24
QF_NRA_hycomp__ball_count_2d_slope.03.seq_lazy_lemmas_global_6.smt2	2	C	6.52288	2434
QF_NRA_hycomp__ball_count_2d_slope.03.seq_lazy_lemmas_global_6.smt2	2	M	4.49622	2434
QF_NRA_hycomp__ball_count_2d_slope.03.seq_lazy_lemmas_global_6.smt2	2	A	6.92995	2434
QF_NRA_hycomp__ball_count_2d_slope.03.seq_lazy_lemmas_global_6.smt2	2	B	6.91035	2434
QF_NRA_hycomp__ball_count_2d_slope.04.seq_lazy_linear_enc_global_8.smt2	2	M	0.02225	17
QF_NRA_hycomp__ball_count_2d_slope.04.seq_lazy_linear_enc_global_8.smt2	2	A	0.030124	17
QF_NRA_hycomp__ball_count_2d_slope.04.seq_lazy_linear_enc_global_8.smt2	2	B	0.034418	17
QF_NRA_hycomp__ball_count_2d_slope.04.seq_lazy_linear_enc_global_8.smt2	2	C	0.029166	17
QF_NRA_hycomp__etcs_braking_2.01.seq_lazy_linear_enc_global_15.smt2	2	A	2.55904	629
QF_NRA_hycomp__etcs_braking_2.01.seq_lazy_linear_enc_global_15.smt2	2	B	2.66016	629
QF_NRA_hycomp__etcs_braking_2.01.seq_lazy_linear_enc_global_15.smt2	2	C	2.59493	629
QF_NRA_hycomp__etcs_braking_2.01.seq_lazy_linear_enc_global_15.smt2	2	M	1.72279	629
QF_NRA_hycomp__simple_ballistics_reach.01.seq_lazy_global_15.smt2	2	B	4.68717	1545
QF_NRA_hycomp__simple_ballistics_reach.01.seq_lazy_global_15.smt2	2	C	4.36275	1545
QF_NRA_hycomp__simple_ballistics_reach.01.seq_lazy_global_15.smt2	2	M	3.13024	1545
QF_NRA_hycomp__simple_ballistics_reach.01.seq_lazy_global_15.smt2	2	A	4.2832	1545
QF_NRA_hycomp__simple_ballistics_reach.01.seq_lazy_linear_enc_lemmas_global_9.smt2	2	C	4.48193	743
QF_NRA_hycomp__simple_ballistics_reach.01.seq_lazy_linear_enc_lemmas_global_9.smt2	2	M	3.10031	743
QF_NRA_hycomp__simple_ballistics_reach.01.seq_lazy_linear_enc_lemmas_global_9.smt2	2	A	4.41029	743
QF_NRA_hycomp__simple_ballistics_reach.01.seq_lazy_linear_enc_lemmas_global_9.smt2	2	B	4.56763	743
QF_NRA_meti-tarski__CMOS-opamp-chunk-0029.smt2	2	M	0.004	0
QF_NRA_meti-tarski__CMOS-opamp-chunk-0029.smt2	2	A	0.005041	0
QF_NRA_meti-tarski__CMOS-opamp-chunk-0029.smt2	2	B	0.00625	0
QF_NRA_meti-tarski__CMOS-opamp-chunk-0029.smt2	2	C	0.0055	0
QF_NRA_meti-tarski__CMOS-opamp-chunk-0071.smt2	2	A	0.012084	4
QF_NRA_meti-tarski__CMOS-opamp-chunk-0071.smt2	2	B	0.014041	4
QF_NRA_meti-tarski__CMOS-opamp-chunk-0071.smt2	2	C	0.011541	4
QF_NRA_meti-tarski__CMOS-opamp-chunk-0071.smt2	2	M	0.011793	4
QF_NRA_meti-tarski__CMOS-opamp-chunk-0269.smt2	2	B	0.043374	4
QF_NRA_meti-tarski__CMOS-opamp-chunk-0269.smt2	2	C	0.040374	4
QF_NRA_meti-tarski__CMOS-opamp-chunk-0269.smt2	2	M	0.02	4
QF_NRA_meti-tarski__CMOS-opamp-chunk-0269.smt2	2	A	0.036208	4
QF_NRA_meti-tarski__CMOS-opamp-chunk-0285.smt2	2	C	0.011417	4
QF_NRA_meti-tarski__CMOS-opamp-chunk-0285.smt2	2	M	0.010334	4
QF_NRA_meti-tarski__CMOS-opamp-chunk-0285.smt2	2	A	0.011167	4
QF_NRA_meti-tarski__CMOS-opamp-chunk-0285.smt2	2	B	0.013751	4
QF_NRA_meti-tarski__Chua-1-VC1-L-chunk-0135.smt2	2	M	0.004333	0
QF_NRA_meti-tarski__Chua-1-VC1-L-chunk-0135.smt2	2	A	0.005084	0
QF_NRA_meti-tarski__Chua-1-VC1-L-chunk-0135.smt2	2	B	0.006	0
QF_NRA_meti-tarski__Chua-1-VC1-L-chunk-0135.smt2	2	C	0.0055	0
QF_NRA_meti-tarski__Chua-2-IL-U-chunk-0022.smt2	2	A	0.029416	3
QF_NRA_meti-tarski__Chua-2-IL-U-chunk-0022.smt2	2	B	0.027584	3
QF_NRA_meti-tarski__Chua-2-IL-U-chunk-0022.smt2	2	C	0.026708	3
QF_NRA_meti-tarski__Chua-2-IL-U-chunk-0022.smt2	2	M	0.016999	3
QF_NRA_meti-tarski__Chua-2-IL-U-chunk-0039.smt2	2	B	0.007583	1
QF_NRA_meti-tarski__Chua-2-IL-U-chunk-0039.smt2	2	C	0.00775	1
QF_NRA_meti-tarski__Chua-2-IL-U-chunk-0039.smt2	2	M	0.007042	1
QF_NRA_meti-tarski__Chua-2-IL-U-chunk-0039.smt2	2	A	0.00725	1
QF_NRA_meti-tarski__Chua-2-IL-U-chunk-0099.smt2	2	C	0.039375	2
QF_NRA_meti-tarski__Chua-2-IL-U-chunk-0099.smt2	2	M	0.017417	2
QF_NRA_meti-tarski__Chua-2-IL-U-chunk-0099.smt2	2	A	0.035625	2
QF_NRA_meti-tarski__Chua-2-IL-U-chunk-0099.smt2	2	B	0.039417	2
QF_NRA_meti-tarski__Chua-2-VC1-U-chunk-0123.smt2	2	M	0.116958	6
QF_NRA_meti-tarski__Chua-2-VC1-U-chunk-0123.smt2	2	A	0.238583	6
QF_NRA_meti-tarski__Chua-2-VC1-U-chunk-0123.smt2	2	B	0.234708	6
QF_NRA_meti-tarski__Chua-2-VC1-U-chunk-0123.smt2	2	C	0.243333	6
QF_NRA_meti-tarski__Chua-2-VC2-U-chunk-0108.smt2	2	A	0.03525	2
QF_NRA_meti-tarski__Chua-2-VC2-U-chunk-0108.smt2	2	B	0.033709	2
QF_NRA_meti-tarski__Chua-2-VC2-U-chunk-0108.smt2	2	C	0.03475	2
QF_NRA_meti-tarski__Chua-2-VC2-U-chunk-0108.smt2	2	M	0.01775	2
QF_NRA_meti-tarski__Lyapunov1a-chunk-0036.smt2	2	B	0.03196	26
QF_NRA_meti-tarski__Lyapunov1a-chunk-0036.smt2	2	C	0.023374	26
QF_NRA_meti-tarski__Lyapunov1a-chunk-0036.smt2	2	M	0.031957	26
QF_NRA_meti-tarski__Lyapunov1a-chunk-0036.smt2	2	A	0.020876	26
QF_NRA_meti-tarski__Nichols-Plot-Inverted-Pendulum-Fails-1-6-chunk-0034.smt2	2	C	0.017292	4
QF_NRA_meti-tarski__Nichols-Plot-Inverted-Pendulum-Fails-1-6-chunk-0034.smt2	2	M	0.011917	4
QF_NRA_meti-tarski__Nichols-Plot-Inverted-Pendulum-Fails-1-6-chunk-0034.smt2	2	A	0.01625	4
QF_NRA_meti-tarski__Nichols-Plot-Inverted-Pendulum-Fails-1-6-chunk-0034.smt2	2	B	0.018582	4
QF_NRA_meti-tarski__Nichols-Plot-Inverted-Pendulum-Fails-1-6-chunk-0234.smt2	2	M	0.008792	2
QF_NRA_meti-tarski__Nichols-Plot-Inverted-Pendulum-Fails-1-6-chunk-0234.smt2	2	A	0.010708	2
QF_NRA_meti-tarski__Nichols-Plot-Inverted-Pendulum-Fails-1-6-chunk-0234.smt2	2	B	0.012709	2
QF_NRA_meti-tarski__Nichols-Plot-Inverted-Pendulum-Fails-1-6-chunk-0234.smt2	2	C	0.011459	2
QF_NRA_meti-tarski__asin-8-vars4-chunk-0029.smt2	2	A	0.014333	8
QF_NRA_meti-tarski__asin-8-vars4-chunk-0029.smt2	2	B	0.016917	8
QF_NRA_meti-tarski__asin-8-vars4-chunk-0029.smt2	2	C	0.013875	8
QF_NRA_meti-tarski__asin-8-vars4-chunk-0029.smt2	2	M	0.014374	8
QF_NRA_meti-tarski__atan-problem-1-chunk-0032.smt2	2	B	0.01121	8
QF_NRA_meti-tarski__atan-problem-1-chunk-0032.smt2	2	C	0.009084	8
QF_NRA_meti-tarski__atan-problem-1-chunk-0032.smt2	2	M	0.009	8
QF_NRA_meti-tarski__atan-problem-1-chunk-0032.smt2	2	A	0.008375	8
QF_NRA_meti-tarski__atan-problem-1-chunk-0087.smt2	2	C	0.021458	20
QF_NRA_meti-tarski__atan-problem-1-chunk-0087.smt2	2	M	0.022874	20
QF_NRA_meti-tarski__atan-problem-1-chunk-0087.smt2	2	A	0.017834	20
QF_NRA_meti-tarski__atan-problem-1-chunk-0087.smt2	2	B	0.027083	20
QF_NRA_meti-tarski__atan-problem-2-chunk-0101.smt2	2	M	0.008625	6
QF_NRA_meti-tarski__atan-problem-2-chunk-0101.smt2	2	A	0.007959	6
QF_NRA_meti-tarski__atan-problem-2-chunk-0101.smt2	2	B	0.009708	6
QF_NRA_meti-tarski__atan-problem-2-chunk-0101.smt2	2	C	0.008	6
QF_NRA_meti-tarski__atan-problem-2-chunk-0107.smt2	2	A	0.005333	0
QF_NRA_meti-tarski__atan-problem-2-chunk-0107.smt2	2	B	0.006042	0
QF_NRA_meti-tarski__atan-problem-2-chunk-0107.smt2	2	C	0.005459	0
QF_NRA_meti-tarski__atan-problem-2-chunk-0107.smt2	2	M	0.0045	0
QF_NRA_meti-tarski__atan-problem-2-weak-chunk-0061.smt2	2	B	0.006167	0
QF_NRA_meti-tarski__atan-problem-2-weak-chunk-0061.smt2	2	C	0.005458	0
QF_NRA_meti-tarski__atan-problem-2-weak-chunk-0061.smt2	2	M	0.004542	0
QF_NRA_meti-tarski__atan-problem-2-weak-chunk-0061.smt2	2	A	0.005417	0
QF_NRA_meti-tarski__atan-problem-2-weak-chunk-0100.smt2	2	C	0.008	4
QF_NRA_meti-tarski__atan-problem-2-weak-chunk-0100.smt2	2	M	0.0095	4
QF_NRA_meti-tarski__atan-problem-2-weak-chunk-0100.smt2	2	A	0.007583	4
QF_NRA_meti-tarski__atan-problem-2-weak-chunk-0100.smt2	2	B	0.009374	4
QF_NRA_meti-tarski__atan-problem-2-weak-chunk-0225.smt2	2	M	0.004458	0
QF_NRA_meti-tarski__atan-problem-2-weak-chunk-0225.smt2	2	A	0.004667	0
QF_NRA_meti-tarski__atan-problem-2-weak-chunk-0225.smt2	2	B	0.006417	0
QF_NRA_meti-tarski__atan-problem-2-weak-chunk-0225.smt2	2	C	0.004875	0
QF_NRA_meti-tarski__atan-problem-2-weakT-chunk-0054.smt2	2	A	0.006709	2
QF_NRA_meti-tarski__atan-problem-2-weakT-chunk-0054.smt2	2	B	0.008291	2
QF_NRA_meti-tarski__atan-problem-2-weakT-chunk-0054.smt2	2	C	0.006875	2
QF_NRA_meti-tarski__atan-problem-2-weakT-chunk-0054.smt2	2	M	0.007875	2
QF_NRA_meti-tarski__atan-vega-3-chunk-0434.smt2	2	B	0.006125	0
QF_NRA_meti-tarski__atan-vega-3-chunk-0434.smt2	2	C	0.005292	0
QF_NRA_meti-tarski__atan-vega-3-chunk-0434.smt2	2	M	0.0065	0
QF_NRA_meti-tarski__atan-vega-3-chunk-0434.smt2	2	A	0.004583	0
QF_NRA_meti-tarski__atan-vega-3-chunk-0489.smt2	2	C	0.00725	0
QF_NRA_meti-tarski__atan-vega-3-chunk-0489.smt2	2	M	0.004584	0
QF_NRA_meti-tarski__atan-vega-3-chunk-0489.smt2	2	A	0.006667	0
QF_NRA_meti-tarski__atan-vega-3-chunk-0489.smt2	2	B	0.007917	0
QF_NRA_meti-tarski__atan-vega-3-chunk-0640.smt2	2	M	0.005875	0
QF_NRA_meti-tarski__atan-vega-3-chunk-0640.smt2	2	A	0.005333	0
QF_NRA_meti-tarski__atan-vega-3-chunk-0640.smt2	2	B	0.006167	0
QF_NRA_meti-tarski__atan-vega-3-chunk-0640.smt2	2	C	0.005541	0
QF_NRA_meti-tarski__atan-vega-3-weak-chunk-0195.smt2	2	A	0.005167	0
QF_NRA_meti-tarski__atan-vega-3-weak-chunk-0195.smt2	2	B	0.006	0
QF_NRA_meti-tarski__atan-vega-3-weak-chunk-0195.smt2	2	C	0.005625	0
QF_NRA_meti-tarski__atan-vega-3-weak-chunk-0195.smt2	2	M	0.006541	0
QF_NRA_meti-tarski__atan-vega-3-weak-chunk-0243.smt2	2	B	0.006083	0
QF_NRA_meti-tarski__atan-vega-3-weak-chunk-0243.smt2	2	C	0.005583	0
QF_NRA_meti-tarski__atan-vega-3-weak-chunk-0243.smt2	2	M	0.004209	0
QF_NRA_meti-tarski__atan-vega-3-weak-chunk-0243.smt2	2	A	0.004875	0
QF_NRA_meti-tarski__atan-vega-3-weak-chunk-0360.smt2	2	C	0.005625	0
QF_NRA_meti-tarski__atan-vega-3-weak-chunk-0360.smt2	2	M	0.007125	0
QF_NRA_meti-tarski__atan-vega-3-weak-chunk-0360.smt2	2	A	0.005291	0
QF_NRA_meti-tarski__atan-vega-3-weak-chunk-0360.smt2	2	B	0.006542	0
QF_NRA_meti-tarski__atan-vega-3-weak-chunk-0435.smt2	2	M	0.014458	3
QF_NRA_meti-tarski__atan-vega-3-weak-chunk-0435.smt2	2	A	0.022167	3
QF_NRA_meti-tarski__atan-vega-3-weak-chunk-0435.smt2	2	B	0.024084	3
QF_NRA_meti-tarski__atan-vega-3-weak-chunk-0435.smt2	2	C	0.0225	3
QF_NRA_meti-tarski__atan-vega-3-weak-chunk-0622.smt2	2	A	0.006917	0
QF_NRA_meti-tarski__atan-vega-3-weak-chunk-0622.smt2	2	B	0.008208	0
QF_NRA_meti-tarski__atan-vega-3-weak-chunk-0622.smt2	2	C	0.007125	0
QF_NRA_meti-tarski__atan-vega-3-weak-chunk-0622.smt2	2	M	0.00475	0
QF_NRA_meti-tarski__exp-problem-10-2-chunk-0145.smt2	2	B	0.006542	0
QF_NRA_meti-tarski__exp-problem-10-2-chunk-0145.smt2	2	C	0.005459	0
QF_NRA_meti-tarski__exp-problem-10-2-chunk-0145.smt2	2	M	0.007208	0
QF_NRA_meti-tarski__exp-problem-10-2-chunk-0145.smt2	2	A	0.005041	0
QF_NRA_meti-tarski__exp-problem-10-2-chunk-0295.smt2	2	C	0.008876	7
QF_NRA_meti-tarski__exp-problem-10-2-chunk-0295.smt2	2	M	0.012499	7
QF_NRA_meti-tarski__exp-problem-10-2-chunk-0295.smt2	2	A	0.007876	7
QF_NRA_meti-tarski__exp-problem-10-2-chunk-0295.smt2	2	B	0.011333	7
QF_NRA_meti-tarski__exp-problem-10-3-chunk-0187.smt2	2	M	0.006459	1
QF_NRA_meti-tarski__exp-problem-10-3-chunk-0187.smt2	2	A	0.005667	1
QF_NRA_meti-tarski__exp-problem-10-3-chunk-0187.smt2	2	B	0.007083	1
QF_NRA_meti-tarski__exp-problem-10-3-chunk-0187.smt2	2	C	0.006333	1
QF_NRA_meti-tarski__exp-problem-10-3-weak-chunk-0042.smt2	2	A	0.016041	1
QF_NRA_meti-tarski__exp-problem-10-3-weak-chunk-0042.smt2	2	B	0.015125	1
QF_NRA_meti-tarski__exp-problem-10-3-weak-chunk-0042.smt2	2	C	0.013833	1
QF_NRA_meti-tarski__exp-problem-10-3-weak-chunk-0042.smt2	2	M	0.009334	1
QF_NRA_meti-tarski__exp-problem-10-3-weak-chunk-0129.smt2	2	B	0.008749	1
QF_NRA_meti-tarski__exp-problem-10-3-weak-chunk-0129.smt2	2	C	0.006791	1
QF_NRA_meti-tarski__exp-problem-10-3-weak-chunk-0129.smt2	2	M	0.010041	1
QF_NRA_meti-tarski__exp-problem-10-3-weak-chunk-0129.smt2	2	A	0.006916	1
QF_NRA_meti-tarski__polypaver-bench-sqrt-3d-chunk-0407.smt2	2	C	0.010791	2
QF_NRA_meti-tarski__polypaver-bench-sqrt-3d-chunk-0407.smt2	2	M	0.00625	2
QF_NRA_meti-tarski__polypaver-bench-sqrt-3d-chunk-0407.smt2	2	A	0.009458	2
QF_NRA_meti-tarski__polypaver-bench-sqrt-3d-chunk-0407.smt2	2	B	0.009833	2
QF_NRA_meti-tarski__polypaver-bench-sqrt-3d-chunk-0437.smt2	2	M	0.028042	14
QF_NRA_meti-tarski__polypaver-bench-sqrt-3d-chunk-0437.smt2	2	A	0.043626	14
QF_NRA_meti-tarski__polypaver-bench-sqrt-3d-chunk-0437.smt2	2	B	0.048375	14
QF_NRA_meti-tarski__polypaver-bench-sqrt-3d-chunk-0437.smt2	2	C	0.044417	14
QF_NRA_meti-tarski__polypaver-bench-sqrt-3d-chunk-0469.smt2	2	A	0.011875	8
QF_NRA_meti-tarski__polypaver-bench-sqrt-3d-chunk-0469.smt2	2	B	0.01371	8
QF_NRA_meti-tarski__polypaver-bench-sqrt-3d-chunk-0469.smt2	2	C	0.011917	8
QF_NRA_meti-tarski__polypaver-bench-sqrt-3d-chunk-0469.smt2	2	M	0.012168	8
QF_NRA_meti-tarski__sin-344-3-chunk-0046.smt2	2	B	0.007	1
QF_NRA_meti-tarski__sin-344-3-chunk-0046.smt2	2	C	0.006042	1
QF_NRA_meti-tarski__sin-344-3-chunk-0046.smt2	2	M	0.007667	1
QF_NRA_meti-tarski__sin-344-3-chunk-0046.smt2	2	A	0.006166	1
QF_NRA_meti-tarski__sin-cos-346-b-chunk-0119.smt2	2	C	0.076833	6
QF_NRA_meti-tarski__sin-cos-346-b-chunk-0119.smt2	2	M	0.058709	6
QF_NRA_meti-tarski__sin-cos-346-b-chunk-0119.smt2	2	A	0.074667	6
QF_NRA_meti-tarski__sin-cos-346-b-chunk-0119.smt2	2	B	0.076666	6
QF_NRA_meti-tarski__sin-cos-346-b-chunk-0350.smt2	2	M	0.007458	2
QF_NRA_meti-tarski__sin-cos-346-b-chunk-0350.smt2	2	A	0.009958	2
QF_NRA_meti-tarski__sin-cos-346-b-chunk-0350.smt2	2	B	0.009625	2
QF_NRA_meti-tarski__sin-cos-346-b-chunk-0350.smt2	2	C	0.008459	2
QF_NRA_meti-tarski__sin-cos-346-b-chunk-0458.smt2	2	A	0.006709	2
QF_NRA_meti-tarski__sin-cos-346-b-chunk-0458.smt2	2	B	0.008208	2
QF_NRA_meti-tarski__sin-cos-346-b-chunk-0458.smt2	2	C	0.007001	2
QF_NRA_meti-tarski__sin-cos-346-b-chunk-0458.smt2	2	M	0.009125	2
QF_NRA_meti-tarski__sin-cos-346-b-chunk-0479.smt2	2	B	0.02575	2
QF_NRA_meti-tarski__sin-cos-346-b-chunk-0479.smt2	2	C	0.024708	2
QF_NRA_meti-tarski__sin-cos-346-b-chunk-0479.smt2	2	M	0.015583	2
QF_NRA_meti-tarski__sin-cos-346-b-chunk-0479.smt2	2	A	0.023833	2
QF_NRA_meti-tarski__sin-cos-346-b-chunk-0505.smt2	2	C	0.006833	2
QF_NRA_meti-tarski__sin-cos-346-b-chunk-0505.smt2	2	M	0.007708	2
QF_NRA_meti-tarski__sin-cos-346-b-chunk-0505.smt2	2	A	0.005708	2
QF_NRA_meti-tarski__sin-cos-346-b-chunk-0505.smt2	2	B	0.008166	2
QF_NRA_meti-tarski__sin-cos-346-b-chunk-0515.smt2	2	M	0.018208	6
QF_NRA_meti-tarski__sin-cos-346-b-chunk-0515.smt2	2	A	0.028542	6
QF_NRA_meti-tarski__sin-cos-346-b-chunk-0515.smt2	2	B	0.032209	6
QF_NRA_meti-tarski__sin-cos-346-b-chunk-0515.smt2	2	C	0.029583	6
QF_NRA_meti-tarski__sin-cos-346-b-chunk-0593.smt2	2	A	0.016292	2
QF_NRA_meti-tarski__sin-cos-346-b-chunk-0593.smt2	2	B	0.020167	2
QF_NRA_meti-tarski__sin-cos-346-b-chunk-0593.smt2	2	C	0.019083	2
QF_NRA_meti-tarski__sin-cos-346-b-chunk-0593.smt2	2	M	0.012917	2
QF_NRA_meti-tarski__sin-problem-7-chunk-0017.smt2	2	B	0.0075	2
QF_NRA_meti-tarski__sin-problem-7-chunk-0017.smt2	2	C	0.006458	2
QF_NRA_meti-tarski__sin-problem-7-chunk-0017.smt2	2	M	0.006125	2
QF_NRA_meti-tarski__sin-problem-7-chunk-0017.smt2	2	A	0.005666	2
QF_NRA_meti-tarski__sin-problem-7-chunk-0125.smt2	2	C	0.022209	8
QF_NRA_meti-tarski__sin-problem-7-chunk-0125.smt2	2	M	0.011584	8
QF_NRA_meti-tarski__sin-problem-7-chunk-0125.smt2	2	A	0.019458	8
QF_NRA_meti-tarski__sin-problem-7-chunk-0125.smt2	2	B	0.024417	8
QF_NRA_meti-tarski__sin-problem-7-chunk-0264.smt2	2	M	0.207541	20
QF_NRA_meti-tarski__sin-problem-7-chunk-0264.smt2	2	A	0.1915	20
QF_NRA_meti-tarski__sin-problem-7-chunk-0264.smt2	2	B	0.203624	20
QF_NRA_meti-tarski__sin-problem-7-chunk-0264.smt2	2	C	0.186626	20
QF_NRA_meti-tarski__sin-problem-7-weak2-chunk-0113.smt2	2	A	0.230461	24
QF_NRA_meti-tarski__sin-problem-7-weak2-chunk-0113.smt2	2	B	0.234958	24
QF_NRA_meti-tarski__sin-problem-7-weak2-chunk-0113.smt2	2	C	0.224417	24
QF_NRA_meti-tarski__sin-problem-7-weak2-chunk-0113.smt2	2	M	0.103666	24
QF_NRA_meti-tarski__sqrt-1mcosq-7-chunk-0023.smt2	2	B	0.007459	2
QF_NRA_meti-tarski__sqrt-1mcosq-7-chunk-0023.smt2	2	C	0.006417	2
QF_NRA_meti-tarski__sqrt-1mcosq-7-chunk-0023.smt2	2	M	0.006042	2
QF_NRA_meti-tarski__sqrt-1mcosq-7-chunk-0023.smt2	2	A	0.006167	2
QF_NRA_meti-tarski__sqrt-1mcosq-7-chunk-0094.smt2	2	C	0.018541	4
QF_NRA_meti-tarski__sqrt-1mcosq-7-chunk-0094.smt2	2	M	0.012625	4
QF_NRA_meti-tarski__sqrt-1mcosq-7-chunk-0094.smt2	2	A	0.018374	4
QF_NRA_meti-tarski__sqrt-1mcosq-7-chunk-0094.smt2	2	B	0.020375	4
QF_NRA_meti-tarski__sqrt-1mcosq-7-chunk-0190.smt2	2	M	0.069667	24
QF_NRA_meti-tarski__sqrt-1mcosq-7-chunk-0190.smt2	2	A	0.147168	24
QF_NRA_meti-tarski__sqrt-1mcosq-7-chunk-0190.smt2	2	B	0.153586	24
QF_NRA_meti-tarski__sqrt-1mcosq-7-chunk-0190.smt2	2	C	0.146541	24
QF_NRA_meti-tarski__sqrt-1mcosq-8-chunk-0045.smt2	2	A	0.00625	2
QF_NRA_meti-tarski__sqrt-1mcosq-8-chunk-0045.smt2	2	B	0.007209	2
QF_NRA_meti-tarski__sqrt-1mcosq-8-chunk-0045.smt2	2	C	0.006416	2
QF_NRA_meti-tarski__sqrt-1mcosq-8-chunk-0045.smt2	2	M	0.006833	2
QF_NRA_meti-tarski__sqrt-1mcosq-8-chunk-0092.smt2	2	B	0.022041	4
QF_NRA_meti-tarski__sqrt-1mcosq-8-chunk-0092.smt2	2	C	0.021167	4
QF_NRA_meti-tarski__sqrt-1mcosq-8-chunk-0092.smt2	2	M	0.013917	4
QF_NRA_meti-tarski__sqrt-1mcosq-8-chunk-0092.smt2	2	A	0.021	4
QF_NRA_meti-tarski__sqrt-1mcosq-8-chunk-0116.smt2	2	C	0.098874	6
QF_NRA_meti-tarski__sqrt-1mcosq-8-chunk-0116.smt2	2	M	0.050208	6
QF_NRA_meti-tarski__sqrt-1mcosq-8-chunk-0116.smt2	2	A	0.097417	6
QF_NRA_meti-tarski__sqrt-1mcosq-8-chunk-0116.smt2	2	B	0.100332	6
QF_NRA_meti-tarski__sqrt-1mcosq-8-chunk-0130.smt2	2	M	0.044875	4
QF_NRA_meti-tarski__sqrt-1mcosq-8-chunk-0130.smt2	2	A	0.094375	4
QF_NRA_meti-tarski__sqrt-1mcosq-8-chunk-0130.smt2	2	B	0.097126	4
QF_NRA_meti-tarski__sqrt-1mcosq-8-chunk-0130.smt2	2	C	0.093833	4
QF_NRA_meti-tarski__sqrt-1mcosq-8-chunk-0164.smt2	2	A	0.015584	2
QF_NRA_meti-tarski__sqrt-1mcosq-8-chunk-0164.smt2	2	B	0.017	2
QF_NRA_meti-tarski__sqrt-1mcosq-8-chunk-0164.smt2	2	C	0.0145	2
QF_NRA_meti-tarski__sqrt-1mcosq-8-chunk-0164.smt2	2	M	0.010334	2
QF_NRA_meti-tarski__sqrt-1mcosq-8-chunk-0447.smt2	2	B	0.198166	6
QF_NRA_meti-tarski__sqrt-1mcosq-8-chunk-0447.smt2	2	C	0.188167	6
QF_NRA_meti-tarski__sqrt-1mcosq-8-chunk-0447.smt2	2	M	0.252875	6
QF_NRA_meti-tarski__sqrt-1mcosq-8-chunk-0447.smt2	2	A	0.187416	6
QF_NRA_meti-tarski__sqrt-1mcosq-8-chunk-0531.smt2	2	C	0.016958	2
QF_NRA_meti-tarski__sqrt-1mcosq-8-chunk-0531.smt2	2	M	0.010125	2
QF_NRA_meti-tarski__sqrt-1mcosq-8-chunk-0531.smt2	2	A	0.015	2
QF_NRA_meti-tarski__sqrt-1mcosq-8-chunk-0531.smt2	2	B	0.015959	2
QF_NRA_meti-tarski__sqrt-1mcosq-8-chunk-0674.smt2	2	M	0.276875	6
QF_NRA_meti-tarski__sqrt-1mcosq-8-chunk-0674.smt2	2	A	0.192	6
QF_NRA_meti-tarski__sqrt-1mcosq-8-chunk-0674.smt2	2	B	0.193958	6
QF_NRA_meti-tarski__sqrt-1mcosq-8-chunk-0674.smt2	2	C	0.188417	6
QF_NRA_meti-tarski__sqrt-problem-12vars3-chunk-0033.smt2	2	A	0.006583	2
QF_NRA_meti-tarski__sqrt-problem-12vars3-chunk-0033.smt2	2	B	0.007209	2
QF_NRA_meti-tarski__sqrt-problem-12vars3-chunk-0033.smt2	2	C	0.006333	2
QF_NRA_meti-tarski__sqrt-problem-12vars3-chunk-0033.smt2	2	M	0.007	2
QF_NRA_meti-tarski__sqrt-problem-13-sqrt1-chunk-0051.smt2	2	B	0.007291	2
QF_NRA_meti-tarski__sqrt-problem-13-sqrt1-chunk-0051.smt2	2	C	0.006542	2
QF_NRA_meti-tarski__sqrt-problem-13-sqrt1-chunk-0051.smt2	2	M	0.005958	2
QF_NRA_meti-tarski__sqrt-problem-13-sqrt1-chunk-0051.smt2	2	A	0.006334	2
QF_NRA_meti-tarski__sqrt-problem-Melquiond2-chunk-0041.smt2	2	C	0.025916	8
QF_NRA_meti-tarski__sqrt-problem-Melquiond2-chunk-0041.smt2	2	M	0.01479	8
QF_NRA_meti-tarski__sqrt-problem-Melquiond2-chunk-0041.smt2	2	A	0.02796	8
QF_NRA_meti-tarski__sqrt-problem-Melquiond2-chunk-0041.smt2	2	B	0.025459	8
QF_NRA_zankl__matrix-1-all-41.smt2	2	M	0.014	12
QF_NRA_zankl__matrix-1-all-41.smt2	2	A	0.014998	12
QF_NRA_zankl__matrix-1-all-41.smt2	2	B	0.016958	12
QF_NRA_zankl__matrix-1-all-41.smt2	2	C	0.013709	12
QF_NRA_zankl__matrix-3-all-16.smt2	2	A	0.006208	2
QF_NRA_zankl__matrix-3-all-16.smt2	2	B	0.007375	2
QF_NRA_zankl__matrix-3-all-16.smt2	2	C	0.006583	2
QF_NRA_zankl__matrix-3-all-16.smt2	2	M	0.006375	2
QF_NRA_zankl__matrix-3-all-17.smt2	2	B	0.008708	2
QF_NRA_zankl__matrix-3-all-17.smt2	2	C	0.007167	2
QF_NRA_zankl__matrix-3-all-17.smt2	2	M	0.007917	2
QF_NRA_zankl__matrix-3-all-17.smt2	2	A	0.007209	2
QF_NRA_zankl__matrix-4-all-21.smt2	2	C	0.008667	4
QF_NRA_zankl__matrix-4-all-21.smt2	2	M	0.009958	4
QF_NRA_zankl__matrix-4-all-21.smt2	2	A	0.008335	4
QF_NRA_zankl__matrix-4-all-21.smt2	2	B	0.010459	4
QF_NRA_zankl__matrix-4-all-22.smt2	2	M	0.006	2
QF_NRA_zankl__matrix-4-all-22.smt2	2	A	0.006166	2
QF_NRA_zankl__matrix-4-all-22.smt2	2	B	0.007209	2
QF_NRA_zankl__matrix-4-all-22.smt2	2	C	0.006333	2
AUFNIRA_nasa__cl5_nebula_norm_0017.fof.smt2	3	M	0.011418	4
AUFNIRA_nasa__cl5_nebula_norm_0017.fof.smt2	3	A	0.012166	4
AUFNIRA_nasa__cl5_nebula_norm_0017.fof.smt2	3	B	0.01325	4
AUFNIRA_nasa__cl5_nebula_norm_0017.fof.smt2	3	C	0.011252	4
AUFNIRA_nasa__cl5_nebula_norm_0067.fof.smt2	3	A	0.305538	344
AUFNIRA_nasa__cl5_nebula_norm_0067.fof.smt2	3	B	0.38124	344
AUFNIRA_nasa__cl5_nebula_norm_0067.fof.smt2	3	C	0.316582	344
AUFNIRA_nasa__cl5_nebula_norm_0067.fof.smt2	3	M	0.332796	344
NRA_20220222-cut-three-circles__cut-out-1.smt2	3	B	0.01375	6
NRA_20220222-cut-three-circles__cut-out-1.smt2	3	C	0.011708	6
NRA_20220222-cut-three-circles__cut-out-1.smt2	3	M	0.009917	6
NRA_20220222-cut-three-circles__cut-out-1.smt2	3	A	0.01175	6
NRA_20220222-cut-three-circles__cut-out-2.smt2	3	C	0.022918	34
NRA_20220222-cut-three-circles__cut-out-2.smt2	3	M	0.02975	34
NRA_20220222-cut-three-circles__cut-out-2.smt2	3	A	0.022788	34
NRA_20220222-cut-three-circles__cut-out-2.smt2	3	B	0.032375	34
QF_NIA_20170427-VeryMax__From_AProVE_2014__MainCopy.jar-obl-10__p10363_edge_closing_0.smt2	3	M	0.060163	70
QF_NIA_20170427-VeryMax__From_AProVE_2014__MainCopy.jar-obl-10__p10363_edge_closing_0.smt2	3	A	0.045293	70
QF_NIA_20170427-VeryMax__From_AProVE_2014__MainCopy.jar-obl-10__p10363_edge_closing_0.smt2	3	B	0.056999	70
QF_NIA_20170427-VeryMax__From_AProVE_2014__MainCopy.jar-obl-10__p10363_edge_closing_0.smt2	3	C	0.044044	70
QF_NIA_20170427-VeryMax__From_AProVE_2014__Test7.jar-obl-11__p12895_safety_0.smt2	3	A	0.071918	145
QF_NIA_20170427-VeryMax__From_AProVE_2014__Test7.jar-obl-11__p12895_safety_0.smt2	3	B	0.104628	145
QF_NIA_20170427-VeryMax__From_AProVE_2014__Test7.jar-obl-11__p12895_safety_0.smt2	3	C	0.074206	145
QF_NIA_20170427-VeryMax__From_AProVE_2014__Test7.jar-obl-11__p12895_safety_0.smt2	3	M	0.120747	145
QF_NIA_20170427-VeryMax__From_AProVE_2014__Velroyen08-factorial.jar-obl-8__p13794_terminationG_0.smt2	3	B	0.146916	204
QF_NIA_20170427-VeryMax__From_AProVE_2014__Velroyen08-factorial.jar-obl-8__p13794_terminationG_0.smt2	3	C	0.117294	204
QF_NIA_20170427-VeryMax__From_AProVE_2014__Velroyen08-factorial.jar-obl-8__p13794_terminationG_0.smt2	3	M	0.141838	204
QF_NIA_20170427-VeryMax__From_AProVE_2014__Velroyen08-factorial.jar-obl-8__p13794_terminationG_0.smt2	3	A	0.104457	204
QF_NIA_20170427-VeryMax__From_AProVE_2014__juHashMapCreate.jar-obl-10__p5055_safety_0.smt2	3	C	0.511968	1195
QF_NIA_20170427-VeryMax__From_AProVE_2014__juHashMapCreate.jar-obl-10__p5055_safety_0.smt2	3	M	0.968217	1195
QF_NIA_20170427-VeryMax__From_AProVE_2014__juHashMapCreate.jar-obl-10__p5055_safety_0.smt2	3	A	0.502693	1195
QF_NIA_20170427-VeryMax__From_AProVE_2014__juHashMapCreate.jar-obl-10__p5055_safety_0.smt2	3	B	0.706588	1195
QF_NIA_20170427-VeryMax__From_AProVE_2014__juHashMapCreateClear.jar-obl-11__p30137_safety_0.smt2	3	M	0.066752	78
QF_NIA_20170427-VeryMax__From_AProVE_2014__juHashMapCreateClear.jar-obl-11__p30137_safety_0.smt2	3	A	0.038456	78
QF_NIA_20170427-VeryMax__From_AProVE_2014__juHashMapCreateClear.jar-obl-11__p30137_safety_0.smt2	3	B	0.057877	78
QF_NIA_20170427-VeryMax__From_AProVE_2014__juHashMapCreateClear.jar-obl-11__p30137_safety_0.smt2	3	C	0.044992	78
QF_NIA_20170427-VeryMax__From_AProVE_2014__juHashMapCreateContainsKey.jar-obl-11__p30854_safety_0.smt2	3	A	0.025876	26
QF_NIA_20170427-VeryMax__From_AProVE_2014__juHashMapCreateContainsKey.jar-obl-11__p30854_safety_0.smt2	3	B	0.0315	26
QF_NIA_20170427-VeryMax__From_AProVE_2014__juHashMapCreateContainsKey.jar-obl-11__p30854_safety_0.smt2	3	C	0.026626	26
QF_NIA_20170427-VeryMax__From_AProVE_2014__juHashMapCreateContainsKey.jar-obl-11__p30854_safety_0.smt2	3	M	0.025666	26
QF_NIA_20170427-VeryMax__From_AProVE_2014__juHashMapCreateContainsKey.jar-obl-11__p31075_safety_0.smt2	3	B	0.284376	368
QF_NIA_20170427-VeryMax__From_AProVE_2014__juHashMapCreateContainsKey.jar-obl-11__p31075_safety_0.smt2	3	C	0.213664	368
QF_NIA_20170427-VeryMax__From_AProVE_2014__juHashMapCreateContainsKey.jar-obl-11__p31075_safety_0.smt2	3	M	0.434378	368
QF_NIA_20170427-VeryMax__From_AProVE_2014__juHashMapCreateContainsKey.jar-obl-11__p31075_safety_0.smt2	3	A	0.220208	368
QF_NIA_20170427-VeryMax__From_AProVE_2014__juHashMapCreateContainsKey.jar-obl-11__p31778_safety_0.smt2	3	C	0.139123	254
QF_NIA_20170427-VeryMax__From_AProVE_2014__juHashMapCreateContainsKey.jar-obl-11__p31778_safety_0.smt2	3	M	0.376375	254
QF_NIA_20170427-VeryMax__From_AProVE_2014__juHashMapCreateContainsKey.jar-obl-11__p31778_safety_0.smt2	3	A	0.124831	254
QF_NIA_20170427-VeryMax__From_AProVE_2014__juHashMapCreateContainsKey.jar-obl-11__p31778_safety_0.smt2	3	B	0.176873	254
QF_NIA_20170427-VeryMax__From_AProVE_2014__juHashMapCreateContainsValue.jar-obl-11__p31970_safety_0.smt2	3	M	0.01454	10
QF_NIA_20170427-VeryMax__From_AProVE_2014__juHashMapCreateContainsValue.jar-obl-11__p31970_safety_0.smt2	3	A	0.01275	10
QF_NIA_20170427-VeryMax__From_AProVE_2014__juHashMapCreateContainsValue.jar-obl-11__p31970_safety_0.smt2	3	B	0.016376	10
QF_NIA_20170427-VeryMax__From_AProVE_2014__juHashMapCreateContainsValue.jar-obl-11__p31970_safety_0.smt2	3	C	0.013585	10
QF_NIA_20170427-VeryMax__From_AProVE_2014__juHashMapCreateContainsValue.jar-obl-11__p32093_safety_0.smt2	3	A	0.125708	220
QF_NIA_20170427-VeryMax__From_AProVE_2014__juHashMapCreateContainsValue.jar-obl-11__p32093_safety_0.smt2	3	B	0.183872	220
QF_NIA_20170427-VeryMax__From_AProVE_2014__juHashMapCreateContainsValue.jar-obl-11__p32093_safety_0.smt2	3	C	0.138041	220
QF_NIA_20170427-VeryMax__From_AProVE_2014__juHashMapCreateContainsValue.jar-obl-11__p32093_safety_0.smt2	3	M	0.239908	220
QF_NIA_20170427-VeryMax__From_AProVE_2014__juHashMapCreateIsEmpty.jar-obl-10__p1579_safety_0.smt2	3	B	0.956046	1388
QF_NIA_20170427-VeryMax__From_AProVE_2014__juHashMapCreateIsEmpty.jar-obl-10__p1579_safety_0.smt2	3	C	0.756558	1388
QF_NIA_20170427-VeryMax__From_AProVE_2014__juHashMapCreateIsEmpty.jar-obl-10__p1579_safety_0.smt2	3	M	1.48657	1388
QF_NIA_20170427-VeryMax__From_AProVE_2014__juHashMapCreateIsEmpty.jar-obl-10__p1579_safety_0.smt2	3	A	0.713458	1388
QF_NIA_20170427-VeryMax__From_AProVE_2014__juHashMapCreateIsEmpty.jar-obl-10__p1900_safety_0.smt2	3	C	0.154498	282
QF_NIA_20170427-VeryMax__From_AProVE_2014__juHashMapCreateIsEmpty.jar-obl-10__p1900_safety_0.smt2	3	M	0.24208	282
QF_NIA_20170427-VeryMax__From_AProVE_2014__juHashMapCreateIsEmpty.jar-obl-10__p1900_safety_0.smt2	3	A	0.153373	282
QF_NIA_20170427-VeryMax__From_AProVE_2014__juHashMapCreateIsEmpty.jar-obl-10__p1900_safety_0.smt2	3	B	0.201878	282
QF_NIA_20170427-VeryMax__From_AProVE_2014__juHashMapCreateIteratorEntryLoop.jar-obl-12__p3002_safety_0.smt2	3	M	0.224129	320
QF_NIA_20170427-VeryMax__From_AProVE_2014__juHashMapCreateIteratorEntryLoop.jar-obl-12__p3002_safety_0.smt2	3	A	0.117509	320
QF_NIA_20170427-VeryMax__From_AProVE_2014__juHashMapCreateIteratorEntryLoop.jar-obl-12__p3002_safety_0.smt2	3	B	0.201709	320
QF_NIA_20170427-VeryMax__From_AProVE_2014__juHashMapCreateIteratorEntryLoop.jar-obl-12__p3002_safety_0.smt2	3	C	0.131044	320
QF_NIA_20170427-VeryMax__From_AProVE_2014__juHashMapCreatePut.jar-obl-10__p5968_safety_0.smt2	3	A	0.022584	24
QF_NIA_20170427-VeryMax__From_AProVE_2014__juHashMapCreatePut.jar-obl-10__p5968_safety_0.smt2	3	B	0.025502	24
QF_NIA_20170427-VeryMax__From_AProVE_2014__juHashMapCreatePut.jar-obl-10__p5968_safety_0.smt2	3	C	0.023208	24
QF_NIA_20170427-VeryMax__From_AProVE_2014__juHashMapCreatePut.jar-obl-10__p5968_safety_0.smt2	3	M	0.027543	24
QF_NIA_20170427-VeryMax__From_AProVE_2014__juHashMapCreatePut.jar-obl-10__p6107_safety_0.smt2	3	B	1.66475	1806
QF_NIA_20170427-VeryMax__From_AProVE_2014__juHashMapCreatePut.jar-obl-10__p6107_safety_0.smt2	3	C	1.30492	1806
QF_NIA_20170427-VeryMax__From_AProVE_2014__juHashMapCreatePut.jar-obl-10__p6107_safety_0.smt2	3	M	2.08381	1806
QF_NIA_20170427-VeryMax__From_AProVE_2014__juHashMapCreatePut.jar-obl-10__p6107_safety_0.smt2	3	A	1.2886	1806
QF_NIA_20170427-VeryMax__From_AProVE_2014__juHashMapCreateSize.jar-obl-10__p7163_safety_0.smt2	3	C	0.491244	553
QF_NIA_20170427-VeryMax__From_AProVE_2014__juHashMapCreateSize.jar-obl-10__p7163_safety_0.smt2	3	M	0.614821	553
QF_NIA_20170427-VeryMax__From_AProVE_2014__juHashMapCreateSize.jar-obl-10__p7163_safety_0.smt2	3	A	0.476082	553
QF_NIA_20170427-VeryMax__From_AProVE_2014__juHashMapCreateSize.jar-obl-10__p7163_safety_0.smt2	3	B	0.581289	553
QF_NIA_20170427-VeryMax__From_AProVE_2014__juHashMapCreateSize.jar-obl-10__p7575_safety_0.smt2	3	M	6.45367	4476
QF_NIA_20170427-VeryMax__From_AProVE_2014__juHashMapCreateSize.jar-obl-10__p7575_safety_0.smt2	3	A	2.44941	4476
QF_NIA_20170427-VeryMax__From_AProVE_2014__juHashMapCreateSize.jar-obl-10__p7575_safety_0.smt2	3	B	3.16188	4476
QF_NIA_20170427-VeryMax__From_AProVE_2014__juHashMapCreateSize.jar-obl-10__p7575_safety_0.smt2	3	C	2.49008	4476
QF_NIA_20170427-VeryMax__From_AProVE_2014__juLinkedListCreateAddAllAt.jar-obl-17__p8067_safety_0.smt2	3	A	0.015874	34
QF_NIA_20170427-VeryMax__From_AProVE_2014__juLinkedListCreateAddAllAt.jar-obl-17__p8067_safety_0.smt2	3	B	0.025667	34
QF_NIA_20170427-VeryMax__From_AProVE_2014__juLinkedListCreateAddAllAt.jar-obl-17__p8067_safety_0.smt2	3	C	0.018706	34
QF_NIA_20170427-VeryMax__From_AProVE_2014__juLinkedListCreateAddAllAt.jar-obl-17__p8067_safety_0.smt2	3	M	0.027128	34
QF_NIA_20170427-VeryMax__From_AProVE_2014__juLinkedListCreateAddAllAt.jar-obl-17__p8387_safety_0.smt2	3	B	0.008875	4
QF_NIA_20170427-VeryMax__From_AProVE_2014__juLinkedListCreateAddAllAt.jar-obl-17__p8387_safety_0.smt2	3	C	0.007417	4
QF_NIA_20170427-VeryMax__From_AProVE_2014__juLinkedListCreateAddAllAt.jar-obl-17__p8387_safety_0.smt2	3	M	0.007875	4
QF_NIA_20170427-VeryMax__From_AProVE_2014__juLinkedListCreateAddAllAt.jar-obl-17__p8387_safety_0.smt2	3	A	0.007209	4
QF_NIA_20170427-VeryMax__From_T2__afagp-fail.t2__p15460_terminationG_0.smt2	3	C	0.052004	83
QF_NIA_20170427-VeryMax__From_T2__afagp-fail.t2__p15460_terminationG_0.smt2	3	M	0.068202	83
QF_NIA_20170427-VeryMax__From_T2__afagp-fail.t2__p15460_terminationG_0.smt2	3	A	0.045504	83
QF_NIA_20170427-VeryMax__From_T2__afagp-fail.t2__p15460_terminationG_0.smt2	3	B	0.065336	83
QF_NIA_20170427-VeryMax__From_T2__compress.t2__p17866_terminationG_0.smt2	3	M	0.24433	345
QF_NIA_20170427-VeryMax__From_T2__compress.t2__p17866_terminationG_0.smt2	3	A	0.165919	345
QF_NIA_20170427-VeryMax__From_T2__compress.t2__p17866_terminationG_0.smt2	3	B	0.219329	345
QF_NIA_20170427-VeryMax__From_T2__compress.t2__p17866_terminationG_0.smt2	3	C	0.181173	345
QF_NIA_20170427-VeryMax__From_T2__consts3nt.t2_fixed__p18148_terminationG_0.smt2	3	A	0.01025	2
QF_NIA_20170427-VeryMax__From_T2__consts3nt.t2_fixed__p18148_terminationG_0.smt2	3	B	0.011083	2
QF_NIA_20170427-VeryMax__From_T2__consts3nt.t2_fixed__p18148_terminationG_0.smt2	3	C	0.010875	2
QF_NIA_20170427-VeryMax__From_T2__consts3nt.t2_fixed__p18148_terminationG_0.smt2	3	M	0.006833	2
QF_NIA_20170427-VeryMax__From_T2__edn.t2__p20109_safety_0.smt2	3	B	0.130413	174
QF_NIA_20170427-VeryMax__From_T2__edn.t2__p20109_safety_0.smt2	3	C	0.102799	174
QF_NIA_20170427-VeryMax__From_T2__edn.t2__p20109_safety_0.smt2	3	M	0.134499	174
QF_NIA_20170427-VeryMax__From_T2__edn.t2__p20109_safety_0.smt2	3	A	0.094875	174
QF_NIA_20170427-VeryMax__From_T2__edn.t2__p20654_safety_0.smt2	3	C	1.54276	2174
QF_NIA_20170427-VeryMax__From_T2__edn.t2__p20654_safety_0.smt2	3	M	1.50164	2174
QF_NIA_20170427-VeryMax__From_T2__edn.t2__p20654_safety_0.smt2	3	A	1.47164	2174
QF_NIA_20170427-VeryMax__From_T2__edn.t2__p20654_safety_0.smt2	3	B	1.8052	2174
QF_NIA_20170427-VeryMax__From_T2__edn.t2__p20682_safety_0.smt2	3	M	0.679795	887
QF_NIA_20170427-VeryMax__From_T2__edn.t2__p20682_safety_0.smt2	3	A	0.49659	887
QF_NIA_20170427-VeryMax__From_T2__edn.t2__p20682_safety_0.smt2	3	B	0.671584	887
QF_NIA_20170427-VeryMax__From_T2__edn.t2__p20682_safety_0.smt2	3	C	0.521068	887
QF_NIA_20170427-VeryMax__From_T2__ex36.t2__p29288_safety_0.smt2	3	A	1.05033	1863
QF_NIA_20170427-VeryMax__From_T2__ex36.t2__p29288_safety_0.smt2	3	B	1.36166	1863
QF_NIA_20170427-VeryMax__From_T2__ex36.t2__p29288_safety_0.smt2	3	C	1.0946	1863
QF_NIA_20170427-VeryMax__From_T2__ex36.t2__p29288_safety_0.smt2	3	M	1.42404	1863
QF_NIA_20170427-VeryMax__From_T2__foo.t2__terminationS_23_0.smt2	3	B	0.015708	10
QF_NIA_20170427-VeryMax__From_T2__foo.t2__terminationS_23_0.smt2	3	C	0.013293	10
QF_NIA_20170427-VeryMax__From_T2__foo.t2__terminationS_23_0.smt2	3	M	0.013252	10
QF_NIA_20170427-VeryMax__From_T2__foo.t2__terminationS_23_0.smt2	3	A	0.013126	10
QF_NIA_20170427-VeryMax__From_T2__fun9.t2__p1256_edge_closing_0.smt2	3	C	0.215798	526
QF_NIA_20170427-VeryMax__From_T2__fun9.t2__p1256_edge_closing_0.smt2	3	M	0.300831	526
QF_NIA_20170427-VeryMax__From_T2__fun9.t2__p1256_edge_closing_0.smt2	3	A	0.199538	526
QF_NIA_20170427-VeryMax__From_T2__fun9.t2__p1256_edge_closing_0.smt2	3	B	0.276041	526
QF_NIA_20170427-VeryMax__From_T2__fun9.t2__p1366_edge_closing_0.smt2	3	M	0.048213	42
QF_NIA_20170427-VeryMax__From_T2__fun9.t2__p1366_edge_closing_0.smt2	3	A	0.026292	42
QF_NIA_20170427-VeryMax__From_T2__fun9.t2__p1366_edge_closing_0.smt2	3	B	0.042793	42
QF_NIA_20170427-VeryMax__From_T2__fun9.t2__p1366_edge_closing_0.smt2	3	C	0.030042	42
QF_NIA_20170427-VeryMax__From_T2__hqr.c.i.hqr.pl.t2.nor.t2.rlgfixed.t2_fixed__terminationS_49_0.smt2	3	A	0.0105	2
QF_NIA_20170427-VeryMax__From_T2__hqr.c.i.hqr.pl.t2.nor.t2.rlgfixed.t2_fixed__terminationS_49_0.smt2	3	B	0.011458	2
QF_NIA_20170427-VeryMax__From_T2__hqr.c.i.hqr.pl.t2.nor.t2.rlgfixed.t2_fixed__terminationS_49_0.smt2	3	C	0.020292	2
QF_NIA_20170427-VeryMax__From_T2__hqr.c.i.hqr.pl.t2.nor.t2.rlgfixed.t2_fixed__terminationS_49_0.smt2	3	M	0.006792	2
QF_NIA_20170427-VeryMax__From_T2__hqr.c.i.hqr.pl.t2.nor.t2.rlgfixed.t2_fixed__terminationS_61_0.smt2	3	B	0.057044	64
QF_NIA_20170427-VeryMax__From_T2__hqr.c.i.hqr.pl.t2.nor.t2.rlgfixed.t2_fixed__terminationS_61_0.smt2	3	C	0.045125	64
QF_NIA_20170427-VeryMax__From_T2__hqr.c.i.hqr.pl.t2.nor.t2.rlgfixed.t2_fixed__terminationS_61_0.smt2	3	M	0.058332	64
QF_NIA_20170427-VeryMax__From_T2__hqr.c.i.hqr.pl.t2.nor.t2.rlgfixed.t2_fixed__terminationS_61_0.smt2	3	A	0.040917	64
QF_NIA_20170427-VeryMax__From_T2__janne_complex.t2__p2259_terminationG_0.smt2	3	C	0.027207	30
QF_NIA_20170427-VeryMax__From_T2__janne_complex.t2__p2259_terminationG_0.smt2	3	M	0.038499	30
QF_NIA_20170427-VeryMax__From_T2__janne_complex.t2__p2259_terminationG_0.smt2	3	A	0.022501	30
QF_NIA_20170427-VeryMax__From_T2__janne_complex.t2__p2259_terminationG_0.smt2	3	B	0.034335	30
QF_NIA_20170427-VeryMax__From_T2__matmul.t2__p2657_terminationG_0.smt2	3	M	0.037375	38
QF_NIA_20170427-VeryMax__From_T2__matmul.t2__p2657_terminationG_0.smt2	3	A	0.027459	38
QF_NIA_20170427-VeryMax__From_T2__matmul.t2__p2657_terminationG_0.smt2	3	B	0.034253	38
QF_NIA_20170427-VeryMax__From_T2__matmul.t2__p2657_terminationG_0.smt2	3	C	0.025667	38
QF_NIA_20170427-VeryMax__From_T2__n-7.t2_fixed__p4908_terminationG_0.smt2	3	A	0.030791	14
QF_NIA_20170427-VeryMax__From_T2__n-7.t2_fixed__p4908_terminationG_0.smt2	3	B	0.034125	14
QF_NIA_20170427-VeryMax__From_T2__n-7.t2_fixed__p4908_terminationG_0.smt2	3	C	0.030457	14
QF_NIA_20170427-VeryMax__From_T2__n-7.t2_fixed__p4908_terminationG_0.smt2	3	M	0.02575	14
QF_NIA_20170427-VeryMax__From_T2__s1-striped.t2__p12567_safety_0.smt2	3	B	0.017958	8
QF_NIA_20170427-VeryMax__From_T2__s1-striped.t2__p12567_safety_0.smt2	3	C	0.015875	8
QF_NIA_20170427-VeryMax__From_T2__s1-striped.t2__p12567_safety_0.smt2	3	M	0.014918	8
QF_NIA_20170427-VeryMax__From_T2__s1-striped.t2__p12567_safety_0.smt2	3	A	0.014708	8
QF_NIA_20170427-VeryMax__From_T2__s1-striped.t2__p13166_safety_0.smt2	3	C	0.012457	8
QF_NIA_20170427-VeryMax__From_T2__s1-striped.t2__p13166_safety_0.smt2	3	M	0.012417	8
QF_NIA_20170427-VeryMax__From_T2__s1-striped.t2__p13166_safety_0.smt2	3	A	0.012584	8
QF_NIA_20170427-VeryMax__From_T2__s1-striped.t2__p13166_safety_0.smt2	3	B	0.015375	8
QF_NIA_20170427-VeryMax__From_T2__s1-striped.t2__p13877_safety_0.smt2	3	M	0.011874	2
QF_NIA_20170427-VeryMax__From_T2__s1-striped.t2__p13877_safety_0.smt2	3	A	0.007333	2
QF_NIA_20170427-VeryMax__From_T2__s1-striped.t2__p13877_safety_0.smt2	3	B	0.010041	2
QF_NIA_20170427-VeryMax__From_T2__s1-striped.t2__p13877_safety_0.smt2	3	C	0.007833	2
QF_NIA_20170427-VeryMax__From_T2__s1.t2_fixed__p16651_safety_0.smt2	3	A	0.006125	2
QF_NIA_20170427-VeryMax__From_T2__s1.t2_fixed__p16651_safety_0.smt2	3	B	0.007	2
QF_NIA_20170427-VeryMax__From_T2__s1.t2_fixed__p16651_safety_0.smt2	3	C	0.0065	2
QF_NIA_20170427-VeryMax__From_T2__s1.t2_fixed__p16651_safety_0.smt2	3	M	0.006292	2
QF_NIA_20170427-VeryMax__From_T2__s1.t2_fixed__p17151_safety_0.smt2	3	B	1.30152	1587
QF_NIA_20170427-VeryMax__From_T2__s1.t2_fixed__p17151_safety_0.smt2	3	C	1.06809	1587
QF_NIA_20170427-VeryMax__From_T2__s1.t2_fixed__p17151_safety_0.smt2	3	M	1.36171	1587
QF_NIA_20170427-VeryMax__From_T2__s1.t2_fixed__p17151_safety_0.smt2	3	A	1.01296	1587
QF_NIA_20170427-VeryMax__From_T2__slayer-3-filtered.t2__p21681_safety_0.smt2	3	C	1.69378	2935
QF_NIA_20170427-VeryMax__From_T2__slayer-3-filtered.t2__p21681_safety_0.smt2	3	M	1.95481	2935
QF_NIA_20170427-VeryMax__From_T2__slayer-3-filtered.t2__p21681_safety_0.smt2	3	A	1.65924	2935
QF_NIA_20170427-VeryMax__From_T2__slayer-3-filtered.t2__p21681_safety_0.smt2	3	B	2.16862	2935
QF_NIA_20170427-VeryMax__From_T2__slayer-3-filtered.t2__p21744_safety_0.smt2	3	M	0.094922	107
QF_NIA_20170427-VeryMax__From_T2__slayer-3-filtered.t2__p21744_safety_0.smt2	3	A	0.087372	107
QF_NIA_20170427-VeryMax__From_T2__slayer-3-filtered.t2__p21744_safety_0.smt2	3	B	0.112586	107
QF_NIA_20170427-VeryMax__From_T2__slayer-3-filtered.t2__p21744_safety_0.smt2	3	C	0.096874	107
QF_NIA_20170427-VeryMax__From_T2__slayer-3-new.t2_fixed__p21823_safety_0.smt2	3	A	0.018332	14
QF_NIA_20170427-VeryMax__From_T2__slayer-3-new.t2_fixed__p21823_safety_0.smt2	3	B	0.022918	14
QF_NIA_20170427-VeryMax__From_T2__slayer-3-new.t2_fixed__p21823_safety_0.smt2	3	C	0.018211	14
QF_NIA_20170427-VeryMax__From_T2__slayer-3-new.t2_fixed__p21823_safety_0.smt2	3	M	0.023085	14
QF_NIA_20170427-VeryMax__From_T2__slayer-n5-filtered.t2__p23330_terminationG_0.smt2	3	B	0.013084	4
QF_NIA_20170427-VeryMax__From_T2__slayer-n5-filtered.t2__p23330_terminationG_0.smt2	3	C	0.01075	4
QF_NIA_20170427-VeryMax__From_T2__slayer-n5-filtered.t2__p23330_terminationG_0.smt2	3	M	0.008333	4
QF_NIA_20170427-VeryMax__From_T2__slayer-n5-filtered.t2__p23330_terminationG_0.smt2	3	A	0.010541	4
QF_NIA_20170427-VeryMax__From_T2__slayer-n5-filtered.t2__p23398_safety_0.smt2	3	C	0.335256	727
QF_NIA_20170427-VeryMax__From_T2__slayer-n5-filtered.t2__p23398_safety_0.smt2	3	M	0.468823	727
QF_NIA_20170427-VeryMax__From_T2__slayer-n5-filtered.t2__p23398_safety_0.smt2	3	A	0.310076	727
QF_NIA_20170427-VeryMax__From_T2__slayer-n5-filtered.t2__p23398_safety_0.smt2	3	B	0.429763	727
QF_NIA_20170427-VeryMax__From_T2__svdcmp.t2_fixed__term_unfeasibility_11_0.smt2	3	M	0.020083	20
QF_NIA_20170427-VeryMax__From_T2__svdcmp.t2_fixed__term_unfeasibility_11_0.smt2	3	A	0.020208	20
QF_NIA_20170427-VeryMax__From_T2__svdcmp.t2_fixed__term_unfeasibility_11_0.smt2	3	B	0.024543	20
QF_NIA_20170427-VeryMax__From_T2__svdcmp.t2_fixed__term_unfeasibility_11_0.smt2	3	C	0.020209	20
QF_NIA_20170427-VeryMax__From_T2__zlib-adler32.c.t2__p25934_safety_0.smt2	3	A	0.022834	28
QF_NIA_20170427-VeryMax__From_T2__zlib-adler32.c.t2__p25934_safety_0.smt2	3	B	0.031167	28
QF_NIA_20170427-VeryMax__From_T2__zlib-adler32.c.t2__p25934_safety_0.smt2	3	C	0.02521	28
QF_NIA_20170427-VeryMax__From_T2__zlib-adler32.c.t2__p25934_safety_0.smt2	3	M	0.031996	28
QF_NIA_20170427-VeryMax__Stroeder_15__4NestedWith3Variables_true-termination.c__p20203_terminationG_0.smt2	3	B	2.22228	2258
QF_NIA_20170427-VeryMax__Stroeder_15__4NestedWith3Variables_true-termination.c__p20203_terminationG_0.smt2	3	C	1.91066	2258
QF_NIA_20170427-VeryMax__Stroeder_15__4NestedWith3Variables_true-termination.c__p20203_terminationG_0.smt2	3	M	1.72457	2258
QF_NIA_20170427-VeryMax__Stroeder_15__4NestedWith3Variables_true-termination.c__p20203_terminationG_0.smt2	3	A	1.82212	2258
QF_NIA_20170427-VeryMax__Stroeder_15__GulwaniJainKoskinen-PLDI2009-Fig1_true-termination.c__p23679_edge_closing_0.smt2	3	C	0.06879	20
QF_NIA_20170427-VeryMax__Stroeder_15__GulwaniJainKoskinen-PLDI2009-Fig1_true-termination.c__p23679_edge_closing_0.smt2	3	M	0.043709	20
QF_NIA_20170427-VeryMax__Stroeder_15__GulwaniJainKoskinen-PLDI2009-Fig1_true-termination.c__p23679_edge_closing_0.smt2	3	A	0.068167	20
QF_NIA_20170427-VeryMax__Stroeder_15__GulwaniJainKoskinen-PLDI2009-Fig1_true-termination.c__p23679_edge_closing_0.smt2	3	B	0.074666	20
QF_NIA_20170427-VeryMax__Stroeder_15__GulwaniJainKoskinen-PLDI2009-Fig1_true-termination.c__p23704_edge_closing_0.smt2	3	M	0.0105	2
QF_NIA_20170427-VeryMax__Stroeder_15__GulwaniJainKoskinen-PLDI2009-Fig1_true-termination.c__p23704_edge_closing_0.smt2	3	A	0.009958	2
QF_NIA_20170427-VeryMax__Stroeder_15__GulwaniJainKoskinen-PLDI2009-Fig1_true-termination.c__p23704_edge_closing_0.smt2	3	B	0.011875	2
QF_NIA_20170427-VeryMax__Stroeder_15__GulwaniJainKoskinen-PLDI2009-Fig1_true-termination.c__p23704_edge_closing_0.smt2	3	C	0.009167	2
QF_NIA_20170427-VeryMax__Stroeder_15__svcomp_ex2.c__p25876_terminationG_0.smt2	3	A	0.010958	2
QF_NIA_20170427-VeryMax__Stroeder_15__svcomp_ex2.c__p25876_terminationG_0.smt2	3	B	0.012	2
QF_NIA_20170427-VeryMax__Stroeder_15__svcomp_ex2.c__p25876_terminationG_0.smt2	3	C	0.010792	2
QF_NIA_20170427-VeryMax__Stroeder_15__svcomp_ex2.c__p25876_terminationG_0.smt2	3	M	0.008124	2
QF_NIA_20170427-VeryMax__Stroeder_15__svcomp_ex2.c__p25913_terminationG_0.smt2	3	B	0.330257	523
QF_NIA_20170427-VeryMax__Stroeder_15__svcomp_ex2.c__p25913_terminationG_0.smt2	3	C	0.250169	523
QF_NIA_20170427-VeryMax__Stroeder_15__svcomp_ex2.c__p25913_terminationG_0.smt2	3	M	0.372015	523
QF_NIA_20170427-VeryMax__Stroeder_15__svcomp_ex2.c__p25913_terminationG_0.smt2	3	A	0.246752	523
QF_NIA_20210219-Dartagnan__lcm2_unwindbound10-O0.smt2	3	C	0.006541	2
QF_NIA_20210219-Dartagnan__lcm2_unwindbound10-O0.smt2	3	M	0.005833	2
QF_NIA_20210219-Dartagnan__lcm2_unwindbound10-O0.smt2	3	A	0.006417	2
QF_NIA_20210219-Dartagnan__lcm2_unwindbound10-O0.smt2	3	B	0.007167	2
QF_NIA_20220315-MathProblems__MS_07.smt2	3	M	1.95374	3518
QF_NIA_20220315-MathProblems__MS_07.smt2	3	A	0.913327	3518
QF_NIA_20220315-MathProblems__MS_07.smt2	3	B	1.54326	3518
QF_NIA_20220315-MathProblems__MS_07.smt2	3	C	1.00455	3518
QF_NIA_20220315-MathProblems__SF_11.smt2	3	A	0.013417	3
QF_NIA_20220315-MathProblems__SF_11.smt2	3	B	0.015917	3
QF_NIA_20220315-MathProblems__SF_11.smt2	3	C	0.012917	3
QF_NIA_20220315-MathProblems__SF_11.smt2	3	M	0.0115	3
QF_NIA_20220315-MathProblems__STC_0030.smt2	3	B	7.50912	9772
QF_NIA_20220315-MathProblems__STC_0030.smt2	3	C	5.1268	9772
QF_NIA_20220315-MathProblems__STC_0030.smt2	3	M	8.1662	9772
QF_NIA_20220315-MathProblems__STC_0030.smt2	3	A	4.93274	9772
QF_NIA_20220315-MathProblems__STC_0148.smt2	3	C	4.87011	9264
QF_NIA_20220315-MathProblems__STC_0148.smt2	3	M	7.93275	9264
QF_NIA_20220315-MathProblems__STC_0148.smt2	3	A	4.69697	9264
QF_NIA_20220315-MathProblems__STC_0148.smt2	3	B	7.15041	9264
QF_NIA_20220315-MathProblems__STC_0157.smt2	3	M	10.6705	12123
QF_NIA_20220315-MathProblems__STC_0157.smt2	3	A	5.99948	12123
QF_NIA_20220315-MathProblems__STC_0157.smt2	3	B	10.031	12123
QF_NIA_20220315-MathProblems__STC_0157.smt2	3	C	6.2963	12123
QF_NIA_20220315-MathProblems__STC_0173.smt2	3	A	5.92728	11212
QF_NIA_20220315-MathProblems__STC_0173.smt2	3	B	8.74523	11212
QF_NIA_20220315-MathProblems__STC_0173.smt2	3	C	5.91397	11212
QF_NIA_20220315-MathProblems__STC_0173.smt2	3	M	9.62662	11212
QF_NIA_20220315-MathProblems__STC_0176.smt2	3	B	8.07723	10116
QF_NIA_20220315-MathProblems__STC_0176.smt2	3	C	5.87005	10116
QF_NIA_20220315-MathProblems__STC_0176.smt2	3	M	8.76661	10116
QF_NIA_20220315-MathProblems__STC_0176.smt2	3	A	4.96759	10116
QF_NIA_20220315-MathProblems__STC_0183.smt2	3	C	5.21902	10134
QF_NIA_20220315-MathProblems__STC_0183.smt2	3	M	8.57384	10134
QF_NIA_20220315-MathProblems__STC_0183.smt2	3	A	5.23277	10134
QF_NIA_20220315-MathProblems__STC_0183.smt2	3	B	9.24922	10134
QF_NIA_20220315-MathProblems__STC_0187.smt2	3	M	9.06643	10563
QF_NIA_20220315-MathProblems__STC_0187.smt2	3	A	5.16758	10563
QF_NIA_20220315-MathProblems__STC_0187.smt2	3	B	8.2824	10563
QF_NIA_20220315-MathProblems__STC_0187.smt2	3	C	5.93803	10563
QF_NIA_20220315-MathProblems__STC_0189.smt2	3	A	0.009207	5
QF_NIA_20220315-MathProblems__STC_0189.smt2	3	B	0.012874	5
QF_NIA_20220315-MathProblems__STC_0189.smt2	3	C	0.009916	5
QF_NIA_20220315-MathProblems__STC_0189.smt2	3	M	0.018501	5
QF_NIA_20220315-MathProblems__STC_0205.smt2	3	B	0.428216	454
QF_NIA_20220315-MathProblems__STC_0205.smt2	3	C	0.278874	454
QF_NIA_20220315-MathProblems__STC_0205.smt2	3	M	0.529109	454
QF_NIA_20220315-MathProblems__STC_0205.smt2	3	A	0.253325	454
QF_NIA_20220315-MathProblems__STC_0340.smt2	3	C	0.335384	560
QF_NIA_20220315-MathProblems__STC_0340.smt2	3	M	0.660332	560
QF_NIA_20220315-MathProblems__STC_0340.smt2	3	A	0.318338	560
QF_NIA_20220315-MathProblems__STC_0340.smt2	3	B	0.555111	560
QF_NIA_20220315-MathProblems__STC_0385.smt2	3	M	0.527213	457
QF_NIA_20220315-MathProblems__STC_0385.smt2	3	A	0.244623	457
QF_NIA_20220315-MathProblems__STC_0385.smt2	3	B	0.430375	457
QF_NIA_20220315-MathProblems__STC_0385.smt2	3	C	0.277369	457
QF_NIA_20220315-MathProblems__STC_0388.smt2	3	A	0.354429	663
QF_NIA_20220315-MathProblems__STC_0388.smt2	3	B	0.579168	663
QF_NIA_20220315-MathProblems__STC_0388.smt2	3	C	0.382924	663
QF_NIA_20220315-MathProblems__STC_0388.smt2	3	M	0.703809	663
QF_NIA_20220315-MathProblems__STC_0456.smt2	3	B	0.476449	518
QF_NIA_20220315-MathProblems__STC_0456.smt2	3	C	0.30542	518
QF_NIA_20220315-MathProblems__STC_0456.smt2	3	M	0.581906	518
QF_NIA_20220315-MathProblems__STC_0456.smt2	3	A	0.309673	518
QF_NIA_20220315-MathProblems__STC_0493.smt2	3	C	0.344047	574
QF_NIA_20220315-MathProblems__STC_0493.smt2	3	M	0.658121	574
QF_NIA_20220315-MathProblems__STC_0493.smt2	3	A	0.311213	574
QF_NIA_20220315-MathProblems__STC_0493.smt2	3	B	0.536362	574
QF_NIA_20220315-MathProblems__STC_0541.smt2	3	M	0.662541	587
QF_NIA_20220315-MathProblems__STC_0541.smt2	3	A	0.314712	587
QF_NIA_20220315-MathProblems__STC_0541.smt2	3	B	0.519368	587
QF_NIA_20220315-MathProblems__STC_0541.smt2	3	C	0.349675	587
QF_NIA_20220315-MathProblems__STC_0563.smt2	3	A	6.83292	13992
QF_NIA_20220315-MathProblems__STC_0563.smt2	3	B	10.5315	13992
QF_NIA_20220315-MathProblems__STC_0563.smt2	3	C	7.93659	13992
QF_NIA_20220315-MathProblems__STC_0563.smt2	3	M	11.9813	13992
QF_NIA_20220315-MathProblems__STC_0584.smt2	3	B	0.485095	563
QF_NIA_20220315-MathProblems__STC_0584.smt2	3	C	0.316457	563
QF_NIA_20220315-MathProblems__STC_0584.smt2	3	M	0.573646	563
QF_NIA_20220315-MathProblems__STC_0584.smt2	3	A	0.298166	563
QF_NIA_20220315-MathProblems__STC_0609.smt2	3	C	0.965929	1737
QF_NIA_20220315-MathProblems__STC_0609.smt2	3	M	2.28905	1737
QF_NIA_20220315-MathProblems__STC_0609.smt2	3	A	0.849849	1737
QF_NIA_20220315-MathProblems__STC_0609.smt2	3	B	1.52364	1737
QF_NIA_20220315-MathProblems__STC_0629.smt2	3	M	0.504424	472
QF_NIA_20220315-MathProblems__STC_0629.smt2	3	A	0.253156	472
QF_NIA_20220315-MathProblems__STC_0629.smt2	3	B	0.420205	472
QF_NIA_20220315-MathProblems__STC_0629.smt2	3	C	0.287578	472
QF_NIA_20220315-MathProblems__STC_0650.smt2	3	A	5.47956	10714
QF_NIA_20220315-MathProblems__STC_0650.smt2	3	B	8.33847	10714
QF_NIA_20220315-MathProblems__STC_0650.smt2	3	C	5.67461	10714
QF_NIA_20220315-MathProblems__STC_0650.smt2	3	M	9.03406	10714
QF_NIA_20220315-MathProblems__STC_0693.smt2	3	B	7.56086	9612
QF_NIA_20220315-MathProblems__STC_0693.smt2	3	C	5.11467	9612
QF_NIA_20220315-MathProblems__STC_0693.smt2	3	M	8.2418	9612
QF_NIA_20220315-MathProblems__STC_0693.smt2	3	A	4.93899	9612
QF_NIA_20220315-MathProblems__STC_0707.smt2	3	C	5.2728	9587
QF_NIA_20220315-MathProblems__STC_0707.smt2	3	M	8.28653	9587
QF_NIA_20220315-MathProblems__STC_0707.smt2	3	A	4.63409	9587
QF_NIA_20220315-MathProblems__STC_0707.smt2	3	B	7.55076	9587
QF_NIA_20220315-MathProblems__STC_0739.smt2	3	M	0.46999	433
QF_NIA_20220315-MathProblems__STC_0739.smt2	3	A	0.230867	433
QF_NIA_20220315-MathProblems__STC_0739.smt2	3	B	0.384013	433
QF_NIA_20220315-MathProblems__STC_0739.smt2	3	C	0.245996	433
QF_NIA_20220315-MathProblems__STC_0755.smt2	3	A	0.314576	598
QF_NIA_20220315-MathProblems__STC_0755.smt2	3	B	0.540526	598
QF_NIA_20220315-MathProblems__STC_0755.smt2	3	C	0.35672	598
QF_NIA_20220315-MathProblems__STC_0755.smt2	3	M	0.696525	598
QF_NIA_20220315-MathProblems__STC_0770.smt2	3	B	8.31847	10729
QF_NIA_20220315-MathProblems__STC_0770.smt2	3	C	5.7828	10729
QF_NIA_20220315-MathProblems__STC_0770.smt2	3	M	8.98168	10729
QF_NIA_20220315-MathProblems__STC_0770.smt2	3	A	5.33643	10729
QF_NIA_20220315-MathProblems__STC_0903.smt2	3	C	4.80218	8955
QF_NIA_20220315-MathProblems__STC_0903.smt2	3	M	7.54244	8955
QF_NIA_20220315-MathProblems__STC_0903.smt2	3	A	4.43665	8955
QF_NIA_20220315-MathProblems__STC_0903.smt2	3	B	7.00034	8955
QF_NIA_20220315-MathProblems__STC_0959.smt2	3	M	9.10038	10640
QF_NIA_20220315-MathProblems__STC_0959.smt2	3	A	5.86654	10640
QF_NIA_20220315-MathProblems__STC_0959.smt2	3	B	8.29678	10640
QF_NIA_20220315-MathProblems__STC_0959.smt2	3	C	6.01799	10640
QF_NIA_20220315-MathProblems__STC_1000.smt2	3	A	0.007126	2
QF_NIA_20220315-MathProblems__STC_1000.smt2	3	B	0.009	2
QF_NIA_20220315-MathProblems__STC_1000.smt2	3	C	0.007125	2
QF_NIA_20220315-MathProblems__STC_1000.smt2	3	M	0.009125	2
QF_NIA_20230321-UltimateAutomizerSvcomp2023__egcd.c_1.smt2	3	B	0.033625	13
QF_NIA_20230321-UltimateAutomizerSvcomp2023__egcd.c_1.smt2	3	C	0.027875	13
QF_NIA_20230321-UltimateAutomizerSvcomp2023__egcd.c_1.smt2	3	M	0.019707	13
QF_NIA_20230321-UltimateAutomizerSvcomp2023__egcd.c_1.smt2	3	A	0.028293	13
QF_NIA_20230321-UltimateAutomizerSvcomp2023__ps5-ll.c_10.smt2	3	C	2.8487	1869
QF_NIA_20230321-UltimateAutomizerSvcomp2023__ps5-ll.c_10.smt2	3	M	2.1837	1869
QF_NIA_20230321-UltimateAutomizerSvcomp2023__ps5-ll.c_10.smt2	3	A	2.73047	1869
QF_NIA_20230321-UltimateAutomizerSvcomp2023__ps5-ll.c_10.smt2	3	B	3.55764	1869
QF_NIA_20230321-UltimateAutomizerSvcomp2023__ps6.c_0.smt2	3	M	2.18819	2514
QF_NIA_20230321-UltimateAutomizerSvcomp2023__ps6.c_0.smt2	3	A	2.40441	2514
QF_NIA_20230321-UltimateAutomizerSvcomp2023__ps6.c_0.smt2	3	B	2.92136	2514
QF_NIA_20230321-UltimateAutomizerSvcomp2023__ps6.c_0.smt2	3	C	2.48308	2514
QF_NIA_20230321-UltimateAutomizerSvcomp2023__ps6.c_11.smt2	3	A	1.55752	1547
QF_NIA_20230321-UltimateAutomizerSvcomp2023__ps6.c_11.smt2	3	B	1.883	1547
QF_NIA_20230321-UltimateAutomizerSvcomp2023__ps6.c_11.smt2	3	C	1.60503	1547
QF_NIA_20230321-UltimateAutomizerSvcomp2023__ps6.c_11.smt2	3	M	1.31421	1547
QF_NIA_20230321-UltimateAutomizerSvcomp2023__ps6.c_13.smt2	3	B	4.97557	4633
QF_NIA_20230321-UltimateAutomizerSvcomp2023__ps6.c_13.smt2	3	C	4.1597	4633
QF_NIA_20230321-UltimateAutomizerSvcomp2023__ps6.c_13.smt2	3	M	3.4512	4633
QF_NIA_20230321-UltimateAutomizerSvcomp2023__ps6.c_13.smt2	3	A	4.00473	4633
QF_NIA_20230328-sqrtmodinv-hoenicke__modInv16.smt2	3	C	17.4304	6905
QF_NIA_20230328-sqrtmodinv-hoenicke__modInv16.smt2	3	M	10.9659	6905
QF_NIA_20230328-sqrtmodinv-hoenicke__modInv16.smt2	3	A	16.9999	6905
QF_NIA_20230328-sqrtmodinv-hoenicke__modInv16.smt2	3	B	18.4785	6905
QF_NIA_20230328-sqrtmodinv-hoenicke__modInv32.smt2	3	M	0.036043	10
QF_NIA_20230328-sqrtmodinv-hoenicke__modInv32.smt2	3	A	0.061125	10
QF_NIA_20230328-sqrtmodinv-hoenicke__modInv32.smt2	3	B	0.078291	10
QF_NIA_20230328-sqrtmodinv-hoenicke__modInv32.smt2	3	C	0.060082	10
QF_NIA_20230328-sqrtmodinv-hoenicke__modInv8.smt2	3	A	23.2042	63091
QF_NIA_20230328-sqrtmodinv-hoenicke__modInv8.smt2	3	B	32.0096	63091
QF_NIA_20230328-sqrtmodinv-hoenicke__modInv8.smt2	3	C	24.9617	63091
QF_NIA_20230328-sqrtmodinv-hoenicke__modInv8.smt2	3	M	34.052	63091
QF_NIA_20230328-sqrtmodinv-hoenicke__modInvInitial.smt2	3	B	1.05451	2812
QF_NIA_20230328-sqrtmodinv-hoenicke__modInvInitial.smt2	3	C	0.736272	2812
QF_NIA_20230328-sqrtmodinv-hoenicke__modInvInitial.smt2	3	M	1.29953	2812
QF_NIA_20230328-sqrtmodinv-hoenicke__modInvInitial.smt2	3	A	0.654182	2812
QF_NIA_20230328-sqrtmodinv-hoenicke__modInvStep.smt2	3	C	17.9469	57748
QF_NIA_20230328-sqrtmodinv-hoenicke__modInvStep.smt2	3	M	28.001	57748
QF_NIA_20230328-sqrtmodinv-hoenicke__modInvStep.smt2	3	A	15.9841	57748
QF_NIA_20230328-sqrtmodinv-hoenicke__modInvStep.smt2	3	B	23.85	57748
QF_NIA_20230328-sqrtmodinv-hoenicke__modInvStepSimplified.smt2	3	M	1.25067	2830
QF_NIA_20230328-sqrtmodinv-hoenicke__modInvStepSimplified.smt2	3	A	0.66424	2830
QF_NIA_20230328-sqrtmodinv-hoenicke__modInvStepSimplified.smt2	3	B	1.06063	2830
QF_NIA_20230328-sqrtmodinv-hoenicke__modInvStepSimplified.smt2	3	C	0.71316	2830
QF_NIA_20230328-sqrtmodinv-hoenicke__modInvVar1.smt2	3	A	18.3604	71013
QF_NIA_20230328-sqrtmodinv-hoenicke__modInvVar1.smt2	3	B	29.8714	71013
QF_NIA_20230328-sqrtmodinv-hoenicke__modInvVar1.smt2	3	C	19.6961	71013
QF_NIA_20230328-sqrtmodinv-hoenicke__modInvVar1.smt2	3	M	37.3949	71013
QF_NIA_20230328-sqrtmodinv-hoenicke__modSimpleTest.smt2	3	B	0.012125	2
QF_NIA_20230328-sqrtmodinv-hoenicke__modSimpleTest.smt2	3	C	0.009542	2
QF_NIA_20230328-sqrtmodinv-hoenicke__modSimpleTest.smt2	3	M	0.006375	2
QF_NIA_20230328-sqrtmodinv-hoenicke__modSimpleTest.smt2	3	A	0.009708	2
QF_NIA_20230328-sqrtmodinv-hoenicke__sqrtStep1.smt2	3	C	0.114878	126
QF_NIA_20230328-sqrtmodinv-hoenicke__sqrtStep1.smt2	3	M	0.096582	126
QF_NIA_20230328-sqrtmodinv-hoenicke__sqrtStep1.smt2	3	A	0.103499	126
QF_NIA_20230328-sqrtmodinv-hoenicke__sqrtStep1.smt2	3	B	0.133248	126
QF_NIA_20230328-sqrtmodinv-hoenicke__sqrtStep1a.smt2	3	M	0.101544	126
QF_NIA_20230328-sqrtmodinv-hoenicke__sqrtStep1a.smt2	3	A	0.103249	126
QF_NIA_20230328-sqrtmodinv-hoenicke__sqrtStep1a.smt2	3	B	0.139749	126
QF_NIA_20230328-sqrtmodinv-hoenicke__sqrtStep1a.smt2	3	C	0.109749	126
QF_NIA_20230328-sqrtmodinv-hoenicke__sqrtStep2.smt2	3	A	0.044915	82
QF_NIA_20230328-sqrtmodinv-hoenicke__sqrtStep2.smt2	3	B	0.067916	82
QF_NIA_20230328-sqrtmodinv-hoenicke__sqrtStep2.smt2	3	C	0.052415	82
QF_NIA_20230328-sqrtmodinv-hoenicke__sqrtStep2.smt2	3	M	0.062709	82
QF_NIA_20230328-sqrtmodinv-hoenicke__sqrtStep2a.smt2	3	B	0.067541	82
QF_NIA_20230328-sqrtmodinv-hoenicke__sqrtStep2a.smt2	3	C	0.053875	82
QF_NIA_20230328-sqrtmodinv-hoenicke__sqrtStep2a.smt2	3	M	0.065876	82
QF_NIA_20230328-sqrtmodinv-hoenicke__sqrtStep2a.smt2	3	A	0.048165	82
QF_NIA_20230328-sqrtmodinv-hoenicke__sqrtStep3.smt2	3	C	0.066248	98
QF_NIA_20230328-sqrtmodinv-hoenicke__sqrtStep3.smt2	3	M	0.082915	98
QF_NIA_20230328-sqrtmodinv-hoenicke__sqrtStep3.smt2	3	A	0.059707	98
QF_NIA_20230328-sqrtmodinv-hoenicke__sqrtStep3.smt2	3	B	0.085666	98
QF_NIA_20230328-sqrtmodinv-hoenicke__sqrtStep3a.smt2	3	M	0.115081	128
QF_NIA_20230328-sqrtmodinv-hoenicke__sqrtStep3a.smt2	3	A	0.094669	128
QF_NIA_20230328-sqrtmodinv-hoenicke__sqrtStep3a.smt2	3	B	0.121748	128
QF_NIA_20230328-sqrtmodinv-hoenicke__sqrtStep3a.smt2	3	C	0.101421	128
QF_NIA_20230328-sqrtmodinv-hoenicke__sqrtStep4.smt2	3	A	0.049377	68
QF_NIA_20230328-sqrtmodinv-hoenicke__sqrtStep4.smt2	3	B	0.070877	68
QF_NIA_20230328-sqrtmodinv-hoenicke__sqrtStep4.smt2	3	C	0.053791	68
QF_NIA_20230328-sqrtmodinv-hoenicke__sqrtStep4.smt2	3	M	0.072126	68
QF_NIA_20230328-sqrtmodinv-hoenicke__sqrtStep4a.smt2	3	B	0.110125	128
QF_NIA_20230328-sqrtmodinv-hoenicke__sqrtStep4a.smt2	3	C	0.088039	128
QF_NIA_20230328-sqrtmodinv-hoenicke__sqrtStep4a.smt2	3	M	0.107375	128
QF_NIA_20230328-sqrtmodinv-hoenicke__sqrtStep4a.smt2	3	A	0.084579	128
QF_NIA_20230328-sqrtmodinv-hoenicke__sqrtStep5.smt2	3	C	0.072666	86
QF_NIA_20230328-sqrtmodinv-hoenicke__sqrtStep5.smt2	3	M	0.094834	86
QF_NIA_20230328-sqrtmodinv-hoenicke__sqrtStep5.smt2	3	A	0.067333	86
QF_NIA_20230328-sqrtmodinv-hoenicke__sqrtStep5.smt2	3	B	0.087626	86
QF_NIA_20230328-sqrtmodinv-hoenicke__sqrtStep5a.smt2	3	M	0.130328	128
QF_NIA_20230328-sqrtmodinv-hoenicke__sqrtStep5a.smt2	3	A	0.088664	128
QF_NIA_20230328-sqrtmodinv-hoenicke__sqrtStep5a.smt2	3	B	0.118995	128
QF_NIA_20230328-sqrtmodinv-hoenicke__sqrtStep5a.smt2	3	C	0.105713	128
QF_NIA_20230328-sqrtmodinv-hoenicke__sqrtStep6.smt2	3	A	0.078122	86
QF_NIA_20230328-sqrtmodinv-hoenicke__sqrtStep6.smt2	3	B	0.098295	86
QF_NIA_20230328-sqrtmodinv-hoenicke__sqrtStep6.smt2	3	C	0.084211	86
QF_NIA_20230328-sqrtmodinv-hoenicke__sqrtStep6.smt2	3	M	0.127175	86
QF_NIA_20230328-sqrtmodinv-hoenicke__sqrtStep6a.smt2	3	B	0.167703	122
QF_NIA_20230328-sqrtmodinv-hoenicke__sqrtStep6a.smt2	3	C	0.144296	122
QF_NIA_20230328-sqrtmodinv-hoenicke__sqrtStep6a.smt2	3	M	0.183787	122
QF_NIA_20230328-sqrtmodinv-hoenicke__sqrtStep6a.smt2	3	A	0.147873	122
QF_NIA_20230328-sqrtmodinv-hoenicke__sqrtStep7.smt2	3	C	0.898996	206
QF_NIA_20230328-sqrtmodinv-hoenicke__sqrtStep7.smt2	3	M	0.841619	206
QF_NIA_20230328-sqrtmodinv-hoenicke__sqrtStep7.smt2	3	A	0.896456	206
QF_NIA_20230328-sqrtmodinv-hoenicke__sqrtStep7.smt2	3	B	0.945875	206
QF_NIA_20230328-sqrtmodinv-hoenicke__sqrtStep7a.smt2	3	M	0.267543	122
QF_NIA_20230328-sqrtmodinv-hoenicke__sqrtStep7a.smt2	3	A	0.189959	122
QF_NIA_20230328-sqrtmodinv-hoenicke__sqrtStep7a.smt2	3	B	0.218173	122
QF_NIA_20230328-sqrtmodinv-hoenicke__sqrtStep7a.smt2	3	C	0.193373	122
QF_NIA_20230328-sqrtmodinv-hoenicke__sqrtStepFinal.smt2	3	A	2.04207	6674
QF_NIA_20230328-sqrtmodinv-hoenicke__sqrtStepFinal.smt2	3	B	2.96724	6674
QF_NIA_20230328-sqrtmodinv-hoenicke__sqrtStepFinal.smt2	3	C	2.17459	6674
QF_NIA_20230328-sqrtmodinv-hoenicke__sqrtStepFinal.smt2	3	M	3.30207	6674
QF_NIA_20230328-sqrtmodinv-hoenicke__sqrtStepFinala.smt2	3	B	17.3059	39614
QF_NIA_20230328-sqrtmodinv-hoenicke__sqrtStepFinala.smt2	3	C	13.0894	39614
QF_NIA_20230328-sqrtmodinv-hoenicke__sqrtStepFinala.smt2	3	M	19.4061	39614
QF_NIA_20230328-sqrtmodinv-hoenicke__sqrtStepFinala.smt2	3	A	12.7497	39614
QF_NIA_20250331-elster__C_2.smt2	3	C	0.009875	2
QF_NIA_20250331-elster__C_2.smt2	3	M	0.006625	2
QF_NIA_20250331-elster__C_2.smt2	3	A	0.008708	2
QF_NIA_20250331-elster__C_2.smt2	3	B	0.010417	2
QF_NIA_AProVE__aproveSMT1273731352138297194.smt2	3	M	0.289043	224
QF_NIA_AProVE__aproveSMT1273731352138297194.smt2	3	A	0.285325	224
QF_NIA_AProVE__aproveSMT1273731352138297194.smt2	3	B	0.340326	224
QF_NIA_AProVE__aproveSMT1273731352138297194.smt2	3	C	0.325503	224
QF_NIA_AProVE__aproveSMT1682483342197094972.smt2	3	A	0.040957	30
QF_NIA_AProVE__aproveSMT1682483342197094972.smt2	3	B	0.055751	30
QF_NIA_AProVE__aproveSMT1682483342197094972.smt2	3	C	0.042583	30
QF_NIA_AProVE__aproveSMT1682483342197094972.smt2	3	M	0.049418	30
QF_NIA_AProVE__aproveSMT2104748456448998709.smt2	3	B	0.346419	219
QF_NIA_AProVE__aproveSMT2104748456448998709.smt2	3	C	0.30588	219
QF_NIA_AProVE__aproveSMT2104748456448998709.smt2	3	M	0.283831	219
QF_NIA_AProVE__aproveSMT2104748456448998709.smt2	3	A	0.288503	219
QF_NIA_AProVE__aproveSMT2163640444650240229.smt2	3	C	0.082248	88
QF_NIA_AProVE__aproveSMT2163640444650240229.smt2	3	M	0.087707	88
QF_NIA_AProVE__aproveSMT2163640444650240229.smt2	3	A	0.078589	88
QF_NIA_AProVE__aproveSMT2163640444650240229.smt2	3	B	0.093128	88
QF_NIA_AProVE__aproveSMT3306422790231477425.smt2	3	M	0.362295	241
QF_NIA_AProVE__aproveSMT3306422790231477425.smt2	3	A	0.55584	241
QF_NIA_AProVE__aproveSMT3306422790231477425.smt2	3	B	0.630076	241
QF_NIA_AProVE__aproveSMT3306422790231477425.smt2	3	C	0.582586	241
QF_NIA_AProVE__aproveSMT3420388863619787077.smt2	3	A	0.168665	93
QF_NIA_AProVE__aproveSMT3420388863619787077.smt2	3	B	0.174961	93
QF_NIA_AProVE__aproveSMT3420388863619787077.smt2	3	C	0.158459	93
QF_NIA_AProVE__aproveSMT3420388863619787077.smt2	3	M	0.139792	93
QF_NIA_AProVE__aproveSMT3483701614621556321.smt2	3	B	0.050499	22
QF_NIA_AProVE__aproveSMT3483701614621556321.smt2	3	C	0.044125	22
QF_NIA_AProVE__aproveSMT3483701614621556321.smt2	3	M	0.037209	22
QF_NIA_AProVE__aproveSMT3483701614621556321.smt2	3	A	0.042918	22
QF_NIA_AProVE__aproveSMT3711749212931521777.smt2	3	C	0.185298	284
QF_NIA_AProVE__aproveSMT3711749212931521777.smt2	3	M	0.214576	284
QF_NIA_AProVE__aproveSMT3711749212931521777.smt2	3	A	0.174998	284
QF_NIA_AProVE__aproveSMT3711749212931521777.smt2	3	B	0.223962	284
QF_NIA_AProVE__aproveSMT4239815710630693785.smt2	3	M	0.012417	7
QF_NIA_AProVE__aproveSMT4239815710630693785.smt2	3	A	0.015126	7
QF_NIA_AProVE__aproveSMT4239815710630693785.smt2	3	B	0.018168	7
QF_NIA_AProVE__aproveSMT4239815710630693785.smt2	3	C	0.015667	7
QF_NIA_AProVE__aproveSMT4709971078612194434.smt2	3	A	0.386622	449
QF_NIA_AProVE__aproveSMT4709971078612194434.smt2	3	B	0.461125	449
QF_NIA_AProVE__aproveSMT4709971078612194434.smt2	3	C	0.375539	449
QF_NIA_AProVE__aproveSMT4709971078612194434.smt2	3	M	0.402739	449
QF_NIA_AProVE__aproveSMT4870145291684036249.smt2	3	B	0.061458	58
QF_NIA_AProVE__aproveSMT4870145291684036249.smt2	3	C	0.044579	58
QF_NIA_AProVE__aproveSMT4870145291684036249.smt2	3	M	0.050544	58
QF_NIA_AProVE__aproveSMT4870145291684036249.smt2	3	A	0.045207	58
QF_NIA_AProVE__aproveSMT4968692977299917888.smt2	3	C	0.026457	43
QF_NIA_AProVE__aproveSMT4968692977299917888.smt2	3	M	0.039831	43
QF_NIA_AProVE__aproveSMT4968692977299917888.smt2	3	A	0.022578	43
QF_NIA_AProVE__aproveSMT4968692977299917888.smt2	3	B	0.038377	43
QF_NIA_AProVE__aproveSMT4972425496508857728.smt2	3	M	0.039665	38
QF_NIA_AProVE__aproveSMT4972425496508857728.smt2	3	A	0.046708	38
QF_NIA_AProVE__aproveSMT4972425496508857728.smt2	3	B	0.054582	38
QF_NIA_AProVE__aproveSMT4972425496508857728.smt2	3	C	0.044666	38
QF_NIA_AProVE__aproveSMT5081480561387483523.smt2	3	A	0.015084	9
QF_NIA_AProVE__aproveSMT5081480561387483523.smt2	3	B	0.020126	9
QF_NIA_AProVE__aproveSMT5081480561387483523.smt2	3	C	0.015459	9
QF_NIA_AProVE__aproveSMT5081480561387483523.smt2	3	M	0.021126	9
QF_NIA_AProVE__aproveSMT6061013276766078350.smt2	3	B	0.769085	445
QF_NIA_AProVE__aproveSMT6061013276766078350.smt2	3	C	0.722953	445
QF_NIA_AProVE__aproveSMT6061013276766078350.smt2	3	M	0.555415	445
QF_NIA_AProVE__aproveSMT6061013276766078350.smt2	3	A	0.654672	445
QF_NIA_AProVE__aproveSMT6531155344723557531.smt2	3	C	0.653464	882
QF_NIA_AProVE__aproveSMT6531155344723557531.smt2	3	M	0.649539	882
QF_NIA_AProVE__aproveSMT6531155344723557531.smt2	3	A	0.668632	882
QF_NIA_AProVE__aproveSMT6531155344723557531.smt2	3	B	0.770263	882
QF_NIA_AProVE__aproveSMT6744620754635880037.smt2	3	M	0.082163	78
QF_NIA_AProVE__aproveSMT6744620754635880037.smt2	3	A	0.099454	78
QF_NIA_AProVE__aproveSMT6744620754635880037.smt2	3	B	0.118127	78
QF_NIA_AProVE__aproveSMT6744620754635880037.smt2	3	C	0.098501	78
QF_NIA_AProVE__aproveSMT6761189929823789229.smt2	3	A	0.066631	97
QF_NIA_AProVE__aproveSMT6761189929823789229.smt2	3	B	0.082709	97
QF_NIA_AProVE__aproveSMT6761189929823789229.smt2	3	C	0.069203	97
QF_NIA_AProVE__aproveSMT6761189929823789229.smt2	3	M	0.098286	97
QF_NIA_AProVE__aproveSMT7934578101815516403.smt2	3	B	0.346837	333
QF_NIA_AProVE__aproveSMT7934578101815516403.smt2	3	C	0.296004	333
QF_NIA_AProVE__aproveSMT7934578101815516403.smt2	3	M	0.291045	333
QF_NIA_AProVE__aproveSMT7934578101815516403.smt2	3	A	0.277619	333
QF_NIA_AProVE__aproveSMT8211259659113423333.smt2	3	C	0.017125	12
QF_NIA_AProVE__aproveSMT8211259659113423333.smt2	3	M	0.015249	12
QF_NIA_AProVE__aproveSMT8211259659113423333.smt2	3	A	0.015791	12
QF_NIA_AProVE__aproveSMT8211259659113423333.smt2	3	B	0.019166	12
QF_NIA_AProVE__aproveSMT8505973648273075649.smt2	3	M	0.722836	722
QF_NIA_AProVE__aproveSMT8505973648273075649.smt2	3	A	0.624125	722
QF_NIA_AProVE__aproveSMT8505973648273075649.smt2	3	B	0.767926	722
QF_NIA_AProVE__aproveSMT8505973648273075649.smt2	3	C	0.648906	722
QF_NIA_AProVE__aproveSMT9058095127082541976.smt2	3	A	0.595962	298
QF_NIA_AProVE__aproveSMT9058095127082541976.smt2	3	B	0.666714	298
QF_NIA_AProVE__aproveSMT9058095127082541976.smt2	3	C	0.586305	298
QF_NIA_AProVE__aproveSMT9058095127082541976.smt2	3	M	0.492964	298
QF_NIA_leipzig__term-4AzLVe.smt2	3	B	0.015334	4
QF_NIA_leipzig__term-4AzLVe.smt2	3	C	0.013667	4
QF_NIA_leipzig__term-4AzLVe.smt2	3	M	0.010083	4
QF_NIA_leipzig__term-4AzLVe.smt2	3	A	0.014166	4
QF_NIA_leipzig__term-4LNX6G.smt2	3	C	0.014126	20
QF_NIA_leipzig__term-4LNX6G.smt2	3	M	0.01946	20
QF_NIA_leipzig__term-4LNX6G.smt2	3	A	0.011751	20
QF_NIA_leipzig__term-4LNX6G.smt2	3	B	0.017874	20
QF_NIA_leipzig__term-BWHEfg.smt2	3	M	0.031582	26
QF_NIA_leipzig__term-BWHEfg.smt2	3	A	0.023625	26
QF_NIA_leipzig__term-BWHEfg.smt2	3	B	0.02675	26
QF_NIA_leipzig__term-BWHEfg.smt2	3	C	0.024913	26
QF_NIA_leipzig__term-H9wl52.smt2	3	A	0.006416	2
QF_NIA_leipzig__term-H9wl52.smt2	3	B	0.00725	2
QF_NIA_leipzig__term-H9wl52.smt2	3	C	0.0065	2
QF_NIA_leipzig__term-H9wl52.smt2	3	M	0.006417	2
QF_NIA_leipzig__term-bEER96.smt2	3	B	0.060373	66
QF_NIA_leipzig__term-bEER96.smt2	3	C	0.044793	66
QF_NIA_leipzig__term-bEER96.smt2	3	M	0.060501	66
QF_NIA_leipzig__term-bEER96.smt2	3	A	0.039667	66
QF_NIA_leipzig__term-ddoFAO.smt2	3	C	0.184667	49
QF_NIA_leipzig__term-ddoFAO.smt2	3	M	0.166582	49
QF_NIA_leipzig__term-ddoFAO.smt2	3	A	0.186168	49
QF_NIA_leipzig__term-ddoFAO.smt2	3	B	0.202959	49
QF_NIA_leipzig__term-f2cozZ.smt2	3	M	0.007917	4
QF_NIA_leipzig__term-f2cozZ.smt2	3	A	0.007542	4
QF_NIA_leipzig__term-f2cozZ.smt2	3	B	0.008709	4
QF_NIA_leipzig__term-f2cozZ.smt2	3	C	0.007292	4
QF_NIA_leipzig__term-gHq3ie.smt2	3	A	0.010458	3
QF_NIA_leipzig__term-gHq3ie.smt2	3	B	0.019667	3
QF_NIA_leipzig__term-gHq3ie.smt2	3	C	0.013085	3
QF_NIA_leipzig__term-gHq3ie.smt2	3	M	0.029295	3
QF_NIA_leipzig__term-ye1ece.smt2	3	B	0.007459	2
QF_NIA_leipzig__term-ye1ece.smt2	3	C	0.006458	2
QF_NIA_leipzig__term-ye1ece.smt2	3	M	0.006	2
QF_NIA_leipzig__term-ye1ece.smt2	3	A	0.00625	2
QF_NIA_mcm__10.smt2	3	C	0.006459	2
QF_NIA_mcm__10.smt2	3	M	0.005959	2
QF_NIA_mcm__10.smt2	3	A	0.0055	2
QF_NIA_mcm__10.smt2	3	B	0.007167	2
QF_NIA_mcm__23.smt2	3	M	0.005334	2
QF_NIA_mcm__23.smt2	3	A	0.006209	2
QF_NIA_mcm__23.smt2	3	B	0.006958	2
QF_NIA_mcm__23.smt2	3	C	0.005916	2
QF_NIA_mcm__41.smt2	3	A	0.006208	2
QF_NIA_mcm__41.smt2	3	B	0.006458	2
QF_NIA_mcm__41.smt2	3	C	0.00625	2
QF_NIA_mcm__41.smt2	3	M	0.006333	2
QF_NIA_mcm__52.smt2	3	B	0.006583	2
QF_NIA_mcm__52.smt2	3	C	0.006209	2
QF_NIA_mcm__52.smt2	3	M	0.005959	2
QF_NIA_mcm__52.smt2	3	A	0.006167	2
QF_NIA_mcm__81.smt2	3	C	0.006208	2
QF_NIA_mcm__81.smt2	3	M	0.005625	2
QF_NIA_mcm__81.smt2	3	A	0.006333	2
QF_NIA_mcm__81.smt2	3	B	0.006958	2
QF_NIA_mcm__89.smt2	3	M	0.005667	2
QF_NIA_mcm__89.smt2	3	A	0.006084	2
QF_NIA_mcm__89.smt2	3	B	0.007459	2
QF_NIA_mcm__89.smt2	3	C	0.006291	2
QF_NIA_mcm__94.smt2	3	A	0.006125	2
QF_NIA_mcm__94.smt2	3	B	0.007041	2
QF_NIA_mcm__94.smt2	3	C	0.006292	2
QF_NIA_mcm__94.smt2	3	M	0.006042	2
QF_NRA_20161105-Sturm-MBO__mbo_E10E25.smt2	3	B	0.016709	6
QF_NRA_20161105-Sturm-MBO__mbo_E10E25.smt2	3	C	0.014291	6
QF_NRA_20161105-Sturm-MBO__mbo_E10E25.smt2	3	M	0.011167	6
QF_NRA_20161105-Sturm-MBO__mbo_E10E25.smt2	3	A	0.013291	6
QF_NRA_20161105-Sturm-MBO__mbo_E11E13.smt2	3	C	0.021834	6
QF_NRA_20161105-Sturm-MBO__mbo_E11E13.smt2	3	M	0.011375	6
QF_NRA_20161105-Sturm-MBO__mbo_E11E13.smt2	3	A	0.021166	6
QF_NRA_20161105-Sturm-MBO__mbo_E11E13.smt2	3	B	0.022583	6
QF_NRA_20161105-Sturm-MBO__mbo_E12E17.smt2	3	M	0.014167	4
QF_NRA_20161105-Sturm-MBO__mbo_E12E17.smt2	3	A	0.023084	4
QF_NRA_20161105-Sturm-MBO__mbo_E12E17.smt2	3	B	0.027834	4
QF_NRA_20161105-Sturm-MBO__mbo_E12E17.smt2	3	C	0.026125	4
QF_NRA_20161105-Sturm-MBO__mbo_E15E24.smt2	3	A	0.026375	6
QF_NRA_20161105-Sturm-MBO__mbo_E15E24.smt2	3	B	0.028333	6
QF_NRA_20161105-Sturm-MBO__mbo_E15E24.smt2	3	C	0.024417	6
QF_NRA_20161105-Sturm-MBO__mbo_E15E24.smt2	3	M	0.014	6
QF_NRA_20161105-Sturm-MBO__mbo_E1E22.smt2	3	B	0.028417	4
QF_NRA_20161105-Sturm-MBO__mbo_E1E22.smt2	3	C	0.026167	4
QF_NRA_20161105-Sturm-MBO__mbo_E1E22.smt2	3	M	0.015625	4
QF_NRA_20161105-Sturm-MBO__mbo_E1E22.smt2	3	A	0.026957	4
QF_NRA_20161105-Sturm-MBO__mbo_E20E21.smt2	3	C	0.025873	13
QF_NRA_20161105-Sturm-MBO__mbo_E20E21.smt2	3	M	0.026792	13
QF_NRA_20161105-Sturm-MBO__mbo_E20E21.smt2	3	A	0.019751	13
QF_NRA_20161105-Sturm-MBO__mbo_E20E21.smt2	3	B	0.025167	13
QF_NRA_20161105-Sturm-MBO__mbo_E24E25.smt2	3	M	0.006083	2
QF_NRA_20161105-Sturm-MBO__mbo_E24E25.smt2	3	A	0.010709	2
QF_NRA_20161105-Sturm-MBO__mbo_E24E25.smt2	3	B	0.011083	2
QF_NRA_20161105-Sturm-MBO__mbo_E24E25.smt2	3	C	0.010125	2
QF_NRA_20161105-Sturm-MBO__mbo_E25E26.smt2	3	A	0.219834	62
QF_NRA_20161105-Sturm-MBO__mbo_E25E26.smt2	3	B	0.227792	62
QF_NRA_20161105-Sturm-MBO__mbo_E25E26.smt2	3	C	0.225668	62
QF_NRA_20161105-Sturm-MBO__mbo_E25E26.smt2	3	M	0.124917	62
QF_NRA_20161105-Sturm-MBO__mbo_E2E7.smt2	3	B	0.036458	8
QF_NRA_20161105-Sturm-MBO__mbo_E2E7.smt2	3	C	0.033209	8
QF_NRA_20161105-Sturm-MBO__mbo_E2E7.smt2	3	M	0.020751	8
QF_NRA_20161105-Sturm-MBO__mbo_E2E7.smt2	3	A	0.032792	8
QF_NRA_20161105-Sturm-MBO__mbo_E3E27.smt2	3	C	0.833668	383
QF_NRA_20161105-Sturm-MBO__mbo_E3E27.smt2	3	M	0.533578	383
QF_NRA_20161105-Sturm-MBO__mbo_E3E27.smt2	3	A	0.81255	383
QF_NRA_20161105-Sturm-MBO__mbo_E3E27.smt2	3	B	0.883211	383
QF_NRA_20161105-Sturm-MBO__mbo_E3E9.smt2	3	M	0.014208	6
QF_NRA_20161105-Sturm-MBO__mbo_E3E9.smt2	3	A	0.027667	6
QF_NRA_20161105-Sturm-MBO__mbo_E3E9.smt2	3	B	0.029792	6
QF_NRA_20161105-Sturm-MBO__mbo_E3E9.smt2	3	C	0.02675	6
QF_NRA_20161105-Sturm-MBO__mbo_E4E13.smt2	3	A	0.058541	12
QF_NRA_20161105-Sturm-MBO__mbo_E4E13.smt2	3	B	0.062125	12
QF_NRA_20161105-Sturm-MBO__mbo_E4E13.smt2	3	C	0.057042	12
QF_NRA_20161105-Sturm-MBO__mbo_E4E13.smt2	3	M	0.028749	12
QF_NRA_20161105-Sturm-MBO__mbo_E5E12.smt2	3	B	0.018875	4
QF_NRA_20161105-Sturm-MBO__mbo_E5E12.smt2	3	C	0.017541	4
QF_NRA_20161105-Sturm-MBO__mbo_E5E12.smt2	3	M	0.009333	4
QF_NRA_20161105-Sturm-MBO__mbo_E5E12.smt2	3	A	0.018208	4
QF_NRA_20161105-Sturm-MBO__mbo_E5E16.smt2	3	C	0.030042	11
QF_NRA_20161105-Sturm-MBO__mbo_E5E16.smt2	3	M	0.020751	11
QF_NRA_20161105-Sturm-MBO__mbo_E5E16.smt2	3	A	0.031376	11
QF_NRA_20161105-Sturm-MBO__mbo_E5E16.smt2	3	B	0.033418	11
QF_NRA_20161105-Sturm-MBO__mbo_E5E19.smt2	3	M	0.017292	7
QF_NRA_20161105-Sturm-MBO__mbo_E5E19.smt2	3	A	0.030125	7
QF_NRA_20161105-Sturm-MBO__mbo_E5E19.smt2	3	B	0.032293	7
QF_NRA_20161105-Sturm-MBO__mbo_E5E19.smt2	3	C	0.030667	7
QF_NRA_20161105-Sturm-MBO__mbo_E6E14.smt2	3	A	0.019958	2
QF_NRA_20161105-Sturm-MBO__mbo_E6E14.smt2	3	B	0.019208	2
QF_NRA_20161105-Sturm-MBO__mbo_E6E14.smt2	3	C	0.0195	2
QF_NRA_20161105-Sturm-MBO__mbo_E6E14.smt2	3	M	0.009708	2
QF_NRA_20161105-Sturm-MBO__mbo_E6E17.smt2	3	B	1.09541	642
QF_NRA_20161105-Sturm-MBO__mbo_E6E17.smt2	3	C	1.00455	642
QF_NRA_20161105-Sturm-MBO__mbo_E6E17.smt2	3	M	0.745448	642
QF_NRA_20161105-Sturm-MBO__mbo_E6E17.smt2	3	A	0.974594	642
QF_NRA_20161105-Sturm-MBO__mbo_E8E19.smt2	3	C	0.028833	6
QF_NRA_20161105-Sturm-MBO__mbo_E8E19.smt2	3	M	0.016625	6
QF_NRA_20161105-Sturm-MBO__mbo_E8E19.smt2	3	A	0.028749	6
QF_NRA_20161105-Sturm-MBO__mbo_E8E19.smt2	3	B	0.030458	6
QF_NRA_20161105-Sturm-MBO__mbo_E8E9.smt2	3	M	0.014501	4
QF_NRA_20161105-Sturm-MBO__mbo_E8E9.smt2	3	A	0.021083	4
QF_NRA_20161105-Sturm-MBO__mbo_E8E9.smt2	3	B	0.024584	4
QF_NRA_20161105-Sturm-MBO__mbo_E8E9.smt2	3	C	0.022875	4
QF_NRA_20161105-Sturm-MGC__mgc_02.smt2	3	A	0.060252	18
QF_NRA_20161105-Sturm-MGC__mgc_02.smt2	3	B	0.064665	18
QF_NRA_20161105-Sturm-MGC__mgc_02.smt2	3	C	0.059292	18
QF_NRA_20161105-Sturm-MGC__mgc_02.smt2	3	M	0.03546	18
QF_NRA_20161105-Sturm-MGC__mgc_03.smt2	3	B	0.083124	18
QF_NRA_20161105-Sturm-MGC__mgc_03.smt2	3	C	0.078959	18
QF_NRA_20161105-Sturm-MGC__mgc_03.smt2	3	M	0.045833	18
QF_NRA_20161105-Sturm-MGC__mgc_03.smt2	3	A	0.077166	18
QF_NRA_20161105-Sturm-MGC__mgc_04.smt2	3	C	0.072085	16
QF_NRA_20161105-Sturm-MGC__mgc_04.smt2	3	M	0.040875	16
QF_NRA_20161105-Sturm-MGC__mgc_04.smt2	3	A	0.070876	16
QF_NRA_20161105-Sturm-MGC__mgc_04.smt2	3	B	0.075832	16
QF_NRA_20161105-Sturm-MGC__mgc_05.smt2	3	M	0.044458	18
QF_NRA_20161105-Sturm-MGC__mgc_05.smt2	3	A	0.080377	18
QF_NRA_20161105-Sturm-MGC__mgc_05.smt2	3	B	0.088085	18
QF_NRA_20161105-Sturm-MGC__mgc_05.smt2	3	C	0.085	18
QF_NRA_20161105-Sturm-MGC__mgc_06.smt2	3	A	0.040875	18
QF_NRA_20161105-Sturm-MGC__mgc_06.smt2	3	B	0.047292	18
QF_NRA_20161105-Sturm-MGC__mgc_06.smt2	3	C	0.042124	18
QF_NRA_20161105-Sturm-MGC__mgc_06.smt2	3	M	0.029542	18
QF_NRA_20161105-Sturm-MGC__mgc_07.smt2	3	B	0.099709	18
QF_NRA_20161105-Sturm-MGC__mgc_07.smt2	3	C	0.08654	18
QF_NRA_20161105-Sturm-MGC__mgc_07.smt2	3	M	0.047292	18
QF_NRA_20161105-Sturm-MGC__mgc_07.smt2	3	A	0.091624	18
QF_NRA_20161105-Sturm-MGC__mgc_08.smt2	3	C	0.062249	18
QF_NRA_20161105-Sturm-MGC__mgc_08.smt2	3	M	0.036709	18
QF_NRA_20161105-Sturm-MGC__mgc_08.smt2	3	A	0.060124	18
QF_NRA_20161105-Sturm-MGC__mgc_08.smt2	3	B	0.069793	18
QF_NRA_20161105-Sturm-MGC__mgc_09.smt2	3	M	0.063419	35
QF_NRA_20161105-Sturm-MGC__mgc_09.smt2	3	A	0.102629	35
QF_NRA_20161105-Sturm-MGC__mgc_09.smt2	3	B	0.113457	35
QF_NRA_20161105-Sturm-MGC__mgc_09.smt2	3	C	0.103205	35
QF_NRA_20161105-Sturm-MGC__mgc_10.smt2	3	A	0.102334	27
QF_NRA_20161105-Sturm-MGC__mgc_10.smt2	3	B	0.114875	27
QF_NRA_20161105-Sturm-MGC__mgc_10.smt2	3	C	0.104624	27
QF_NRA_20161105-Sturm-MGC__mgc_10.smt2	3	M	0.059499	27
QF_NRA_20170501-Heizmann-UltimateInvariantSynthesis__array_ptr_single_elem_init.i_4_2_2.bpl_5.smt2	3	B	0.042918	35
QF_NRA_20170501-Heizmann-UltimateInvariantSynthesis__array_ptr_single_elem_init.i_4_2_2.bpl_5.smt2	3	C	0.041126	35
QF_NRA_20170501-Heizmann-UltimateInvariantSynthesis__array_ptr_single_elem_init.i_4_2_2.bpl_5.smt2	3	M	0.044543	35
QF_NRA_20170501-Heizmann-UltimateInvariantSynthesis__array_ptr_single_elem_init.i_4_2_2.bpl_5.smt2	3	A	0.038249	35
QF_NRA_20170501-Heizmann-UltimateInvariantSynthesis__array_single_elem_init.i_4_2_2.bpl_5.smt2	3	C	0.037417	64
QF_NRA_20170501-Heizmann-UltimateInvariantSynthesis__array_single_elem_init.i_4_2_2.bpl_5.smt2	3	M	0.060501	64
QF_NRA_20170501-Heizmann-UltimateInvariantSynthesis__array_single_elem_init.i_4_2_2.bpl_5.smt2	3	A	0.03621	64
QF_NRA_20170501-Heizmann-UltimateInvariantSynthesis__array_single_elem_init.i_4_2_2.bpl_5.smt2	3	B	0.051459	64
QF_NRA_20170501-Heizmann-UltimateInvariantSynthesis__gj2007.c.i_4_3_3.bpl_5.smt2	3	M	3.8228	4669
QF_NRA_20170501-Heizmann-UltimateInvariantSynthesis__gj2007.c.i_4_3_3.bpl_5.smt2	3	A	4.53208	4669
QF_NRA_20170501-Heizmann-UltimateInvariantSynthesis__gj2007.c.i_4_3_3.bpl_5.smt2	3	B	5.33183	4669
QF_NRA_20170501-Heizmann-UltimateInvariantSynthesis__gj2007.c.i_4_3_3.bpl_5.smt2	3	C	4.67176	4669
QF_NRA_20170501-Heizmann-UltimateInvariantSynthesis__gr2006.c.i_4_4_3.bpl_5.smt2	3	A	1.27516	1343
QF_NRA_20170501-Heizmann-UltimateInvariantSynthesis__gr2006.c.i_4_4_3.bpl_5.smt2	3	B	1.4898	1343
QF_NRA_20170501-Heizmann-UltimateInvariantSynthesis__gr2006.c.i_4_4_3.bpl_5.smt2	3	C	1.24733	1343
QF_NRA_20170501-Heizmann-UltimateInvariantSynthesis__gr2006.c.i_4_4_3.bpl_5.smt2	3	M	1.0988	1343
QF_NRA_20170501-Heizmann-UltimateInvariantSynthesis__linear_search.i_7_23_3.bpl_3.smt2	3	B	0.809643	740
QF_NRA_20170501-Heizmann-UltimateInvariantSynthesis__linear_search.i_7_23_3.bpl_3.smt2	3	C	0.723124	740
QF_NRA_20170501-Heizmann-UltimateInvariantSynthesis__linear_search.i_7_23_3.bpl_3.smt2	3	M	0.955046	740
QF_NRA_20170501-Heizmann-UltimateInvariantSynthesis__linear_search.i_7_23_3.bpl_3.smt2	3	A	0.696142	740
QF_NRA_20170501-Heizmann-UltimateInvariantSynthesis__standard_copy1_ground.i_3_2_2.bpl_9.smt2	3	C	1.04163	1930
QF_NRA_20170501-Heizmann-UltimateInvariantSynthesis__standard_copy1_ground.i_3_2_2.bpl_9.smt2	3	M	1.64643	1930
QF_NRA_20170501-Heizmann-UltimateInvariantSynthesis__standard_copy1_ground.i_3_2_2.bpl_9.smt2	3	A	1.00853	1930
QF_NRA_20170501-Heizmann-UltimateInvariantSynthesis__standard_copy1_ground.i_3_2_2.bpl_9.smt2	3	B	1.4037	1930
QF_NRA_20170501-Heizmann-UltimateInvariantSynthesis__standard_copy3_ground.i_3_2_2.bpl_5.smt2	3	M	0.193537	256
QF_NRA_20170501-Heizmann-UltimateInvariantSynthesis__standard_copy3_ground.i_3_2_2.bpl_5.smt2	3	A	0.109587	256
QF_NRA_20170501-Heizmann-UltimateInvariantSynthesis__standard_copy3_ground.i_3_2_2.bpl_5.smt2	3	B	0.151828	256
QF_NRA_20170501-Heizmann-UltimateInvariantSynthesis__standard_copy3_ground.i_3_2_2.bpl_5.smt2	3	C	0.117581	256
QF_NRA_20170501-Heizmann-UltimateInvariantSynthesis__standard_init9_ground.i_3_2_2.bpl_3.smt2	3	A	1.60449	683
QF_NRA_20170501-Heizmann-UltimateInvariantSynthesis__standard_init9_ground.i_3_2_2.bpl_3.smt2	3	B	1.76402	683
QF_NRA_20170501-Heizmann-UltimateInvariantSynthesis__standard_init9_ground.i_3_2_2.bpl_3.smt2	3	C	1.6305	683
QF_NRA_20170501-Heizmann-UltimateInvariantSynthesis__standard_init9_ground.i_3_2_2.bpl_3.smt2	3	M	1.17555	683
QF_NRA_2019-ezsmt__inst_1_1000000.smt2	3	B	0.150586	292
QF_NRA_2019-ezsmt__inst_1_1000000.smt2	3	C	0.105168	292
QF_NRA_2019-ezsmt__inst_1_1000000.smt2	3	M	0.168539	292
QF_NRA_2019-ezsmt__inst_1_1000000.smt2	3	A	0.104169	292
QF_NRA_20200911-Pine__1599121684477306000.smt2	3	C	0.068792	28
QF_NRA_20200911-Pine__1599121684477306000.smt2	3	M	0.048542	28
QF_NRA_20200911-Pine__1599121684477306000.smt2	3	A	0.073834	28
QF_NRA_20200911-Pine__1599121684477306000.smt2	3	B	0.077877	28
QF_NRA_20200911-Pine__1599121684653478000.smt2	3	M	0.039584	20
QF_NRA_20200911-Pine__1599121684653478000.smt2	3	A	0.046999	20
QF_NRA_20200911-Pine__1599121684653478000.smt2	3	B	0.054127	20
QF_NRA_20200911-Pine__1599121684653478000.smt2	3	C	0.04446	20
QF_NRA_20200911-Pine__1599121861020640000.smt2	3	A	0.00625	2
QF_NRA_20200911-Pine__1599121861020640000.smt2	3	B	0.007542	2
QF_NRA_20200911-Pine__1599121861020640000.smt2	3	C	0.006375	2
QF_NRA_20200911-Pine__1599121861020640000.smt2	3	M	0.007041	2
QF_NRA_20200911-Pine__1599121889458073000.smt2	3	B	0.28504	114
QF_NRA_20200911-Pine__1599121889458073000.smt2	3	C	0.277545	114
QF_NRA_20200911-Pine__1599121889458073000.smt2	3	M	0.197211	114
QF_NRA_20200911-Pine__1599121889458073000.smt2	3	A	0.26229	114
QF_NRA_20200911-Pine__1599121899872501000.smt2	3	C	0.181626	27
QF_NRA_20200911-Pine__1599121899872501000.smt2	3	M	0.122125	27
QF_NRA_20200911-Pine__1599121899872501000.smt2	3	A	0.182417	27
QF_NRA_20200911-Pine__1599121899872501000.smt2	3	B	0.199626	27
QF_NRA_20200911-Pine__1599121900961647000.smt2	3	M	0.062582	23
QF_NRA_20200911-Pine__1599121900961647000.smt2	3	A	0.061833	23
QF_NRA_20200911-Pine__1599121900961647000.smt2	3	B	0.07529	23
QF_NRA_20200911-Pine__1599121900961647000.smt2	3	C	0.066166	23
QF_NRA_20200911-Pine__1599121904275696000.smt2	3	A	0.219958	27
QF_NRA_20200911-Pine__1599121904275696000.smt2	3	B	0.218001	27
QF_NRA_20200911-Pine__1599121904275696000.smt2	3	C	0.211044	27
QF_NRA_20200911-Pine__1599121904275696000.smt2	3	M	0.145667	27
QF_NRA_20200911-Pine__1599121979753628000.smt2	3	B	0.060128	50
QF_NRA_20200911-Pine__1599121979753628000.smt2	3	C	0.050917	50
QF_NRA_20200911-Pine__1599121979753628000.smt2	3	M	0.056961	50
QF_NRA_20200911-Pine__1599121979753628000.smt2	3	A	0.050791	50
QF_NRA_20200911-Pine__1599122159324430000.smt2	3	C	0.024457	14
QF_NRA_20200911-Pine__1599122159324430000.smt2	3	M	0.019792	14
QF_NRA_20200911-Pine__1599122159324430000.smt2	3	A	0.023623	14
QF_NRA_20200911-Pine__1599122159324430000.smt2	3	B	0.027541	14
QF_NRA_20200911-Pine__1599122159846134000.smt2	3	M	0.021249	16
QF_NRA_20200911-Pine__1599122159846134000.smt2	3	A	0.025999	16
QF_NRA_20200911-Pine__1599122159846134000.smt2	3	B	0.028999	16
QF_NRA_20200911-Pine__1599122159846134000.smt2	3	C	0.025834	16
QF_NRA_20200911-Pine__1599122162465867000.smt2	3	A	0.009834	10
QF_NRA_20200911-Pine__1599122162465867000.smt2	3	B	0.011918	10
QF_NRA_20200911-Pine__1599122162465867000.smt2	3	C	0.010125	10
QF_NRA_20200911-Pine__1599122162465867000.smt2	3	M	0.012498	10
QF_NRA_20200911-Pine__1599122162569064000.smt2	3	B	0.009	4
QF_NRA_20200911-Pine__1599122162569064000.smt2	3	C	0.006791	4
QF_NRA_20200911-Pine__1599122162569064000.smt2	3	M	0.008	4
QF_NRA_20200911-Pine__1599122162569064000.smt2	3	A	0.007375	4
QF_NRA_20200911-Pine__1599122163190413000.smt2	3	C	0.010625	10
QF_NRA_20200911-Pine__1599122163190413000.smt2	3	M	0.013041	10
QF_NRA_20200911-Pine__1599122163190413000.smt2	3	A	0.009998	10
QF_NRA_20200911-Pine__1599122163190413000.smt2	3	B	0.012541	10
QF_NRA_20200911-Pine__1599122163683961000.smt2	3	M	0.023041	16
QF_NRA_20200911-Pine__1599122163683961000.smt2	3	A	0.03475	16
QF_NRA_20200911-Pine__1599122163683961000.smt2	3	B	0.036874	16
QF_NRA_20200911-Pine__1599122163683961000.smt2	3	C	0.032206	16
QF_NRA_20200911-Pine__1599122165140235000.smt2	3	A	0.009375	10
QF_NRA_20200911-Pine__1599122165140235000.smt2	3	B	0.012458	10
QF_NRA_20200911-Pine__1599122165140235000.smt2	3	C	0.009707	10
QF_NRA_20200911-Pine__1599122165140235000.smt2	3	M	0.012084	10
QF_NRA_20200911-Pine__1599122166207559000.smt2	3	B	0.012333	10
QF_NRA_20200911-Pine__1599122166207559000.smt2	3	C	0.010167	10
QF_NRA_20200911-Pine__1599122166207559000.smt2	3	M	0.012291	10
QF_NRA_20200911-Pine__1599122166207559000.smt2	3	A	0.011084	10
QF_NRA_20211101-Geogebra__IsoRightTriangle-Bottema1_12b.smt2	3	C	0.010667	4
QF_NRA_20211101-Geogebra__IsoRightTriangle-Bottema1_12b.smt2	3	M	0.008542	4
QF_NRA_20211101-Geogebra__IsoRightTriangle-Bottema1_12b.smt2	3	A	0.010584	4
QF_NRA_20211101-Geogebra__IsoRightTriangle-Bottema1_12b.smt2	3	B	0.011958	4
QF_NRA_20211101-Geogebra__IsoRightTriangle-Bottema1_2b.smt2	3	M	0.007375	4
QF_NRA_20211101-Geogebra__IsoRightTriangle-Bottema1_2b.smt2	3	A	0.006999	4
QF_NRA_20211101-Geogebra__IsoRightTriangle-Bottema1_2b.smt2	3	B	0.008875	4
QF_NRA_20211101-Geogebra__IsoRightTriangle-Bottema1_2b.smt2	3	C	0.007209	4
QF_NRA_20211101-Geogebra__IsoTriangle-Area_Perimeter_a.smt2	3	A	0.010458	4
QF_NRA_20211101-Geogebra__IsoTriangle-Area_Perimeter_a.smt2	3	B	0.012124	4
QF_NRA_20211101-Geogebra__IsoTriangle-Area_Perimeter_a.smt2	3	C	0.009667	4
QF_NRA_20211101-Geogebra__IsoTriangle-Area_Perimeter_a.smt2	3	M	0.009001	4
QF_NRA_20211101-Geogebra__IsoTriangle-Bottema6_1a.smt2	3	B	0.028666	14
QF_NRA_20211101-Geogebra__IsoTriangle-Bottema6_1a.smt2	3	C	0.024416	14
QF_NRA_20211101-Geogebra__IsoTriangle-Bottema6_1a.smt2	3	M	0.019124	14
QF_NRA_20211101-Geogebra__IsoTriangle-Bottema6_1a.smt2	3	A	0.022624	14
QF_NRA_20211101-Geogebra__IsoTriangle-Bottema6_1b.smt2	3	C	0.034543	20
QF_NRA_20211101-Geogebra__IsoTriangle-Bottema6_1b.smt2	3	M	0.027959	20
QF_NRA_20211101-Geogebra__IsoTriangle-Bottema6_1b.smt2	3	A	0.032832	20
QF_NRA_20211101-Geogebra__IsoTriangle-Bottema6_1b.smt2	3	B	0.040375	20
QF_NRA_20211101-Geogebra__IsoTriangle-Median_Perimeter_a2.smt2	3	M	0.014626	10
QF_NRA_20211101-Geogebra__IsoTriangle-Median_Perimeter_a2.smt2	3	A	0.021582	10
QF_NRA_20211101-Geogebra__IsoTriangle-Median_Perimeter_a2.smt2	3	B	0.024375	10
QF_NRA_20211101-Geogebra__IsoTriangle-Median_Perimeter_a2.smt2	3	C	0.021167	10
QF_NRA_20211101-Geogebra__IsoTriangle-Perimeter_CircumRadius_a.smt2	3	A	0.018792	20
QF_NRA_20211101-Geogebra__IsoTriangle-Perimeter_CircumRadius_a.smt2	3	B	0.023542	20
QF_NRA_20211101-Geogebra__IsoTriangle-Perimeter_CircumRadius_a.smt2	3	C	0.019794	20
QF_NRA_20211101-Geogebra__IsoTriangle-Perimeter_CircumRadius_a.smt2	3	M	0.023294	20
QF_NRA_20211101-Geogebra__PythagoreanGeneralization_Triangle-aa+bb_cc.smt2	3	B	0.008791	4
QF_NRA_20211101-Geogebra__PythagoreanGeneralization_Triangle-aa+bb_cc.smt2	3	C	0.007125	4
QF_NRA_20211101-Geogebra__PythagoreanGeneralization_Triangle-aa+bb_cc.smt2	3	M	0.007666	4
QF_NRA_20211101-Geogebra__PythagoreanGeneralization_Triangle-aa+bb_cc.smt2	3	A	0.007292	4
QF_NRA_20211101-Geogebra__RightTriangle-Bottema1_1b.smt2	3	C	0.006374	4
QF_NRA_20211101-Geogebra__RightTriangle-Bottema1_1b.smt2	3	M	0.007917	4
QF_NRA_20211101-Geogebra__RightTriangle-Bottema1_1b.smt2	3	A	0.006999	4
QF_NRA_20211101-Geogebra__RightTriangle-Bottema1_1b.smt2	3	B	0.008875	4
QF_NRA_20211101-Geogebra__RightTriangle-Bottema5_3b.smt2	3	M	0.009459	4
QF_NRA_20211101-Geogebra__RightTriangle-Bottema5_3b.smt2	3	A	0.011791	4
QF_NRA_20211101-Geogebra__RightTriangle-Bottema5_3b.smt2	3	B	0.013334	4
QF_NRA_20211101-Geogebra__RightTriangle-Bottema5_3b.smt2	3	C	0.010917	4
QF_NRA_20211101-Geogebra__Triangle-Bottema1_9.smt2	3	A	0.007125	4
QF_NRA_20211101-Geogebra__Triangle-Bottema1_9.smt2	3	B	0.008625	4
QF_NRA_20211101-Geogebra__Triangle-Bottema1_9.smt2	3	C	0.00725	4
QF_NRA_20211101-Geogebra__Triangle-Bottema1_9.smt2	3	M	0.008208	4
QF_NRA_20220314-Uncu__BDC_ProveIneq_Mitrinovic_4_22b.smt2	3	B	0.007125	2
QF_NRA_20220314-Uncu__BDC_ProveIneq_Mitrinovic_4_22b.smt2	3	C	0.00625	2
QF_NRA_20220314-Uncu__BDC_ProveIneq_Mitrinovic_4_22b.smt2	3	M	0.005792	2
QF_NRA_20220314-Uncu__BDC_ProveIneq_Mitrinovic_4_22b.smt2	3	A	0.006209	2
QF_NRA_20240407-pPDA-Chiari-Pontiggia-Winkler__and_or_PRAY.smt2	3	C	3.83851	1305
QF_NRA_20240407-pPDA-Chiari-Pontiggia-Winkler__and_or_PRAY.smt2	3	M	2.73575	1305
QF_NRA_20240407-pPDA-Chiari-Pontiggia-Winkler__and_or_PRAY.smt2	3	A	3.85181	1305
QF_NRA_20240407-pPDA-Chiari-Pontiggia-Winkler__and_or_PRAY.smt2	3	B	3.99858	1305
QF_NRA_20240407-pPDA-Chiari-Pontiggia-Winkler__call_ret_loop_1_POMC_hints.smt2	3	M	0.141914	80
QF_NRA_20240407-pPDA-Chiari-Pontiggia-Winkler__call_ret_loop_1_POMC_hints.smt2	3	A	0.190875	80
QF_NRA_20240407-pPDA-Chiari-Pontiggia-Winkler__call_ret_loop_1_POMC_hints.smt2	3	B	0.189667	80
QF_NRA_20240407-pPDA-Chiari-Pontiggia-Winkler__call_ret_loop_1_POMC_hints.smt2	3	C	0.17808	80
QF_NRA_20240407-pPDA-Chiari-Pontiggia-Winkler__call_ret_loop_1_POMC_no_hints.smt2	3	A	0.435293	120
QF_NRA_20240407-pPDA-Chiari-Pontiggia-Winkler__call_ret_loop_1_POMC_no_hints.smt2	3	B	0.463958	120
QF_NRA_20240407-pPDA-Chiari-Pontiggia-Winkler__call_ret_loop_1_POMC_no_hints.smt2	3	C	0.445041	120
QF_NRA_20240407-pPDA-Chiari-Pontiggia-Winkler__call_ret_loop_1_POMC_no_hints.smt2	3	M	0.329207	120
QF_NRA_20240407-pPDA-Chiari-Pontiggia-Winkler__call_ret_loop_2_POMC_hints.smt2	3	B	0.210666	84
QF_NRA_20240407-pPDA-Chiari-Pontiggia-Winkler__call_ret_loop_2_POMC_hints.smt2	3	C	0.183371	84
QF_NRA_20240407-pPDA-Chiari-Pontiggia-Winkler__call_ret_loop_2_POMC_hints.smt2	3	M	0.147123	84
QF_NRA_20240407-pPDA-Chiari-Pontiggia-Winkler__call_ret_loop_2_POMC_hints.smt2	3	A	0.18029	84
QF_NRA_20240407-pPDA-Chiari-Pontiggia-Winkler__call_ret_loop_2_POMC_no_hints.smt2	3	C	0.448417	130
QF_NRA_20240407-pPDA-Chiari-Pontiggia-Winkler__call_ret_loop_2_POMC_no_hints.smt2	3	M	0.338915	130
QF_NRA_20240407-pPDA-Chiari-Pontiggia-Winkler__call_ret_loop_2_POMC_no_hints.smt2	3	A	0.440664	130
QF_NRA_20240407-pPDA-Chiari-Pontiggia-Winkler__call_ret_loop_2_POMC_no_hints.smt2	3	B	0.471663	130
QF_NRA_20240407-pPDA-Chiari-Pontiggia-Winkler__escape25_POMC_hints.smt2	3	M	0.499708	376
QF_NRA_20240407-pPDA-Chiari-Pontiggia-Winkler__escape25_POMC_hints.smt2	3	A	0.624205	376
QF_NRA_20240407-pPDA-Chiari-Pontiggia-Winkler__escape25_POMC_hints.smt2	3	B	0.725381	376
QF_NRA_20240407-pPDA-Chiari-Pontiggia-Winkler__escape25_POMC_hints.smt2	3	C	0.628077	376
QF_NRA_20240407-pPDA-Chiari-Pontiggia-Winkler__escape25_POMC_no_hints.smt2	3	A	0.474667	707
QF_NRA_20240407-pPDA-Chiari-Pontiggia-Winkler__escape25_POMC_no_hints.smt2	3	B	0.563962	707
QF_NRA_20240407-pPDA-Chiari-Pontiggia-Winkler__escape25_POMC_no_hints.smt2	3	C	0.465543	707
QF_NRA_20240407-pPDA-Chiari-Pontiggia-Winkler__escape25_POMC_no_hints.smt2	3	M	0.595754	707
QF_NRA_20240407-pPDA-Chiari-Pontiggia-Winkler__mod5_POMC_hints.smt2	3	B	0.382875	64
QF_NRA_20240407-pPDA-Chiari-Pontiggia-Winkler__mod5_POMC_hints.smt2	3	C	0.33975	64
QF_NRA_20240407-pPDA-Chiari-Pontiggia-Winkler__mod5_POMC_hints.smt2	3	M	0.232333	64
QF_NRA_20240407-pPDA-Chiari-Pontiggia-Winkler__mod5_POMC_hints.smt2	3	A	0.335456	64
QF_NRA_20240407-pPDA-Chiari-Pontiggia-Winkler__mod5_POMC_no_hints.smt2	3	C	0.020459	20
QF_NRA_20240407-pPDA-Chiari-Pontiggia-Winkler__mod5_POMC_no_hints.smt2	3	M	0.022833	20
QF_NRA_20240407-pPDA-Chiari-Pontiggia-Winkler__mod5_POMC_no_hints.smt2	3	A	0.018501	20
QF_NRA_20240407-pPDA-Chiari-Pontiggia-Winkler__mod5_POMC_no_hints.smt2	3	B	0.024584	20
QF_NRA_20240407-pPDA-Chiari-Pontiggia-Winkler__mod7_POMC_no_hints.smt2	3	M	0.018583	16
QF_NRA_20240407-pPDA-Chiari-Pontiggia-Winkler__mod7_POMC_no_hints.smt2	3	A	0.01725	16
QF_NRA_20240407-pPDA-Chiari-Pontiggia-Winkler__mod7_POMC_no_hints.smt2	3	B	0.021125	16
QF_NRA_20240407-pPDA-Chiari-Pontiggia-Winkler__mod7_POMC_no_hints.smt2	3	C	0.017833	16
QF_NRA_20240407-pPDA-Chiari-Pontiggia-Winkler__schelling_POMC_hints.smt2	3	A	0.774624	381
QF_NRA_20240407-pPDA-Chiari-Pontiggia-Winkler__schelling_POMC_hints.smt2	3	B	0.869248	381
QF_NRA_20240407-pPDA-Chiari-Pontiggia-Winkler__schelling_POMC_hints.smt2	3	C	0.791165	381
QF_NRA_20240407-pPDA-Chiari-Pontiggia-Winkler__schelling_POMC_hints.smt2	3	M	0.572209	381
QF_NRA_20240407-pPDA-Chiari-Pontiggia-Winkler__schelling_POMC_no_hints.smt2	3	B	3.34314	1779
QF_NRA_20240407-pPDA-Chiari-Pontiggia-Winkler__schelling_POMC_no_hints.smt2	3	C	2.97383	1779
QF_NRA_20240407-pPDA-Chiari-Pontiggia-Winkler__schelling_POMC_no_hints.smt2	3	M	2.1487	1779
QF_NRA_20240407-pPDA-Chiari-Pontiggia-Winkler__schelling_POMC_no_hints.smt2	3	A	2.89414	1779
QF_NRA_20240407-pPDA-Chiari-Pontiggia-Winkler__sqrt2by2_bern_PRAY.smt2	3	C	0.165834	44
QF_NRA_20240407-pPDA-Chiari-Pontiggia-Winkler__sqrt2by2_bern_PRAY.smt2	3	M	0.101248	44
QF_NRA_20240407-pPDA-Chiari-Pontiggia-Winkler__sqrt2by2_bern_PRAY.smt2	3	A	0.17196	44
QF_NRA_20240407-pPDA-Chiari-Pontiggia-Winkler__sqrt2by2_bern_PRAY.smt2	3	B	0.185668	44
QF_NRA_LassoRanker__Ben-Amram-2010LMCS-Ex2.3_true-termination.c_Iteration1_Lasso_3-pieceTemplate.smt2	3	M	0.026166	28
QF_NRA_LassoRanker__Ben-Amram-2010LMCS-Ex2.3_true-termination.c_Iteration1_Lasso_3-pieceTemplate.smt2	3	A	0.019459	28
QF_NRA_LassoRanker__Ben-Amram-2010LMCS-Ex2.3_true-termination.c_Iteration1_Lasso_3-pieceTemplate.smt2	3	B	0.025832	28
QF_NRA_LassoRanker__Ben-Amram-2010LMCS-Ex2.3_true-termination.c_Iteration1_Lasso_3-pieceTemplate.smt2	3	C	0.021458	28
QF_NRA_LassoRanker__BradleyMannaSipma-2005ICALP-Fig1-deterministic.bpl_Iteration1_Lasso_3-pieceTemplate.smt2	3	A	0.3195	232
QF_NRA_LassoRanker__BradleyMannaSipma-2005ICALP-Fig1-deterministic.bpl_Iteration1_Lasso_3-pieceTemplate.smt2	3	B	0.388221	232
QF_NRA_LassoRanker__BradleyMannaSipma-2005ICALP-Fig1-deterministic.bpl_Iteration1_Lasso_3-pieceTemplate.smt2	3	C	0.334456	232
QF_NRA_LassoRanker__BradleyMannaSipma-2005ICALP-Fig1-deterministic.bpl_Iteration1_Lasso_3-pieceTemplate.smt2	3	M	0.326085	232
QF_NRA_LassoRanker__Braverman-2006CAV-Ex1-int.bpl_Iteration1_Loop_4-pieceTemplate.smt2	3	B	0.055126	22
QF_NRA_LassoRanker__Braverman-2006CAV-Ex1-int.bpl_Iteration1_Loop_4-pieceTemplate.smt2	3	C	0.049623	22
QF_NRA_LassoRanker__Braverman-2006CAV-Ex1-int.bpl_Iteration1_Loop_4-pieceTemplate.smt2	3	M	0.044207	22
QF_NRA_LassoRanker__Braverman-2006CAV-Ex1-int.bpl_Iteration1_Loop_4-pieceTemplate.smt2	3	A	0.047418	22
QF_NRA_LassoRanker__Khartoum.bpl_Iteration1_Loop_4-pieceTemplate.smt2	3	C	6.66108	6186
QF_NRA_LassoRanker__Khartoum.bpl_Iteration1_Loop_4-pieceTemplate.smt2	3	M	5.29808	6186
QF_NRA_LassoRanker__Khartoum.bpl_Iteration1_Loop_4-pieceTemplate.smt2	3	A	6.43243	6186
QF_NRA_LassoRanker__Khartoum.bpl_Iteration1_Loop_4-pieceTemplate.smt2	3	B	7.35257	6186
QF_NRA_LassoRanker__Mysore2.bpl_Iteration1_Loop_4-pieceTemplate.smt2	3	M	0.33816	572
QF_NRA_LassoRanker__Mysore2.bpl_Iteration1_Loop_4-pieceTemplate.smt2	3	A	0.270784	572
QF_NRA_LassoRanker__Mysore2.bpl_Iteration1_Loop_4-pieceTemplate.smt2	3	B	0.361172	572
QF_NRA_LassoRanker__Mysore2.bpl_Iteration1_Loop_4-pieceTemplate.smt2	3	C	0.285407	572
QF_NRA_LassoRanker__NoriSharma-2013FSE-Fig8_true-termination.c_Iteration1_Lasso_3-pieceTemplate.smt2	3	A	3.06124	4046
QF_NRA_LassoRanker__NoriSharma-2013FSE-Fig8_true-termination.c_Iteration1_Lasso_3-pieceTemplate.smt2	3	B	3.59129	4046
QF_NRA_LassoRanker__NoriSharma-2013FSE-Fig8_true-termination.c_Iteration1_Lasso_3-pieceTemplate.smt2	3	C	3.14651	4046
QF_NRA_LassoRanker__NoriSharma-2013FSE-Fig8_true-termination.c_Iteration1_Lasso_3-pieceTemplate.smt2	3	M	2.87323	4046
QF_NRA_LassoRanker__NoriSharma-2013FSE-Fig8_true-termination.c_Iteration1_Loop_3-pieceTemplate.smt2	3	B	0.054371	43
QF_NRA_LassoRanker__NoriSharma-2013FSE-Fig8_true-termination.c_Iteration1_Loop_3-pieceTemplate.smt2	3	C	0.043544	43
QF_NRA_LassoRanker__NoriSharma-2013FSE-Fig8_true-termination.c_Iteration1_Loop_3-pieceTemplate.smt2	3	M	0.053541	43
QF_NRA_LassoRanker__NoriSharma-2013FSE-Fig8_true-termination.c_Iteration1_Loop_3-pieceTemplate.smt2	3	A	0.03846	43
QF_NRA_LassoRanker__TwoPhase.bpl_Iteration1_Loop_3-pieceTemplate.smt2	3	C	1.20383	2564
QF_NRA_LassoRanker__TwoPhase.bpl_Iteration1_Loop_3-pieceTemplate.smt2	3	M	1.508	2564
QF_NRA_LassoRanker__TwoPhase.bpl_Iteration1_Loop_3-pieceTemplate.smt2	3	A	1.14208	2564
QF_NRA_LassoRanker__TwoPhase.bpl_Iteration1_Loop_3-pieceTemplate.smt2	3	B	1.52742	2564
QF_NRA_LassoRanker__fun4.t2.c_Iteration1_Loop_4-pieceTemplate.smt2	3	M	0.015041	8
QF_NRA_LassoRanker__fun4.t2.c_Iteration1_Loop_4-pieceTemplate.smt2	3	A	0.014917	8
QF_NRA_LassoRanker__fun4.t2.c_Iteration1_Loop_4-pieceTemplate.smt2	3	B	0.018416	8
QF_NRA_LassoRanker__fun4.t2.c_Iteration1_Loop_4-pieceTemplate.smt2	3	C	0.013999	8
QF_NRA_LassoRanker__nested.t2.c_Iteration4_Loop_4-pieceTemplate.smt2	3	A	0.027792	42
QF_NRA_LassoRanker__nested.t2.c_Iteration4_Loop_4-pieceTemplate.smt2	3	B	0.043834	42
QF_NRA_LassoRanker__nested.t2.c_Iteration4_Loop_4-pieceTemplate.smt2	3	C	0.030085	42
QF_NRA_LassoRanker__nested.t2.c_Iteration4_Loop_4-pieceTemplate.smt2	3	M	0.041375	42
QF_NRA_UltimateAutomizer__InVarSynth_StructPositiveSum-Safe.c_Iteration2_0.smt2	3	B	0.150625	238
QF_NRA_UltimateAutomizer__InVarSynth_StructPositiveSum-Safe.c_Iteration2_0.smt2	3	C	0.113669	238
QF_NRA_UltimateAutomizer__InVarSynth_StructPositiveSum-Safe.c_Iteration2_0.smt2	3	M	0.154	238
QF_NRA_UltimateAutomizer__InVarSynth_StructPositiveSum-Safe.c_Iteration2_0.smt2	3	A	0.107165	238
QF_NRA_hycomp__ball_count_1d_plain.02.seq_lazy_linear_enc_lemmas_global_8.smt2	3	C	0.022502	26
QF_NRA_hycomp__ball_count_1d_plain.02.seq_lazy_linear_enc_lemmas_global_8.smt2	3	M	0.028126	26
QF_NRA_hycomp__ball_count_1d_plain.02.seq_lazy_linear_enc_lemmas_global_8.smt2	3	A	0.020543	26
QF_NRA_hycomp__ball_count_1d_plain.02.seq_lazy_linear_enc_lemmas_global_8.smt2	3	B	0.028708	26
QF_NRA_hycomp__ball_count_1d_plain.03.seq_lazy_linear_enc_global_10.smt2	3	M	0.286832	356
QF_NRA_hycomp__ball_count_1d_plain.03.seq_lazy_linear_enc_global_10.smt2	3	A	0.138968	356
QF_NRA_hycomp__ball_count_1d_plain.03.seq_lazy_linear_enc_global_10.smt2	3	B	0.207542	356
QF_NRA_hycomp__ball_count_1d_plain.03.seq_lazy_linear_enc_global_10.smt2	3	C	0.148168	356
QF_NRA_hycomp__ball_count_1d_plain.04.redlog_global_6.smt2	3	A	3.5924	3162
QF_NRA_hycomp__ball_count_1d_plain.04.redlog_global_6.smt2	3	B	4.08676	3162
QF_NRA_hycomp__ball_count_1d_plain.04.redlog_global_6.smt2	3	C	3.6528	3162
QF_NRA_hycomp__ball_count_1d_plain.04.redlog_global_6.smt2	3	M	3.17341	3162
QF_NRA_hycomp__ball_count_1d_plain.04.seq_lazy_linear_enc_lemmas_global_12.smt2	3	B	1.37536	1894
QF_NRA_hycomp__ball_count_1d_plain.04.seq_lazy_linear_enc_lemmas_global_12.smt2	3	C	1.04116	1894
QF_NRA_hycomp__ball_count_1d_plain.04.seq_lazy_linear_enc_lemmas_global_12.smt2	3	M	1.54477	1894
QF_NRA_hycomp__ball_count_1d_plain.04.seq_lazy_linear_enc_lemmas_global_12.smt2	3	A	0.991616	1894
QF_NRA_hycomp__ball_count_2d_hill_simple.01.seq_lazy_global_14.smt2	3	C	0.008542	10
QF_NRA_hycomp__ball_count_2d_hill_simple.01.seq_lazy_global_14.smt2	3	M	0.012206	10
QF_NRA_hycomp__ball_count_2d_hill_simple.01.seq_lazy_global_14.smt2	3	A	0.009251	10
QF_NRA_hycomp__ball_count_2d_hill_simple.01.seq_lazy_global_14.smt2	3	B	0.011291	10
QF_NRA_hycomp__ball_count_2d_hill_simple.02.seq_lazy_lemmas_global_14.smt2	3	M	0.113666	178
QF_NRA_hycomp__ball_count_2d_hill_simple.02.seq_lazy_lemmas_global_14.smt2	3	A	0.064422	178
QF_NRA_hycomp__ball_count_2d_hill_simple.02.seq_lazy_lemmas_global_14.smt2	3	B	0.105951	178
QF_NRA_hycomp__ball_count_2d_hill_simple.02.seq_lazy_lemmas_global_14.smt2	3	C	0.071967	178
QF_NRA_hycomp__ball_count_2d_plain.03.seq_lazy_linear_enc_lemmas_global_4.smt2	3	A	0.549792	542
QF_NRA_hycomp__ball_count_2d_plain.03.seq_lazy_linear_enc_lemmas_global_4.smt2	3	B	0.643716	542
QF_NRA_hycomp__ball_count_2d_plain.03.seq_lazy_linear_enc_lemmas_global_4.smt2	3	C	0.59412	542
QF_NRA_hycomp__ball_count_2d_plain.03.seq_lazy_linear_enc_lemmas_global_4.smt2	3	M	0.420587	542
QF_NRA_hycomp__ball_count_2d_plain.05.seq_lazy_linear_enc_global_14.smt2	3	B	7.97223	8642
QF_NRA_hycomp__ball_count_2d_plain.05.seq_lazy_linear_enc_global_14.smt2	3	C	6.86605	8642
QF_NRA_hycomp__ball_count_2d_plain.05.seq_lazy_linear_enc_global_14.smt2	3	M	5.66741	8642
QF_NRA_hycomp__ball_count_2d_plain.05.seq_lazy_linear_enc_global_14.smt2	3	A	6.73651	8642
QF_NRA_hycomp__ball_count_2d_plain.10.redlog_global_4.smt2	3	C	0.042669	24
QF_NRA_hycomp__ball_count_2d_plain.10.redlog_global_4.smt2	3	M	0.046461	24
QF_NRA_hycomp__ball_count_2d_plain.10.redlog_global_4.smt2	3	A	0.041461	24
QF_NRA_hycomp__ball_count_2d_plain.10.redlog_global_4.smt2	3	B	0.053709	24
QF_NRA_hycomp__ball_count_2d_slope.03.seq_lazy_lemmas_global_6.smt2	3	M	4.29381	2434
QF_NRA_hycomp__ball_count_2d_slope.03.seq_lazy_lemmas_global_6.smt2	3	A	6.54318	2434
QF_NRA_hycomp__ball_count_2d_slope.03.seq_lazy_lemmas_global_6.smt2	3	B	6.86871	2434
QF_NRA_hycomp__ball_count_2d_slope.03.seq_lazy_lemmas_global_6.smt2	3	C	7.14291	2434
QF_NRA_hycomp__ball_count_2d_slope.04.seq_lazy_linear_enc_global_8.smt2	3	A	0.02604	17
QF_NRA_hycomp__ball_count_2d_slope.04.seq_lazy_linear_enc_global_8.smt2	3	B	0.033792	17
QF_NRA_hycomp__ball_count_2d_slope.04.seq_lazy_linear_enc_global_8.smt2	3	C	0.028874	17
QF_NRA_hycomp__ball_count_2d_slope.04.seq_lazy_linear_enc_global_8.smt2	3	M	0.022332	17
QF_NRA_hycomp__etcs_braking_2.01.seq_lazy_linear_enc_global_15.smt2	3	B	2.74708	629
QF_NRA_hycomp__etcs_braking_2.01.seq_lazy_linear_enc_global_15.smt2	3	C	2.56208	629
QF_NRA_hycomp__etcs_braking_2.01.seq_lazy_linear_enc_global_15.smt2	3	M	1.72963	629
QF_NRA_hycomp__etcs_braking_2.01.seq_lazy_linear_enc_global_15.smt2	3	A	2.61837	629
QF_NRA_hycomp__simple_ballistics_reach.01.seq_lazy_global_15.smt2	3	C	4.36181	1545
QF_NRA_hycomp__simple_ballistics_reach.01.seq_lazy_global_15.smt2	3	M	3.0595	1545
QF_NRA_hycomp__simple_ballistics_reach.01.seq_lazy_global_15.smt2	3	A	4.26066	1545
QF_NRA_hycomp__simple_ballistics_reach.01.seq_lazy_global_15.smt2	3	B	4.98335	1545
QF_NRA_hycomp__simple_ballistics_reach.01.seq_lazy_linear_enc_lemmas_global_9.smt2	3	M	3.18059	743
QF_NRA_hycomp__simple_ballistics_reach.01.seq_lazy_linear_enc_lemmas_global_9.smt2	3	A	4.41183	743
QF_NRA_hycomp__simple_ballistics_reach.01.seq_lazy_linear_enc_lemmas_global_9.smt2	3	B	4.50671	743
QF_NRA_hycomp__simple_ballistics_reach.01.seq_lazy_linear_enc_lemmas_global_9.smt2	3	C	4.39745	743
QF_NRA_meti-tarski__CMOS-opamp-chunk-0029.smt2	3	A	0.005417	0
QF_NRA_meti-tarski__CMOS-opamp-chunk-0029.smt2	3	B	0.006375	0
QF_NRA_meti-tarski__CMOS-opamp-chunk-0029.smt2	3	C	0.005458	0
QF_NRA_meti-tarski__CMOS-opamp-chunk-0029.smt2	3	M	0.005375	0
QF_NRA_meti-tarski__CMOS-opamp-chunk-0071.smt2	3	B	0.014125	4
QF_NRA_meti-tarski__CMOS-opamp-chunk-0071.smt2	3	C	0.01225	4
QF_NRA_meti-tarski__CMOS-opamp-chunk-0071.smt2	3	M	0.011375	4
QF_NRA_meti-tarski__CMOS-opamp-chunk-0071.smt2	3	A	0.011292	4
QF_NRA_meti-tarski__CMOS-opamp-chunk-0269.smt2	3	C	0.041416	4
QF_NRA_meti-tarski__CMOS-opamp-chunk-0269.smt2	3	M	0.021374	4
QF_NRA_meti-tarski__CMOS-opamp-chunk-0269.smt2	3	A	0.040708	4
QF_NRA_meti-tarski__CMOS-opamp-chunk-0269.smt2	3	B	0.045626	4
QF_NRA_meti-tarski__CMOS-opamp-chunk-0285.smt2	3	M	0.010792	4
QF_NRA_meti-tarski__CMOS-opamp-chunk-0285.smt2	3	A	0.011417	4
QF_NRA_meti-tarski__CMOS-opamp-chunk-0285.smt2	3	B	0.014209	4
QF_NRA_meti-tarski__CMOS-opamp-chunk-0285.smt2	3	C	0.011876	4
QF_NRA_meti-tarski__Chua-1-VC1-L-chunk-0135.smt2	3	A	0.0055	0
QF_NRA_meti-tarski__Chua-1-VC1-L-chunk-0135.smt2	3	B	0.00625	0
QF_NRA_meti-tarski__Chua-1-VC1-L-chunk-0135.smt2	3	C	0.005375	0
QF_NRA_meti-tarski__Chua-1-VC1-L-chunk-0135.smt2	3	M	0.004625	0
QF_NRA_meti-tarski__Chua-2-IL-U-chunk-0022.smt2	3	B	0.029707	3
QF_NRA_meti-tarski__Chua-2-IL-U-chunk-0022.smt2	3	C	0.024583	3
QF_NRA_meti-tarski__Chua-2-IL-U-chunk-0022.smt2	3	M	0.014959	3
QF_NRA_meti-tarski__Chua-2-IL-U-chunk-0022.smt2	3	A	0.024083	3
QF_NRA_meti-tarski__Chua-2-IL-U-chunk-0039.smt2	3	C	0.007792	1
QF_NRA_meti-tarski__Chua-2-IL-U-chunk-0039.smt2	3	M	0.008333	1
QF_NRA_meti-tarski__Chua-2-IL-U-chunk-0039.smt2	3	A	0.007625	1
QF_NRA_meti-tarski__Chua-2-IL-U-chunk-0039.smt2	3	B	0.008292	1
QF_NRA_meti-tarski__Chua-2-IL-U-chunk-0099.smt2	3	M	0.017917	2
QF_NRA_meti-tarski__Chua-2-IL-U-chunk-0099.smt2	3	A	0.0395	2
QF_NRA_meti-tarski__Chua-2-IL-U-chunk-0099.smt2	3	B	0.040083	2
QF_NRA_meti-tarski__Chua-2-IL-U-chunk-0099.smt2	3	C	0.03675	2
QF_NRA_meti-tarski__Chua-2-VC1-U-chunk-0123.smt2	3	A	0.236083	6
QF_NRA_meti-tarski__Chua-2-VC1-U-chunk-0123.smt2	3	B	0.245167	6
QF_NRA_meti-tarski__Chua-2-VC1-U-chunk-0123.smt2	3	C	0.244584	6
QF_NRA_meti-tarski__Chua-2-VC1-U-chunk-0123.smt2	3	M	0.115708	6
QF_NRA_meti-tarski__Chua-2-VC2-U-chunk-0108.smt2	3	B	0.037667	2
QF_NRA_meti-tarski__Chua-2-VC2-U-chunk-0108.smt2	3	C	0.035792	2
QF_NRA_meti-tarski__Chua-2-VC2-U-chunk-0108.smt2	3	M	0.016375	2
QF_NRA_meti-tarski__Chua-2-VC2-U-chunk-0108.smt2	3	A	0.034666	2
QF_NRA_meti-tarski__Lyapunov1a-chunk-0036.smt2	3	C	0.022751	26
QF_NRA_meti-tarski__Lyapunov1a-chunk-0036.smt2	3	M	0.029708	26
QF_NRA_meti-tarski__Lyapunov1a-chunk-0036.smt2	3	A	0.020625	26
QF_NRA_meti-tarski__Lyapunov1a-chunk-0036.smt2	3	B	0.03054	26
QF_NRA_meti-tarski__Nichols-Plot-Inverted-Pendulum-Fails-1-6-chunk-0034.smt2	3	M	0.010626	4
QF_NRA_meti-tarski__Nichols-Plot-Inverted-Pendulum-Fails-1-6-chunk-0034.smt2	3	A	0.016459	4
QF_NRA_meti-tarski__Nichols-Plot-Inverted-Pendulum-Fails-1-6-chunk-0034.smt2	3	B	0.018083	4
QF_NRA_meti-tarski__Nichols-Plot-Inverted-Pendulum-Fails-1-6-chunk-0034.smt2	3	C	0.017083	4
QF_NRA_meti-tarski__Nichols-Plot-Inverted-Pendulum-Fails-1-6-chunk-0234.smt2	3	A	0.01075	2
QF_NRA_meti-tarski__Nichols-Plot-Inverted-Pendulum-Fails-1-6-chunk-0234.smt2	3	B	0.012958	2
QF_NRA_meti-tarski__Nichols-Plot-Inverted-Pendulum-Fails-1-6-chunk-0234.smt2	3	C	0.011376	2
QF_NRA_meti-tarski__Nichols-Plot-Inverted-Pendulum-Fails-1-6-chunk-0234.smt2	3	M	0.008916	2
QF_NRA_meti-tarski__asin-8-vars4-chunk-0029.smt2	3	B	0.01625	8
QF_NRA_meti-tarski__asin-8-vars4-chunk-0029.smt2	3	C	0.014208	8
QF_NRA_meti-tarski__asin-8-vars4-chunk-0029.smt2	3	M	0.014124	8
QF_NRA_meti-tarski__asin-8-vars4-chunk-0029.smt2	3	A	0.013709	8
QF_NRA_meti-tarski__atan-problem-1-chunk-0032.smt2	3	C	0.008709	8
QF_NRA_meti-tarski__atan-problem-1-chunk-0032.smt2	3	M	0.010042	8
QF_NRA_meti-tarski__atan-problem-1-chunk-0032.smt2	3	A	0.008376	8
QF_NRA_meti-tarski__atan-problem-1-chunk-0032.smt2	3	B	0.010416	8
QF_NRA_meti-tarski__atan-problem-1-chunk-0087.smt2	3	M	0.023794	20
QF_NRA_meti-tarski__atan-problem-1-chunk-0087.smt2	3	A	0.020543	20
QF_NRA_meti-tarski__atan-problem-1-chunk-0087.smt2	3	B	0.029165	20
QF_NRA_meti-tarski__atan-problem-1-chunk-0087.smt2	3	C	0.021415	20
QF_NRA_meti-tarski__atan-problem-2-chunk-0101.smt2	3	A	0.007542	6
QF_NRA_meti-tarski__atan-problem-2-chunk-0101.smt2	3	B	0.009667	6
QF_NRA_meti-tarski__atan-problem-2-chunk-0101.smt2	3	C	0.007958	6
QF_NRA_meti-tarski__atan-problem-2-chunk-0101.smt2	3	M	0.008709	6
QF_NRA_meti-tarski__atan-problem-2-chunk-0107.smt2	3	B	0.006083	0
QF_NRA_meti-tarski__atan-problem-2-chunk-0107.smt2	3	C	0.005459	0
QF_NRA_meti-tarski__atan-problem-2-chunk-0107.smt2	3	M	0.004167	0
QF_NRA_meti-tarski__atan-problem-2-chunk-0107.smt2	3	A	0.005125	0
QF_NRA_meti-tarski__atan-problem-2-weak-chunk-0061.smt2	3	C	0.005417	0
QF_NRA_meti-tarski__atan-problem-2-weak-chunk-0061.smt2	3	M	0.004625	0
QF_NRA_meti-tarski__atan-problem-2-weak-chunk-0061.smt2	3	A	0.005208	0
QF_NRA_meti-tarski__atan-problem-2-weak-chunk-0061.smt2	3	B	0.00625	0
QF_NRA_meti-tarski__atan-problem-2-weak-chunk-0100.smt2	3	M	0.009458	4
QF_NRA_meti-tarski__atan-problem-2-weak-chunk-0100.smt2	3	A	0.007874	4
QF_NRA_meti-tarski__atan-problem-2-weak-chunk-0100.smt2	3	B	0.009749	4
QF_NRA_meti-tarski__atan-problem-2-weak-chunk-0100.smt2	3	C	0.00775	4
QF_NRA_meti-tarski__atan-problem-2-weak-chunk-0225.smt2	3	A	0.005209	0
QF_NRA_meti-tarski__atan-problem-2-weak-chunk-0225.smt2	3	B	0.006125	0
QF_NRA_meti-tarski__atan-problem-2-weak-chunk-0225.smt2	3	C	0.005541	0
QF_NRA_meti-tarski__atan-problem-2-weak-chunk-0225.smt2	3	M	0.004625	0
QF_NRA_meti-tarski__atan-problem-2-weakT-chunk-0054.smt2	3	B	0.008083	2
QF_NRA_meti-tarski__atan-problem-2-weakT-chunk-0054.smt2	3	C	0.006791	2
QF_NRA_meti-tarski__atan-problem-2-weakT-chunk-0054.smt2	3	M	0.007541	2
QF_NRA_meti-tarski__atan-problem-2-weakT-chunk-0054.smt2	3	A	0.006542	2
QF_NRA_meti-tarski__atan-vega-3-chunk-0434.smt2	3	C	0.0055	0
QF_NRA_meti-tarski__atan-vega-3-chunk-0434.smt2	3	M	0.006125	0
QF_NRA_meti-tarski__atan-vega-3-chunk-0434.smt2	3	A	0.005083	0
QF_NRA_meti-tarski__atan-vega-3-chunk-0434.smt2	3	B	0.005875	0
QF_NRA_meti-tarski__atan-vega-3-chunk-0489.smt2	3	M	0.004416	0
QF_NRA_meti-tarski__atan-vega-3-chunk-0489.smt2	3	A	0.00725	0
QF_NRA_meti-tarski__atan-vega-3-chunk-0489.smt2	3	B	0.007959	0
QF_NRA_meti-tarski__atan-vega-3-chunk-0489.smt2	3	C	0.006167	0
QF_NRA_meti-tarski__atan-vega-3-chunk-0640.smt2	3	A	0.005333	0
QF_NRA_meti-tarski__atan-vega-3-chunk-0640.smt2	3	B	0.006	0
QF_NRA_meti-tarski__atan-vega-3-chunk-0640.smt2	3	C	0.005208	0
QF_NRA_meti-tarski__atan-vega-3-chunk-0640.smt2	3	M	0.006166	0
QF_NRA_meti-tarski__atan-vega-3-weak-chunk-0195.smt2	3	B	0.006208	0
QF_NRA_meti-tarski__atan-vega-3-weak-chunk-0195.smt2	3	C	0.005417	0
QF_NRA_meti-tarski__atan-vega-3-weak-chunk-0195.smt2	3	M	0.006209	0
QF_NRA_meti-tarski__atan-vega-3-weak-chunk-0195.smt2	3	A	0.005333	0
QF_NRA_meti-tarski__atan-vega-3-weak-chunk-0243.smt2	3	C	0.005334	0
QF_NRA_meti-tarski__atan-vega-3-weak-chunk-0243.smt2	3	M	0.004417	0
QF_NRA_meti-tarski__atan-vega-3-weak-chunk-0243.smt2	3	A	0.005125	0
QF_NRA_meti-tarski__atan-vega-3-weak-chunk-0243.smt2	3	B	0.006041	0
QF_NRA_meti-tarski__atan-vega-3-weak-chunk-0360.smt2	3	M	0.006625	0
QF_NRA_meti-tarski__atan-vega-3-weak-chunk-0360.smt2	3	A	0.005333	0
QF_NRA_meti-tarski__atan-vega-3-weak-chunk-0360.smt2	3	B	0.006333	0
QF_NRA_meti-tarski__atan-vega-3-weak-chunk-0360.smt2	3	C	0.005208	0
QF_NRA_meti-tarski__atan-vega-3-weak-chunk-0435.smt2	3	A	0.024291	3
QF_NRA_meti-tarski__atan-vega-3-weak-chunk-0435.smt2	3	B	0.024583	3
QF_NRA_meti-tarski__atan-vega-3-weak-chunk-0435.smt2	3	C	0.022624	3
QF_NRA_meti-tarski__atan-vega-3-weak-chunk-0435.smt2	3	M	0.014874	3
QF_NRA_meti-tarski__atan-vega-3-weak-chunk-0622.smt2	3	B	0.008333	0
QF_NRA_meti-tarski__atan-vega-3-weak-chunk-0622.smt2	3	C	0.007583	0
QF_NRA_meti-tarski__atan-vega-3-weak-chunk-0622.smt2	3	M	0.00475	0
QF_NRA_meti-tarski__atan-vega-3-weak-chunk-0622.smt2	3	A	0.006375	0
QF_NRA_meti-tarski__exp-problem-10-2-chunk-0145.smt2	3	C	0.005292	0
QF_NRA_meti-tarski__exp-problem-10-2-chunk-0145.smt2	3	M	0.006667	0
QF_NRA_meti-tarski__exp-problem-10-2-chunk-0145.smt2	3	A	0.005417	0
QF_NRA_meti-tarski__exp-problem-10-2-chunk-0145.smt2	3	B	0.006208	0
QF_NRA_meti-tarski__exp-problem-10-2-chunk-0295.smt2	3	M	0.012375	7
QF_NRA_meti-tarski__exp-problem-10-2-chunk-0295.smt2	3	A	0.009083	7
QF_NRA_meti-tarski__exp-problem-10-2-chunk-0295.smt2	3	B	0.011375	7
QF_NRA_meti-tarski__exp-problem-10-2-chunk-0295.smt2	3	C	0.008916	7
QF_NRA_meti-tarski__exp-problem-10-3-chunk-0187.smt2	3	A	0.006208	1
QF_NRA_meti-tarski__exp-problem-10-3-chunk-0187.smt2	3	B	0.007125	1
QF_NRA_meti-tarski__exp-problem-10-3-chunk-0187.smt2	3	C	0.006125	1
QF_NRA_meti-tarski__exp-problem-10-3-chunk-0187.smt2	3	M	0.008042	1
QF_NRA_meti-tarski__exp-problem-10-3-weak-chunk-0042.smt2	3	B	0.015042	1
QF_NRA_meti-tarski__exp-problem-10-3-weak-chunk-0042.smt2	3	C	0.015083	1
QF_NRA_meti-tarski__exp-problem-10-3-weak-chunk-0042.smt2	3	M	0.009417	1
QF_NRA_meti-tarski__exp-problem-10-3-weak-chunk-0042.smt2	3	A	0.014083	1
QF_NRA_meti-tarski__exp-problem-10-3-weak-chunk-0129.smt2	3	C	0.007249	1
QF_NRA_meti-tarski__exp-problem-10-3-weak-chunk-0129.smt2	3	M	0.010251	1
QF_NRA_meti-tarski__exp-problem-10-3-weak-chunk-0129.smt2	3	A	0.006458	1
QF_NRA_meti-tarski__exp-problem-10-3-weak-chunk-0129.smt2	3	B	0.008792	1
QF_NRA_meti-tarski__polypaver-bench-sqrt-3d-chunk-0407.smt2	3	M	0.006042	2
QF_NRA_meti-tarski__polypaver-bench-sqrt-3d-chunk-0407.smt2	3	A	0.011125	2
QF_NRA_meti-tarski__polypaver-bench-sqrt-3d-chunk-0407.smt2	3	B	0.010625	2
QF_NRA_meti-tarski__polypaver-bench-sqrt-3d-chunk-0407.smt2	3	C	0.0095	2
QF_NRA_meti-tarski__polypaver-bench-sqrt-3d-chunk-0437.smt2	3	A	0.043542	14
QF_NRA_meti-tarski__polypaver-bench-sqrt-3d-chunk-0437.smt2	3	B	0.047544	14
QF_NRA_meti-tarski__polypaver-bench-sqrt-3d-chunk-0437.smt2	3	C	0.043042	14
QF_NRA_meti-tarski__polypaver-bench-sqrt-3d-chunk-0437.smt2	3	M	0.028791	14
QF_NRA_meti-tarski__polypaver-bench-sqrt-3d-chunk-0469.smt2	3	B	0.014541	8
QF_NRA_meti-tarski__polypaver-bench-sqrt-3d-chunk-0469.smt2	3	C	0.011959	8
QF_NRA_meti-tarski__polypaver-bench-sqrt-3d-chunk-0469.smt2	3	M	0.011208	8
QF_NRA_meti-tarski__polypaver-bench-sqrt-3d-chunk-0469.smt2	3	A	0.011542	8
QF_NRA_meti-tarski__sin-344-3-chunk-0046.smt2	3	C	0.006208	1
QF_NRA_meti-tarski__sin-344-3-chunk-0046.smt2	3	M	0.007167	1
QF_NRA_meti-tarski__sin-344-3-chunk-0046.smt2	3	A	0.005958	1
QF_NRA_meti-tarski__sin-344-3-chunk-0046.smt2	3	B	0.007125	1
QF_NRA_meti-tarski__sin-cos-346-b-chunk-0119.smt2	3	M	0.053209	6
QF_NRA_meti-tarski__sin-cos-346-b-chunk-0119.smt2	3	A	0.078625	6
QF_NRA_meti-tarski__sin-cos-346-b-chunk-0119.smt2	3	B	0.07675	6
QF_NRA_meti-tarski__sin-cos-346-b-chunk-0119.smt2	3	C	0.073458	6
QF_NRA_meti-tarski__sin-cos-346-b-chunk-0350.smt2	3	A	0.008417	2
QF_NRA_meti-tarski__sin-cos-346-b-chunk-0350.smt2	3	B	0.009625	2
QF_NRA_meti-tarski__sin-cos-346-b-chunk-0350.smt2	3	C	0.008292	2
QF_NRA_meti-tarski__sin-cos-346-b-chunk-0350.smt2	3	M	0.007167	2
QF_NRA_meti-tarski__sin-cos-346-b-chunk-0458.smt2	3	B	0.007459	2
QF_NRA_meti-tarski__sin-cos-346-b-chunk-0458.smt2	3	C	0.006875	2
QF_NRA_meti-tarski__sin-cos-346-b-chunk-0458.smt2	3	M	0.007208	2
QF_NRA_meti-tarski__sin-cos-346-b-chunk-0458.smt2	3	A	0.006583	2
QF_NRA_meti-tarski__sin-cos-346-b-chunk-0479.smt2	3	C	0.024084	2
QF_NRA_meti-tarski__sin-cos-346-b-chunk-0479.smt2	3	M	0.015125	2
QF_NRA_meti-tarski__sin-cos-346-b-chunk-0479.smt2	3	A	0.02425	2
QF_NRA_meti-tarski__sin-cos-346-b-chunk-0479.smt2	3	B	0.02725	2
QF_NRA_meti-tarski__sin-cos-346-b-chunk-0505.smt2	3	M	0.007084	2
QF_NRA_meti-tarski__sin-cos-346-b-chunk-0505.smt2	3	A	0.006584	2
QF_NRA_meti-tarski__sin-cos-346-b-chunk-0505.smt2	3	B	0.007958	2
QF_NRA_meti-tarski__sin-cos-346-b-chunk-0505.smt2	3	C	0.006708	2
QF_NRA_meti-tarski__sin-cos-346-b-chunk-0515.smt2	3	A	0.029333	6
QF_NRA_meti-tarski__sin-cos-346-b-chunk-0515.smt2	3	B	0.03325	6
QF_NRA_meti-tarski__sin-cos-346-b-chunk-0515.smt2	3	C	0.030208	6
QF_NRA_meti-tarski__sin-cos-346-b-chunk-0515.smt2	3	M	0.018874	6
QF_NRA_meti-tarski__sin-cos-346-b-chunk-0593.smt2	3	B	0.020042	2
QF_NRA_meti-tarski__sin-cos-346-b-chunk-0593.smt2	3	C	0.01825	2
QF_NRA_meti-tarski__sin-cos-346-b-chunk-0593.smt2	3	M	0.011916	2
QF_NRA_meti-tarski__sin-cos-346-b-chunk-0593.smt2	3	A	0.017875	2
QF_NRA_meti-tarski__sin-problem-7-chunk-0017.smt2	3	C	0.006375	2
QF_NRA_meti-tarski__sin-problem-7-chunk-0017.smt2	3	M	0.005666	2
QF_NRA_meti-tarski__sin-problem-7-chunk-0017.smt2	3	A	0.006166	2
QF_NRA_meti-tarski__sin-problem-7-chunk-0017.smt2	3	B	0.006958	2
QF_NRA_meti-tarski__sin-problem-7-chunk-0125.smt2	3	M	0.011584	8
QF_NRA_meti-tarski__sin-problem-7-chunk-0125.smt2	3	A	0.021666	8
QF_NRA_meti-tarski__sin-problem-7-chunk-0125.smt2	3	B	0.028583	8
QF_NRA_meti-tarski__sin-problem-7-chunk-0125.smt2	3	C	0.021708	8
QF_NRA_meti-tarski__sin-problem-7-chunk-0264.smt2	3	A	0.192959	20
QF_NRA_meti-tarski__sin-problem-7-chunk-0264.smt2	3	B	0.202585	20
QF_NRA_meti-tarski__sin-problem-7-chunk-0264.smt2	3	C	0.194167	20
QF_NRA_meti-tarski__sin-problem-7-chunk-0264.smt2	3	M	0.22804	20
QF_NRA_meti-tarski__sin-problem-7-weak2-chunk-0113.smt2	3	B	0.236498	24
QF_NRA_meti-tarski__sin-problem-7-weak2-chunk-0113.smt2	3	C	0.229167	24
QF_NRA_meti-tarski__sin-problem-7-weak2-chunk-0113.smt2	3	M	0.102833	24
QF_NRA_meti-tarski__sin-problem-7-weak2-chunk-0113.smt2	3	A	0.23679	24
QF_NRA_meti-tarski__sqrt-1mcosq-7-chunk-0023.smt2	3	C	0.006417	2
QF_NRA_meti-tarski__sqrt-1mcosq-7-chunk-0023.smt2	3	M	0.006292	2
QF_NRA_meti-tarski__sqrt-1mcosq-7-chunk-0023.smt2	3	A	0.006375	2
QF_NRA_meti-tarski__sqrt-1mcosq-7-chunk-0023.smt2	3	B	0.007	2
QF_NRA_meti-tarski__sqrt-1mcosq-7-chunk-0094.smt2	3	M	0.012042	4
QF_NRA_meti-tarski__sqrt-1mcosq-7-chunk-0094.smt2	3	A	0.019666	4
QF_NRA_meti-tarski__sqrt-1mcosq-7-chunk-0094.smt2	3	B	0.021333	4
QF_NRA_meti-tarski__sqrt-1mcosq-7-chunk-0094.smt2	3	C	0.018417	4
QF_NRA_meti-tarski__sqrt-1mcosq-7-chunk-0190.smt2	3	A	0.142292	24
QF_NRA_meti-tarski__sqrt-1mcosq-7-chunk-0190.smt2	3	B	0.153915	24
QF_NRA_meti-tarski__sqrt-1mcosq-7-chunk-0190.smt2	3	C	0.146417	24
QF_NRA_meti-tarski__sqrt-1mcosq-7-chunk-0190.smt2	3	M	0.069084	24
QF_NRA_meti-tarski__sqrt-1mcosq-8-chunk-0045.smt2	3	B	0.006666	2
QF_NRA_meti-tarski__sqrt-1mcosq-8-chunk-0045.smt2	3	C	0.006416	2
QF_NRA_meti-tarski__sqrt-1mcosq-8-chunk-0045.smt2	3	M	0.006167	2
QF_NRA_meti-tarski__sqrt-1mcosq-8-chunk-0045.smt2	3	A	0.006291	2
QF_NRA_meti-tarski__sqrt-1mcosq-8-chunk-0092.smt2	3	C	0.024833	4
QF_NRA_meti-tarski__sqrt-1mcosq-8-chunk-0092.smt2	3	M	0.015583	4
QF_NRA_meti-tarski__sqrt-1mcosq-8-chunk-0092.smt2	3	A	0.020917	4
QF_NRA_meti-tarski__sqrt-1mcosq-8-chunk-0092.smt2	3	B	0.0265	4
QF_NRA_meti-tarski__sqrt-1mcosq-8-chunk-0116.smt2	3	M	0.050791	6
QF_NRA_meti-tarski__sqrt-1mcosq-8-chunk-0116.smt2	3	A	0.08904	6
QF_NRA_meti-tarski__sqrt-1mcosq-8-chunk-0116.smt2	3	B	0.100207	6
QF_NRA_meti-tarski__sqrt-1mcosq-8-chunk-0116.smt2	3	C	0.096292	6
QF_NRA_meti-tarski__sqrt-1mcosq-8-chunk-0130.smt2	3	A	0.097792	4
QF_NRA_meti-tarski__sqrt-1mcosq-8-chunk-0130.smt2	3	B	0.099209	4
QF_NRA_meti-tarski__sqrt-1mcosq-8-chunk-0130.smt2	3	C	0.093833	4
QF_NRA_meti-tarski__sqrt-1mcosq-8-chunk-0130.smt2	3	M	0.0515	4
QF_NRA_meti-tarski__sqrt-1mcosq-8-chunk-0164.smt2	3	B	0.016833	2
QF_NRA_meti-tarski__sqrt-1mcosq-8-chunk-0164.smt2	3	C	0.016375	2
QF_NRA_meti-tarski__sqrt-1mcosq-8-chunk-0164.smt2	3	M	0.010166	2
QF_NRA_meti-tarski__sqrt-1mcosq-8-chunk-0164.smt2	3	A	0.015625	2
QF_NRA_meti-tarski__sqrt-1mcosq-8-chunk-0447.smt2	3	C	0.194209	6
QF_NRA_meti-tarski__sqrt-1mcosq-8-chunk-0447.smt2	3	M	0.26	6
QF_NRA_meti-tarski__sqrt-1mcosq-8-chunk-0447.smt2	3	A	0.188917	6
QF_NRA_meti-tarski__sqrt-1mcosq-8-chunk-0447.smt2	3	B	0.191667	6
QF_NRA_meti-tarski__sqrt-1mcosq-8-chunk-0531.smt2	3	M	0.010083	2
QF_NRA_meti-tarski__sqrt-1mcosq-8-chunk-0531.smt2	3	A	0.015375	2
QF_NRA_meti-tarski__sqrt-1mcosq-8-chunk-0531.smt2	3	B	0.016334	2
QF_NRA_meti-tarski__sqrt-1mcosq-8-chunk-0531.smt2	3	C	0.0155	2
QF_NRA_meti-tarski__sqrt-1mcosq-8-chunk-0674.smt2	3	A	0.186917	6
QF_NRA_meti-tarski__sqrt-1mcosq-8-chunk-0674.smt2	3	B	0.207416	6
QF_NRA_meti-tarski__sqrt-1mcosq-8-chunk-0674.smt2	3	C	0.187083	6
QF_NRA_meti-tarski__sqrt-1mcosq-8-chunk-0674.smt2	3	M	0.262459	6
QF_NRA_meti-tarski__sqrt-problem-12vars3-chunk-0033.smt2	3	B	0.007583	2
QF_NRA_meti-tarski__sqrt-problem-12vars3-chunk-0033.smt2	3	C	0.00625	2
QF_NRA_meti-tarski__sqrt-problem-12vars3-chunk-0033.smt2	3	M	0.006208	2
QF_NRA_meti-tarski__sqrt-problem-12vars3-chunk-0033.smt2	3	A	0.006375	2
QF_NRA_meti-tarski__sqrt-problem-13-sqrt1-chunk-0051.smt2	3	C	0.006584	2
QF_NRA_meti-tarski__sqrt-problem-13-sqrt1-chunk-0051.smt2	3	M	0.005666	2
QF_NRA_meti-tarski__sqrt-problem-13-sqrt1-chunk-0051.smt2	3	A	0.006541	2
QF_NRA_meti-tarski__sqrt-problem-13-sqrt1-chunk-0051.smt2	3	B	0.007375	2
QF_NRA_meti-tarski__sqrt-problem-Melquiond2-chunk-0041.smt2	3	M	0.015082	8
QF_NRA_meti-tarski__sqrt-problem-Melquiond2-chunk-0041.smt2	3	A	0.025042	8
QF_NRA_meti-tarski__sqrt-problem-Melquiond2-chunk-0041.smt2	3	B	0.025792	8
QF_NRA_meti-tarski__sqrt-problem-Melquiond2-chunk-0041.smt2	3	C	0.025584	8
QF_NRA_zankl__matrix-1-all-41.smt2	3	A	0.015085	12
QF_NRA_zankl__matrix-1-all-41.smt2	3	B	0.016416	12
QF_NRA_zankl__matrix-1-all-41.smt2	3	C	0.013667	12
QF_NRA_zankl__matrix-1-all-41.smt2	3	M	0.014667	12
QF_NRA_zankl__matrix-3-all-16.smt2	3	B	0.007334	2
QF_NRA_zankl__matrix-3-all-16.smt2	3	C	0.006542	2
QF_NRA_zankl__matrix-3-all-16.smt2	3	M	0.00775	2
QF_NRA_zankl__matrix-3-all-16.smt2	3	A	0.00625	2
QF_NRA_zankl__matrix-3-all-17.smt2	3	C	0.00725	2
QF_NRA_zankl__matrix-3-all-17.smt2	3	M	0.007834	2
QF_NRA_zankl__matrix-3-all-17.smt2	3	A	0.007041	2
QF_NRA_zankl__matrix-3-all-17.smt2	3	B	0.007876	2
QF_NRA_zankl__matrix-4-all-21.smt2	3	M	0.009792	4
QF_NRA_zankl__matrix-4-all-21.smt2	3	A	0.007958	4
QF_NRA_zankl__matrix-4-all-21.smt2	3	B	0.010667	4
QF_NRA_zankl__matrix-4-all-21.smt2	3	C	0.008874	4
QF_NRA_zankl__matrix-4-all-22.smt2	3	A	0.006333	2
QF_NRA_zankl__matrix-4-all-22.smt2	3	B	0.007292	2
QF_NRA_zankl__matrix-4-all-22.smt2	3	C	0.005834	2
QF_NRA_zankl__matrix-4-all-22.smt2	3	M	0.006125	2
AUFNIRA_nasa__cl5_nebula_norm_0017.fof.smt2	4	A	0.011918	4
AUFNIRA_nasa__cl5_nebula_norm_0017.fof.smt2	4	B	0.013499	4
AUFNIRA_nasa__cl5_nebula_norm_0017.fof.smt2	4	C	0.01125	4
AUFNIRA_nasa__cl5_nebula_norm_0017.fof.smt2	4	M	0.011791	4
AUFNIRA_nasa__cl5_nebula_norm_0067.fof.smt2	4	B	0.374462	344
AUFNIRA_nasa__cl5_nebula_norm_0067.fof.smt2	4	C	0.314252	344
AUFNIRA_nasa__cl5_nebula_norm_0067.fof.smt2	4	M	0.312583	344
AUFNIRA_nasa__cl5_nebula_norm_0067.fof.smt2	4	A	0.295177	344
NRA_20220222-cut-three-circles__cut-out-1.smt2	4	C	0.010666	6
NRA_20220222-cut-three-circles__cut-out-1.smt2	4	M	0.009541	6
NRA_20220222-cut-three-circles__cut-out-1.smt2	4	A	0.012959	6
NRA_20220222-cut-three-circles__cut-out-1.smt2	4	B	0.012791	6
NRA_20220222-cut-three-circles__cut-out-2.smt2	4	M	0.028083	34
NRA_20220222-cut-three-circles__cut-out-2.smt2	4	A	0.023874	34
NRA_20220222-cut-three-circles__cut-out-2.smt2	4	B	0.031544	34
NRA_20220222-cut-three-circles__cut-out-2.smt2	4	C	0.025503	34
QF_NIA_20170427-VeryMax__From_AProVE_2014__MainCopy.jar-obl-10__p10363_edge_closing_0.smt2	4	A	0.040586	70
QF_NIA_20170427-VeryMax__From_AProVE_2014__MainCopy.jar-obl-10__p10363_edge_closing_0.smt2	4	B	0.056958	70
QF_NIA_20170427-VeryMax__From_AProVE_2014__MainCopy.jar-obl-10__p10363_edge_closing_0.smt2	4	C	0.046671	70
QF_NIA_20170427-VeryMax__From_AProVE_2014__MainCopy.jar-obl-10__p10363_edge_closing_0.smt2	4	M	0.060872	70
QF_NIA_20170427-VeryMax__From_AProVE_2014__Test7.jar-obl-11__p12895_safety_0.smt2	4	B	0.107295	145
QF_NIA_20170427-VeryMax__From_AProVE_2014__Test7.jar-obl-11__p12895_safety_0.smt2	4	C	0.076956	145
QF_NIA_20170427-VeryMax__From_AProVE_2014__Test7.jar-obl-11__p12895_safety_0.smt2	4	M	0.122373	145
QF_NIA_20170427-VeryMax__From_AProVE_2014__Test7.jar-obl-11__p12895_safety_0.smt2	4	A	0.06771	145
QF_NIA_20170427-VeryMax__From_AProVE_2014__Velroyen08-factorial.jar-obl-8__p13794_terminationG_0.smt2	4	C	0.115746	204
QF_NIA_20170427-VeryMax__From_AProVE_2014__Velroyen08-factorial.jar-obl-8__p13794_terminationG_0.smt2	4	M	0.141624	204
QF_NIA_20170427-VeryMax__From_AProVE_2014__Velroyen08-factorial.jar-obl-8__p13794_terminationG_0.smt2	4	A	0.1035	204
QF_NIA_20170427-VeryMax__From_AProVE_2014__Velroyen08-factorial.jar-obl-8__p13794_terminationG_0.smt2	4	B	0.147793	204
QF_NIA_20170427-VeryMax__From_AProVE_2014__juHashMapCreate.jar-obl-10__p5055_safety_0.smt2	4	M	0.980839	1195
QF_NIA_20170427-VeryMax__From_AProVE_2014__juHashMapCreate.jar-obl-10__p5055_safety_0.smt2	4	A	0.526625	1195
QF_NIA_20170427-VeryMax__From_AProVE_2014__juHashMapCreate.jar-obl-10__p5055_safety_0.smt2	4	B	0.691271	1195
QF_NIA_20170427-VeryMax__From_AProVE_2014__juHashMapCreate.jar-obl-10__p5055_safety_0.smt2	4	C	0.51884	1195
QF_NIA_20170427-VeryMax__From_AProVE_2014__juHashMapCreateClear.jar-obl-11__p30137_safety_0.smt2	4	A	0.038628	78
QF_NIA_20170427-VeryMax__From_AProVE_2014__juHashMapCreateClear.jar-obl-11__p30137_safety_0.smt2	4	B	0.058163	78
QF_NIA_20170427-VeryMax__From_AProVE_2014__juHashMapCreateClear.jar-obl-11__p30137_safety_0.smt2	4	C	0.046458	78
QF_NIA_20170427-VeryMax__From_AProVE_2014__juHashMapCreateClear.jar-obl-11__p30137_safety_0.smt2	4	M	0.06575	78
QF_NIA_20170427-VeryMax__From_AProVE_2014__juHashMapCreateContainsKey.jar-obl-11__p30854_safety_0.smt2	4	B	0.033168	26
QF_NIA_20170427-VeryMax__From_AProVE_2014__juHashMapCreateContainsKey.jar-obl-11__p30854_safety_0.smt2	4	C	0.026041	26
QF_NIA_20170427-VeryMax__From_AProVE_2014__juHashMapCreateContainsKey.jar-obl-11__p30854_safety_0.smt2	4	M	0.025375	26
QF_NIA_20170427-VeryMax__From_AProVE_2014__juHashMapCreateContainsKey.jar-obl-11__p30854_safety_0.smt2	4	A	0.026041	26
QF_NIA_20170427-VeryMax__From_AProVE_2014__juHashMapCreateContainsKey.jar-obl-11__p31075_safety_0.smt2	4	C	0.215618	368
QF_NIA_20170427-VeryMax__From_AProVE_2014__juHashMapCreateContainsKey.jar-obl-11__p31075_safety_0.smt2	4	M	0.427121	368
QF_NIA_20170427-VeryMax__From_AProVE_2014__juHashMapCreateContainsKey.jar-obl-11__p31075_safety_0.smt2	4	A	0.211417	368
QF_NIA_20170427-VeryMax__From_AProVE_2014__juHashMapCreateContainsKey.jar-obl-11__p31075_safety_0.smt2	4	B	0.272456	368
QF_NIA_20170427-VeryMax__From_AProVE_2014__juHashMapCreateContainsKey.jar-obl-11__p31778_safety_0.smt2	4	M	0.373955	254
QF_NIA_20170427-VeryMax__From_AProVE_2014__juHashMapCreateContainsKey.jar-obl-11__p31778_safety_0.smt2	4	A	0.124667	254
QF_NIA_20170427-VeryMax__From_AProVE_2014__juHashMapCreateContainsKey.jar-obl-11__p31778_safety_0.smt2	4	B	0.174838	254
QF_NIA_20170427-VeryMax__From_AProVE_2014__juHashMapCreateContainsKey.jar-obl-11__p31778_safety_0.smt2	4	C	0.129578	254
QF_NIA_20170427-VeryMax__From_AProVE_2014__juHashMapCreateContainsValue.jar-obl-11__p31970_safety_0.smt2	4	A	0.012875	10
QF_NIA_20170427-VeryMax__From_AProVE_2014__juHashMapCreateContainsValue.jar-obl-11__p31970_safety_0.smt2	4	B	0.015793	10
QF_NIA_20170427-VeryMax__From_AProVE_2014__juHashMapCreateContainsValue.jar-obl-11__p31970_safety_0.smt2	4	C	0.013709	10
QF_NIA_20170427-VeryMax__From_AProVE_2014__juHashMapCreateContainsValue.jar-obl-11__p31970_safety_0.smt2	4	M	0.015707	10
QF_NIA_20170427-VeryMax__From_AProVE_2014__juHashMapCreateContainsValue.jar-obl-11__p32093_safety_0.smt2	4	B	0.18479	220
QF_NIA_20170427-VeryMax__From_AProVE_2014__juHashMapCreateContainsValue.jar-obl-11__p32093_safety_0.smt2	4	C	0.142419	220
QF_NIA_20170427-VeryMax__From_AProVE_2014__juHashMapCreateContainsValue.jar-obl-11__p32093_safety_0.smt2	4	M	0.233126	220
QF_NIA_20170427-VeryMax__From_AProVE_2014__juHashMapCreateContainsValue.jar-obl-11__p32093_safety_0.smt2	4	A	0.133127	220
QF_NIA_20170427-VeryMax__From_AProVE_2014__juHashMapCreateIsEmpty.jar-obl-10__p1579_safety_0.smt2	4	C	0.759192	1388
QF_NIA_20170427-VeryMax__From_AProVE_2014__juHashMapCreateIsEmpty.jar-obl-10__p1579_safety_0.smt2	4	M	1.41475	1388
QF_NIA_20170427-VeryMax__From_AProVE_2014__juHashMapCreateIsEmpty.jar-obl-10__p1579_safety_0.smt2	4	A	0.709805	1388
QF_NIA_20170427-VeryMax__From_AProVE_2014__juHashMapCreateIsEmpty.jar-obl-10__p1579_safety_0.smt2	4	B	0.942335	1388
QF_NIA_20170427-VeryMax__From_AProVE_2014__juHashMapCreateIsEmpty.jar-obl-10__p1900_safety_0.smt2	4	M	0.247254	282
QF_NIA_20170427-VeryMax__From_AProVE_2014__juHashMapCreateIsEmpty.jar-obl-10__p1900_safety_0.smt2	4	A	0.153832	282
QF_NIA_20170427-VeryMax__From_AProVE_2014__juHashMapCreateIsEmpty.jar-obl-10__p1900_safety_0.smt2	4	B	0.202208	282
QF_NIA_20170427-VeryMax__From_AProVE_2014__juHashMapCreateIsEmpty.jar-obl-10__p1900_safety_0.smt2	4	C	0.159374	282
QF_NIA_20170427-VeryMax__From_AProVE_2014__juHashMapCreateIteratorEntryLoop.jar-obl-12__p3002_safety_0.smt2	4	A	0.122996	320
QF_NIA_20170427-VeryMax__From_AProVE_2014__juHashMapCreateIteratorEntryLoop.jar-obl-12__p3002_safety_0.smt2	4	B	0.176413	320
QF_NIA_20170427-VeryMax__From_AProVE_2014__juHashMapCreateIteratorEntryLoop.jar-obl-12__p3002_safety_0.smt2	4	C	0.135167	320
QF_NIA_20170427-VeryMax__From_AProVE_2014__juHashMapCreateIteratorEntryLoop.jar-obl-12__p3002_safety_0.smt2	4	M	0.230884	320
QF_NIA_20170427-VeryMax__From_AProVE_2014__juHashMapCreatePut.jar-obl-10__p5968_safety_0.smt2	4	B	0.028457	24
QF_NIA_20170427-VeryMax__From_AProVE_2014__juHashMapCreatePut.jar-obl-10__p5968_safety_0.smt2	4	C	0.022752	24
QF_NIA_20170427-VeryMax__From_AProVE_2014__juHashMapCreatePut.jar-obl-10__p5968_safety_0.smt2	4	M	0.027332	24
QF_NIA_20170427-VeryMax__From_AProVE_2014__juHashMapCreatePut.jar-obl-10__p5968_safety_0.smt2	4	A	0.021918	24
QF_NIA_20170427-VeryMax__From_AProVE_2014__juHashMapCreatePut.jar-obl-10__p6107_safety_0.smt2	4	C	1.34091	1806
QF_NIA_20170427-VeryMax__From_AProVE_2014__juHashMapCreatePut.jar-obl-10__p6107_safety_0.smt2	4	M	2.10511	1806
QF_NIA_20170427-VeryMax__From_AProVE_2014__juHashMapCreatePut.jar-obl-10__p6107_safety_0.smt2	4	A	1.28638	1806
QF_NIA_20170427-VeryMax__From_AProVE_2014__juHashMapCreatePut.jar-obl-10__p6107_safety_0.smt2	4	B	1.55158	1806
QF_NIA_20170427-VeryMax__From_AProVE_2014__juHashMapCreateSize.jar-obl-10__p7163_safety_0.smt2	4	M	0.623078	553
QF_NIA_20170427-VeryMax__From_AProVE_2014__juHashMapCreateSize.jar-obl-10__p7163_safety_0.smt2	4	A	0.480164	553
QF_NIA_20170427-VeryMax__From_AProVE_2014__juHashMapCreateSize.jar-obl-10__p7163_safety_0.smt2	4	B	0.617994	553
QF_NIA_20170427-VeryMax__From_AProVE_2014__juHashMapCreateSize.jar-obl-10__p7163_safety_0.smt2	4	C	0.505637	553
QF_NIA_20170427-VeryMax__From_AProVE_2014__juHashMapCreateSize.jar-obl-10__p7575_safety_0.smt2	4	A	2.40977	4476
QF_NIA_20170427-VeryMax__From_AProVE_2014__juHashMapCreateSize.jar-obl-10__p7575_safety_0.smt2	4	B	3.12979	4476
QF_NIA_20170427-VeryMax__From_AProVE_2014__juHashMapCreateSize.jar-obl-10__p7575_safety_0.smt2	4	C	2.72718	4476
QF_NIA_20170427-VeryMax__From_AProVE_2014__juHashMapCreateSize.jar-obl-10__p7575_safety_0.smt2	4	M	6.43857	4476
QF_NIA_20170427-VeryMax__From_AProVE_2014__juLinkedListCreateAddAllAt.jar-obl-17__p8067_safety_0.smt2	4	B	0.023042	34
QF_NIA_20170427-VeryMax__From_AProVE_2014__juLinkedListCreateAddAllAt.jar-obl-17__p8067_safety_0.smt2	4	C	0.017914	34
QF_NIA_20170427-VeryMax__From_AProVE_2014__juLinkedListCreateAddAllAt.jar-obl-17__p8067_safety_0.smt2	4	M	0.027627	34
QF_NIA_20170427-VeryMax__From_AProVE_2014__juLinkedListCreateAddAllAt.jar-obl-17__p8067_safety_0.smt2	4	A	0.015709	34
QF_NIA_20170427-VeryMax__From_AProVE_2014__juLinkedListCreateAddAllAt.jar-obl-17__p8387_safety_0.smt2	4	C	0.007667	4
QF_NIA_20170427-VeryMax__From_AProVE_2014__juLinkedListCreateAddAllAt.jar-obl-17__p8387_safety_0.smt2	4	M	0.007667	4
QF_NIA_20170427-VeryMax__From_AProVE_2014__juLinkedListCreateAddAllAt.jar-obl-17__p8387_safety_0.smt2	4	A	0.008792	4
QF_NIA_20170427-VeryMax__From_AProVE_2014__juLinkedListCreateAddAllAt.jar-obl-17__p8387_safety_0.smt2	4	B	0.008542	4
QF_NIA_20170427-VeryMax__From_T2__afagp-fail.t2__p15460_terminationG_0.smt2	4	M	0.074627	83
QF_NIA_20170427-VeryMax__From_T2__afagp-fail.t2__p15460_terminationG_0.smt2	4	A	0.045794	83
QF_NIA_20170427-VeryMax__From_T2__afagp-fail.t2__p15460_terminationG_0.smt2	4	B	0.060375	83
QF_NIA_20170427-VeryMax__From_T2__afagp-fail.t2__p15460_terminationG_0.smt2	4	C	0.050502	83
QF_NIA_20170427-VeryMax__From_T2__compress.t2__p17866_terminationG_0.smt2	4	A	0.156962	345
QF_NIA_20170427-VeryMax__From_T2__compress.t2__p17866_terminationG_0.smt2	4	B	0.22242	345
QF_NIA_20170427-VeryMax__From_T2__compress.t2__p17866_terminationG_0.smt2	4	C	0.173998	345
QF_NIA_20170427-VeryMax__From_T2__compress.t2__p17866_terminationG_0.smt2	4	M	0.243328	345
QF_NIA_20170427-VeryMax__From_T2__consts3nt.t2_fixed__p18148_terminationG_0.smt2	4	B	0.011416	2
QF_NIA_20170427-VeryMax__From_T2__consts3nt.t2_fixed__p18148_terminationG_0.smt2	4	C	0.0105	2
QF_NIA_20170427-VeryMax__From_T2__consts3nt.t2_fixed__p18148_terminationG_0.smt2	4	M	0.006375	2
QF_NIA_20170427-VeryMax__From_T2__consts3nt.t2_fixed__p18148_terminationG_0.smt2	4	A	0.010542	2
QF_NIA_20170427-VeryMax__From_T2__edn.t2__p20109_safety_0.smt2	4	C	0.099332	174
QF_NIA_20170427-VeryMax__From_T2__edn.t2__p20109_safety_0.smt2	4	M	0.127546	174
QF_NIA_20170427-VeryMax__From_T2__edn.t2__p20109_safety_0.smt2	4	A	0.093914	174
QF_NIA_20170427-VeryMax__From_T2__edn.t2__p20109_safety_0.smt2	4	B	0.127415	174
QF_NIA_20170427-VeryMax__From_T2__edn.t2__p20654_safety_0.smt2	4	M	1.52495	2174
QF_NIA_20170427-VeryMax__From_T2__edn.t2__p20654_safety_0.smt2	4	A	1.46579	2174
QF_NIA_20170427-VeryMax__From_T2__edn.t2__p20654_safety_0.smt2	4	B	1.77346	2174
QF_NIA_20170427-VeryMax__From_T2__edn.t2__p20654_safety_0.smt2	4	C	1.52284	2174
QF_NIA_20170427-VeryMax__From_T2__edn.t2__p20682_safety_0.smt2	4	A	0.498653	887
QF_NIA_20170427-VeryMax__From_T2__edn.t2__p20682_safety_0.smt2	4	B	0.650754	887
QF_NIA_20170427-VeryMax__From_T2__edn.t2__p20682_safety_0.smt2	4	C	0.506972	887
QF_NIA_20170427-VeryMax__From_T2__edn.t2__p20682_safety_0.smt2	4	M	0.670343	887
QF_NIA_20170427-VeryMax__From_T2__ex36.t2__p29288_safety_0.smt2	4	B	1.35674	1863
QF_NIA_20170427-VeryMax__From_T2__ex36.t2__p29288_safety_0.smt2	4	C	1.071	1863
QF_NIA_20170427-VeryMax__From_T2__ex36.t2__p29288_safety_0.smt2	4	M	1.25713	1863
QF_NIA_20170427-VeryMax__From_T2__ex36.t2__p29288_safety_0.smt2	4	A	1.06009	1863
QF_NIA_20170427-VeryMax__From_T2__foo.t2__terminationS_23_0.smt2	4	C	0.013917	10
QF_NIA_20170427-VeryMax__From_T2__foo.t2__terminationS_23_0.smt2	4	M	0.015082	10
QF_NIA_20170427-VeryMax__From_T2__foo.t2__terminationS_23_0.smt2	4	A	0.013041	10
QF_NIA_20170427-VeryMax__From_T2__foo.t2__terminationS_23_0.smt2	4	B	0.015583	10
QF_NIA_20170427-VeryMax__From_T2__fun9.t2__p1256_edge_closing_0.smt2	4	M	0.317711	526
QF_NIA_20170427-VeryMax__From_T2__fun9.t2__p1256_edge_closing_0.smt2	4	A	0.198674	526
QF_NIA_20170427-VeryMax__From_T2__fun9.t2__p1256_edge_closing_0.smt2	4	B	0.282224	526
QF_NIA_20170427-VeryMax__From_T2__fun9.t2__p1256_edge_closing_0.smt2	4	C	0.211794	526
QF_NIA_20170427-VeryMax__From_T2__fun9.t2__p1366_edge_closing_0.smt2	4	A	0.026374	42
QF_NIA_20170427-VeryMax__From_T2__fun9.t2__p1366_edge_closing_0.smt2	4	B	0.041124	42
QF_NIA_20170427-VeryMax__From_T2__fun9.t2__p1366_edge_closing_0.smt2	4	C	0.029375	42
QF_NIA_20170427-VeryMax__From_T2__fun9.t2__p1366_edge_closing_0.smt2	4	M	0.047381	42
QF_NIA_20170427-VeryMax__From_T2__hqr.c.i.hqr.pl.t2.nor.t2.rlgfixed.t2_fixed__terminationS_49_0.smt2	4	B	0.011292	2
QF_NIA_20170427-VeryMax__From_T2__hqr.c.i.hqr.pl.t2.nor.t2.rlgfixed.t2_fixed__terminationS_49_0.smt2	4	C	0.01075	2
QF_NIA_20170427-VeryMax__From_T2__hqr.c.i.hqr.pl.t2.nor.t2.rlgfixed.t2_fixed__terminationS_49_0.smt2	4	M	0.006458	2
QF_NIA_20170427-VeryMax__From_T2__hqr.c.i.hqr.pl.t2.nor.t2.rlgfixed.t2_fixed__terminationS_49_0.smt2	4	A	0.010542	2
QF_NIA_20170427-VeryMax__From_T2__hqr.c.i.hqr.pl.t2.nor.t2.rlgfixed.t2_fixed__terminationS_61_0.smt2	4	C	0.045415	64
QF_NIA_20170427-VeryMax__From_T2__hqr.c.i.hqr.pl.t2.nor.t2.rlgfixed.t2_fixed__terminationS_61_0.smt2	4	M	0.057247	64
QF_NIA_20170427-VeryMax__From_T2__hqr.c.i.hqr.pl.t2.nor.t2.rlgfixed.t2_fixed__terminationS_61_0.smt2	4	A	0.041875	64
QF_NIA_20170427-VeryMax__From_T2__hqr.c.i.hqr.pl.t2.nor.t2.rlgfixed.t2_fixed__terminationS_61_0.smt2	4	B	0.058872	64
QF_NIA_20170427-VeryMax__From_T2__janne_complex.t2__p2259_terminationG_0.smt2	4	M	0.038459	30
QF_NIA_20170427-VeryMax__From_T2__janne_complex.t2__p2259_terminationG_0.smt2	4	A	0.024543	30
QF_NIA_20170427-VeryMax__From_T2__janne_complex.t2__p2259_terminationG_0.smt2	4	B	0.033748	30
QF_NIA_20170427-VeryMax__From_T2__janne_complex.t2__p2259_terminationG_0.smt2	4	C	0.026256	30
QF_NIA_20170427-VeryMax__From_T2__matmul.t2__p2657_terminationG_0.smt2	4	A	0.023793	38
QF_NIA_20170427-VeryMax__From_T2__matmul.t2__p2657_terminationG_0.smt2	4	B	0.036458	38
QF_NIA_20170427-VeryMax__From_T2__matmul.t2__p2657_terminationG_0.smt2	4	C	0.027041	38
QF_NIA_20170427-VeryMax__From_T2__matmul.t2__p2657_terminationG_0.smt2	4	M	0.038669	38
QF_NIA_20170427-VeryMax__From_T2__n-7.t2_fixed__p4908_terminationG_0.smt2	4	B	0.035168	14
QF_NIA_20170427-VeryMax__From_T2__n-7.t2_fixed__p4908_terminationG_0.smt2	4	C	0.029749	14
QF_NIA_20170427-VeryMax__From_T2__n-7.t2_fixed__p4908_terminationG_0.smt2	4	M	0.0255	14
QF_NIA_20170427-VeryMax__From_T2__n-7.t2_fixed__p4908_terminationG_0.smt2	4	A	0.026793	14
QF_NIA_20170427-VeryMax__From_T2__s1-striped.t2__p12567_safety_0.smt2	4	C	0.016	8
QF_NIA_20170427-VeryMax__From_T2__s1-striped.t2__p12567_safety_0.smt2	4	M	0.014416	8
QF_NIA_20170427-VeryMax__From_T2__s1-striped.t2__p12567_safety_0.smt2	4	A	0.015378	8
QF_NIA_20170427-VeryMax__From_T2__s1-striped.t2__p12567_safety_0.smt2	4	B	0.018042	8
QF_NIA_20170427-VeryMax__From_T2__s1-striped.t2__p13166_safety_0.smt2	4	M	0.012458	8
QF_NIA_20170427-VeryMax__From_T2__s1-striped.t2__p13166_safety_0.smt2	4	A	0.012374	8
QF_NIA_20170427-VeryMax__From_T2__s1-striped.t2__p13166_safety_0.smt2	4	B	0.015709	8
QF_NIA_20170427-VeryMax__From_T2__s1-striped.t2__p13166_safety_0.smt2	4	C	0.012833	8
QF_NIA_20170427-VeryMax__From_T2__s1-striped.t2__p13877_safety_0.smt2	4	A	0.006957	2
QF_NIA_20170427-VeryMax__From_T2__s1-striped.t2__p13877_safety_0.smt2	4	B	0.010418	2
QF_NIA_20170427-VeryMax__From_T2__s1-striped.t2__p13877_safety_0.smt2	4	C	0.007667	2
QF_NIA_20170427-VeryMax__From_T2__s1-striped.t2__p13877_safety_0.smt2	4	M	0.012709	2
QF_NIA_20170427-VeryMax__From_T2__s1.t2_fixed__p16651_safety_0.smt2	4	B	0.007167	2
QF_NIA_20170427-VeryMax__From_T2__s1.t2_fixed__p16651_safety_0.smt2	4	C	0.00625	2
QF_NIA_20170427-VeryMax__From_T2__s1.t2_fixed__p16651_safety_0.smt2	4	M	0.005417	2
QF_NIA_20170427-VeryMax__From_T2__s1.t2_fixed__p16651_safety_0.smt2	4	A	0.005625	2
QF_NIA_20170427-VeryMax__From_T2__s1.t2_fixed__p17151_safety_0.smt2	4	C	1.06419	1587
QF_NIA_20170427-VeryMax__From_T2__s1.t2_fixed__p17151_safety_0.smt2	4	M	1.26927	1587
QF_NIA_20170427-VeryMax__From_T2__s1.t2_fixed__p17151_safety_0.smt2	4	A	1.02199	1587
QF_NIA_20170427-VeryMax__From_T2__s1.t2_fixed__p17151_safety_0.smt2	4	B	1.40663	1587
QF_NIA_20170427-VeryMax__From_T2__slayer-3-filtered.t2__p21681_safety_0.smt2	4	M	1.96951	2935
QF_NIA_20170427-VeryMax__From_T2__slayer-3-filtered.t2__p21681_safety_0.smt2	4	A	1.62098	2935
QF_NIA_20170427-VeryMax__From_T2__slayer-3-filtered.t2__p21681_safety_0.smt2	4	B	2.16399	2935
QF_NIA_20170427-VeryMax__From_T2__slayer-3-filtered.t2__p21681_safety_0.smt2	4	C	1.69199	2935
QF_NIA_20170427-VeryMax__From_T2__slayer-3-filtered.t2__p21744_safety_0.smt2	4	A	0.089957	107
QF_NIA_20170427-VeryMax__From_T2__slayer-3-filtered.t2__p21744_safety_0.smt2	4	B	0.114836	107
QF_NIA_20170427-VeryMax__From_T2__slayer-3-filtered.t2__p21744_safety_0.smt2	4	C	0.092958	107
QF_NIA_20170427-VeryMax__From_T2__slayer-3-filtered.t2__p21744_safety_0.smt2	4	M	0.095835	107
QF_NIA_20170427-VeryMax__From_T2__slayer-3-new.t2_fixed__p21823_safety_0.smt2	4	B	0.023792	14
QF_NIA_20170427-VeryMax__From_T2__slayer-3-new.t2_fixed__p21823_safety_0.smt2	4	C	0.018418	14
QF_NIA_20170427-VeryMax__From_T2__slayer-3-new.t2_fixed__p21823_safety_0.smt2	4	M	0.02175	14
QF_NIA_20170427-VeryMax__From_T2__slayer-3-new.t2_fixed__p21823_safety_0.smt2	4	A	0.01875	14
QF_NIA_20170427-VeryMax__From_T2__slayer-n5-filtered.t2__p23330_terminationG_0.smt2	4	C	0.011458	4
QF_NIA_20170427-VeryMax__From_T2__slayer-n5-filtered.t2__p23330_terminationG_0.smt2	4	M	0.007	4
QF_NIA_20170427-VeryMax__From_T2__slayer-n5-filtered.t2__p23330_terminationG_0.smt2	4	A	0.011542	4
QF_NIA_20170427-VeryMax__From_T2__slayer-n5-filtered.t2__p23330_terminationG_0.smt2	4	B	0.013334	4
QF_NIA_20170427-VeryMax__From_T2__slayer-n5-filtered.t2__p23398_safety_0.smt2	4	M	0.472611	727
QF_NIA_20170427-VeryMax__From_T2__slayer-n5-filtered.t2__p23398_safety_0.smt2	4	A	0.309838	727
QF_NIA_20170427-VeryMax__From_T2__slayer-n5-filtered.t2__p23398_safety_0.smt2	4	B	0.433881	727
QF_NIA_20170427-VeryMax__From_T2__slayer-n5-filtered.t2__p23398_safety_0.smt2	4	C	0.328784	727
QF_NIA_20170427-VeryMax__From_T2__svdcmp.t2_fixed__term_unfeasibility_11_0.smt2	4	A	0.019875	20
QF_NIA_20170427-VeryMax__From_T2__svdcmp.t2_fixed__term_unfeasibility_11_0.smt2	4	B	0.025043	20
QF_NIA_20170427-VeryMax__From_T2__svdcmp.t2_fixed__term_unfeasibility_11_0.smt2	4	C	0.019958	20
QF_NIA_20170427-VeryMax__From_T2__svdcmp.t2_fixed__term_unfeasibility_11_0.smt2	4	M	0.021251	20
QF_NIA_20170427-VeryMax__From_T2__zlib-adler32.c.t2__p25934_safety_0.smt2	4	B	0.031584	28
QF_NIA_20170427-VeryMax__From_T2__zlib-adler32.c.t2__p25934_safety_0.smt2	4	C	0.025458	28
QF_NIA_20170427-VeryMax__From_T2__zlib-adler32.c.t2__p25934_safety_0.smt2	4	M	0.03329	28
QF_NIA_20170427-VeryMax__From_T2__zlib-adler32.c.t2__p25934_safety_0.smt2	4	A	0.02371	28
QF_NIA_20170427-VeryMax__Stroeder_15__4NestedWith3Variables_true-termination.c__p20203_terminationG_0.smt2	4	C	1.88366	2258
QF_NIA_20170427-VeryMax__Stroeder_15__4NestedWith3Variables_true-termination.c__p20203_terminationG_0.smt2	4	M	1.74122	2258
QF_NIA_20170427-VeryMax__Stroeder_15__4NestedWith3Variables_true-termination.c__p20203_terminationG_0.smt2	4	A	1.83965	2258
QF_NIA_20170427-VeryMax__Stroeder_15__4NestedWith3Variables_true-termination.c__p20203_terminationG_0.smt2	4	B	2.1552	2258
QF_NIA_20170427-VeryMax__Stroeder_15__GulwaniJainKoskinen-PLDI2009-Fig1_true-termination.c__p23679_edge_closing_0.smt2	4	M	0.042875	20
QF_NIA_20170427-VeryMax__Stroeder_15__GulwaniJainKoskinen-PLDI2009-Fig1_true-termination.c__p23679_edge_closing_0.smt2	4	A	0.069001	20
QF_NIA_20170427-VeryMax__Stroeder_15__GulwaniJainKoskinen-PLDI2009-Fig1_true-termination.c__p23679_edge_closing_0.smt2	4	B	0.074499	20
QF_NIA_20170427-VeryMax__Stroeder_15__GulwaniJainKoskinen-PLDI2009-Fig1_true-termination.c__p23679_edge_closing_0.smt2	4	C	0.073333	20
QF_NIA_20170427-VeryMax__Stroeder_15__GulwaniJainKoskinen-PLDI2009-Fig1_true-termination.c__p23704_edge_closing_0.smt2	4	A	0.010001	2
QF_NIA_20170427-VeryMax__Stroeder_15__GulwaniJainKoskinen-PLDI2009-Fig1_true-termination.c__p23704_edge_closing_0.smt2	4	B	0.011374	2
QF_NIA_20170427-VeryMax__Stroeder_15__GulwaniJainKoskinen-PLDI2009-Fig1_true-termination.c__p23704_edge_closing_0.smt2	4	C	0.009833	2
QF_NIA_20170427-VeryMax__Stroeder_15__GulwaniJainKoskinen-PLDI2009-Fig1_true-termination.c__p23704_edge_closing_0.smt2	4	M	0.008957	2
QF_NIA_20170427-VeryMax__Stroeder_15__svcomp_ex2.c__p25876_terminationG_0.smt2	4	B	0.012625	2
QF_NIA_20170427-VeryMax__Stroeder_15__svcomp_ex2.c__p25876_terminationG_0.smt2	4	C	0.011084	2
QF_NIA_20170427-VeryMax__Stroeder_15__svcomp_ex2.c__p25876_terminationG_0.smt2	4	M	0.007833	2
QF_NIA_20170427-VeryMax__Stroeder_15__svcomp_ex2.c__p25876_terminationG_0.smt2	4	A	0.010834	2
QF_NIA_20170427-VeryMax__Stroeder_15__svcomp_ex2.c__p25913_terminationG_0.smt2	4	C	0.253551	523
QF_NIA_20170427-VeryMax__Stroeder_15__svcomp_ex2.c__p25913_terminationG_0.smt2	4	M	0.36588	523
QF_NIA_20170427-VeryMax__Stroeder_15__svcomp_ex2.c__p25913_terminationG_0.smt2	4	A	0.233664	523
QF_NIA_20170427-VeryMax__Stroeder_15__svcomp_ex2.c__p25913_terminationG_0.smt2	4	B	0.33279	523
QF_NIA_20210219-Dartagnan__lcm2_unwindbound10-O0.smt2	4	M	0.005833	2
QF_NIA_20210219-Dartagnan__lcm2_unwindbound10-O0.smt2	4	A	0.006417	2
QF_NIA_20210219-Dartagnan__lcm2_unwindbound10-O0.smt2	4	B	0.007125	2
QF_NIA_20210219-Dartagnan__lcm2_unwindbound10-O0.smt2	4	C	0.0065	2
QF_NIA_20220315-MathProblems__MS_07.smt2	4	A	0.898895	3518
QF_NIA_20220315-MathProblems__MS_07.smt2	4	B	1.51844	3518
QF_NIA_20220315-MathProblems__MS_07.smt2	4	C	1.02136	3518
QF_NIA_20220315-MathProblems__MS_07.smt2	4	M	1.97996	3518
QF_NIA_20220315-MathProblems__SF_11.smt2	4	B	0.01675	3
QF_NIA_20220315-MathProblems__SF_11.smt2	4	C	0.013582	3
QF_NIA_20220315-MathProblems__SF_11.smt2	4	M	0.011333	3
QF_NIA_20220315-MathProblems__SF_11.smt2	4	A	0.013334	3
QF_NIA_20220315-MathProblems__STC_0030.smt2	4	C	5.35801	9772
QF_NIA_20220315-MathProblems__STC_0030.smt2	4	M	8.37857	9772
QF_NIA_20220315-MathProblems__STC_0030.smt2	4	A	4.8577	9772
QF_NIA_20220315-MathProblems__STC_0030.smt2	4	B	7.51231	9772
QF_NIA_20220315-MathProblems__STC_0148.smt2	4	M	7.91096	9264
QF_NIA_20220315-MathProblems__STC_0148.smt2	4	A	4.65758	9264
QF_NIA_20220315-MathProblems__STC_0148.smt2	4	B	7.03194	9264
QF_NIA_20220315-MathProblems__STC_0148.smt2	4	C	4.92254	9264
QF_NIA_20220315-MathProblems__STC_0157.smt2	4	A	5.91411	12123
QF_NIA_20220315-MathProblems__STC_0157.smt2	4	B	9.2939	12123
QF_NIA_20220315-MathProblems__STC_0157.smt2	4	C	6.51501	12123
QF_NIA_20220315-MathProblems__STC_0157.smt2	4	M	10.195	12123
QF_NIA_20220315-MathProblems__STC_0173.smt2	4	B	8.82673	11212
QF_NIA_20220315-MathProblems__STC_0173.smt2	4	C	6.07105	11212
QF_NIA_20220315-MathProblems__STC_0173.smt2	4	M	9.52792	11212
QF_NIA_20220315-MathProblems__STC_0173.smt2	4	A	5.59127	11212
QF_NIA_20220315-MathProblems__STC_0176.smt2	4	C	5.2551	10116
QF_NIA_20220315-MathProblems__STC_0176.smt2	4	M	8.71917	10116
QF_NIA_20220315-MathProblems__STC_0176.smt2	4	A	5.10447	10116
QF_NIA_20220315-MathProblems__STC_0176.smt2	4	B	8.48401	10116
QF_NIA_20220315-MathProblems__STC_0183.smt2	4	M	8.67826	10134
QF_NIA_20220315-MathProblems__STC_0183.smt2	4	A	5.05378	10134
QF_NIA_20220315-MathProblems__STC_0183.smt2	4	B	7.73862	10134
QF_NIA_20220315-MathProblems__STC_0183.smt2	4	C	5.38629	10134
QF_NIA_20220315-MathProblems__STC_0187.smt2	4	A	5.39814	10563
QF_NIA_20220315-MathProblems__STC_0187.smt2	4	B	7.93862	10563
QF_NIA_20220315-MathProblems__STC_0187.smt2	4	C	5.59792	10563
QF_NIA_20220315-MathProblems__STC_0187.smt2	4	M	8.84578	10563
QF_NIA_20220315-MathProblems__STC_0189.smt2	4	B	0.016082	5
QF_NIA_20220315-MathProblems__STC_0189.smt2	4	C	0.010334	5
QF_NIA_20220315-MathProblems__STC_0189.smt2	4	M	0.017415	5
QF_NIA_20220315-MathProblems__STC_0189.smt2	4	A	0.00929	5
QF_NIA_20220315-MathProblems__STC_0205.smt2	4	C	0.280376	454
QF_NIA_20220315-MathProblems__STC_0205.smt2	4	M	0.525079	454
QF_NIA_20220315-MathProblems__STC_0205.smt2	4	A	0.245746	454
QF_NIA_20220315-MathProblems__STC_0205.smt2	4	B	0.440168	454
QF_NIA_20220315-MathProblems__STC_0340.smt2	4	M	0.639094	560
QF_NIA_20220315-MathProblems__STC_0340.smt2	4	A	0.317296	560
QF_NIA_20220315-MathProblems__STC_0340.smt2	4	B	0.501965	560
QF_NIA_20220315-MathProblems__STC_0340.smt2	4	C	0.336678	560
QF_NIA_20220315-MathProblems__STC_0385.smt2	4	A	0.250286	457
QF_NIA_20220315-MathProblems__STC_0385.smt2	4	B	0.421219	457
QF_NIA_20220315-MathProblems__STC_0385.smt2	4	C	0.271965	457
QF_NIA_20220315-MathProblems__STC_0385.smt2	4	M	0.527795	457
QF_NIA_20220315-MathProblems__STC_0388.smt2	4	B	0.589639	663
QF_NIA_20220315-MathProblems__STC_0388.smt2	4	C	0.395754	663
QF_NIA_20220315-MathProblems__STC_0388.smt2	4	M	0.697429	663
QF_NIA_20220315-MathProblems__STC_0388.smt2	4	A	0.358996	663
QF_NIA_20220315-MathProblems__STC_0456.smt2	4	C	0.316448	518
QF_NIA_20220315-MathProblems__STC_0456.smt2	4	M	0.590568	518
QF_NIA_20220315-MathProblems__STC_0456.smt2	4	A	0.285782	518
QF_NIA_20220315-MathProblems__STC_0456.smt2	4	B	0.493161	518
QF_NIA_20220315-MathProblems__STC_0493.smt2	4	M	0.70005	574
QF_NIA_20220315-MathProblems__STC_0493.smt2	4	A	0.311004	574
QF_NIA_20220315-MathProblems__STC_0493.smt2	4	B	0.539507	574
QF_NIA_20220315-MathProblems__STC_0493.smt2	4	C	0.36663	574
QF_NIA_20220315-MathProblems__STC_0541.smt2	4	A	0.320525	587
QF_NIA_20220315-MathProblems__STC_0541.smt2	4	B	0.54374	587
QF_NIA_20220315-MathProblems__STC_0541.smt2	4	C	0.378796	587
QF_NIA_20220315-MathProblems__STC_0541.smt2	4	M	0.637661	587
QF_NIA_20220315-MathProblems__STC_0563.smt2	4	B	10.8146	13992
QF_NIA_20220315-MathProblems__STC_0563.smt2	4	C	7.50685	13992
QF_NIA_20220315-MathProblems__STC_0563.smt2	4	M	12.0121	13992
QF_NIA_20220315-MathProblems__STC_0563.smt2	4	A	7.18951	13992
QF_NIA_20220315-MathProblems__STC_0584.smt2	4	C	0.331752	563
QF_NIA_20220315-MathProblems__STC_0584.smt2	4	M	0.578406	563
QF_NIA_20220315-MathProblems__STC_0584.smt2	4	A	0.303658	563
QF_NIA_20220315-MathProblems__STC_0584.smt2	4	B	0.487109	563
QF_NIA_20220315-MathProblems__STC_0609.smt2	4	M	2.09977	1737
QF_NIA_20220315-MathProblems__STC_0609.smt2	4	A	0.909197	1737
QF_NIA_20220315-MathProblems__STC_0609.smt2	4	B	1.51887	1737
QF_NIA_20220315-MathProblems__STC_0609.smt2	4	C	1.07887	1737
QF_NIA_20220315-MathProblems__STC_0629.smt2	4	A	0.255658	472
QF_NIA_20220315-MathProblems__STC_0629.smt2	4	B	0.433266	472
QF_NIA_20220315-MathProblems__STC_0629.smt2	4	C	0.280703	472
QF_NIA_20220315-MathProblems__STC_0629.smt2	4	M	0.507374	472
QF_NIA_20220315-MathProblems__STC_0650.smt2	4	B	8.17527	10714
QF_NIA_20220315-MathProblems__STC_0650.smt2	4	C	5.72795	10714
QF_NIA_20220315-MathProblems__STC_0650.smt2	4	M	9.47754	10714
QF_NIA_20220315-MathProblems__STC_0650.smt2	4	A	5.18845	10714
QF_NIA_20220315-MathProblems__STC_0693.smt2	4	C	5.09446	9612
QF_NIA_20220315-MathProblems__STC_0693.smt2	4	M	8.08269	9612
QF_NIA_20220315-MathProblems__STC_0693.smt2	4	A	4.87496	9612
QF_NIA_20220315-MathProblems__STC_0693.smt2	4	B	7.3989	9612
QF_NIA_20220315-MathProblems__STC_0707.smt2	4	M	8.14009	9587
QF_NIA_20220315-MathProblems__STC_0707.smt2	4	A	4.78075	9587
QF_NIA_20220315-MathProblems__STC_0707.smt2	4	B	7.55807	9587
QF_NIA_20220315-MathProblems__STC_0707.smt2	4	C	5.06092	9587
QF_NIA_20220315-MathProblems__STC_0739.smt2	4	A	0.218336	433
QF_NIA_20220315-MathProblems__STC_0739.smt2	4	B	0.381784	433
QF_NIA_20220315-MathProblems__STC_0739.smt2	4	C	0.254015	433
QF_NIA_20220315-MathProblems__STC_0739.smt2	4	M	0.462533	433
QF_NIA_20220315-MathProblems__STC_0755.smt2	4	B	0.545137	598
QF_NIA_20220315-MathProblems__STC_0755.smt2	4	C	0.339365	598
QF_NIA_20220315-MathProblems__STC_0755.smt2	4	M	0.693291	598
QF_NIA_20220315-MathProblems__STC_0755.smt2	4	A	0.311986	598
QF_NIA_20220315-MathProblems__STC_0770.smt2	4	C	5.77293	10729
QF_NIA_20220315-MathProblems__STC_0770.smt2	4	M	9.12923	10729
QF_NIA_20220315-MathProblems__STC_0770.smt2	4	A	5.36083	10729
QF_NIA_20220315-MathProblems__STC_0770.smt2	4	B	9.10086	10729
QF_NIA_20220315-MathProblems__STC_0903.smt2	4	M	7.55522	8955
QF_NIA_20220315-MathProblems__STC_0903.smt2	4	A	4.60359	8955
QF_NIA_20220315-MathProblems__STC_0903.smt2	4	B	6.94768	8955
QF_NIA_20220315-MathProblems__STC_0903.smt2	4	C	4.88103	8955
QF_NIA_20220315-MathProblems__STC_0959.smt2	4	A	5.43053	10640
QF_NIA_20220315-MathProblems__STC_0959.smt2	4	B	8.16596	10640
QF_NIA_20220315-MathProblems__STC_0959.smt2	4	C	6.00749	10640
QF_NIA_20220315-MathProblems__STC_0959.smt2	4	M	8.97437	10640
QF_NIA_20220315-MathProblems__STC_1000.smt2	4	B	0.00925	2
QF_NIA_20220315-MathProblems__STC_1000.smt2	4	C	0.006834	2
QF_NIA_20220315-MathProblems__STC_1000.smt2	4	M	0.007833	2
QF_NIA_20220315-MathProblems__STC_1000.smt2	4	A	0.007208	2
QF_NIA_20230321-UltimateAutomizerSvcomp2023__egcd.c_1.smt2	4	C	0.031124	13
QF_NIA_20230321-UltimateAutomizerSvcomp2023__egcd.c_1.smt2	4	M	0.018834	13
QF_NIA_20230321-UltimateAutomizerSvcomp2023__egcd.c_1.smt2	4	A	0.028252	13
QF_NIA_20230321-UltimateAutomizerSvcomp2023__egcd.c_1.smt2	4	B	0.031834	13
QF_NIA_20230321-UltimateAutomizerSvcomp2023__ps5-ll.c_10.smt2	4	M	2.178	1869
QF_NIA_20230321-UltimateAutomizerSvcomp2023__ps5-ll.c_10.smt2	4	A	2.70049	1869
QF_NIA_20230321-UltimateAutomizerSvcomp2023__ps5-ll.c_10.smt2	4	B	3.34978	1869
QF_NIA_20230321-UltimateAutomizerSvcomp2023__ps5-ll.c_10.smt2	4	C	2.79399	1869
QF_NIA_20230321-UltimateAutomizerSvcomp2023__ps6.c_0.smt2	4	A	2.41721	2514
QF_NIA_20230321-UltimateAutomizerSvcomp2023__ps6.c_0.smt2	4	B	2.97796	2514
QF_NIA_20230321-UltimateAutomizerSvcomp2023__ps6.c_0.smt2	4	C	2.48338	2514
QF_NIA_20230321-UltimateAutomizerSvcomp2023__ps6.c_0.smt2	4	M	2.00965	2514
QF_NIA_20230321-UltimateAutomizerSvcomp2023__ps6.c_11.smt2	4	B	1.95958	1547
QF_NIA_20230321-UltimateAutomizerSvcomp2023__ps6.c_11.smt2	4	C	1.60354	1547
QF_NIA_20230321-UltimateAutomizerSvcomp2023__ps6.c_11.smt2	4	M	1.28519	1547
QF_NIA_20230321-UltimateAutomizerSvcomp2023__ps6.c_11.smt2	4	A	1.5436	1547
QF_NIA_20230321-UltimateAutomizerSvcomp2023__ps6.c_13.smt2	4	C	4.14049	4633
QF_NIA_20230321-UltimateAutomizerSvcomp2023__ps6.c_13.smt2	4	M	3.48505	4633
QF_NIA_20230321-UltimateAutomizerSvcomp2023__ps6.c_13.smt2	4	A	4.38135	4633
QF_NIA_20230321-UltimateAutomizerSvcomp2023__ps6.c_13.smt2	4	B	4.87029	4633
QF_NIA_20230328-sqrtmodinv-hoenicke__modInv16.smt2	4	M	10.6203	6905
QF_NIA_20230328-sqrtmodinv-hoenicke__modInv16.smt2	4	A	18.7614	6905
QF_NIA_20230328-sqrtmodinv-hoenicke__modInv16.smt2	4	B	18.7042	6905
QF_NIA_20230328-sqrtmodinv-hoenicke__modInv16.smt2	4	C	17.3697	6905
QF_NIA_20230328-sqrtmodinv-hoenicke__modInv32.smt2	4	A	0.057666	10
QF_NIA_20230328-sqrtmodinv-hoenicke__modInv32.smt2	4	B	0.061208	10
QF_NIA_20230328-sqrtmodinv-hoenicke__modInv32.smt2	4	C	0.057333	10
QF_NIA_20230328-sqrtmodinv-hoenicke__modInv32.smt2	4	M	0.036749	10
QF_NIA_20230328-sqrtmodinv-hoenicke__modInv8.smt2	4	B	33.4407	63091
QF_NIA_20230328-sqrtmodinv-hoenicke__modInv8.smt2	4	C	23.6971	63091
QF_NIA_20230328-sqrtmodinv-hoenicke__modInv8.smt2	4	M	34.4085	63091
QF_NIA_20230328-sqrtmodinv-hoenicke__modInv8.smt2	4	A	22.8877	63091
QF_NIA_20230328-sqrtmodinv-hoenicke__modInvInitial.smt2	4	C	0.72767	2812
QF_NIA_20230328-sqrtmodinv-hoenicke__modInvInitial.smt2	4	M	1.28712	2812
QF_NIA_20230328-sqrtmodinv-hoenicke__modInvInitial.smt2	4	A	0.645508	2812
QF_NIA_20230328-sqrtmodinv-hoenicke__modInvInitial.smt2	4	B	1.05217	2812
QF_NIA_20230328-sqrtmodinv-hoenicke__modInvStep.smt2	4	M	27.8412	57748
QF_NIA_20230328-sqrtmodinv-hoenicke__modInvStep.smt2	4	A	16.2831	57748
QF_NIA_20230328-sqrtmodinv-hoenicke__modInvStep.smt2	4	B	24.0315	57748
QF_NIA_20230328-sqrtmodinv-hoenicke__modInvStep.smt2	4	C	17.0845	57748
QF_NIA_20230328-sqrtmodinv-hoenicke__modInvStepSimplified.smt2	4	A	0.671722	2830
QF_NIA_20230328-sqrtmodinv-hoenicke__modInvStepSimplified.smt2	4	B	1.03707	2830
QF_NIA_20230328-sqrtmodinv-hoenicke__modInvStepSimplified.smt2	4	C	0.724367	2830
QF_NIA_20230328-sqrtmodinv-hoenicke__modInvStepSimplified.smt2	4	M	1.27768	2830
QF_NIA_20230328-sqrtmodinv-hoenicke__modInvVar1.smt2	4	B	29.1387	71013
QF_NIA_20230328-sqrtmodinv-hoenicke__modInvVar1.smt2	4	C	19.7431	71013
QF_NIA_20230328-sqrtmodinv-hoenicke__modInvVar1.smt2	4	M	38.0374	71013
QF_NIA_20230328-sqrtmodinv-hoenicke__modInvVar1.smt2	4	A	18.5195	71013
QF_NIA_20230328-sqrtmodinv-hoenicke__modSimpleTest.smt2	4	C	0.009792	2
QF_NIA_20230328-sqrtmodinv-hoenicke__modSimpleTest.smt2	4	M	0.007	2
QF_NIA_20230328-sqrtmodinv-hoenicke__modSimpleTest.smt2	4	A	0.009292	2
QF_NIA_20230328-sqrtmodinv-hoenicke__modSimpleTest.smt2	4	B	0.010542	2
QF_NIA_20230328-sqrtmodinv-hoenicke__sqrtStep1.smt2	4	M	0.097164	126
QF_NIA_20230328-sqrtmodinv-hoenicke__sqrtStep1.smt2	4	A	0.103672	126
QF_NIA_20230328-sqrtmodinv-hoenicke__sqrtStep1.smt2	4	B	0.126623	126
QF_NIA_20230328-sqrtmodinv-hoenicke__sqrtStep1.smt2	4	C	0.10354	126
QF_NIA_20230328-sqrtmodinv-hoenicke__sqrtStep1a.smt2	4	A	0.115545	126
QF_NIA_20230328-sqrtmodinv-hoenicke__sqrtStep1a.smt2	4	B	0.132793	126
QF_NIA_20230328-sqrtmodinv-hoenicke__sqrtStep1a.smt2	4	C	0.106582	126
QF_NIA_20230328-sqrtmodinv-hoenicke__sqrtStep1a.smt2	4	M	0.096752	126
QF_NIA_20230328-sqrtmodinv-hoenicke__sqrtStep2.smt2	4	B	0.066998	82
QF_NIA_20230328-sqrtmodinv-hoenicke__sqrtStep2.smt2	4	C	0.051999	82
QF_NIA_20230328-sqrtmodinv-hoenicke__sqrtStep2.smt2	4	M	0.068834	82
QF_NIA_20230328-sqrtmodinv-hoenicke__sqrtStep2.smt2	4	A	0.046421	82
QF_NIA_20230328-sqrtmodinv-hoenicke__sqrtStep2a.smt2	4	C	0.052786	82
QF_NIA_20230328-sqrtmodinv-hoenicke__sqrtStep2a.smt2	4	M	0.067124	82
QF_NIA_20230328-sqrtmodinv-hoenicke__sqrtStep2a.smt2	4	A	0.047248	82
QF_NIA_20230328-sqrtmodinv-hoenicke__sqrtStep2a.smt2	4	B	0.064543	82
QF_NIA_20230328-sqrtmodinv-hoenicke__sqrtStep3.smt2	4	M	0.081546	98
QF_NIA_20230328-sqrtmodinv-hoenicke__sqrtStep3.smt2	4	A	0.066167	98
QF_NIA_20230328-sqrtmodinv-hoenicke__sqrtStep3.smt2	4	B	0.085875	98
QF_NIA_20230328-sqrtmodinv-hoenicke__sqrtStep3.smt2	4	C	0.066548	98
QF_NIA_20230328-sqrtmodinv-hoenicke__sqrtStep3a.smt2	4	A	0.093665	128
QF_NIA_20230328-sqrtmodinv-hoenicke__sqrtStep3a.smt2	4	B	0.117792	128
QF_NIA_20230328-sqrtmodinv-hoenicke__sqrtStep3a.smt2	4	C	0.100379	128
QF_NIA_20230328-sqrtmodinv-hoenicke__sqrtStep3a.smt2	4	M	0.100622	128
QF_NIA_20230328-sqrtmodinv-hoenicke__sqrtStep4.smt2	4	B	0.064873	68
QF_NIA_20230328-sqrtmodinv-hoenicke__sqrtStep4.smt2	4	C	0.053582	68
QF_NIA_20230328-sqrtmodinv-hoenicke__sqrtStep4.smt2	4	M	0.069538	68
QF_NIA_20230328-sqrtmodinv-hoenicke__sqrtStep4.smt2	4	A	0.048664	68
QF_NIA_20230328-sqrtmodinv-hoenicke__sqrtStep4a.smt2	4	C	0.087581	128
QF_NIA_20230328-sqrtmodinv-hoenicke__sqrtStep4a.smt2	4	M	0.108794	128
QF_NIA_20230328-sqrtmodinv-hoenicke__sqrtStep4a.smt2	4	A	0.082122	128
QF_NIA_20230328-sqrtmodinv-hoenicke__sqrtStep4a.smt2	4	B	0.113084	128
QF_NIA_20230328-sqrtmodinv-hoenicke__sqrtStep5.smt2	4	M	0.102917	86
QF_NIA_20230328-sqrtmodinv-hoenicke__sqrtStep5.smt2	4	A	0.067834	86
QF_NIA_20230328-sqrtmodinv-hoenicke__sqrtStep5.smt2	4	B	0.088252	86
QF_NIA_20230328-sqrtmodinv-hoenicke__sqrtStep5.smt2	4	C	0.071876	86
QF_NIA_20230328-sqrtmodinv-hoenicke__sqrtStep5a.smt2	4	A	0.093038	128
QF_NIA_20230328-sqrtmodinv-hoenicke__sqrtStep5a.smt2	4	B	0.12004	128
QF_NIA_20230328-sqrtmodinv-hoenicke__sqrtStep5a.smt2	4	C	0.098002	128
QF_NIA_20230328-sqrtmodinv-hoenicke__sqrtStep5a.smt2	4	M	0.131337	128
QF_NIA_20230328-sqrtmodinv-hoenicke__sqrtStep6.smt2	4	B	0.097204	86
QF_NIA_20230328-sqrtmodinv-hoenicke__sqrtStep6.smt2	4	C	0.083666	86
QF_NIA_20230328-sqrtmodinv-hoenicke__sqrtStep6.smt2	4	M	0.12621	86
QF_NIA_20230328-sqrtmodinv-hoenicke__sqrtStep6.smt2	4	A	0.079	86
QF_NIA_20230328-sqrtmodinv-hoenicke__sqrtStep6a.smt2	4	C	0.146501	122
QF_NIA_20230328-sqrtmodinv-hoenicke__sqrtStep6a.smt2	4	M	0.18058	122
QF_NIA_20230328-sqrtmodinv-hoenicke__sqrtStep6a.smt2	4	A	0.140083	122
QF_NIA_20230328-sqrtmodinv-hoenicke__sqrtStep6a.smt2	4	B	0.169497	122
QF_NIA_20230328-sqrtmodinv-hoenicke__sqrtStep7.smt2	4	M	0.839877	206
QF_NIA_20230328-sqrtmodinv-hoenicke__sqrtStep7.smt2	4	A	0.904208	206
QF_NIA_20230328-sqrtmodinv-hoenicke__sqrtStep7.smt2	4	B	0.957704	206
QF_NIA_20230328-sqrtmodinv-hoenicke__sqrtStep7.smt2	4	C	0.89708	206
QF_NIA_20230328-sqrtmodinv-hoenicke__sqrtStep7a.smt2	4	A	0.189958	122
QF_NIA_20230328-sqrtmodinv-hoenicke__sqrtStep7a.smt2	4	B	0.216624	122
QF_NIA_20230328-sqrtmodinv-hoenicke__sqrtStep7a.smt2	4	C	0.195826	122
QF_NIA_20230328-sqrtmodinv-hoenicke__sqrtStep7a.smt2	4	M	0.274666	122
QF_NIA_20230328-sqrtmodinv-hoenicke__sqrtStepFinal.smt2	4	B	3.04001	6674
QF_NIA_20230328-sqrtmodinv-hoenicke__sqrtStepFinal.smt2	4	C	2.17803	6674
QF_NIA_20230328-sqrtmodinv-hoenicke__sqrtStepFinal.smt2	4	M	3.3131	6674
QF_NIA_20230328-sqrtmodinv-hoenicke__sqrtStepFinal.smt2	4	A	2.00586	6674
QF_NIA_20230328-sqrtmodinv-hoenicke__sqrtStepFinala.smt2	4	C	12.8223	39614
QF_NIA_20230328-sqrtmodinv-hoenicke__sqrtStepFinala.smt2	4	M	19.5655	39614
QF_NIA_20230328-sqrtmodinv-hoenicke__sqrtStepFinala.smt2	4	A	12.4154	39614
QF_NIA_20230328-sqrtmodinv-hoenicke__sqrtStepFinala.smt2	4	B	19.1069	39614
QF_NIA_20250331-elster__C_2.smt2	4	M	0.007375	2
QF_NIA_20250331-elster__C_2.smt2	4	A	0.009542	2
QF_NIA_20250331-elster__C_2.smt2	4	B	0.010334	2
QF_NIA_20250331-elster__C_2.smt2	4	C	0.009666	2
QF_NIA_AProVE__aproveSMT1273731352138297194.smt2	4	A	0.304839	224
QF_NIA_AProVE__aproveSMT1273731352138297194.smt2	4	B	0.355791	224
QF_NIA_AProVE__aproveSMT1273731352138297194.smt2	4	C	0.309464	224
QF_NIA_AProVE__aproveSMT1273731352138297194.smt2	4	M	0.279618	224
QF_NIA_AProVE__aproveSMT1682483342197094972.smt2	4	B	0.053914	30
QF_NIA_AProVE__aproveSMT1682483342197094972.smt2	4	C	0.042834	30
QF_NIA_AProVE__aproveSMT1682483342197094972.smt2	4	M	0.048166	30
QF_NIA_AProVE__aproveSMT1682483342197094972.smt2	4	A	0.037665	30
QF_NIA_AProVE__aproveSMT2104748456448998709.smt2	4	C	0.317411	219
QF_NIA_AProVE__aproveSMT2104748456448998709.smt2	4	M	0.278918	219
QF_NIA_AProVE__aproveSMT2104748456448998709.smt2	4	A	0.298635	219
QF_NIA_AProVE__aproveSMT2104748456448998709.smt2	4	B	0.361006	219
QF_NIA_AProVE__aproveSMT2163640444650240229.smt2	4	M	0.090371	88
QF_NIA_AProVE__aproveSMT2163640444650240229.smt2	4	A	0.078792	88
QF_NIA_AProVE__aproveSMT2163640444650240229.smt2	4	B	0.101912	88
QF_NIA_AProVE__aproveSMT2163640444650240229.smt2	4	C	0.07642	88
QF_NIA_AProVE__aproveSMT3306422790231477425.smt2	4	A	0.565373	241
QF_NIA_AProVE__aproveSMT3306422790231477425.smt2	4	B	0.657409	241
QF_NIA_AProVE__aproveSMT3306422790231477425.smt2	4	C	0.5905	241
QF_NIA_AProVE__aproveSMT3306422790231477425.smt2	4	M	0.358503	241
QF_NIA_AProVE__aproveSMT3420388863619787077.smt2	4	B	0.180046	93
QF_NIA_AProVE__aproveSMT3420388863619787077.smt2	4	C	0.165671	93
QF_NIA_AProVE__aproveSMT3420388863619787077.smt2	4	M	0.138631	93
QF_NIA_AProVE__aproveSMT3420388863619787077.smt2	4	A	0.14687	93
QF_NIA_AProVE__aproveSMT3483701614621556321.smt2	4	C	0.043334	22
QF_NIA_AProVE__aproveSMT3483701614621556321.smt2	4	M	0.036333	22
QF_NIA_AProVE__aproveSMT3483701614621556321.smt2	4	A	0.042167	22
QF_NIA_AProVE__aproveSMT3483701614621556321.smt2	4	B	0.052376	22
QF_NIA_AProVE__aproveSMT3711749212931521777.smt2	4	M	0.201913	284
QF_NIA_AProVE__aproveSMT3711749212931521777.smt2	4	A	0.179161	284
QF_NIA_AProVE__aproveSMT3711749212931521777.smt2	4	B	0.226794	284
QF_NIA_AProVE__aproveSMT3711749212931521777.smt2	4	C	0.186166	284
QF_NIA_AProVE__aproveSMT4239815710630693785.smt2	4	A	0.015668	7
QF_NIA_AProVE__aproveSMT4239815710630693785.smt2	4	B	0.018374	7
QF_NIA_AProVE__aproveSMT4239815710630693785.smt2	4	C	0.015333	7
QF_NIA_AProVE__aproveSMT4239815710630693785.smt2	4	M	0.011959	7
QF_NIA_AProVE__aproveSMT4709971078612194434.smt2	4	B	0.448287	449
QF_NIA_AProVE__aproveSMT4709971078612194434.smt2	4	C	0.405207	449
QF_NIA_AProVE__aproveSMT4709971078612194434.smt2	4	M	0.393447	449
QF_NIA_AProVE__aproveSMT4709971078612194434.smt2	4	A	0.37383	449
QF_NIA_AProVE__aproveSMT4870145291684036249.smt2	4	C	0.050914	58
QF_NIA_AProVE__aproveSMT4870145291684036249.smt2	4	M	0.054378	58
QF_NIA_AProVE__aproveSMT4870145291684036249.smt2	4	A	0.044752	58
QF_NIA_AProVE__aproveSMT4870145291684036249.smt2	4	B	0.060419	58
QF_NIA_AProVE__aproveSMT4968692977299917888.smt2	4	M	0.040207	43
QF_NIA_AProVE__aproveSMT4968692977299917888.smt2	4	A	0.024045	43
QF_NIA_AProVE__aproveSMT4968692977299917888.smt2	4	B	0.036168	43
QF_NIA_AProVE__aproveSMT4968692977299917888.smt2	4	C	0.0275	43
QF_NIA_AProVE__aproveSMT4972425496508857728.smt2	4	A	0.046084	38
QF_NIA_AProVE__aproveSMT4972425496508857728.smt2	4	B	0.056376	38
QF_NIA_AProVE__aproveSMT4972425496508857728.smt2	4	C	0.041834	38
QF_NIA_AProVE__aproveSMT4972425496508857728.smt2	4	M	0.03925	38
QF_NIA_AProVE__aproveSMT5081480561387483523.smt2	4	B	0.026417	9
QF_NIA_AProVE__aproveSMT5081480561387483523.smt2	4	C	0.015833	9
QF_NIA_AProVE__aproveSMT5081480561387483523.smt2	4	M	0.021291	9
QF_NIA_AProVE__aproveSMT5081480561387483523.smt2	4	A	0.015001	9
QF_NIA_AProVE__aproveSMT6061013276766078350.smt2	4	C	0.693424	445
QF_NIA_AProVE__aproveSMT6061013276766078350.smt2	4	M	0.553784	445
QF_NIA_AProVE__aproveSMT6061013276766078350.smt2	4	A	0.662119	445
QF_NIA_AProVE__aproveSMT6061013276766078350.smt2	4	B	0.764873	445
QF_NIA_AProVE__aproveSMT6531155344723557531.smt2	4	M	0.621538	882
QF_NIA_AProVE__aproveSMT6531155344723557531.smt2	4	A	0.62979	882
QF_NIA_AProVE__aproveSMT6531155344723557531.smt2	4	B	0.756386	882
QF_NIA_AProVE__aproveSMT6531155344723557531.smt2	4	C	0.651494	882
QF_NIA_AProVE__aproveSMT6744620754635880037.smt2	4	A	0.095791	78
QF_NIA_AProVE__aproveSMT6744620754635880037.smt2	4	B	0.116293	78
QF_NIA_AProVE__aproveSMT6744620754635880037.smt2	4	C	0.09975	78
QF_NIA_AProVE__aproveSMT6744620754635880037.smt2	4	M	0.079084	78
QF_NIA_AProVE__aproveSMT6761189929823789229.smt2	4	B	0.079664	97
QF_NIA_AProVE__aproveSMT6761189929823789229.smt2	4	C	0.069249	97
QF_NIA_AProVE__aproveSMT6761189929823789229.smt2	4	M	0.093502	97
QF_NIA_AProVE__aproveSMT6761189929823789229.smt2	4	A	0.063878	97
QF_NIA_AProVE__aproveSMT7934578101815516403.smt2	4	C	0.298332	333
QF_NIA_AProVE__aproveSMT7934578101815516403.smt2	4	M	0.298459	333
QF_NIA_AProVE__aproveSMT7934578101815516403.smt2	4	A	0.290243	333
QF_NIA_AProVE__aproveSMT7934578101815516403.smt2	4	B	0.347081	333
QF_NIA_AProVE__aproveSMT8211259659113423333.smt2	4	M	0.014917	12
QF_NIA_AProVE__aproveSMT8211259659113423333.smt2	4	A	0.01596	12
QF_NIA_AProVE__aproveSMT8211259659113423333.smt2	4	B	0.018292	12
QF_NIA_AProVE__aproveSMT8211259659113423333.smt2	4	C	0.015126	12
QF_NIA_AProVE__aproveSMT8505973648273075649.smt2	4	A	0.631828	722
QF_NIA_AProVE__aproveSMT8505973648273075649.smt2	4	B	0.795249	722
QF_NIA_AProVE__aproveSMT8505973648273075649.smt2	4	C	0.656252	722
QF_NIA_AProVE__aproveSMT8505973648273075649.smt2	4	M	0.734547	722
QF_NIA_AProVE__aproveSMT9058095127082541976.smt2	4	B	0.662787	298
QF_NIA_AProVE__aproveSMT9058095127082541976.smt2	4	C	0.590247	298
QF_NIA_AProVE__aproveSMT9058095127082541976.smt2	4	M	0.482326	298
QF_NIA_AProVE__aproveSMT9058095127082541976.smt2	4	A	0.59091	298
QF_NIA_leipzig__term-4AzLVe.smt2	4	C	0.013999	4
QF_NIA_leipzig__term-4AzLVe.smt2	4	M	0.010166	4
QF_NIA_leipzig__term-4AzLVe.smt2	4	A	0.013958	4
QF_NIA_leipzig__term-4AzLVe.smt2	4	B	0.015708	4
QF_NIA_leipzig__term-4LNX6G.smt2	4	M	0.018625	20
QF_NIA_leipzig__term-4LNX6G.smt2	4	A	0.01354	20
QF_NIA_leipzig__term-4LNX6G.smt2	4	B	0.017626	20
QF_NIA_leipzig__term-4LNX6G.smt2	4	C	0.013626	20
QF_NIA_leipzig__term-BWHEfg.smt2	4	A	0.022831	26
QF_NIA_leipzig__term-BWHEfg.smt2	4	B	0.031999	26
QF_NIA_leipzig__term-BWHEfg.smt2	4	C	0.023666	26
QF_NIA_leipzig__term-BWHEfg.smt2	4	M	0.031166	26
QF_NIA_leipzig__term-H9wl52.smt2	4	B	0.007084	2
QF_NIA_leipzig__term-H9wl52.smt2	4	C	0.006333	2
QF_NIA_leipzig__term-H9wl52.smt2	4	M	0.005917	2
QF_NIA_leipzig__term-H9wl52.smt2	4	A	0.00625	2
QF_NIA_leipzig__term-bEER96.smt2	4	C	0.043749	66
QF_NIA_leipzig__term-bEER96.smt2	4	M	0.062663	66
QF_NIA_leipzig__term-bEER96.smt2	4	A	0.038542	66
QF_NIA_leipzig__term-bEER96.smt2	4	B	0.060707	66
QF_NIA_leipzig__term-ddoFAO.smt2	4	M	0.171789	49
QF_NIA_leipzig__term-ddoFAO.smt2	4	A	0.190705	49
QF_NIA_leipzig__term-ddoFAO.smt2	4	B	0.200625	49
QF_NIA_leipzig__term-ddoFAO.smt2	4	C	0.186666	49
QF_NIA_leipzig__term-f2cozZ.smt2	4	A	0.006543	4
QF_NIA_leipzig__term-f2cozZ.smt2	4	B	0.008917	4
QF_NIA_leipzig__term-f2cozZ.smt2	4	C	0.007375	4
QF_NIA_leipzig__term-f2cozZ.smt2	4	M	0.008541	4
QF_NIA_leipzig__term-gHq3ie.smt2	4	B	0.019209	3
QF_NIA_leipzig__term-gHq3ie.smt2	4	C	0.012833	3
QF_NIA_leipzig__term-gHq3ie.smt2	4	M	0.029125	3
QF_NIA_leipzig__term-gHq3ie.smt2	4	A	0.010378	3
QF_NIA_leipzig__term-ye1ece.smt2	4	C	0.006417	2
QF_NIA_leipzig__term-ye1ece.smt2	4	M	0.005959	2
QF_NIA_leipzig__term-ye1ece.smt2	4	A	0.006208	2
QF_NIA_leipzig__term-ye1ece.smt2	4	B	0.012625	2
QF_NIA_mcm__10.smt2	4	M	0.005833	2
QF_NIA_mcm__10.smt2	4	A	0.006167	2
QF_NIA_mcm__10.smt2	4	B	0.006959	2
QF_NIA_mcm__10.smt2	4	C	0.006583	2
QF_NIA_mcm__23.smt2	4	A	0.006125	2
QF_NIA_mcm__23.smt2	4	B	0.007125	2
QF_NIA_mcm__23.smt2	4	C	0.006208	2
QF_NIA_mcm__23.smt2	4	M	0.006	2
QF_NIA_mcm__41.smt2	4	B	0.00725	2
QF_NIA_mcm__41.smt2	4	C	0.006417	2
QF_NIA_mcm__41.smt2	4	M	0.005792	2
QF_NIA_mcm__41.smt2	4	A	0.006292	2
QF_NIA_mcm__52.smt2	4	C	0.006417	2
QF_NIA_mcm__52.smt2	4	M	0.006208	2
QF_NIA_mcm__52.smt2	4	A	0.006292	2
QF_NIA_mcm__52.smt2	4	B	0.0065	2
QF_NIA_mcm__81.smt2	4	M	0.005833	2
QF_NIA_mcm__81.smt2	4	A	0.006166	2
QF_NIA_mcm__81.smt2	4	B	0.006958	2
QF_NIA_mcm__81.smt2	4	C	0.006375	2
QF_NIA_mcm__89.smt2	4	A	0.00625	2
QF_NIA_mcm__89.smt2	4	B	0.007292	2
QF_NIA_mcm__89.smt2	4	C	0.006333	2
QF_NIA_mcm__89.smt2	4	M	0.0055	2
QF_NIA_mcm__94.smt2	4	B	0.007125	2
QF_NIA_mcm__94.smt2	4	C	0.006208	2
QF_NIA_mcm__94.smt2	4	M	0.005875	2
QF_NIA_mcm__94.smt2	4	A	0.006416	2
QF_NRA_20161105-Sturm-MBO__mbo_E10E25.smt2	4	C	0.015625	6
QF_NRA_20161105-Sturm-MBO__mbo_E10E25.smt2	4	M	0.011208	6
QF_NRA_20161105-Sturm-MBO__mbo_E10E25.smt2	4	A	0.0135	6
QF_NRA_20161105-Sturm-MBO__mbo_E10E25.smt2	4	B	0.015876	6
QF_NRA_20161105-Sturm-MBO__mbo_E11E13.smt2	4	M	0.010917	6
QF_NRA_20161105-Sturm-MBO__mbo_E11E13.smt2	4	A	0.023417	6
QF_NRA_20161105-Sturm-MBO__mbo_E11E13.smt2	4	B	0.022917	6
QF_NRA_20161105-Sturm-MBO__mbo_E11E13.smt2	4	C	0.022041	6
QF_NRA_20161105-Sturm-MBO__mbo_E12E17.smt2	4	A	0.025917	4
QF_NRA_20161105-Sturm-MBO__mbo_E12E17.smt2	4	B	0.028251	4
QF_NRA_20161105-Sturm-MBO__mbo_E12E17.smt2	4	C	0.024709	4
QF_NRA_20161105-Sturm-MBO__mbo_E12E17.smt2	4	M	0.016334	4
QF_NRA_20161105-Sturm-MBO__mbo_E15E24.smt2	4	B	0.026959	6
QF_NRA_20161105-Sturm-MBO__mbo_E15E24.smt2	4	C	0.02525	6
QF_NRA_20161105-Sturm-MBO__mbo_E15E24.smt2	4	M	0.014125	6
QF_NRA_20161105-Sturm-MBO__mbo_E15E24.smt2	4	A	0.024208	6
QF_NRA_20161105-Sturm-MBO__mbo_E1E22.smt2	4	C	0.026125	4
QF_NRA_20161105-Sturm-MBO__mbo_E1E22.smt2	4	M	0.014834	4
QF_NRA_20161105-Sturm-MBO__mbo_E1E22.smt2	4	A	0.026	4
QF_NRA_20161105-Sturm-MBO__mbo_E1E22.smt2	4	B	0.028041	4
QF_NRA_20161105-Sturm-MBO__mbo_E20E21.smt2	4	M	0.027085	13
QF_NRA_20161105-Sturm-MBO__mbo_E20E21.smt2	4	A	0.020793	13
QF_NRA_20161105-Sturm-MBO__mbo_E20E21.smt2	4	B	0.02325	13
QF_NRA_20161105-Sturm-MBO__mbo_E20E21.smt2	4	C	0.01929	13
QF_NRA_20161105-Sturm-MBO__mbo_E24E25.smt2	4	A	0.010375	2
QF_NRA_20161105-Sturm-MBO__mbo_E24E25.smt2	4	B	0.011416	2
QF_NRA_20161105-Sturm-MBO__mbo_E24E25.smt2	4	C	0.01025	2
QF_NRA_20161105-Sturm-MBO__mbo_E24E25.smt2	4	M	0.006583	2
QF_NRA_20161105-Sturm-MBO__mbo_E25E26.smt2	4	B	0.238914	62
QF_NRA_20161105-Sturm-MBO__mbo_E25E26.smt2	4	C	0.218246	62
QF_NRA_20161105-Sturm-MBO__mbo_E25E26.smt2	4	M	0.126418	62
QF_NRA_20161105-Sturm-MBO__mbo_E25E26.smt2	4	A	0.225834	62
QF_NRA_20161105-Sturm-MBO__mbo_E2E7.smt2	4	C	0.033291	8
QF_NRA_20161105-Sturm-MBO__mbo_E2E7.smt2	4	M	0.021501	8
QF_NRA_20161105-Sturm-MBO__mbo_E2E7.smt2	4	A	0.033833	8
QF_NRA_20161105-Sturm-MBO__mbo_E2E7.smt2	4	B	0.036417	8
QF_NRA_20161105-Sturm-MBO__mbo_E3E27.smt2	4	M	0.521369	383
QF_NRA_20161105-Sturm-MBO__mbo_E3E27.smt2	4	A	0.816082	383
QF_NRA_20161105-Sturm-MBO__mbo_E3E27.smt2	4	B	0.893918	383
QF_NRA_20161105-Sturm-MBO__mbo_E3E27.smt2	4	C	0.830546	383
QF_NRA_20161105-Sturm-MBO__mbo_E3E9.smt2	4	A	0.027708	6
QF_NRA_20161105-Sturm-MBO__mbo_E3E9.smt2	4	B	0.030083	6
QF_NRA_20161105-Sturm-MBO__mbo_E3E9.smt2	4	C	0.027458	6
QF_NRA_20161105-Sturm-MBO__mbo_E3E9.smt2	4	M	0.015333	6
QF_NRA_20161105-Sturm-MBO__mbo_E4E13.smt2	4	B	0.062626	12
QF_NRA_20161105-Sturm-MBO__mbo_E4E13.smt2	4	C	0.060999	12
QF_NRA_20161105-Sturm-MBO__mbo_E4E13.smt2	4	M	0.028126	12
QF_NRA_20161105-Sturm-MBO__mbo_E4E13.smt2	4	A	0.05925	12
QF_NRA_20161105-Sturm-MBO__mbo_E5E12.smt2	4	C	0.019042	4
QF_NRA_20161105-Sturm-MBO__mbo_E5E12.smt2	4	M	0.009375	4
QF_NRA_20161105-Sturm-MBO__mbo_E5E12.smt2	4	A	0.01775	4
QF_NRA_20161105-Sturm-MBO__mbo_E5E12.smt2	4	B	0.01875	4
QF_NRA_20161105-Sturm-MBO__mbo_E5E16.smt2	4	M	0.020751	11
QF_NRA_20161105-Sturm-MBO__mbo_E5E16.smt2	4	A	0.03225	11
QF_NRA_20161105-Sturm-MBO__mbo_E5E16.smt2	4	B	0.033749	11
QF_NRA_20161105-Sturm-MBO__mbo_E5E16.smt2	4	C	0.031292	11
QF_NRA_20161105-Sturm-MBO__mbo_E5E19.smt2	4	A	0.031209	7
QF_NRA_20161105-Sturm-MBO__mbo_E5E19.smt2	4	B	0.032374	7
QF_NRA_20161105-Sturm-MBO__mbo_E5E19.smt2	4	C	0.032	7
QF_NRA_20161105-Sturm-MBO__mbo_E5E19.smt2	4	M	0.01475	7
QF_NRA_20161105-Sturm-MBO__mbo_E6E14.smt2	4	B	0.021	2
QF_NRA_20161105-Sturm-MBO__mbo_E6E14.smt2	4	C	0.017458	2
QF_NRA_20161105-Sturm-MBO__mbo_E6E14.smt2	4	M	0.010459	2
QF_NRA_20161105-Sturm-MBO__mbo_E6E14.smt2	4	A	0.021125	2
QF_NRA_20161105-Sturm-MBO__mbo_E6E17.smt2	4	C	1.04975	642
QF_NRA_20161105-Sturm-MBO__mbo_E6E17.smt2	4	M	0.75475	642
QF_NRA_20161105-Sturm-MBO__mbo_E6E17.smt2	4	A	0.988456	642
QF_NRA_20161105-Sturm-MBO__mbo_E6E17.smt2	4	B	1.10874	642
QF_NRA_20161105-Sturm-MBO__mbo_E8E19.smt2	4	M	0.0175	6
QF_NRA_20161105-Sturm-MBO__mbo_E8E19.smt2	4	A	0.030166	6
QF_NRA_20161105-Sturm-MBO__mbo_E8E19.smt2	4	B	0.031917	6
QF_NRA_20161105-Sturm-MBO__mbo_E8E19.smt2	4	C	0.029376	6
QF_NRA_20161105-Sturm-MBO__mbo_E8E9.smt2	4	A	0.021876	4
QF_NRA_20161105-Sturm-MBO__mbo_E8E9.smt2	4	B	0.024334	4
QF_NRA_20161105-Sturm-MBO__mbo_E8E9.smt2	4	C	0.022584	4
QF_NRA_20161105-Sturm-MBO__mbo_E8E9.smt2	4	M	0.013958	4
QF_NRA_20161105-Sturm-MGC__mgc_02.smt2	4	B	0.067125	18
QF_NRA_20161105-Sturm-MGC__mgc_02.smt2	4	C	0.059043	18
QF_NRA_20161105-Sturm-MGC__mgc_02.smt2	4	M	0.03575	18
QF_NRA_20161105-Sturm-MGC__mgc_02.smt2	4	A	0.059251	18
QF_NRA_20161105-Sturm-MGC__mgc_03.smt2	4	C	0.07729	18
QF_NRA_20161105-Sturm-MGC__mgc_03.smt2	4	M	0.045626	18
QF_NRA_20161105-Sturm-MGC__mgc_03.smt2	4	A	0.081376	18
QF_NRA_20161105-Sturm-MGC__mgc_03.smt2	4	B	0.082623	18
QF_NRA_20161105-Sturm-MGC__mgc_04.smt2	4	M	0.039876	16
QF_NRA_20161105-Sturm-MGC__mgc_04.smt2	4	A	0.069917	16
QF_NRA_20161105-Sturm-MGC__mgc_04.smt2	4	B	0.076499	16
QF_NRA_20161105-Sturm-MGC__mgc_04.smt2	4	C	0.074583	16
QF_NRA_20161105-Sturm-MGC__mgc_05.smt2	4	A	0.084208	18
QF_NRA_20161105-Sturm-MGC__mgc_05.smt2	4	B	0.0885	18
QF_NRA_20161105-Sturm-MGC__mgc_05.smt2	4	C	0.080291	18
QF_NRA_20161105-Sturm-MGC__mgc_05.smt2	4	M	0.045251	18
QF_NRA_20161105-Sturm-MGC__mgc_06.smt2	4	B	0.04804	18
QF_NRA_20161105-Sturm-MGC__mgc_06.smt2	4	C	0.044957	18
QF_NRA_20161105-Sturm-MGC__mgc_06.smt2	4	M	0.029124	18
QF_NRA_20161105-Sturm-MGC__mgc_06.smt2	4	A	0.042541	18
QF_NRA_20161105-Sturm-MGC__mgc_07.smt2	4	C	0.087334	18
QF_NRA_20161105-Sturm-MGC__mgc_07.smt2	4	M	0.047332	18
QF_NRA_20161105-Sturm-MGC__mgc_07.smt2	4	A	0.087001	18
QF_NRA_20161105-Sturm-MGC__mgc_07.smt2	4	B	0.090791	18
QF_NRA_20161105-Sturm-MGC__mgc_08.smt2	4	M	0.043417	18
QF_NRA_20161105-Sturm-MGC__mgc_08.smt2	4	A	0.06025	18
QF_NRA_20161105-Sturm-MGC__mgc_08.smt2	4	B	0.067124	18
QF_NRA_20161105-Sturm-MGC__mgc_08.smt2	4	C	0.0685	18
QF_NRA_20161105-Sturm-MGC__mgc_09.smt2	4	A	0.102916	35
QF_NRA_20161105-Sturm-MGC__mgc_09.smt2	4	B	0.112336	35
QF_NRA_20161105-Sturm-MGC__mgc_09.smt2	4	C	0.101957	35
QF_NRA_20161105-Sturm-MGC__mgc_09.smt2	4	M	0.066123	35
QF_NRA_20161105-Sturm-MGC__mgc_10.smt2	4	B	0.111873	27
QF_NRA_20161105-Sturm-MGC__mgc_10.smt2	4	C	0.104709	27
QF_NRA_20161105-Sturm-MGC__mgc_10.smt2	4	M	0.058582	27
QF_NRA_20161105-Sturm-MGC__mgc_10.smt2	4	A	0.104375	27
QF_NRA_20170501-Heizmann-UltimateInvariantSynthesis__array_ptr_single_elem_init.i_4_2_2.bpl_5.smt2	4	C	0.044168	35
QF_NRA_20170501-Heizmann-UltimateInvariantSynthesis__array_ptr_single_elem_init.i_4_2_2.bpl_5.smt2	4	M	0.044166	35
QF_NRA_20170501-Heizmann-UltimateInvariantSynthesis__array_ptr_single_elem_init.i_4_2_2.bpl_5.smt2	4	A	0.039041	35
QF_NRA_20170501-Heizmann-UltimateInvariantSynthesis__array_ptr_single_elem_init.i_4_2_2.bpl_5.smt2	4	B	0.047501	35
QF_NRA_20170501-Heizmann-UltimateInvariantSynthesis__array_single_elem_init.i_4_2_2.bpl_5.smt2	4	M	0.066583	64
QF_NRA_20170501-Heizmann-UltimateInvariantSynthesis__array_single_elem_init.i_4_2_2.bpl_5.smt2	4	A	0.034003	64
QF_NRA_20170501-Heizmann-UltimateInvariantSynthesis__array_single_elem_init.i_4_2_2.bpl_5.smt2	4	B	0.05054	64
QF_NRA_20170501-Heizmann-UltimateInvariantSynthesis__array_single_elem_init.i_4_2_2.bpl_5.smt2	4	C	0.040708	64
QF_NRA_20170501-Heizmann-UltimateInvariantSynthesis__gj2007.c.i_4_3_3.bpl_5.smt2	4	A	4.52855	4669
QF_NRA_20170501-Heizmann-UltimateInvariantSynthesis__gj2007.c.i_4_3_3.bpl_5.smt2	4	B	5.23843	4669
QF_NRA_20170501-Heizmann-UltimateInvariantSynthesis__gj2007.c.i_4_3_3.bpl_5.smt2	4	C	4.66856	4669
QF_NRA_20170501-Heizmann-UltimateInvariantSynthesis__gj2007.c.i_4_3_3.bpl_5.smt2	4	M	3.72661	4669
QF_NRA_20170501-Heizmann-UltimateInvariantSynthesis__gr2006.c.i_4_4_3.bpl_5.smt2	4	B	1.58512	1343
QF_NRA_20170501-Heizmann-UltimateInvariantSynthesis__gr2006.c.i_4_4_3.bpl_5.smt2	4	C	1.26449	1343
QF_NRA_20170501-Heizmann-UltimateInvariantSynthesis__gr2006.c.i_4_4_3.bpl_5.smt2	4	M	1.17528	1343
QF_NRA_20170501-Heizmann-UltimateInvariantSynthesis__gr2006.c.i_4_4_3.bpl_5.smt2	4	A	1.22208	1343
QF_NRA_20170501-Heizmann-UltimateInvariantSynthesis__linear_search.i_7_23_3.bpl_3.smt2	4	C	0.768277	740
QF_NRA_20170501-Heizmann-UltimateInvariantSynthesis__linear_search.i_7_23_3.bpl_3.smt2	4	M	0.950263	740
QF_NRA_20170501-Heizmann-UltimateInvariantSynthesis__linear_search.i_7_23_3.bpl_3.smt2	4	A	0.724252	740
QF_NRA_20170501-Heizmann-UltimateInvariantSynthesis__linear_search.i_7_23_3.bpl_3.smt2	4	B	0.825425	740
QF_NRA_20170501-Heizmann-UltimateInvariantSynthesis__standard_copy1_ground.i_3_2_2.bpl_9.smt2	4	M	1.66695	1930
QF_NRA_20170501-Heizmann-UltimateInvariantSynthesis__standard_copy1_ground.i_3_2_2.bpl_9.smt2	4	A	1.01176	1930
QF_NRA_20170501-Heizmann-UltimateInvariantSynthesis__standard_copy1_ground.i_3_2_2.bpl_9.smt2	4	B	1.30648	1930
QF_NRA_20170501-Heizmann-UltimateInvariantSynthesis__standard_copy1_ground.i_3_2_2.bpl_9.smt2	4	C	1.11611	1930
QF_NRA_20170501-Heizmann-UltimateInvariantSynthesis__standard_copy3_ground.i_3_2_2.bpl_5.smt2	4	A	0.100376	256
QF_NRA_20170501-Heizmann-UltimateInvariantSynthesis__standard_copy3_ground.i_3_2_2.bpl_5.smt2	4	B	0.14896	256
QF_NRA_20170501-Heizmann-UltimateInvariantSynthesis__standard_copy3_ground.i_3_2_2.bpl_5.smt2	4	C	0.110169	256
QF_NRA_20170501-Heizmann-UltimateInvariantSynthesis__standard_copy3_ground.i_3_2_2.bpl_5.smt2	4	M	0.203962	256
QF_NRA_20170501-Heizmann-UltimateInvariantSynthesis__standard_init9_ground.i_3_2_2.bpl_3.smt2	4	B	1.75472	683
QF_NRA_20170501-Heizmann-UltimateInvariantSynthesis__standard_init9_ground.i_3_2_2.bpl_3.smt2	4	C	1.73654	683
QF_NRA_20170501-Heizmann-UltimateInvariantSynthesis__standard_init9_ground.i_3_2_2.bpl_3.smt2	4	M	1.194	683
QF_NRA_20170501-Heizmann-UltimateInvariantSynthesis__standard_init9_ground.i_3_2_2.bpl_3.smt2	4	A	1.62762	683
QF_NRA_2019-ezsmt__inst_1_1000000.smt2	4	C	0.103415	292
QF_NRA_2019-ezsmt__inst_1_1000000.smt2	4	M	0.169956	292
QF_NRA_2019-ezsmt__inst_1_1000000.smt2	4	A	0.094491	292
QF_NRA_2019-ezsmt__inst_1_1000000.smt2	4	B	0.153661	292
QF_NRA_20200911-Pine__1599121684477306000.smt2	4	M	0.050249	28
QF_NRA_20200911-Pine__1599121684477306000.smt2	4	A	0.068293	28
QF_NRA_20200911-Pine__1599121684477306000.smt2	4	B	0.078836	28
QF_NRA_20200911-Pine__1599121684477306000.smt2	4	C	0.069081	28
QF_NRA_20200911-Pine__1599121684653478000.smt2	4	A	0.047708	20
QF_NRA_20200911-Pine__1599121684653478000.smt2	4	B	0.053206	20
QF_NRA_20200911-Pine__1599121684653478000.smt2	4	C	0.048291	20
QF_NRA_20200911-Pine__1599121684653478000.smt2	4	M	0.040791	20
QF_NRA_20200911-Pine__1599121861020640000.smt2	4	B	0.007125	2
QF_NRA_20200911-Pine__1599121861020640000.smt2	4	C	0.006375	2
QF_NRA_20200911-Pine__1599121861020640000.smt2	4	M	0.006292	2
QF_NRA_20200911-Pine__1599121861020640000.smt2	4	A	0.006125	2
QF_NRA_20200911-Pine__1599121889458073000.smt2	4	C	0.267293	114
QF_NRA_20200911-Pine__1599121889458073000.smt2	4	M	0.198413	114
QF_NRA_20200911-Pine__1599121889458073000.smt2	4	A	0.269585	114
QF_NRA_20200911-Pine__1599121889458073000.smt2	4	B	0.288627	114
QF_NRA_20200911-Pine__1599121899872501000.smt2	4	M	0.120959	27
QF_NRA_20200911-Pine__1599121899872501000.smt2	4	A	0.180374	27
QF_NRA_20200911-Pine__1599121899872501000.smt2	4	B	0.195415	27
QF_NRA_20200911-Pine__1599121899872501000.smt2	4	C	0.184123	27
QF_NRA_20200911-Pine__1599121900961647000.smt2	4	A	0.062294	23
QF_NRA_20200911-Pine__1599121900961647000.smt2	4	B	0.07629	23
QF_NRA_20200911-Pine__1599121900961647000.smt2	4	C	0.064376	23
QF_NRA_20200911-Pine__1599121900961647000.smt2	4	M	0.062001	23
QF_NRA_20200911-Pine__1599121904275696000.smt2	4	B	0.225501	27
QF_NRA_20200911-Pine__1599121904275696000.smt2	4	C	0.21279	27
QF_NRA_20200911-Pine__1599121904275696000.smt2	4	M	0.13654	27
QF_NRA_20200911-Pine__1599121904275696000.smt2	4	A	0.206378	27
QF_NRA_20200911-Pine__1599121979753628000.smt2	4	C	0.052796	50
QF_NRA_20200911-Pine__1599121979753628000.smt2	4	M	0.06021	50
QF_NRA_20200911-Pine__1599121979753628000.smt2	4	A	0.049834	50
QF_NRA_20200911-Pine__1599121979753628000.smt2	4	B	0.064041	50
QF_NRA_20200911-Pine__1599122159324430000.smt2	4	M	0.019375	14
QF_NRA_20200911-Pine__1599122159324430000.smt2	4	A	0.023708	14
QF_NRA_20200911-Pine__1599122159324430000.smt2	4	B	0.028874	14
QF_NRA_20200911-Pine__1599122159324430000.smt2	4	C	0.024709	14
QF_NRA_20200911-Pine__1599122159846134000.smt2	4	A	0.02504	16
QF_NRA_20200911-Pine__1599122159846134000.smt2	4	B	0.028626	16
QF_NRA_20200911-Pine__1599122159846134000.smt2	4	C	0.023251	16
QF_NRA_20200911-Pine__1599122159846134000.smt2	4	M	0.020999	16
QF_NRA_20200911-Pine__1599122162465867000.smt2	4	B	0.01246	10
QF_NRA_20200911-Pine__1599122162465867000.smt2	4	C	0.009625	10
QF_NRA_20200911-Pine__1599122162465867000.smt2	4	M	0.011958	10
QF_NRA_20200911-Pine__1599122162465867000.smt2	4	A	0.009457	10
QF_NRA_20200911-Pine__1599122162569064000.smt2	4	C	0.007709	4
QF_NRA_20200911-Pine__1599122162569064000.smt2	4	M	0.008166	4
QF_NRA_20200911-Pine__1599122162569064000.smt2	4	A	0.00725	4
QF_NRA_20200911-Pine__1599122162569064000.smt2	4	B	0.008667	4
QF_NRA_20200911-Pine__1599122163190413000.smt2	4	M	0.012917	10
QF_NRA_20200911-Pine__1599122163190413000.smt2	4	A	0.009501	10
QF_NRA_20200911-Pine__1599122163190413000.smt2	4	B	0.012084	10
QF_NRA_20200911-Pine__1599122163190413000.smt2	4	C	0.009959	10
QF_NRA_20200911-Pine__1599122163683961000.smt2	4	A	0.035208	16
QF_NRA_20200911-Pine__1599122163683961000.smt2	4	B	0.037831	16
QF_NRA_20200911-Pine__1599122163683961000.smt2	4	C	0.034751	16
QF_NRA_20200911-Pine__1599122163683961000.smt2	4	M	0.02475	16
QF_NRA_20200911-Pine__1599122165140235000.smt2	4	B	0.012417	10
QF_NRA_20200911-Pine__1599122165140235000.smt2	4	C	0.010126	10
QF_NRA_20200911-Pine__1599122165140235000.smt2	4	M	0.011707	10
QF_NRA_20200911-Pine__1599122165140235000.smt2	4	A	0.009333	10
QF_NRA_20200911-Pine__1599122166207559000.smt2	4	C	0.010001	10
QF_NRA_20200911-Pine__1599122166207559000.smt2	4	M	0.012208	10
QF_NRA_20200911-Pine__1599122166207559000.smt2	4	A	0.009251	10
QF_NRA_20200911-Pine__1599122166207559000.smt2	4	B	0.013208	10
QF_NRA_20211101-Geogebra__IsoRightTriangle-Bottema1_12b.smt2	4	M	0.008167	4
QF_NRA_20211101-Geogebra__IsoRightTriangle-Bottema1_12b.smt2	4	A	0.011667	4
QF_NRA_20211101-Geogebra__IsoRightTriangle-Bottema1_12b.smt2	4	B	0.012082	4
QF_NRA_20211101-Geogebra__IsoRightTriangle-Bottema1_12b.smt2	4	C	0.010542	4
QF_NRA_20211101-Geogebra__IsoRightTriangle-Bottema1_2b.smt2	4	A	0.006875	4
QF_NRA_20211101-Geogebra__IsoRightTriangle-Bottema1_2b.smt2	4	B	0.008375	4
QF_NRA_20211101-Geogebra__IsoRightTriangle-Bottema1_2b.smt2	4	C	0.006541	4
QF_NRA_20211101-Geogebra__IsoRightTriangle-Bottema1_2b.smt2	4	M	0.007958	4
QF_NRA_20211101-Geogebra__IsoTriangle-Area_Perimeter_a.smt2	4	B	0.012458	4
QF_NRA_20211101-Geogebra__IsoTriangle-Area_Perimeter_a.smt2	4	C	0.01075	4
QF_NRA_20211101-Geogebra__IsoTriangle-Area_Perimeter_a.smt2	4	M	0.008666	4
QF_NRA_20211101-Geogebra__IsoTriangle-Area_Perimeter_a.smt2	4	A	0.01025	4
QF_NRA_20211101-Geogebra__IsoTriangle-Bottema6_1a.smt2	4	C	0.029084	14
QF_NRA_20211101-Geogebra__IsoTriangle-Bottema6_1a.smt2	4	M	0.017834	14
QF_NRA_20211101-Geogebra__IsoTriangle-Bottema6_1a.smt2	4	A	0.024666	14
QF_NRA_20211101-Geogebra__IsoTriangle-Bottema6_1a.smt2	4	B	0.027915	14
QF_NRA_20211101-Geogebra__IsoTriangle-Bottema6_1b.smt2	4	M	0.027625	20
QF_NRA_20211101-Geogebra__IsoTriangle-Bottema6_1b.smt2	4	A	0.03421	20
QF_NRA_20211101-Geogebra__IsoTriangle-Bottema6_1b.smt2	4	B	0.037459	20
QF_NRA_20211101-Geogebra__IsoTriangle-Bottema6_1b.smt2	4	C	0.034707	20
QF_NRA_20211101-Geogebra__IsoTriangle-Median_Perimeter_a2.smt2	4	A	0.02171	10
QF_NRA_20211101-Geogebra__IsoTriangle-Median_Perimeter_a2.smt2	4	B	0.022334	10
QF_NRA_20211101-Geogebra__IsoTriangle-Median_Perimeter_a2.smt2	4	C	0.020875	10
QF_NRA_20211101-Geogebra__IsoTriangle-Median_Perimeter_a2.smt2	4	M	0.014917	10
QF_NRA_20211101-Geogebra__IsoTriangle-Perimeter_CircumRadius_a.smt2	4	B	0.025374	20
QF_NRA_20211101-Geogebra__IsoTriangle-Perimeter_CircumRadius_a.smt2	4	C	0.019333	20
QF_NRA_20211101-Geogebra__IsoTriangle-Perimeter_CircumRadius_a.smt2	4	M	0.024792	20
QF_NRA_20211101-Geogebra__IsoTriangle-Perimeter_CircumRadius_a.smt2	4	A	0.016583	20
QF_NRA_20211101-Geogebra__PythagoreanGeneralization_Triangle-aa+bb_cc.smt2	4	C	0.007125	4
QF_NRA_20211101-Geogebra__PythagoreanGeneralization_Triangle-aa+bb_cc.smt2	4	M	0.007583	4
QF_NRA_20211101-Geogebra__PythagoreanGeneralization_Triangle-aa+bb_cc.smt2	4	A	0.007126	4
QF_NRA_20211101-Geogebra__PythagoreanGeneralization_Triangle-aa+bb_cc.smt2	4	B	0.008459	4
QF_NRA_20211101-Geogebra__RightTriangle-Bottema1_1b.smt2	4	M	0.008375	4
QF_NRA_20211101-Geogebra__RightTriangle-Bottema1_1b.smt2	4	A	0.006917	4
QF_NRA_20211101-Geogebra__RightTriangle-Bottema1_1b.smt2	4	B	0.008709	4
QF_NRA_20211101-Geogebra__RightTriangle-Bottema1_1b.smt2	4	C	0.0075	4
QF_NRA_20211101-Geogebra__RightTriangle-Bottema5_3b.smt2	4	A	0.011709	4
QF_NRA_20211101-Geogebra__RightTriangle-Bottema5_3b.smt2	4	B	0.012833	4
QF_NRA_20211101-Geogebra__RightTriangle-Bottema5_3b.smt2	4	C	0.011167	4
QF_NRA_20211101-Geogebra__RightTriangle-Bottema5_3b.smt2	4	M	0.010084	4
QF_NRA_20211101-Geogebra__Triangle-Bottema1_9.smt2	4	B	0.00825	4
QF_NRA_20211101-Geogebra__Triangle-Bottema1_9.smt2	4	C	0.007167	4
QF_NRA_20211101-Geogebra__Triangle-Bottema1_9.smt2	4	M	0.007792	4
QF_NRA_20211101-Geogebra__Triangle-Bottema1_9.smt2	4	A	0.007	4
QF_NRA_20220314-Uncu__BDC_ProveIneq_Mitrinovic_4_22b.smt2	4	C	0.00625	2
QF_NRA_20220314-Uncu__BDC_ProveIneq_Mitrinovic_4_22b.smt2	4	M	0.005834	2
QF_NRA_20220314-Uncu__BDC_ProveIneq_Mitrinovic_4_22b.smt2	4	A	0.005584	2
QF_NRA_20220314-Uncu__BDC_ProveIneq_Mitrinovic_4_22b.smt2	4	B	0.006917	2
QF_NRA_20240407-pPDA-Chiari-Pontiggia-Winkler__and_or_PRAY.smt2	4	M	2.73834	1305
QF_NRA_20240407-pPDA-Chiari-Pontiggia-Winkler__and_or_PRAY.smt2	4	A	3.81875	1305
QF_NRA_20240407-pPDA-Chiari-Pontiggia-Winkler__and_or_PRAY.smt2	4	B	3.98937	1305
QF_NRA_20240407-pPDA-Chiari-Pontiggia-Winkler__and_or_PRAY.smt2	4	C	3.94846	1305
QF_NRA_20240407-pPDA-Chiari-Pontiggia-Winkler__call_ret_loop_1_POMC_hints.smt2	4	A	0.173459	80
QF_NRA_20240407-pPDA-Chiari-Pontiggia-Winkler__call_ret_loop_1_POMC_hints.smt2	4	B	0.190162	80
QF_NRA_20240407-pPDA-Chiari-Pontiggia-Winkler__call_ret_loop_1_POMC_hints.smt2	4	C	0.179453	80
QF_NRA_20240407-pPDA-Chiari-Pontiggia-Winkler__call_ret_loop_1_POMC_hints.smt2	4	M	0.141287	80
QF_NRA_20240407-pPDA-Chiari-Pontiggia-Winkler__call_ret_loop_1_POMC_no_hints.smt2	4	B	0.460668	120
QF_NRA_20240407-pPDA-Chiari-Pontiggia-Winkler__call_ret_loop_1_POMC_no_hints.smt2	4	C	0.44308	120
QF_NRA_20240407-pPDA-Chiari-Pontiggia-Winkler__call_ret_loop_1_POMC_no_hints.smt2	4	M	0.331582	120
QF_NRA_20240407-pPDA-Chiari-Pontiggia-Winkler__call_ret_loop_1_POMC_no_hints.smt2	4	A	0.437874	120
QF_NRA_20240407-pPDA-Chiari-Pontiggia-Winkler__call_ret_loop_2_POMC_hints.smt2	4	C	0.186666	84
QF_NRA_20240407-pPDA-Chiari-Pontiggia-Winkler__call_ret_loop_2_POMC_hints.smt2	4	M	0.152209	84
QF_NRA_20240407-pPDA-Chiari-Pontiggia-Winkler__call_ret_loop_2_POMC_hints.smt2	4	A	0.176587	84
QF_NRA_20240407-pPDA-Chiari-Pontiggia-Winkler__call_ret_loop_2_POMC_hints.smt2	4	B	0.204625	84
QF_NRA_20240407-pPDA-Chiari-Pontiggia-Winkler__call_ret_loop_2_POMC_no_hints.smt2	4	M	0.33258	130
QF_NRA_20240407-pPDA-Chiari-Pontiggia-Winkler__call_ret_loop_2_POMC_no_hints.smt2	4	A	0.443497	130
QF_NRA_20240407-pPDA-Chiari-Pontiggia-Winkler__call_ret_loop_2_POMC_no_hints.smt2	4	B	0.47492	130
QF_NRA_20240407-pPDA-Chiari-Pontiggia-Winkler__call_ret_loop_2_POMC_no_hints.smt2	4	C	0.447543	130
QF_NRA_20240407-pPDA-Chiari-Pontiggia-Winkler__escape25_POMC_hints.smt2	4	A	0.637208	376
QF_NRA_20240407-pPDA-Chiari-Pontiggia-Winkler__escape25_POMC_hints.smt2	4	B	0.735503	376
QF_NRA_20240407-pPDA-Chiari-Pontiggia-Winkler__escape25_POMC_hints.smt2	4	C	0.631913	376
QF_NRA_20240407-pPDA-Chiari-Pontiggia-Winkler__escape25_POMC_hints.smt2	4	M	0.498235	376
QF_NRA_20240407-pPDA-Chiari-Pontiggia-Winkler__escape25_POMC_no_hints.smt2	4	B	0.59173	707
QF_NRA_20240407-pPDA-Chiari-Pontiggia-Winkler__escape25_POMC_no_hints.smt2	4	C	0.479416	707
QF_NRA_20240407-pPDA-Chiari-Pontiggia-Winkler__escape25_POMC_no_hints.smt2	4	M	0.558378	707
QF_NRA_20240407-pPDA-Chiari-Pontiggia-Winkler__escape25_POMC_no_hints.smt2	4	A	0.461166	707
QF_NRA_20240407-pPDA-Chiari-Pontiggia-Winkler__mod5_POMC_hints.smt2	4	C	0.346791	64
QF_NRA_20240407-pPDA-Chiari-Pontiggia-Winkler__mod5_POMC_hints.smt2	4	M	0.237041	64
QF_NRA_20240407-pPDA-Chiari-Pontiggia-Winkler__mod5_POMC_hints.smt2	4	A	0.337707	64
QF_NRA_20240407-pPDA-Chiari-Pontiggia-Winkler__mod5_POMC_hints.smt2	4	B	0.37204	64
QF_NRA_20240407-pPDA-Chiari-Pontiggia-Winkler__mod5_POMC_no_hints.smt2	4	M	0.022959	20
QF_NRA_20240407-pPDA-Chiari-Pontiggia-Winkler__mod5_POMC_no_hints.smt2	4	A	0.019041	20
QF_NRA_20240407-pPDA-Chiari-Pontiggia-Winkler__mod5_POMC_no_hints.smt2	4	B	0.023583	20
QF_NRA_20240407-pPDA-Chiari-Pontiggia-Winkler__mod5_POMC_no_hints.smt2	4	C	0.019292	20
QF_NRA_20240407-pPDA-Chiari-Pontiggia-Winkler__mod7_POMC_no_hints.smt2	4	A	0.017873	16
QF_NRA_20240407-pPDA-Chiari-Pontiggia-Winkler__mod7_POMC_no_hints.smt2	4	B	0.021874	16
QF_NRA_20240407-pPDA-Chiari-Pontiggia-Winkler__mod7_POMC_no_hints.smt2	4	C	0.019041	16
QF_NRA_20240407-pPDA-Chiari-Pontiggia-Winkler__mod7_POMC_no_hints.smt2	4	M	0.01954	16
QF_NRA_20240407-pPDA-Chiari-Pontiggia-Winkler__schelling_POMC_hints.smt2	4	B	0.879173	381
QF_NRA_20240407-pPDA-Chiari-Pontiggia-Winkler__schelling_POMC_hints.smt2	4	C	0.790758	381
QF_NRA_20240407-pPDA-Chiari-Pontiggia-Winkler__schelling_POMC_hints.smt2	4	M	0.563092	381
QF_NRA_20240407-pPDA-Chiari-Pontiggia-Winkler__schelling_POMC_hints.smt2	4	A	0.765462	381
QF_NRA_20240407-pPDA-Chiari-Pontiggia-Winkler__schelling_POMC_no_hints.smt2	4	C	2.97241	1779
QF_NRA_20240407-pPDA-Chiari-Pontiggia-Winkler__schelling_POMC_no_hints.smt2	4	M	2.12181	1779
QF_NRA_20240407-pPDA-Chiari-Pontiggia-Winkler__schelling_POMC_no_hints.smt2	4	A	2.86955	1779
QF_NRA_20240407-pPDA-Chiari-Pontiggia-Winkler__schelling_POMC_no_hints.smt2	4	B	3.1945	1779
QF_NRA_20240407-pPDA-Chiari-Pontiggia-Winkler__sqrt2by2_bern_PRAY.smt2	4	M	0.100955	44
QF_NRA_20240407-pPDA-Chiari-Pontiggia-Winkler__sqrt2by2_bern_PRAY.smt2	4	A	0.173667	44
QF_NRA_20240407-pPDA-Chiari-Pontiggia-Winkler__sqrt2by2_bern_PRAY.smt2	4	B	0.190833	44
QF_NRA_20240407-pPDA-Chiari-Pontiggia-Winkler__sqrt2by2_bern_PRAY.smt2	4	C	0.175248	44
QF_NRA_LassoRanker__Ben-Amram-2010LMCS-Ex2.3_true-termination.c_Iteration1_Lasso_3-pieceTemplate.smt2	4	A	0.020044	28
QF_NRA_LassoRanker__Ben-Amram-2010LMCS-Ex2.3_true-termination.c_Iteration1_Lasso_3-pieceTemplate.smt2	4	B	0.02504	28
QF_NRA_LassoRanker__Ben-Amram-2010LMCS-Ex2.3_true-termination.c_Iteration1_Lasso_3-pieceTemplate.smt2	4	C	0.020999	28
QF_NRA_LassoRanker__Ben-Amram-2010LMCS-Ex2.3_true-termination.c_Iteration1_Lasso_3-pieceTemplate.smt2	4	M	0.025332	28
QF_NRA_LassoRanker__BradleyMannaSipma-2005ICALP-Fig1-deterministic.bpl_Iteration1_Lasso_3-pieceTemplate.smt2	4	B	0.39084	232
QF_NRA_LassoRanker__BradleyMannaSipma-2005ICALP-Fig1-deterministic.bpl_Iteration1_Lasso_3-pieceTemplate.smt2	4	C	0.354797	232
QF_NRA_LassoRanker__BradleyMannaSipma-2005ICALP-Fig1-deterministic.bpl_Iteration1_Lasso_3-pieceTemplate.smt2	4	M	0.323865	232
QF_NRA_LassoRanker__BradleyMannaSipma-2005ICALP-Fig1-deterministic.bpl_Iteration1_Lasso_3-pieceTemplate.smt2	4	A	0.353505	232
QF_NRA_LassoRanker__Braverman-2006CAV-Ex1-int.bpl_Iteration1_Loop_4-pieceTemplate.smt2	4	C	0.049541	22
QF_NRA_LassoRanker__Braverman-2006CAV-Ex1-int.bpl_Iteration1_Loop_4-pieceTemplate.smt2	4	M	0.044332	22
QF_NRA_LassoRanker__Braverman-2006CAV-Ex1-int.bpl_Iteration1_Loop_4-pieceTemplate.smt2	4	A	0.048625	22
QF_NRA_LassoRanker__Braverman-2006CAV-Ex1-int.bpl_Iteration1_Loop_4-pieceTemplate.smt2	4	B	0.056915	22
QF_NRA_LassoRanker__Khartoum.bpl_Iteration1_Loop_4-pieceTemplate.smt2	4	M	5.27584	6186
QF_NRA_LassoRanker__Khartoum.bpl_Iteration1_Loop_4-pieceTemplate.smt2	4	A	6.47227	6186
QF_NRA_LassoRanker__Khartoum.bpl_Iteration1_Loop_4-pieceTemplate.smt2	4	B	7.41268	6186
QF_NRA_LassoRanker__Khartoum.bpl_Iteration1_Loop_4-pieceTemplate.smt2	4	C	7.2054	6186
QF_NRA_LassoRanker__Mysore2.bpl_Iteration1_Loop_4-pieceTemplate.smt2	4	A	0.270659	572
QF_NRA_LassoRanker__Mysore2.bpl_Iteration1_Loop_4-pieceTemplate.smt2	4	B	0.360745	572
QF_NRA_LassoRanker__Mysore2.bpl_Iteration1_Loop_4-pieceTemplate.smt2	4	C	0.298338	572
QF_NRA_LassoRanker__Mysore2.bpl_Iteration1_Loop_4-pieceTemplate.smt2	4	M	0.352797	572
QF_NRA_LassoRanker__NoriSharma-2013FSE-Fig8_true-termination.c_Iteration1_Lasso_3-pieceTemplate.smt2	4	B	3.59988	4046
QF_NRA_LassoRanker__NoriSharma-2013FSE-Fig8_true-termination.c_Iteration1_Lasso_3-pieceTemplate.smt2	4	C	3.19195	4046
QF_NRA_LassoRanker__NoriSharma-2013FSE-Fig8_true-termination.c_Iteration1_Lasso_3-pieceTemplate.smt2	4	M	2.83297	4046
QF_NRA_LassoRanker__NoriSharma-2013FSE-Fig8_true-termination.c_Iteration1_Lasso_3-pieceTemplate.smt2	4	A	2.99658	4046
QF_NRA_LassoRanker__NoriSharma-2013FSE-Fig8_true-termination.c_Iteration1_Loop_3-pieceTemplate.smt2	4	C	0.045792	43
QF_NRA_LassoRanker__NoriSharma-2013FSE-Fig8_true-termination.c_Iteration1_Loop_3-pieceTemplate.smt2	4	M	0.056583	43
QF_NRA_LassoRanker__NoriSharma-2013FSE-Fig8_true-termination.c_Iteration1_Loop_3-pieceTemplate.smt2	4	A	0.039129	43
QF_NRA_LassoRanker__NoriSharma-2013FSE-Fig8_true-termination.c_Iteration1_Loop_3-pieceTemplate.smt2	4	B	0.053418	43
QF_NRA_LassoRanker__TwoPhase.bpl_Iteration1_Loop_3-pieceTemplate.smt2	4	M	1.49891	2564
QF_NRA_LassoRanker__TwoPhase.bpl_Iteration1_Loop_3-pieceTemplate.smt2	4	A	1.14689	2564
QF_NRA_LassoRanker__TwoPhase.bpl_Iteration1_Loop_3-pieceTemplate.smt2	4	B	1.52609	2564
QF_NRA_LassoRanker__TwoPhase.bpl_Iteration1_Loop_3-pieceTemplate.smt2	4	C	1.22226	2564
QF_NRA_LassoRanker__fun4.t2.c_Iteration1_Loop_4-pieceTemplate.smt2	4	A	0.014417	8
QF_NRA_LassoRanker__fun4.t2.c_Iteration1_Loop_4-pieceTemplate.smt2	4	B	0.018124	8
QF_NRA_LassoRanker__fun4.t2.c_Iteration1_Loop_4-pieceTemplate.smt2	4	C	0.014917	8
QF_NRA_LassoRanker__fun4.t2.c_Iteration1_Loop_4-pieceTemplate.smt2	4	M	0.019501	8
QF_NRA_LassoRanker__nested.t2.c_Iteration4_Loop_4-pieceTemplate.smt2	4	B	0.043751	42
QF_NRA_LassoRanker__nested.t2.c_Iteration4_Loop_4-pieceTemplate.smt2	4	C	0.033249	42
QF_NRA_LassoRanker__nested.t2.c_Iteration4_Loop_4-pieceTemplate.smt2	4	M	0.05042	42
QF_NRA_LassoRanker__nested.t2.c_Iteration4_Loop_4-pieceTemplate.smt2	4	A	0.030458	42
QF_NRA_UltimateAutomizer__InVarSynth_StructPositiveSum-Safe.c_Iteration2_0.smt2	4	C	0.11571	238
QF_NRA_UltimateAutomizer__InVarSynth_StructPositiveSum-Safe.c_Iteration2_0.smt2	4	M	0.155583	238
QF_NRA_UltimateAutomizer__InVarSynth_StructPositiveSum-Safe.c_Iteration2_0.smt2	4	A	0.107296	238
QF_NRA_UltimateAutomizer__InVarSynth_StructPositiveSum-Safe.c_Iteration2_0.smt2	4	B	0.14338	238
QF_NRA_hycomp__ball_count_1d_plain.02.seq_lazy_linear_enc_lemmas_global_8.smt2	4	M	0.030876	26
QF_NRA_hycomp__ball_count_1d_plain.02.seq_lazy_linear_enc_lemmas_global_8.smt2	4	A	0.021125	26
QF_NRA_hycomp__ball_count_1d_plain.02.seq_lazy_linear_enc_lemmas_global_8.smt2	4	B	0.02654	26
QF_NRA_hycomp__ball_count_1d_plain.02.seq_lazy_linear_enc_lemmas_global_8.smt2	4	C	0.022585	26
QF_NRA_hycomp__ball_count_1d_plain.03.seq_lazy_linear_enc_global_10.smt2	4	A	0.154707	356
QF_NRA_hycomp__ball_count_1d_plain.03.seq_lazy_linear_enc_global_10.smt2	4	B	0.218796	356
QF_NRA_hycomp__ball_count_1d_plain.03.seq_lazy_linear_enc_global_10.smt2	4	C	0.158326	356
QF_NRA_hycomp__ball_count_1d_plain.03.seq_lazy_linear_enc_global_10.smt2	4	M	0.283656	356
QF_NRA_hycomp__ball_count_1d_plain.04.redlog_global_6.smt2	4	B	4.20582	3162
QF_NRA_hycomp__ball_count_1d_plain.04.redlog_global_6.smt2	4	C	3.69878	3162
QF_NRA_hycomp__ball_count_1d_plain.04.redlog_global_6.smt2	4	M	3.17187	3162
QF_NRA_hycomp__ball_count_1d_plain.04.redlog_global_6.smt2	4	A	3.58107	3162
QF_NRA_hycomp__ball_count_1d_plain.04.seq_lazy_linear_enc_lemmas_global_12.smt2	4	C	1.02724	1894
QF_NRA_hycomp__ball_count_1d_plain.04.seq_lazy_linear_enc_lemmas_global_12.smt2	4	M	1.51943	1894
QF_NRA_hycomp__ball_count_1d_plain.04.seq_lazy_linear_enc_lemmas_global_12.smt2	4	A	0.995586	1894
QF_NRA_hycomp__ball_count_1d_plain.04.seq_lazy_linear_enc_lemmas_global_12.smt2	4	B	1.38175	1894
QF_NRA_hycomp__ball_count_2d_hill_simple.01.seq_lazy_global_14.smt2	4	M	0.010709	10
QF_NRA_hycomp__ball_count_2d_hill_simple.01.seq_lazy_global_14.smt2	4	A	0.00875	10
QF_NRA_hycomp__ball_count_2d_hill_simple.01.seq_lazy_global_14.smt2	4	B	0.011958	10
QF_NRA_hycomp__ball_count_2d_hill_simple.01.seq_lazy_global_14.smt2	4	C	0.009624	10
QF_NRA_hycomp__ball_count_2d_hill_simple.02.seq_lazy_lemmas_global_14.smt2	4	A	0.062755	178
QF_NRA_hycomp__ball_count_2d_hill_simple.02.seq_lazy_lemmas_global_14.smt2	4	B	0.094623	178
QF_NRA_hycomp__ball_count_2d_hill_simple.02.seq_lazy_lemmas_global_14.smt2	4	C	0.068829	178
QF_NRA_hycomp__ball_count_2d_hill_simple.02.seq_lazy_lemmas_global_14.smt2	4	M	0.112546	178
QF_NRA_hycomp__ball_count_2d_plain.03.seq_lazy_linear_enc_lemmas_global_4.smt2	4	B	0.637863	542
QF_NRA_hycomp__ball_count_2d_plain.03.seq_lazy_linear_enc_lemmas_global_4.smt2	4	C	0.56729	542
QF_NRA_hycomp__ball_count_2d_plain.03.seq_lazy_linear_enc_lemmas_global_4.smt2	4	M	0.403621	542
QF_NRA_hycomp__ball_count_2d_plain.03.seq_lazy_linear_enc_lemmas_global_4.smt2	4	A	0.547544	542
QF_NRA_hycomp__ball_count_2d_plain.05.seq_lazy_linear_enc_global_14.smt2	4	C	7.1651	8642
QF_NRA_hycomp__ball_count_2d_plain.05.seq_lazy_linear_enc_global_14.smt2	4	M	5.76937	8642
QF_NRA_hycomp__ball_count_2d_plain.05.seq_lazy_linear_enc_global_14.smt2	4	A	6.64278	8642
QF_NRA_hycomp__ball_count_2d_plain.05.seq_lazy_linear_enc_global_14.smt2	4	B	8.36933	8642
QF_NRA_hycomp__ball_count_2d_plain.10.redlog_global_4.smt2	4	M	0.047376	24
QF_NRA_hycomp__ball_count_2d_plain.10.redlog_global_4.smt2	4	A	0.040498	24
QF_NRA_hycomp__ball_count_2d_plain.10.redlog_global_4.smt2	4	B	0.052875	24
QF_NRA_hycomp__ball_count_2d_plain.10.redlog_global_4.smt2	4	C	0.043125	24
QF_NRA_hycomp__ball_count_2d_slope.03.seq_lazy_lemmas_global_6.smt2	4	A	6.55321	2434
QF_NRA_hycomp__ball_count_2d_slope.03.seq_lazy_lemmas_global_6.smt2	4	B	6.89344	2434
QF_NRA_hycomp__ball_count_2d_slope.03.seq_lazy_lemmas_global_6.smt2	4	C	6.62352	2434
QF_NRA_hycomp__ball_count_2d_slope.03.seq_lazy_lemmas_global_6.smt2	4	M	4.27691	2434
QF_NRA_hycomp__ball_count_2d_slope.04.seq_lazy_linear_enc_global_8.smt2	4	B	0.034	17
QF_NRA_hycomp__ball_count_2d_slope.04.seq_lazy_linear_enc_global_8.smt2	4	C	0.030498	17
QF_NRA_hycomp__ball_count_2d_slope.04.seq_lazy_linear_enc_global_8.smt2	4	M	0.023166	17
QF_NRA_hycomp__ball_count_2d_slope.04.seq_lazy_linear_enc_global_8.smt2	4	A	0.028959	17
QF_NRA_hycomp__etcs_braking_2.01.seq_lazy_linear_enc_global_15.smt2	4	C	2.57716	629
QF_NRA_hycomp__etcs_braking_2.01.seq_lazy_linear_enc_global_15.smt2	4	M	1.70516	629
QF_NRA_hycomp__etcs_braking_2.01.seq_lazy_linear_enc_global_15.smt2	4	A	2.57862	629
QF_NRA_hycomp__etcs_braking_2.01.seq_lazy_linear_enc_global_15.smt2	4	B	2.66538	629
QF_NRA_hycomp__simple_ballistics_reach.01.seq_lazy_global_15.smt2	4	M	3.08061	1545
QF_NRA_hycomp__simple_ballistics_reach.01.seq_lazy_global_15.smt2	4	A	4.24965	1545
QF_NRA_hycomp__simple_ballistics_reach.01.seq_lazy_global_15.smt2	4	B	4.68378	1545
QF_NRA_hycomp__simple_ballistics_reach.01.seq_lazy_global_15.smt2	4	C	4.29041	1545
QF_NRA_hycomp__simple_ballistics_reach.01.seq_lazy_linear_enc_lemmas_global_9.smt2	4	A	4.45171	743
QF_NRA_hycomp__simple_ballistics_reach.01.seq_lazy_linear_enc_lemmas_global_9.smt2	4	B	4.60312	743
QF_NRA_hycomp__simple_ballistics_reach.01.seq_lazy_linear_enc_lemmas_global_9.smt2	4	C	4.42476	743
QF_NRA_hycomp__simple_ballistics_reach.01.seq_lazy_linear_enc_lemmas_global_9.smt2	4	M	3.06753	743
QF_NRA_meti-tarski__CMOS-opamp-chunk-0029.smt2	4	B	0.006333	0
QF_NRA_meti-tarski__CMOS-opamp-chunk-0029.smt2	4	C	0.005542	0
QF_NRA_meti-tarski__CMOS-opamp-chunk-0029.smt2	4	M	0.004708	0
QF_NRA_meti-tarski__CMOS-opamp-chunk-0029.smt2	4	A	0.0055	0
QF_NRA_meti-tarski__CMOS-opamp-chunk-0071.smt2	4	C	0.01225	4
QF_NRA_meti-tarski__CMOS-opamp-chunk-0071.smt2	4	M	0.010959	4
QF_NRA_meti-tarski__CMOS-opamp-chunk-0071.smt2	4	A	0.011876	4
QF_NRA_meti-tarski__CMOS-opamp-chunk-0071.smt2	4	B	0.014	4
QF_NRA_meti-tarski__CMOS-opamp-chunk-0269.smt2	4	M	0.021167	4
QF_NRA_meti-tarski__CMOS-opamp-chunk-0269.smt2	4	A	0.04175	4
QF_NRA_meti-tarski__CMOS-opamp-chunk-0269.smt2	4	B	0.043834	4
QF_NRA_meti-tarski__CMOS-opamp-chunk-0269.smt2	4	C	0.0405	4
QF_NRA_meti-tarski__CMOS-opamp-chunk-0285.smt2	4	A	0.011375	4
QF_NRA_meti-tarski__CMOS-opamp-chunk-0285.smt2	4	B	0.014416	4
QF_NRA_meti-tarski__CMOS-opamp-chunk-0285.smt2	4	C	0.011874	4
QF_NRA_meti-tarski__CMOS-opamp-chunk-0285.smt2	4	M	0.011125	4
QF_NRA_meti-tarski__Chua-1-VC1-L-chunk-0135.smt2	4	B	0.00625	0
QF_NRA_meti-tarski__Chua-1-VC1-L-chunk-0135.smt2	4	C	0.005667	0
QF_NRA_meti-tarski__Chua-1-VC1-L-chunk-0135.smt2	4	M	0.004292	0
QF_NRA_meti-tarski__Chua-1-VC1-L-chunk-0135.smt2	4	A	0.004792	0
QF_NRA_meti-tarski__Chua-2-IL-U-chunk-0022.smt2	4	C	0.027583	3
QF_NRA_meti-tarski__Chua-2-IL-U-chunk-0022.smt2	4	M	0.016833	3
QF_NRA_meti-tarski__Chua-2-IL-U-chunk-0022.smt2	4	A	0.027791	3
QF_NRA_meti-tarski__Chua-2-IL-U-chunk-0022.smt2	4	B	0.027833	3
QF_NRA_meti-tarski__Chua-2-IL-U-chunk-0039.smt2	4	M	0.007292	1
QF_NRA_meti-tarski__Chua-2-IL-U-chunk-0039.smt2	4	A	0.007375	1
QF_NRA_meti-tarski__Chua-2-IL-U-chunk-0039.smt2	4	B	0.008417	1
QF_NRA_meti-tarski__Chua-2-IL-U-chunk-0039.smt2	4	C	0.007209	1
QF_NRA_meti-tarski__Chua-2-IL-U-chunk-0099.smt2	4	A	0.039584	2
QF_NRA_meti-tarski__Chua-2-IL-U-chunk-0099.smt2	4	B	0.03925	2
QF_NRA_meti-tarski__Chua-2-IL-U-chunk-0099.smt2	4	C	0.03725	2
QF_NRA_meti-tarski__Chua-2-IL-U-chunk-0099.smt2	4	M	0.018667	2
QF_NRA_meti-tarski__Chua-2-VC1-U-chunk-0123.smt2	4	B	0.249875	6
QF_NRA_meti-tarski__Chua-2-VC1-U-chunk-0123.smt2	4	C	0.241709	6
QF_NRA_meti-tarski__Chua-2-VC1-U-chunk-0123.smt2	4	M	0.119542	6
QF_NRA_meti-tarski__Chua-2-VC1-U-chunk-0123.smt2	4	A	0.235292	6
QF_NRA_meti-tarski__Chua-2-VC2-U-chunk-0108.smt2	4	C	0.039667	2
QF_NRA_meti-tarski__Chua-2-VC2-U-chunk-0108.smt2	4	M	0.01775	2
QF_NRA_meti-tarski__Chua-2-VC2-U-chunk-0108.smt2	4	A	0.035292	2
QF_NRA_meti-tarski__Chua-2-VC2-U-chunk-0108.smt2	4	B	0.037	2
QF_NRA_meti-tarski__Lyapunov1a-chunk-0036.smt2	4	M	0.032501	26
QF_NRA_meti-tarski__Lyapunov1a-chunk-0036.smt2	4	A	0.022293	26
QF_NRA_meti-tarski__Lyapunov1a-chunk-0036.smt2	4	B	0.028458	26
QF_NRA_meti-tarski__Lyapunov1a-chunk-0036.smt2	4	C	0.022291	26
QF_NRA_meti-tarski__Nichols-Plot-Inverted-Pendulum-Fails-1-6-chunk-0034.smt2	4	A	0.016166	4
QF_NRA_meti-tarski__Nichols-Plot-Inverted-Pendulum-Fails-1-6-chunk-0034.smt2	4	B	0.018666	4
QF_NRA_meti-tarski__Nichols-Plot-Inverted-Pendulum-Fails-1-6-chunk-0034.smt2	4	C	0.016958	4
QF_NRA_meti-tarski__Nichols-Plot-Inverted-Pendulum-Fails-1-6-chunk-0034.smt2	4	M	0.01275	4
QF_NRA_meti-tarski__Nichols-Plot-Inverted-Pendulum-Fails-1-6-chunk-0234.smt2	4	B	0.011833	2
QF_NRA_meti-tarski__Nichols-Plot-Inverted-Pendulum-Fails-1-6-chunk-0234.smt2	4	C	0.011499	2
QF_NRA_meti-tarski__Nichols-Plot-Inverted-Pendulum-Fails-1-6-chunk-0234.smt2	4	M	0.008917	2
QF_NRA_meti-tarski__Nichols-Plot-Inverted-Pendulum-Fails-1-6-chunk-0234.smt2	4	A	0.010083	2
QF_NRA_meti-tarski__asin-8-vars4-chunk-0029.smt2	4	C	0.014834	8
QF_NRA_meti-tarski__asin-8-vars4-chunk-0029.smt2	4	M	0.013749	8
QF_NRA_meti-tarski__asin-8-vars4-chunk-0029.smt2	4	A	0.013375	8
QF_NRA_meti-tarski__asin-8-vars4-chunk-0029.smt2	4	B	0.016499	8
QF_NRA_meti-tarski__atan-problem-1-chunk-0032.smt2	4	M	0.010084	8
QF_NRA_meti-tarski__atan-problem-1-chunk-0032.smt2	4	A	0.008792	8
QF_NRA_meti-tarski__atan-problem-1-chunk-0032.smt2	4	B	0.013709	8
QF_NRA_meti-tarski__atan-problem-1-chunk-0032.smt2	4	C	0.008542	8
QF_NRA_meti-tarski__atan-problem-1-chunk-0087.smt2	4	A	0.021458	20
QF_NRA_meti-tarski__atan-problem-1-chunk-0087.smt2	4	B	0.027542	20
QF_NRA_meti-tarski__atan-problem-1-chunk-0087.smt2	4	C	0.02175	20
QF_NRA_meti-tarski__atan-problem-1-chunk-0087.smt2	4	M	0.024373	20
QF_NRA_meti-tarski__atan-problem-2-chunk-0101.smt2	4	B	0.009792	6
QF_NRA_meti-tarski__atan-problem-2-chunk-0101.smt2	4	C	0.008249	6
QF_NRA_meti-tarski__atan-problem-2-chunk-0101.smt2	4	M	0.008625	6
QF_NRA_meti-tarski__atan-problem-2-chunk-0101.smt2	4	A	0.007041	6
QF_NRA_meti-tarski__atan-problem-2-chunk-0107.smt2	4	C	0.005375	0
QF_NRA_meti-tarski__atan-problem-2-chunk-0107.smt2	4	M	0.004459	0
QF_NRA_meti-tarski__atan-problem-2-chunk-0107.smt2	4	A	0.005166	0
QF_NRA_meti-tarski__atan-problem-2-chunk-0107.smt2	4	B	0.006083	0
QF_NRA_meti-tarski__atan-problem-2-weak-chunk-0061.smt2	4	M	0.004458	0
QF_NRA_meti-tarski__atan-problem-2-weak-chunk-0061.smt2	4	A	0.005416	0
QF_NRA_meti-tarski__atan-problem-2-weak-chunk-0061.smt2	4	B	0.006292	0
QF_NRA_meti-tarski__atan-problem-2-weak-chunk-0061.smt2	4	C	0.005375	0
QF_NRA_meti-tarski__atan-problem-2-weak-chunk-0100.smt2	4	A	0.007709	4
QF_NRA_meti-tarski__atan-problem-2-weak-chunk-0100.smt2	4	B	0.009501	4
QF_NRA_meti-tarski__atan-problem-2-weak-chunk-0100.smt2	4	C	0.006875	4
QF_NRA_meti-tarski__atan-problem-2-weak-chunk-0100.smt2	4	M	0.009625	4
QF_NRA_meti-tarski__atan-problem-2-weak-chunk-0225.smt2	4	B	0.006125	0
QF_NRA_meti-tarski__atan-problem-2-weak-chunk-0225.smt2	4	C	0.005208	0
QF_NRA_meti-tarski__atan-problem-2-weak-chunk-0225.smt2	4	M	0.004417	0
QF_NRA_meti-tarski__atan-problem-2-weak-chunk-0225.smt2	4	A	0.004666	0
QF_NRA_meti-tarski__atan-problem-2-weakT-chunk-0054.smt2	4	C	0.006751	2
QF_NRA_meti-tarski__atan-problem-2-weakT-chunk-0054.smt2	4	M	0.007458	2
QF_NRA_meti-tarski__atan-problem-2-weakT-chunk-0054.smt2	4	A	0.006291	2
QF_NRA_meti-tarski__atan-problem-2-weakT-chunk-0054.smt2	4	B	0.008292	2
QF_NRA_meti-tarski__atan-vega-3-chunk-0434.smt2	4	M	0.006375	0
QF_NRA_meti-tarski__atan-vega-3-chunk-0434.smt2	4	A	0.005292	0
QF_NRA_meti-tarski__atan-vega-3-chunk-0434.smt2	4	B	0.006334	0
QF_NRA_meti-tarski__atan-vega-3-chunk-0434.smt2	4	C	0.005375	0
QF_NRA_meti-tarski__atan-vega-3-chunk-0489.smt2	4	A	0.007041	0
QF_NRA_meti-tarski__atan-vega-3-chunk-0489.smt2	4	B	0.00775	0
QF_NRA_meti-tarski__atan-vega-3-chunk-0489.smt2	4	C	0.00675	0
QF_NRA_meti-tarski__atan-vega-3-chunk-0489.smt2	4	M	0.005042	0
QF_NRA_meti-tarski__atan-vega-3-chunk-0640.smt2	4	B	0.006167	0
QF_NRA_meti-tarski__atan-vega-3-chunk-0640.smt2	4	C	0.005334	0
QF_NRA_meti-tarski__atan-vega-3-chunk-0640.smt2	4	M	0.005208	0
QF_NRA_meti-tarski__atan-vega-3-chunk-0640.smt2	4	A	0.005083	0
QF_NRA_meti-tarski__atan-vega-3-weak-chunk-0195.smt2	4	C	0.005583	0
QF_NRA_meti-tarski__atan-vega-3-weak-chunk-0195.smt2	4	M	0.006167	0
QF_NRA_meti-tarski__atan-vega-3-weak-chunk-0195.smt2	4	A	0.00525	0
QF_NRA_meti-tarski__atan-vega-3-weak-chunk-0195.smt2	4	B	0.006084	0
QF_NRA_meti-tarski__atan-vega-3-weak-chunk-0243.smt2	4	M	0.004292	0
QF_NRA_meti-tarski__atan-vega-3-weak-chunk-0243.smt2	4	A	0.005542	0
QF_NRA_meti-tarski__atan-vega-3-weak-chunk-0243.smt2	4	B	0.006042	0
QF_NRA_meti-tarski__atan-vega-3-weak-chunk-0243.smt2	4	C	0.00525	0
QF_NRA_meti-tarski__atan-vega-3-weak-chunk-0360.smt2	4	A	0.00475	0
QF_NRA_meti-tarski__atan-vega-3-weak-chunk-0360.smt2	4	B	0.006	0
QF_NRA_meti-tarski__atan-vega-3-weak-chunk-0360.smt2	4	C	0.005083	0
QF_NRA_meti-tarski__atan-vega-3-weak-chunk-0360.smt2	4	M	0.007125	0
QF_NRA_meti-tarski__atan-vega-3-weak-chunk-0435.smt2	4	B	0.029208	3
QF_NRA_meti-tarski__atan-vega-3-weak-chunk-0435.smt2	4	C	0.022668	3
QF_NRA_meti-tarski__atan-vega-3-weak-chunk-0435.smt2	4	M	0.014166	3
QF_NRA_meti-tarski__atan-vega-3-weak-chunk-0435.smt2	4	A	0.021499	3
QF_NRA_meti-tarski__atan-vega-3-weak-chunk-0622.smt2	4	C	0.007125	0
QF_NRA_meti-tarski__atan-vega-3-weak-chunk-0622.smt2	4	M	0.004792	0
QF_NRA_meti-tarski__atan-vega-3-weak-chunk-0622.smt2	4	A	0.007	0
QF_NRA_meti-tarski__atan-vega-3-weak-chunk-0622.smt2	4	B	0.008	0
QF_NRA_meti-tarski__exp-problem-10-2-chunk-0145.smt2	4	M	0.00675	0
QF_NRA_meti-tarski__exp-problem-10-2-chunk-0145.smt2	4	A	0.005708	0
QF_NRA_meti-tarski__exp-problem-10-2-chunk-0145.smt2	4	B	0.0065	0
QF_NRA_meti-tarski__exp-problem-10-2-chunk-0145.smt2	4	C	0.00525	0
QF_NRA_meti-tarski__exp-problem-10-2-chunk-0295.smt2	4	A	0.008749	7
QF_NRA_meti-tarski__exp-problem-10-2-chunk-0295.smt2	4	B	0.011666	7
QF_NRA_meti-tarski__exp-problem-10-2-chunk-0295.smt2	4	C	0.009249	7
QF_NRA_meti-tarski__exp-problem-10-2-chunk-0295.smt2	4	M	0.013168	7
QF_NRA_meti-tarski__exp-problem-10-3-chunk-0187.smt2	4	B	0.007	1
QF_NRA_meti-tarski__exp-problem-10-3-chunk-0187.smt2	4	C	0.006209	1
QF_NRA_meti-tarski__exp-problem-10-3-chunk-0187.smt2	4	M	0.006917	1
QF_NRA_meti-tarski__exp-problem-10-3-chunk-0187.smt2	4	A	0.006208	1
QF_NRA_meti-tarski__exp-problem-10-3-weak-chunk-0042.smt2	4	C	0.015958	1
QF_NRA_meti-tarski__exp-problem-10-3-weak-chunk-0042.smt2	4	M	0.009167	1
QF_NRA_meti-tarski__exp-problem-10-3-weak-chunk-0042.smt2	4	A	0.014459	1
QF_NRA_meti-tarski__exp-problem-10-3-weak-chunk-0042.smt2	4	B	0.015541	1
QF_NRA_meti-tarski__exp-problem-10-3-weak-chunk-0129.smt2	4	M	0.010251	1
QF_NRA_meti-tarski__exp-problem-10-3-weak-chunk-0129.smt2	4	A	0.006542	1
QF_NRA_meti-tarski__exp-problem-10-3-weak-chunk-0129.smt2	4	B	0.009208	1
QF_NRA_meti-tarski__exp-problem-10-3-weak-chunk-0129.smt2	4	C	0.006959	1
QF_NRA_meti-tarski__polypaver-bench-sqrt-3d-chunk-0407.smt2	4	A	0.0105	2
QF_NRA_meti-tarski__polypaver-bench-sqrt-3d-chunk-0407.smt2	4	B	0.010541	2
QF_NRA_meti-tarski__polypaver-bench-sqrt-3d-chunk-0407.smt2	4	C	0.009375	2
QF_NRA_meti-tarski__polypaver-bench-sqrt-3d-chunk-0407.smt2	4	M	0.006209	2
QF_NRA_meti-tarski__polypaver-bench-sqrt-3d-chunk-0437.smt2	4	B	0.048584	14
QF_NRA_meti-tarski__polypaver-bench-sqrt-3d-chunk-0437.smt2	4	C	0.041708	14
QF_NRA_meti-tarski__polypaver-bench-sqrt-3d-chunk-0437.smt2	4	M	0.028956	14
QF_NRA_meti-tarski__polypaver-bench-sqrt-3d-chunk-0437.smt2	4	A	0.044876	14
QF_NRA_meti-tarski__polypaver-bench-sqrt-3d-chunk-0469.smt2	4	C	0.015707	8
QF_NRA_meti-tarski__polypaver-bench-sqrt-3d-chunk-0469.smt2	4	M	0.011959	8
QF_NRA_meti-tarski__polypaver-bench-sqrt-3d-chunk-0469.smt2	4	A	0.012	8
QF_NRA_meti-tarski__polypaver-bench-sqrt-3d-chunk-0469.smt2	4	B	0.013667	8
QF_NRA_meti-tarski__sin-344-3-chunk-0046.smt2	4	M	0.007208	1
QF_NRA_meti-tarski__sin-344-3-chunk-0046.smt2	4	A	0.006125	1
QF_NRA_meti-tarski__sin-344-3-chunk-0046.smt2	4	B	0.007125	1
QF_NRA_meti-tarski__sin-344-3-chunk-0046.smt2	4	C	0.006334	1
QF_NRA_meti-tarski__sin-cos-346-b-chunk-0119.smt2	4	A	0.07775	6
QF_NRA_meti-tarski__sin-cos-346-b-chunk-0119.smt2	4	B	0.076541	6
QF_NRA_meti-tarski__sin-cos-346-b-chunk-0119.smt2	4	C	0.073459	6
QF_NRA_meti-tarski__sin-cos-346-b-chunk-0119.smt2	4	M	0.058292	6
QF_NRA_meti-tarski__sin-cos-346-b-chunk-0350.smt2	4	B	0.009833	2
QF_NRA_meti-tarski__sin-cos-346-b-chunk-0350.smt2	4	C	0.008709	2
QF_NRA_meti-tarski__sin-cos-346-b-chunk-0350.smt2	4	M	0.006875	2
QF_NRA_meti-tarski__sin-cos-346-b-chunk-0350.smt2	4	A	0.008833	2
QF_NRA_meti-tarski__sin-cos-346-b-chunk-0458.smt2	4	C	0.006749	2
QF_NRA_meti-tarski__sin-cos-346-b-chunk-0458.smt2	4	M	0.007125	2
QF_NRA_meti-tarski__sin-cos-346-b-chunk-0458.smt2	4	A	0.006625	2
QF_NRA_meti-tarski__sin-cos-346-b-chunk-0458.smt2	4	B	0.008166	2
QF_NRA_meti-tarski__sin-cos-346-b-chunk-0479.smt2	4	M	0.01525	2
QF_NRA_meti-tarski__sin-cos-346-b-chunk-0479.smt2	4	A	0.024375	2
QF_NRA_meti-tarski__sin-cos-346-b-chunk-0479.smt2	4	B	0.025209	2
QF_NRA_meti-tarski__sin-cos-346-b-chunk-0479.smt2	4	C	0.023791	2
QF_NRA_meti-tarski__sin-cos-346-b-chunk-0505.smt2	4	A	0.006624	2
QF_NRA_meti-tarski__sin-cos-346-b-chunk-0505.smt2	4	B	0.008458	2
QF_NRA_meti-tarski__sin-cos-346-b-chunk-0505.smt2	4	C	0.006875	2
QF_NRA_meti-tarski__sin-cos-346-b-chunk-0505.smt2	4	M	0.007583	2
QF_NRA_meti-tarski__sin-cos-346-b-chunk-0515.smt2	4	B	0.033041	6
QF_NRA_meti-tarski__sin-cos-346-b-chunk-0515.smt2	4	C	0.028375	6
QF_NRA_meti-tarski__sin-cos-346-b-chunk-0515.smt2	4	M	0.018376	6
QF_NRA_meti-tarski__sin-cos-346-b-chunk-0515.smt2	4	A	0.029582	6
QF_NRA_meti-tarski__sin-cos-346-b-chunk-0593.smt2	4	C	0.018209	2
QF_NRA_meti-tarski__sin-cos-346-b-chunk-0593.smt2	4	M	0.01225	2
QF_NRA_meti-tarski__sin-cos-346-b-chunk-0593.smt2	4	A	0.018959	2
QF_NRA_meti-tarski__sin-cos-346-b-chunk-0593.smt2	4	B	0.02075	2
QF_NRA_meti-tarski__sin-problem-7-chunk-0017.smt2	4	M	0.005792	2
QF_NRA_meti-tarski__sin-problem-7-chunk-0017.smt2	4	A	0.006125	2
QF_NRA_meti-tarski__sin-problem-7-chunk-0017.smt2	4	B	0.006916	2
QF_NRA_meti-tarski__sin-problem-7-chunk-0017.smt2	4	C	0.011292	2
QF_NRA_meti-tarski__sin-problem-7-chunk-0125.smt2	4	A	0.0225	8
QF_NRA_meti-tarski__sin-problem-7-chunk-0125.smt2	4	B	0.024875	8
QF_NRA_meti-tarski__sin-problem-7-chunk-0125.smt2	4	C	0.021709	8
QF_NRA_meti-tarski__sin-problem-7-chunk-0125.smt2	4	M	0.012417	8
QF_NRA_meti-tarski__sin-problem-7-chunk-0264.smt2	4	B	0.205751	20
QF_NRA_meti-tarski__sin-problem-7-chunk-0264.smt2	4	C	0.19029	20
QF_NRA_meti-tarski__sin-problem-7-chunk-0264.smt2	4	M	0.209082	20
QF_NRA_meti-tarski__sin-problem-7-chunk-0264.smt2	4	A	0.190333	20
QF_NRA_meti-tarski__sin-problem-7-weak2-chunk-0113.smt2	4	C	0.2285	24
QF_NRA_meti-tarski__sin-problem-7-weak2-chunk-0113.smt2	4	M	0.10321	24
QF_NRA_meti-tarski__sin-problem-7-weak2-chunk-0113.smt2	4	A	0.227042	24
QF_NRA_meti-tarski__sin-problem-7-weak2-chunk-0113.smt2	4	B	0.234457	24
QF_NRA_meti-tarski__sqrt-1mcosq-7-chunk-0023.smt2	4	M	0.006209	2
QF_NRA_meti-tarski__sqrt-1mcosq-7-chunk-0023.smt2	4	A	0.005833	2
QF_NRA_meti-tarski__sqrt-1mcosq-7-chunk-0023.smt2	4	B	0.006959	2
QF_NRA_meti-tarski__sqrt-1mcosq-7-chunk-0023.smt2	4	C	0.006291	2
QF_NRA_meti-tarski__sqrt-1mcosq-7-chunk-0094.smt2	4	A	0.018583	4
QF_NRA_meti-tarski__sqrt-1mcosq-7-chunk-0094.smt2	4	B	0.020208	4
QF_NRA_meti-tarski__sqrt-1mcosq-7-chunk-0094.smt2	4	C	0.019126	4
QF_NRA_meti-tarski__sqrt-1mcosq-7-chunk-0094.smt2	4	M	0.012334	4
QF_NRA_meti-tarski__sqrt-1mcosq-7-chunk-0190.smt2	4	B	0.15275	24
QF_NRA_meti-tarski__sqrt-1mcosq-7-chunk-0190.smt2	4	C	0.150501	24
QF_NRA_meti-tarski__sqrt-1mcosq-7-chunk-0190.smt2	4	M	0.071376	24
QF_NRA_meti-tarski__sqrt-1mcosq-7-chunk-0190.smt2	4	A	0.146251	24
QF_NRA_meti-tarski__sqrt-1mcosq-8-chunk-0045.smt2	4	C	0.006333	2
QF_NRA_meti-tarski__sqrt-1mcosq-8-chunk-0045.smt2	4	M	0.006125	2
QF_NRA_meti-tarski__sqrt-1mcosq-8-chunk-0045.smt2	4	A	0.006166	2
QF_NRA_meti-tarski__sqrt-1mcosq-8-chunk-0045.smt2	4	B	0.007125	2
QF_NRA_meti-tarski__sqrt-1mcosq-8-chunk-0092.smt2	4	M	0.013583	4
QF_NRA_meti-tarski__sqrt-1mcosq-8-chunk-0092.smt2	4	A	0.020459	4
QF_NRA_meti-tarski__sqrt-1mcosq-8-chunk-0092.smt2	4	B	0.02125	4
QF_NRA_meti-tarski__sqrt-1mcosq-8-chunk-0092.smt2	4	C	0.021167	4
QF_NRA_meti-tarski__sqrt-1mcosq-8-chunk-0116.smt2	4	A	0.096666	6
QF_NRA_meti-tarski__sqrt-1mcosq-8-chunk-0116.smt2	4	B	0.099958	6
QF_NRA_meti-tarski__sqrt-1mcosq-8-chunk-0116.smt2	4	C	0.101125	6
QF_NRA_meti-tarski__sqrt-1mcosq-8-chunk-0116.smt2	4	M	0.049541	6
QF_NRA_meti-tarski__sqrt-1mcosq-8-chunk-0130.smt2	4	B	0.09675	4
QF_NRA_meti-tarski__sqrt-1mcosq-8-chunk-0130.smt2	4	C	0.095667	4
QF_NRA_meti-tarski__sqrt-1mcosq-8-chunk-0130.smt2	4	M	0.051166	4
QF_NRA_meti-tarski__sqrt-1mcosq-8-chunk-0130.smt2	4	A	0.093791	4
QF_NRA_meti-tarski__sqrt-1mcosq-8-chunk-0164.smt2	4	C	0.017208	2
QF_NRA_meti-tarski__sqrt-1mcosq-8-chunk-0164.smt2	4	M	0.01	2
QF_NRA_meti-tarski__sqrt-1mcosq-8-chunk-0164.smt2	4	A	0.014833	2
QF_NRA_meti-tarski__sqrt-1mcosq-8-chunk-0164.smt2	4	B	0.018	2
QF_NRA_meti-tarski__sqrt-1mcosq-8-chunk-0447.smt2	4	M	0.269292	6
QF_NRA_meti-tarski__sqrt-1mcosq-8-chunk-0447.smt2	4	A	0.190833	6
QF_NRA_meti-tarski__sqrt-1mcosq-8-chunk-0447.smt2	4	B	0.180042	6
QF_NRA_meti-tarski__sqrt-1mcosq-8-chunk-0447.smt2	4	C	0.186375	6
QF_NRA_meti-tarski__sqrt-1mcosq-8-chunk-0531.smt2	4	A	0.017	2
QF_NRA_meti-tarski__sqrt-1mcosq-8-chunk-0531.smt2	4	B	0.016417	2
QF_NRA_meti-tarski__sqrt-1mcosq-8-chunk-0531.smt2	4	C	0.016666	2
QF_NRA_meti-tarski__sqrt-1mcosq-8-chunk-0531.smt2	4	M	0.010416	2
QF_NRA_meti-tarski__sqrt-1mcosq-8-chunk-0674.smt2	4	B	0.191792	6
QF_NRA_meti-tarski__sqrt-1mcosq-8-chunk-0674.smt2	4	C	0.186875	6
QF_NRA_meti-tarski__sqrt-1mcosq-8-chunk-0674.smt2	4	M	0.262334	6
QF_NRA_meti-tarski__sqrt-1mcosq-8-chunk-0674.smt2	4	A	0.184375	6
QF_NRA_meti-tarski__sqrt-problem-12vars3-chunk-0033.smt2	4	C	0.006625	2
QF_NRA_meti-tarski__sqrt-problem-12vars3-chunk-0033.smt2	4	M	0.005791	2
QF_NRA_meti-tarski__sqrt-problem-12vars3-chunk-0033.smt2	4	A	0.006417	2
QF_NRA_meti-tarski__sqrt-problem-12vars3-chunk-0033.smt2	4	B	0.007541	2
QF_NRA_meti-tarski__sqrt-problem-13-sqrt1-chunk-0051.smt2	4	M	0.00575	2
QF_NRA_meti-tarski__sqrt-problem-13-sqrt1-chunk-0051.smt2	4	A	0.006166	2
QF_NRA_meti-tarski__sqrt-problem-13-sqrt1-chunk-0051.smt2	4	B	0.007333	2
QF_NRA_meti-tarski__sqrt-problem-13-sqrt1-chunk-0051.smt2	4	C	0.006208	2
QF_NRA_meti-tarski__sqrt-problem-Melquiond2-chunk-0041.smt2	4	A	0.023958	8
QF_NRA_meti-tarski__sqrt-problem-Melquiond2-chunk-0041.smt2	4	B	0.026251	8
QF_NRA_meti-tarski__sqrt-problem-Melquiond2-chunk-0041.smt2	4	C	0.023667	8
QF_NRA_meti-tarski__sqrt-problem-Melquiond2-chunk-0041.smt2	4	M	0.015209	8
QF_NRA_zankl__matrix-1-all-41.smt2	4	B	0.017707	12
QF_NRA_zankl__matrix-1-all-41.smt2	4	C	0.013875	12
QF_NRA_zankl__matrix-1-all-41.smt2	4	M	0.013585	12
QF_NRA_zankl__matrix-1-all-41.smt2	4	A	0.013334	12
QF_NRA_zankl__matrix-3-all-16.smt2	4	C	0.005917	2
QF_NRA_zankl__matrix-3-all-16.smt2	4	M	0.006	2
QF_NRA_zankl__matrix-3-all-16.smt2	4	A	0.006125	2
QF_NRA_zankl__matrix-3-all-16.smt2	4	B	0.006959	2
QF_NRA_zankl__matrix-3-all-17.smt2	4	M	0.007125	2
QF_NRA_zankl__matrix-3-all-17.smt2	4	A	0.007043	2
QF_NRA_zankl__matrix-3-all-17.smt2	4	B	0.008958	2
QF_NRA_zankl__matrix-3-all-17.smt2	4	C	0.007334	2
QF_NRA_zankl__matrix-4-all-21.smt2	4	A	0.008125	4
QF_NRA_zankl__matrix-4-all-21.smt2	4	B	0.010333	4
QF_NRA_zankl__matrix-4-all-21.smt2	4	C	0.008458	4
QF_NRA_zankl__matrix-4-all-21.smt2	4	M	0.009916	4
QF_NRA_zankl__matrix-4-all-22.smt2	4	B	0.007292	2
QF_NRA_zankl__matrix-4-all-22.smt2	4	C	0.006542	2
QF_NRA_zankl__matrix-4-all-22.smt2	4	M	0.005792	2
QF_NRA_zankl__matrix-4-all-22.smt2	4	A	0.006208	2
