instance	rep	arm	ms	roots
AUFNIRA_nasa__cl5_nebula_norm_0017.fof.smt2	0	A	0.119125	4
AUFNIRA_nasa__cl5_nebula_norm_0017.fof.smt2	0	B	0.013708	4
AUFNIRA_nasa__cl5_nebula_norm_0017.fof.smt2	0	M	0.216416	4
AUFNIRA_nasa__cl5_nebula_norm_0067.fof.smt2	0	B	0.703258	344
AUFNIRA_nasa__cl5_nebula_norm_0067.fof.smt2	0	M	0.278085	344
AUFNIRA_nasa__cl5_nebula_norm_0067.fof.smt2	0	A	0.273251	344
NRA_20220222-cut-three-circles__cut-out-1.smt2	0	M	0.009041	6
NRA_20220222-cut-three-circles__cut-out-1.smt2	0	A	0.010667	6
NRA_20220222-cut-three-circles__cut-out-1.smt2	0	B	0.012666	6
NRA_20220222-cut-three-circles__cut-out-2.smt2	0	A	0.020292	34
NRA_20220222-cut-three-circles__cut-out-2.smt2	0	B	0.02829	34
NRA_20220222-cut-three-circles__cut-out-2.smt2	0	M	0.028501	34
QF_NIA_20170427-VeryMax__From_AProVE_2014__MainCopy.jar-obl-10__p10363_edge_closing_0.smt2	0	B	0.054581	70
QF_NIA_20170427-VeryMax__From_AProVE_2014__MainCopy.jar-obl-10__p10363_edge_closing_0.smt2	0	M	0.052501	70
QF_NIA_20170427-VeryMax__From_AProVE_2014__MainCopy.jar-obl-10__p10363_edge_closing_0.smt2	0	A	0.034418	70
QF_NIA_20170427-VeryMax__From_AProVE_2014__Test7.jar-obl-11__p12895_safety_0.smt2	0	M	0.103874	145
QF_NIA_20170427-VeryMax__From_AProVE_2014__Test7.jar-obl-11__p12895_safety_0.smt2	0	A	0.061883	145
QF_NIA_20170427-VeryMax__From_AProVE_2014__Test7.jar-obl-11__p12895_safety_0.smt2	0	B	0.094044	145
QF_NIA_20170427-VeryMax__From_AProVE_2014__Velroyen08-factorial.jar-obl-8__p13794_terminationG_0.smt2	0	A	0.095954	204
QF_NIA_20170427-VeryMax__From_AProVE_2014__Velroyen08-factorial.jar-obl-8__p13794_terminationG_0.smt2	0	B	0.13121	204
QF_NIA_20170427-VeryMax__From_AProVE_2014__Velroyen08-factorial.jar-obl-8__p13794_terminationG_0.smt2	0	M	0.139416	204
QF_NIA_20170427-VeryMax__From_AProVE_2014__juHashMapCreate.jar-obl-10__p5055_safety_0.smt2	0	B	0.639867	1195
QF_NIA_20170427-VeryMax__From_AProVE_2014__juHashMapCreate.jar-obl-10__p5055_safety_0.smt2	0	M	0.952009	1195
QF_NIA_20170427-VeryMax__From_AProVE_2014__juHashMapCreate.jar-obl-10__p5055_safety_0.smt2	0	A	0.436123	1195
QF_NIA_20170427-VeryMax__From_AProVE_2014__juHashMapCreateClear.jar-obl-11__p30137_safety_0.smt2	0	M	0.065207	78
QF_NIA_20170427-VeryMax__From_AProVE_2014__juHashMapCreateClear.jar-obl-11__p30137_safety_0.smt2	0	A	0.03767	78
QF_NIA_20170427-VeryMax__From_AProVE_2014__juHashMapCreateClear.jar-obl-11__p30137_safety_0.smt2	0	B	0.054291	78
QF_NIA_20170427-VeryMax__From_AProVE_2014__juHashMapCreateContainsKey.jar-obl-11__p30854_safety_0.smt2	0	A	0.023584	26
QF_NIA_20170427-VeryMax__From_AProVE_2014__juHashMapCreateContainsKey.jar-obl-11__p30854_safety_0.smt2	0	B	0.028043	26
QF_NIA_20170427-VeryMax__From_AProVE_2014__juHashMapCreateContainsKey.jar-obl-11__p30854_safety_0.smt2	0	M	0.02425	26
QF_NIA_20170427-VeryMax__From_AProVE_2014__juHashMapCreateContainsKey.jar-obl-11__p31075_safety_0.smt2	0	B	0.263286	368
QF_NIA_20170427-VeryMax__From_AProVE_2014__juHashMapCreateContainsKey.jar-obl-11__p31075_safety_0.smt2	0	M	0.399959	368
QF_NIA_20170427-VeryMax__From_AProVE_2014__juHashMapCreateContainsKey.jar-obl-11__p31075_safety_0.smt2	0	A	0.185087	368
QF_NIA_20170427-VeryMax__From_AProVE_2014__juHashMapCreateContainsKey.jar-obl-11__p31778_safety_0.smt2	0	M	0.379084	254
QF_NIA_20170427-VeryMax__From_AProVE_2014__juHashMapCreateContainsKey.jar-obl-11__p31778_safety_0.smt2	0	A	0.106505	254
QF_NIA_20170427-VeryMax__From_AProVE_2014__juHashMapCreateContainsKey.jar-obl-11__p31778_safety_0.smt2	0	B	0.167922	254
QF_NIA_20170427-VeryMax__From_AProVE_2014__juHashMapCreateContainsValue.jar-obl-11__p31970_safety_0.smt2	0	A	0.013208	10
QF_NIA_20170427-VeryMax__From_AProVE_2014__juHashMapCreateContainsValue.jar-obl-11__p31970_safety_0.smt2	0	B	0.014918	10
QF_NIA_20170427-VeryMax__From_AProVE_2014__juHashMapCreateContainsValue.jar-obl-11__p31970_safety_0.smt2	0	M	0.014584	10
QF_NIA_20170427-VeryMax__From_AProVE_2014__juHashMapCreateContainsValue.jar-obl-11__p32093_safety_0.smt2	0	B	0.177129	220
QF_NIA_20170427-VeryMax__From_AProVE_2014__juHashMapCreateContainsValue.jar-obl-11__p32093_safety_0.smt2	0	M	0.221791	220
QF_NIA_20170427-VeryMax__From_AProVE_2014__juHashMapCreateContainsValue.jar-obl-11__p32093_safety_0.smt2	0	A	0.116031	220
QF_NIA_20170427-VeryMax__From_AProVE_2014__juHashMapCreateIsEmpty.jar-obl-10__p1579_safety_0.smt2	0	M	1.38944	1388
QF_NIA_20170427-VeryMax__From_AProVE_2014__juHashMapCreateIsEmpty.jar-obl-10__p1579_safety_0.smt2	0	A	0.70072	1388
QF_NIA_20170427-VeryMax__From_AProVE_2014__juHashMapCreateIsEmpty.jar-obl-10__p1579_safety_0.smt2	0	B	0.917409	1388
QF_NIA_20170427-VeryMax__From_AProVE_2014__juHashMapCreateIsEmpty.jar-obl-10__p1900_safety_0.smt2	0	A	0.161424	282
QF_NIA_20170427-VeryMax__From_AProVE_2014__juHashMapCreateIsEmpty.jar-obl-10__p1900_safety_0.smt2	0	B	0.183129	282
QF_NIA_20170427-VeryMax__From_AProVE_2014__juHashMapCreateIsEmpty.jar-obl-10__p1900_safety_0.smt2	0	M	0.263542	282
QF_NIA_20170427-VeryMax__From_AProVE_2014__juHashMapCreateIteratorEntryLoop.jar-obl-12__p3002_safety_0.smt2	0	B	0.178958	320
QF_NIA_20170427-VeryMax__From_AProVE_2014__juHashMapCreateIteratorEntryLoop.jar-obl-12__p3002_safety_0.smt2	0	M	0.214042	320
QF_NIA_20170427-VeryMax__From_AProVE_2014__juHashMapCreateIteratorEntryLoop.jar-obl-12__p3002_safety_0.smt2	0	A	0.106455	320
QF_NIA_20170427-VeryMax__From_AProVE_2014__juHashMapCreatePut.jar-obl-10__p5968_safety_0.smt2	0	M	0.029666	24
QF_NIA_20170427-VeryMax__From_AProVE_2014__juHashMapCreatePut.jar-obl-10__p5968_safety_0.smt2	0	A	0.019249	24
QF_NIA_20170427-VeryMax__From_AProVE_2014__juHashMapCreatePut.jar-obl-10__p5968_safety_0.smt2	0	B	0.025542	24
QF_NIA_20170427-VeryMax__From_AProVE_2014__juHashMapCreatePut.jar-obl-10__p6107_safety_0.smt2	0	A	1.25812	1806
QF_NIA_20170427-VeryMax__From_AProVE_2014__juHashMapCreatePut.jar-obl-10__p6107_safety_0.smt2	0	B	1.51431	1806
QF_NIA_20170427-VeryMax__From_AProVE_2014__juHashMapCreatePut.jar-obl-10__p6107_safety_0.smt2	0	M	2.04682	1806
QF_NIA_20170427-VeryMax__From_AProVE_2014__juHashMapCreateSize.jar-obl-10__p7163_safety_0.smt2	0	B	0.552673	553
QF_NIA_20170427-VeryMax__From_AProVE_2014__juHashMapCreateSize.jar-obl-10__p7163_safety_0.smt2	0	M	0.549844	553
QF_NIA_20170427-VeryMax__From_AProVE_2014__juHashMapCreateSize.jar-obl-10__p7163_safety_0.smt2	0	A	0.463031	553
QF_NIA_20170427-VeryMax__From_AProVE_2014__juHashMapCreateSize.jar-obl-10__p7575_safety_0.smt2	0	M	6.39439	4476
QF_NIA_20170427-VeryMax__From_AProVE_2014__juHashMapCreateSize.jar-obl-10__p7575_safety_0.smt2	0	A	2.39655	4476
QF_NIA_20170427-VeryMax__From_AProVE_2014__juHashMapCreateSize.jar-obl-10__p7575_safety_0.smt2	0	B	3.02408	4476
QF_NIA_20170427-VeryMax__From_AProVE_2014__juLinkedListCreateAddAllAt.jar-obl-17__p8067_safety_0.smt2	0	A	0.016584	34
QF_NIA_20170427-VeryMax__From_AProVE_2014__juLinkedListCreateAddAllAt.jar-obl-17__p8067_safety_0.smt2	0	B	0.021417	34
QF_NIA_20170427-VeryMax__From_AProVE_2014__juLinkedListCreateAddAllAt.jar-obl-17__p8067_safety_0.smt2	0	M	0.026585	34
QF_NIA_20170427-VeryMax__From_AProVE_2014__juLinkedListCreateAddAllAt.jar-obl-17__p8387_safety_0.smt2	0	B	0.008041	4
QF_NIA_20170427-VeryMax__From_AProVE_2014__juLinkedListCreateAddAllAt.jar-obl-17__p8387_safety_0.smt2	0	M	0.00725	4
QF_NIA_20170427-VeryMax__From_AProVE_2014__juLinkedListCreateAddAllAt.jar-obl-17__p8387_safety_0.smt2	0	A	0.006542	4
QF_NIA_20170427-VeryMax__From_T2__afagp-fail.t2__p15460_terminationG_0.smt2	0	M	0.068125	83
QF_NIA_20170427-VeryMax__From_T2__afagp-fail.t2__p15460_terminationG_0.smt2	0	A	0.04004	83
QF_NIA_20170427-VeryMax__From_T2__afagp-fail.t2__p15460_terminationG_0.smt2	0	B	0.08837	83
QF_NIA_20170427-VeryMax__From_T2__compress.t2__p17866_terminationG_0.smt2	0	A	0.159084	345
QF_NIA_20170427-VeryMax__From_T2__compress.t2__p17866_terminationG_0.smt2	0	B	0.207324	345
QF_NIA_20170427-VeryMax__From_T2__compress.t2__p17866_terminationG_0.smt2	0	M	0.223209	345
QF_NIA_20170427-VeryMax__From_T2__consts3nt.t2_fixed__p18148_terminationG_0.smt2	0	B	0.013916	2
QF_NIA_20170427-VeryMax__From_T2__consts3nt.t2_fixed__p18148_terminationG_0.smt2	0	M	0.005583	2
QF_NIA_20170427-VeryMax__From_T2__consts3nt.t2_fixed__p18148_terminationG_0.smt2	0	A	0.00925	2
QF_NIA_20170427-VeryMax__From_T2__edn.t2__p20109_safety_0.smt2	0	M	0.137959	174
QF_NIA_20170427-VeryMax__From_T2__edn.t2__p20109_safety_0.smt2	0	A	0.08013	174
QF_NIA_20170427-VeryMax__From_T2__edn.t2__p20109_safety_0.smt2	0	B	0.118327	174
QF_NIA_20170427-VeryMax__From_T2__edn.t2__p20654_safety_0.smt2	0	A	1.46449	2174
QF_NIA_20170427-VeryMax__From_T2__edn.t2__p20654_safety_0.smt2	0	B	1.7563	2174
QF_NIA_20170427-VeryMax__From_T2__edn.t2__p20654_safety_0.smt2	0	M	1.49087	2174
QF_NIA_20170427-VeryMax__From_T2__edn.t2__p20682_safety_0.smt2	0	B	0.617747	887
QF_NIA_20170427-VeryMax__From_T2__edn.t2__p20682_safety_0.smt2	0	M	0.623163	887
QF_NIA_20170427-VeryMax__From_T2__edn.t2__p20682_safety_0.smt2	0	A	0.478448	887
QF_NIA_20170427-VeryMax__From_T2__ex36.t2__p29288_safety_0.smt2	0	M	1.26318	1863
QF_NIA_20170427-VeryMax__From_T2__ex36.t2__p29288_safety_0.smt2	0	A	1.03168	1863
QF_NIA_20170427-VeryMax__From_T2__ex36.t2__p29288_safety_0.smt2	0	B	1.33224	1863
QF_NIA_20170427-VeryMax__From_T2__foo.t2__terminationS_23_0.smt2	0	A	0.013125	10
QF_NIA_20170427-VeryMax__From_T2__foo.t2__terminationS_23_0.smt2	0	B	0.013666	10
QF_NIA_20170427-VeryMax__From_T2__foo.t2__terminationS_23_0.smt2	0	M	0.012126	10
QF_NIA_20170427-VeryMax__From_T2__fun9.t2__p1256_edge_closing_0.smt2	0	B	0.280789	526
QF_NIA_20170427-VeryMax__From_T2__fun9.t2__p1256_edge_closing_0.smt2	0	M	0.296654	526
QF_NIA_20170427-VeryMax__From_T2__fun9.t2__p1256_edge_closing_0.smt2	0	A	0.174959	526
QF_NIA_20170427-VeryMax__From_T2__fun9.t2__p1366_edge_closing_0.smt2	0	M	0.050873	42
QF_NIA_20170427-VeryMax__From_T2__fun9.t2__p1366_edge_closing_0.smt2	0	A	0.023081	42
QF_NIA_20170427-VeryMax__From_T2__fun9.t2__p1366_edge_closing_0.smt2	0	B	0.03425	42
QF_NIA_20170427-VeryMax__From_T2__hqr.c.i.hqr.pl.t2.nor.t2.rlgfixed.t2_fixed__terminationS_49_0.smt2	0	A	0.011042	2
QF_NIA_20170427-VeryMax__From_T2__hqr.c.i.hqr.pl.t2.nor.t2.rlgfixed.t2_fixed__terminationS_49_0.smt2	0	B	0.009875	2
QF_NIA_20170427-VeryMax__From_T2__hqr.c.i.hqr.pl.t2.nor.t2.rlgfixed.t2_fixed__terminationS_49_0.smt2	0	M	0.005708	2
QF_NIA_20170427-VeryMax__From_T2__hqr.c.i.hqr.pl.t2.nor.t2.rlgfixed.t2_fixed__terminationS_61_0.smt2	0	B	0.050959	64
QF_NIA_20170427-VeryMax__From_T2__hqr.c.i.hqr.pl.t2.nor.t2.rlgfixed.t2_fixed__terminationS_61_0.smt2	0	M	0.054875	64
QF_NIA_20170427-VeryMax__From_T2__hqr.c.i.hqr.pl.t2.nor.t2.rlgfixed.t2_fixed__terminationS_61_0.smt2	0	A	0.034796	64
QF_NIA_20170427-VeryMax__From_T2__janne_complex.t2__p2259_terminationG_0.smt2	0	M	0.034706	30
QF_NIA_20170427-VeryMax__From_T2__janne_complex.t2__p2259_terminationG_0.smt2	0	A	0.02125	30
QF_NIA_20170427-VeryMax__From_T2__janne_complex.t2__p2259_terminationG_0.smt2	0	B	0.030335	30
QF_NIA_20170427-VeryMax__From_T2__matmul.t2__p2657_terminationG_0.smt2	0	A	0.021083	38
QF_NIA_20170427-VeryMax__From_T2__matmul.t2__p2657_terminationG_0.smt2	0	B	0.030789	38
QF_NIA_20170427-VeryMax__From_T2__matmul.t2__p2657_terminationG_0.smt2	0	M	0.035834	38
QF_NIA_20170427-VeryMax__From_T2__n-7.t2_fixed__p4908_terminationG_0.smt2	0	B	0.032251	14
QF_NIA_20170427-VeryMax__From_T2__n-7.t2_fixed__p4908_terminationG_0.smt2	0	M	0.022876	14
QF_NIA_20170427-VeryMax__From_T2__n-7.t2_fixed__p4908_terminationG_0.smt2	0	A	0.027415	14
QF_NIA_20170427-VeryMax__From_T2__s1-striped.t2__p12567_safety_0.smt2	0	M	0.017002	8
QF_NIA_20170427-VeryMax__From_T2__s1-striped.t2__p12567_safety_0.smt2	0	A	0.014001	8
QF_NIA_20170427-VeryMax__From_T2__s1-striped.t2__p12567_safety_0.smt2	0	B	0.016751	8
QF_NIA_20170427-VeryMax__From_T2__s1-striped.t2__p13166_safety_0.smt2	0	A	0.01221	8
QF_NIA_20170427-VeryMax__From_T2__s1-striped.t2__p13166_safety_0.smt2	0	B	0.014043	8
QF_NIA_20170427-VeryMax__From_T2__s1-striped.t2__p13166_safety_0.smt2	0	M	0.011376	8
QF_NIA_20170427-VeryMax__From_T2__s1-striped.t2__p13877_safety_0.smt2	0	B	0.0095	2
QF_NIA_20170427-VeryMax__From_T2__s1-striped.t2__p13877_safety_0.smt2	0	M	0.010333	2
QF_NIA_20170427-VeryMax__From_T2__s1-striped.t2__p13877_safety_0.smt2	0	A	0.006751	2
QF_NIA_20170427-VeryMax__From_T2__s1.t2_fixed__p16651_safety_0.smt2	0	M	0.004958	2
QF_NIA_20170427-VeryMax__From_T2__s1.t2_fixed__p16651_safety_0.smt2	0	A	0.006333	2
QF_NIA_20170427-VeryMax__From_T2__s1.t2_fixed__p16651_safety_0.smt2	0	B	0.00625	2
QF_NIA_20170427-VeryMax__From_T2__s1.t2_fixed__p17151_safety_0.smt2	0	A	1.01762	1587
QF_NIA_20170427-VeryMax__From_T2__s1.t2_fixed__p17151_safety_0.smt2	0	B	1.24687	1587
QF_NIA_20170427-VeryMax__From_T2__s1.t2_fixed__p17151_safety_0.smt2	0	M	1.27378	1587
QF_NIA_20170427-VeryMax__From_T2__slayer-3-filtered.t2__p21681_safety_0.smt2	0	B	1.98685	2935
QF_NIA_20170427-VeryMax__From_T2__slayer-3-filtered.t2__p21681_safety_0.smt2	0	M	1.88153	2935
QF_NIA_20170427-VeryMax__From_T2__slayer-3-filtered.t2__p21681_safety_0.smt2	0	A	1.62018	2935
QF_NIA_20170427-VeryMax__From_T2__slayer-3-filtered.t2__p21744_safety_0.smt2	0	M	0.088078	107
QF_NIA_20170427-VeryMax__From_T2__slayer-3-filtered.t2__p21744_safety_0.smt2	0	A	0.081875	107
QF_NIA_20170427-VeryMax__From_T2__slayer-3-filtered.t2__p21744_safety_0.smt2	0	B	0.107833	107
QF_NIA_20170427-VeryMax__From_T2__slayer-3-new.t2_fixed__p21823_safety_0.smt2	0	A	0.019586	14
QF_NIA_20170427-VeryMax__From_T2__slayer-3-new.t2_fixed__p21823_safety_0.smt2	0	B	0.020624	14
QF_NIA_20170427-VeryMax__From_T2__slayer-3-new.t2_fixed__p21823_safety_0.smt2	0	M	0.01975	14
QF_NIA_20170427-VeryMax__From_T2__slayer-n5-filtered.t2__p23330_terminationG_0.smt2	0	B	0.012375	4
QF_NIA_20170427-VeryMax__From_T2__slayer-n5-filtered.t2__p23330_terminationG_0.smt2	0	M	0.007375	4
QF_NIA_20170427-VeryMax__From_T2__slayer-n5-filtered.t2__p23330_terminationG_0.smt2	0	A	0.010583	4
QF_NIA_20170427-VeryMax__From_T2__slayer-n5-filtered.t2__p23398_safety_0.smt2	0	M	0.422537	727
QF_NIA_20170427-VeryMax__From_T2__slayer-n5-filtered.t2__p23398_safety_0.smt2	0	A	0.32195	727
QF_NIA_20170427-VeryMax__From_T2__slayer-n5-filtered.t2__p23398_safety_0.smt2	0	B	0.417746	727
QF_NIA_20170427-VeryMax__From_T2__svdcmp.t2_fixed__term_unfeasibility_11_0.smt2	0	A	0.018876	20
QF_NIA_20170427-VeryMax__From_T2__svdcmp.t2_fixed__term_unfeasibility_11_0.smt2	0	B	0.025291	20
QF_NIA_20170427-VeryMax__From_T2__svdcmp.t2_fixed__term_unfeasibility_11_0.smt2	0	M	0.019873	20
QF_NIA_20170427-VeryMax__From_T2__zlib-adler32.c.t2__p25934_safety_0.smt2	0	B	0.028335	28
QF_NIA_20170427-VeryMax__From_T2__zlib-adler32.c.t2__p25934_safety_0.smt2	0	M	0.029584	28
QF_NIA_20170427-VeryMax__From_T2__zlib-adler32.c.t2__p25934_safety_0.smt2	0	A	0.021082	28
QF_NIA_20170427-VeryMax__Stroeder_15__4NestedWith3Variables_true-termination.c__p20203_terminationG_0.smt2	0	M	1.69041	2258
QF_NIA_20170427-VeryMax__Stroeder_15__4NestedWith3Variables_true-termination.c__p20203_terminationG_0.smt2	0	A	2.09533	2258
QF_NIA_20170427-VeryMax__Stroeder_15__4NestedWith3Variables_true-termination.c__p20203_terminationG_0.smt2	0	B	2.14942	2258
QF_NIA_20170427-VeryMax__Stroeder_15__GulwaniJainKoskinen-PLDI2009-Fig1_true-termination.c__p23679_edge_closing_0.smt2	0	A	0.070835	20
QF_NIA_20170427-VeryMax__Stroeder_15__GulwaniJainKoskinen-PLDI2009-Fig1_true-termination.c__p23679_edge_closing_0.smt2	0	B	0.073374	20
QF_NIA_20170427-VeryMax__Stroeder_15__GulwaniJainKoskinen-PLDI2009-Fig1_true-termination.c__p23679_edge_closing_0.smt2	0	M	0.039249	20
QF_NIA_20170427-VeryMax__Stroeder_15__GulwaniJainKoskinen-PLDI2009-Fig1_true-termination.c__p23704_edge_closing_0.smt2	0	B	0.012249	2
QF_NIA_20170427-VeryMax__Stroeder_15__GulwaniJainKoskinen-PLDI2009-Fig1_true-termination.c__p23704_edge_closing_0.smt2	0	M	0.008041	2
QF_NIA_20170427-VeryMax__Stroeder_15__GulwaniJainKoskinen-PLDI2009-Fig1_true-termination.c__p23704_edge_closing_0.smt2	0	A	0.010083	2
QF_NIA_20170427-VeryMax__Stroeder_15__svcomp_ex2.c__p25876_terminationG_0.smt2	0	M	0.007083	2
QF_NIA_20170427-VeryMax__Stroeder_15__svcomp_ex2.c__p25876_terminationG_0.smt2	0	A	0.010792	2
QF_NIA_20170427-VeryMax__Stroeder_15__svcomp_ex2.c__p25876_terminationG_0.smt2	0	B	0.011542	2
QF_NIA_20170427-VeryMax__Stroeder_15__svcomp_ex2.c__p25913_terminationG_0.smt2	0	A	0.250833	523
QF_NIA_20170427-VeryMax__Stroeder_15__svcomp_ex2.c__p25913_terminationG_0.smt2	0	B	0.347959	523
QF_NIA_20170427-VeryMax__Stroeder_15__svcomp_ex2.c__p25913_terminationG_0.smt2	0	M	0.363922	523
QF_NIA_20210219-Dartagnan__lcm2_unwindbound10-O0.smt2	0	B	0.006625	2
QF_NIA_20210219-Dartagnan__lcm2_unwindbound10-O0.smt2	0	M	0.005208	2
QF_NIA_20210219-Dartagnan__lcm2_unwindbound10-O0.smt2	0	A	0.005916	2
QF_NIA_20220315-MathProblems__MS_07.smt2	0	M	1.93071	3518
QF_NIA_20220315-MathProblems__MS_07.smt2	0	A	0.900824	3518
QF_NIA_20220315-MathProblems__MS_07.smt2	0	B	1.56961	3518
QF_NIA_20220315-MathProblems__SF_11.smt2	0	A	0.014541	3
QF_NIA_20220315-MathProblems__SF_11.smt2	0	B	0.014791	3
QF_NIA_20220315-MathProblems__SF_11.smt2	0	M	0.009957	3
QF_NIA_20220315-MathProblems__STC_0030.smt2	0	B	7.91455	9772
QF_NIA_20220315-MathProblems__STC_0030.smt2	0	M	8.47977	9772
QF_NIA_20220315-MathProblems__STC_0030.smt2	0	A	4.94597	9772
QF_NIA_20220315-MathProblems__STC_0148.smt2	0	M	7.87083	9264
QF_NIA_20220315-MathProblems__STC_0148.smt2	0	A	4.76762	9264
QF_NIA_20220315-MathProblems__STC_0148.smt2	0	B	7.60112	9264
QF_NIA_20220315-MathProblems__STC_0157.smt2	0	A	6.79084	12123
QF_NIA_20220315-MathProblems__STC_0157.smt2	0	B	9.49516	12123
QF_NIA_20220315-MathProblems__STC_0157.smt2	0	M	10.103	12123
QF_NIA_20220315-MathProblems__STC_0173.smt2	0	B	8.78273	11212
QF_NIA_20220315-MathProblems__STC_0173.smt2	0	M	9.49313	11212
QF_NIA_20220315-MathProblems__STC_0173.smt2	0	A	5.88035	11212
QF_NIA_20220315-MathProblems__STC_0176.smt2	0	M	8.6985	10116
QF_NIA_20220315-MathProblems__STC_0176.smt2	0	A	5.03526	10116
QF_NIA_20220315-MathProblems__STC_0176.smt2	0	B	7.9953	10116
QF_NIA_20220315-MathProblems__STC_0183.smt2	0	A	4.93832	10134
QF_NIA_20220315-MathProblems__STC_0183.smt2	0	B	8.1774	10134
QF_NIA_20220315-MathProblems__STC_0183.smt2	0	M	8.72969	10134
QF_NIA_20220315-MathProblems__STC_0187.smt2	0	B	8.40787	10563
QF_NIA_20220315-MathProblems__STC_0187.smt2	0	M	8.91144	10563
QF_NIA_20220315-MathProblems__STC_0187.smt2	0	A	5.22098	10563
QF_NIA_20220315-MathProblems__STC_0189.smt2	0	M	0.017457	5
QF_NIA_20220315-MathProblems__STC_0189.smt2	0	A	0.00875	5
QF_NIA_20220315-MathProblems__STC_0189.smt2	0	B	0.013251	5
QF_NIA_20220315-MathProblems__STC_0205.smt2	0	A	0.234956	454
QF_NIA_20220315-MathProblems__STC_0205.smt2	0	B	0.453376	454
QF_NIA_20220315-MathProblems__STC_0205.smt2	0	M	0.503878	454
QF_NIA_20220315-MathProblems__STC_0340.smt2	0	B	0.514304	560
QF_NIA_20220315-MathProblems__STC_0340.smt2	0	M	0.610402	560
QF_NIA_20220315-MathProblems__STC_0340.smt2	0	A	0.310332	560
QF_NIA_20220315-MathProblems__STC_0385.smt2	0	M	0.489545	457
QF_NIA_20220315-MathProblems__STC_0385.smt2	0	A	0.242644	457
QF_NIA_20220315-MathProblems__STC_0385.smt2	0	B	0.408198	457
QF_NIA_20220315-MathProblems__STC_0388.smt2	0	A	0.354126	663
QF_NIA_20220315-MathProblems__STC_0388.smt2	0	B	0.58615	663
QF_NIA_20220315-MathProblems__STC_0388.smt2	0	M	0.682008	663
QF_NIA_20220315-MathProblems__STC_0456.smt2	0	B	0.504506	518
QF_NIA_20220315-MathProblems__STC_0456.smt2	0	M	0.595239	518
QF_NIA_20220315-MathProblems__STC_0456.smt2	0	A	0.276694	518
QF_NIA_20220315-MathProblems__STC_0493.smt2	0	M	0.648552	574
QF_NIA_20220315-MathProblems__STC_0493.smt2	0	A	0.297414	574
QF_NIA_20220315-MathProblems__STC_0493.smt2	0	B	0.580187	574
QF_NIA_20220315-MathProblems__STC_0541.smt2	0	A	0.314628	587
QF_NIA_20220315-MathProblems__STC_0541.smt2	0	B	0.517189	587
QF_NIA_20220315-MathProblems__STC_0541.smt2	0	M	0.632078	587
QF_NIA_20220315-MathProblems__STC_0563.smt2	0	B	12.1672	13992
QF_NIA_20220315-MathProblems__STC_0563.smt2	0	M	11.8513	13992
QF_NIA_20220315-MathProblems__STC_0563.smt2	0	A	6.87122	13992
QF_NIA_20220315-MathProblems__STC_0584.smt2	0	M	0.562997	563
QF_NIA_20220315-MathProblems__STC_0584.smt2	0	A	0.291275	563
QF_NIA_20220315-MathProblems__STC_0584.smt2	0	B	0.486352	563
QF_NIA_20220315-MathProblems__STC_0609.smt2	0	A	0.925799	1737
QF_NIA_20220315-MathProblems__STC_0609.smt2	0	B	1.55791	1737
QF_NIA_20220315-MathProblems__STC_0609.smt2	0	M	2.23818	1737
QF_NIA_20220315-MathProblems__STC_0629.smt2	0	B	0.418001	472
QF_NIA_20220315-MathProblems__STC_0629.smt2	0	M	0.484046	472
QF_NIA_20220315-MathProblems__STC_0629.smt2	0	A	0.249849	472
QF_NIA_20220315-MathProblems__STC_0650.smt2	0	M	9.06558	10714
QF_NIA_20220315-MathProblems__STC_0650.smt2	0	A	5.62136	10714
QF_NIA_20220315-MathProblems__STC_0650.smt2	0	B	8.25316	10714
QF_NIA_20220315-MathProblems__STC_0693.smt2	0	A	4.65244	9612
QF_NIA_20220315-MathProblems__STC_0693.smt2	0	B	7.51626	9612
QF_NIA_20220315-MathProblems__STC_0693.smt2	0	M	8.60157	9612
QF_NIA_20220315-MathProblems__STC_0707.smt2	0	B	7.63522	9587
QF_NIA_20220315-MathProblems__STC_0707.smt2	0	M	8.20723	9587
QF_NIA_20220315-MathProblems__STC_0707.smt2	0	A	4.66385	9587
QF_NIA_20220315-MathProblems__STC_0739.smt2	0	M	0.467588	433
QF_NIA_20220315-MathProblems__STC_0739.smt2	0	A	0.225581	433
QF_NIA_20220315-MathProblems__STC_0739.smt2	0	B	0.387295	433
QF_NIA_20220315-MathProblems__STC_0755.smt2	0	A	0.310952	598
QF_NIA_20220315-MathProblems__STC_0755.smt2	0	B	0.542972	598
QF_NIA_20220315-MathProblems__STC_0755.smt2	0	M	0.696459	598
QF_NIA_20220315-MathProblems__STC_0770.smt2	0	B	8.41076	10729
QF_NIA_20220315-MathProblems__STC_0770.smt2	0	M	9.52057	10729
QF_NIA_20220315-MathProblems__STC_0770.smt2	0	A	5.68224	10729
QF_NIA_20220315-MathProblems__STC_0903.smt2	0	M	7.64603	8955
QF_NIA_20220315-MathProblems__STC_0903.smt2	0	A	4.29854	8955
QF_NIA_20220315-MathProblems__STC_0903.smt2	0	B	7.03851	8955
QF_NIA_20220315-MathProblems__STC_0959.smt2	0	A	5.31086	10640
QF_NIA_20220315-MathProblems__STC_0959.smt2	0	B	8.66724	10640
QF_NIA_20220315-MathProblems__STC_0959.smt2	0	M	9.06416	10640
QF_NIA_20220315-MathProblems__STC_1000.smt2	0	B	0.011666	2
QF_NIA_20220315-MathProblems__STC_1000.smt2	0	M	0.006542	2
QF_NIA_20220315-MathProblems__STC_1000.smt2	0	A	0.006375	2
QF_NIA_20230321-UltimateAutomizerSvcomp2023__egcd.c_1.smt2	0	M	0.024419	13
QF_NIA_20230321-UltimateAutomizerSvcomp2023__egcd.c_1.smt2	0	A	0.030042	13
QF_NIA_20230321-UltimateAutomizerSvcomp2023__egcd.c_1.smt2	0	B	0.028543	13
QF_NIA_20230321-UltimateAutomizerSvcomp2023__ps5-ll.c_10.smt2	0	A	2.89175	1869
QF_NIA_20230321-UltimateAutomizerSvcomp2023__ps5-ll.c_10.smt2	0	B	3.2712	1869
QF_NIA_20230321-UltimateAutomizerSvcomp2023__ps5-ll.c_10.smt2	0	M	2.15526	1869
QF_NIA_20230321-UltimateAutomizerSvcomp2023__ps6.c_0.smt2	0	B	2.84039	2514
QF_NIA_20230321-UltimateAutomizerSvcomp2023__ps6.c_0.smt2	0	M	1.96591	2514
QF_NIA_20230321-UltimateAutomizerSvcomp2023__ps6.c_0.smt2	0	A	2.43184	2514
QF_NIA_20230321-UltimateAutomizerSvcomp2023__ps6.c_11.smt2	0	M	1.34755	1547
QF_NIA_20230321-UltimateAutomizerSvcomp2023__ps6.c_11.smt2	0	A	1.57504	1547
QF_NIA_20230321-UltimateAutomizerSvcomp2023__ps6.c_11.smt2	0	B	2.11265	1547
QF_NIA_20230321-UltimateAutomizerSvcomp2023__ps6.c_13.smt2	0	A	3.97916	4633
QF_NIA_20230321-UltimateAutomizerSvcomp2023__ps6.c_13.smt2	0	B	4.96332	4633
QF_NIA_20230321-UltimateAutomizerSvcomp2023__ps6.c_13.smt2	0	M	3.49872	4633
QF_NIA_20230328-sqrtmodinv-hoenicke__modInv16.smt2	0	B	19.6618	6905
QF_NIA_20230328-sqrtmodinv-hoenicke__modInv16.smt2	0	M	11.1437	6905
QF_NIA_20230328-sqrtmodinv-hoenicke__modInv16.smt2	0	A	17.4754	6905
QF_NIA_20230328-sqrtmodinv-hoenicke__modInv32.smt2	0	M	0.035251	10
QF_NIA_20230328-sqrtmodinv-hoenicke__modInv32.smt2	0	A	0.056041	10
QF_NIA_20230328-sqrtmodinv-hoenicke__modInv32.smt2	0	B	0.059625	10
QF_NIA_20230328-sqrtmodinv-hoenicke__modInv8.smt2	0	A	23.0026	63091
QF_NIA_20230328-sqrtmodinv-hoenicke__modInv8.smt2	0	B	32.1244	63091
QF_NIA_20230328-sqrtmodinv-hoenicke__modInv8.smt2	0	M	34.4891	63091
QF_NIA_20230328-sqrtmodinv-hoenicke__modInvInitial.smt2	0	B	1.0512	2812
QF_NIA_20230328-sqrtmodinv-hoenicke__modInvInitial.smt2	0	M	1.32864	2812
QF_NIA_20230328-sqrtmodinv-hoenicke__modInvInitial.smt2	0	A	0.719683	2812
QF_NIA_20230328-sqrtmodinv-hoenicke__modInvStep.smt2	0	M	28.9038	57748
QF_NIA_20230328-sqrtmodinv-hoenicke__modInvStep.smt2	0	A	15.8897	57748
QF_NIA_20230328-sqrtmodinv-hoenicke__modInvStep.smt2	0	B	23.779	57748
QF_NIA_20230328-sqrtmodinv-hoenicke__modInvStepSimplified.smt2	0	A	0.642048	2830
QF_NIA_20230328-sqrtmodinv-hoenicke__modInvStepSimplified.smt2	0	B	1.06801	2830
QF_NIA_20230328-sqrtmodinv-hoenicke__modInvStepSimplified.smt2	0	M	1.26671	2830
QF_NIA_20230328-sqrtmodinv-hoenicke__modInvVar1.smt2	0	B	31.0085	71013
QF_NIA_20230328-sqrtmodinv-hoenicke__modInvVar1.smt2	0	M	37.9057	71013
QF_NIA_20230328-sqrtmodinv-hoenicke__modInvVar1.smt2	0	A	18.8948	71013
QF_NIA_20230328-sqrtmodinv-hoenicke__modSimpleTest.smt2	0	M	0.008084	2
QF_NIA_20230328-sqrtmodinv-hoenicke__modSimpleTest.smt2	0	A	0.011042	2
QF_NIA_20230328-sqrtmodinv-hoenicke__modSimpleTest.smt2	0	B	0.010292	2
QF_NIA_20230328-sqrtmodinv-hoenicke__sqrtStep1.smt2	0	A	0.096455	126
QF_NIA_20230328-sqrtmodinv-hoenicke__sqrtStep1.smt2	0	B	0.131668	126
QF_NIA_20230328-sqrtmodinv-hoenicke__sqrtStep1.smt2	0	M	0.098298	126
QF_NIA_20230328-sqrtmodinv-hoenicke__sqrtStep1a.smt2	0	B	0.11979	126
QF_NIA_20230328-sqrtmodinv-hoenicke__sqrtStep1a.smt2	0	M	0.096167	126
QF_NIA_20230328-sqrtmodinv-hoenicke__sqrtStep1a.smt2	0	A	0.102873	126
QF_NIA_20230328-sqrtmodinv-hoenicke__sqrtStep2.smt2	0	M	0.066875	82
QF_NIA_20230328-sqrtmodinv-hoenicke__sqrtStep2.smt2	0	A	0.047837	82
QF_NIA_20230328-sqrtmodinv-hoenicke__sqrtStep2.smt2	0	B	0.069831	82
QF_NIA_20230328-sqrtmodinv-hoenicke__sqrtStep2a.smt2	0	A	0.045207	82
QF_NIA_20230328-sqrtmodinv-hoenicke__sqrtStep2a.smt2	0	B	0.070204	82
QF_NIA_20230328-sqrtmodinv-hoenicke__sqrtStep2a.smt2	0	M	0.058709	82
QF_NIA_20230328-sqrtmodinv-hoenicke__sqrtStep3.smt2	0	B	0.089624	98
QF_NIA_20230328-sqrtmodinv-hoenicke__sqrtStep3.smt2	0	M	0.084333	98
QF_NIA_20230328-sqrtmodinv-hoenicke__sqrtStep3.smt2	0	A	0.056165	98
QF_NIA_20230328-sqrtmodinv-hoenicke__sqrtStep3a.smt2	0	M	0.09496	128
QF_NIA_20230328-sqrtmodinv-hoenicke__sqrtStep3a.smt2	0	A	0.094877	128
QF_NIA_20230328-sqrtmodinv-hoenicke__sqrtStep3a.smt2	0	B	0.114503	128
QF_NIA_20230328-sqrtmodinv-hoenicke__sqrtStep4.smt2	0	A	0.052541	68
QF_NIA_20230328-sqrtmodinv-hoenicke__sqrtStep4.smt2	0	B	0.067085	68
QF_NIA_20230328-sqrtmodinv-hoenicke__sqrtStep4.smt2	0	M	0.061833	68
QF_NIA_20230328-sqrtmodinv-hoenicke__sqrtStep4a.smt2	0	B	0.106668	128
QF_NIA_20230328-sqrtmodinv-hoenicke__sqrtStep4a.smt2	0	M	0.107212	128
QF_NIA_20230328-sqrtmodinv-hoenicke__sqrtStep4a.smt2	0	A	0.086914	128
QF_NIA_20230328-sqrtmodinv-hoenicke__sqrtStep5.smt2	0	M	0.092045	86
QF_NIA_20230328-sqrtmodinv-hoenicke__sqrtStep5.smt2	0	A	0.073627	86
QF_NIA_20230328-sqrtmodinv-hoenicke__sqrtStep5.smt2	0	B	0.085038	86
QF_NIA_20230328-sqrtmodinv-hoenicke__sqrtStep5a.smt2	0	A	0.091879	128
QF_NIA_20230328-sqrtmodinv-hoenicke__sqrtStep5a.smt2	0	B	0.126043	128
QF_NIA_20230328-sqrtmodinv-hoenicke__sqrtStep5a.smt2	0	M	0.133169	128
QF_NIA_20230328-sqrtmodinv-hoenicke__sqrtStep6.smt2	0	B	0.094919	86
QF_NIA_20230328-sqrtmodinv-hoenicke__sqrtStep6.smt2	0	M	0.130253	86
QF_NIA_20230328-sqrtmodinv-hoenicke__sqrtStep6.smt2	0	A	0.079963	86
QF_NIA_20230328-sqrtmodinv-hoenicke__sqrtStep6a.smt2	0	M	0.184832	122
QF_NIA_20230328-sqrtmodinv-hoenicke__sqrtStep6a.smt2	0	A	0.135459	122
QF_NIA_20230328-sqrtmodinv-hoenicke__sqrtStep6a.smt2	0	B	0.168411	122
QF_NIA_20230328-sqrtmodinv-hoenicke__sqrtStep7.smt2	0	A	0.883254	206
QF_NIA_20230328-sqrtmodinv-hoenicke__sqrtStep7.smt2	0	B	0.936121	206
QF_NIA_20230328-sqrtmodinv-hoenicke__sqrtStep7.smt2	0	M	0.825539	206
QF_NIA_20230328-sqrtmodinv-hoenicke__sqrtStep7a.smt2	0	B	0.216082	122
QF_NIA_20230328-sqrtmodinv-hoenicke__sqrtStep7a.smt2	0	M	0.262954	122
QF_NIA_20230328-sqrtmodinv-hoenicke__sqrtStep7a.smt2	0	A	0.184079	122
QF_NIA_20230328-sqrtmodinv-hoenicke__sqrtStepFinal.smt2	0	M	3.56957	6674
QF_NIA_20230328-sqrtmodinv-hoenicke__sqrtStepFinal.smt2	0	A	2.03117	6674
QF_NIA_20230328-sqrtmodinv-hoenicke__sqrtStepFinal.smt2	0	B	2.98626	6674
QF_NIA_20230328-sqrtmodinv-hoenicke__sqrtStepFinala.smt2	0	A	12.1164	39614
QF_NIA_20230328-sqrtmodinv-hoenicke__sqrtStepFinala.smt2	0	B	18.2198	39614
QF_NIA_20230328-sqrtmodinv-hoenicke__sqrtStepFinala.smt2	0	M	20.6311	39614
QF_NIA_20250331-elster__C_2.smt2	0	B	0.034167	2
QF_NIA_20250331-elster__C_2.smt2	0	M	0.006458	2
QF_NIA_20250331-elster__C_2.smt2	0	A	0.00875	2
QF_NIA_AProVE__aproveSMT1273731352138297194.smt2	0	M	0.260668	224
QF_NIA_AProVE__aproveSMT1273731352138297194.smt2	0	A	0.305338	224
QF_NIA_AProVE__aproveSMT1273731352138297194.smt2	0	B	0.34625	224
QF_NIA_AProVE__aproveSMT1682483342197094972.smt2	0	A	0.043831	30
QF_NIA_AProVE__aproveSMT1682483342197094972.smt2	0	B	0.048583	30
QF_NIA_AProVE__aproveSMT1682483342197094972.smt2	0	M	0.047997	30
QF_NIA_AProVE__aproveSMT2104748456448998709.smt2	0	B	0.335415	219
QF_NIA_AProVE__aproveSMT2104748456448998709.smt2	0	M	0.282911	219
QF_NIA_AProVE__aproveSMT2104748456448998709.smt2	0	A	0.293798	219
QF_NIA_AProVE__aproveSMT2163640444650240229.smt2	0	M	0.083622	88
QF_NIA_AProVE__aproveSMT2163640444650240229.smt2	0	A	0.076624	88
QF_NIA_AProVE__aproveSMT2163640444650240229.smt2	0	B	0.098499	88
QF_NIA_AProVE__aproveSMT3306422790231477425.smt2	0	A	0.525954	241
QF_NIA_AProVE__aproveSMT3306422790231477425.smt2	0	B	0.642041	241
QF_NIA_AProVE__aproveSMT3306422790231477425.smt2	0	M	0.349373	241
QF_NIA_AProVE__aproveSMT3420388863619787077.smt2	0	B	0.168833	93
QF_NIA_AProVE__aproveSMT3420388863619787077.smt2	0	M	0.137501	93
QF_NIA_AProVE__aproveSMT3420388863619787077.smt2	0	A	0.157834	93
QF_NIA_AProVE__aproveSMT3483701614621556321.smt2	0	M	0.039459	22
QF_NIA_AProVE__aproveSMT3483701614621556321.smt2	0	A	0.039542	22
QF_NIA_AProVE__aproveSMT3483701614621556321.smt2	0	B	0.046877	22
QF_NIA_AProVE__aproveSMT3711749212931521777.smt2	0	A	0.182503	284
QF_NIA_AProVE__aproveSMT3711749212931521777.smt2	0	B	0.222791	284
QF_NIA_AProVE__aproveSMT3711749212931521777.smt2	0	M	0.21651	284
QF_NIA_AProVE__aproveSMT4239815710630693785.smt2	0	B	0.016625	7
QF_NIA_AProVE__aproveSMT4239815710630693785.smt2	0	M	0.013	7
QF_NIA_AProVE__aproveSMT4239815710630693785.smt2	0	A	0.014793	7
QF_NIA_AProVE__aproveSMT4709971078612194434.smt2	0	M	0.391224	449
QF_NIA_AProVE__aproveSMT4709971078612194434.smt2	0	A	0.359528	449
QF_NIA_AProVE__aproveSMT4709971078612194434.smt2	0	B	0.454295	449
QF_NIA_AProVE__aproveSMT4870145291684036249.smt2	0	A	0.040127	58
QF_NIA_AProVE__aproveSMT4870145291684036249.smt2	0	B	0.060331	58
QF_NIA_AProVE__aproveSMT4870145291684036249.smt2	0	M	0.050623	58
QF_NIA_AProVE__aproveSMT4968692977299917888.smt2	0	B	0.032123	43
QF_NIA_AProVE__aproveSMT4968692977299917888.smt2	0	M	0.036917	43
QF_NIA_AProVE__aproveSMT4968692977299917888.smt2	0	A	0.021	43
QF_NIA_AProVE__aproveSMT4972425496508857728.smt2	0	M	0.041083	38
QF_NIA_AProVE__aproveSMT4972425496508857728.smt2	0	A	0.046038	38
QF_NIA_AProVE__aproveSMT4972425496508857728.smt2	0	B	0.052666	38
QF_NIA_AProVE__aproveSMT5081480561387483523.smt2	0	A	0.015418	9
QF_NIA_AProVE__aproveSMT5081480561387483523.smt2	0	B	0.020626	9
QF_NIA_AProVE__aproveSMT5081480561387483523.smt2	0	M	0.021333	9
QF_NIA_AProVE__aproveSMT6061013276766078350.smt2	0	B	0.768455	445
QF_NIA_AProVE__aproveSMT6061013276766078350.smt2	0	M	0.549166	445
QF_NIA_AProVE__aproveSMT6061013276766078350.smt2	0	A	0.709371	445
QF_NIA_AProVE__aproveSMT6531155344723557531.smt2	0	M	0.604079	882
QF_NIA_AProVE__aproveSMT6531155344723557531.smt2	0	A	0.633798	882
QF_NIA_AProVE__aproveSMT6531155344723557531.smt2	0	B	0.747113	882
QF_NIA_AProVE__aproveSMT6744620754635880037.smt2	0	A	0.096792	78
QF_NIA_AProVE__aproveSMT6744620754635880037.smt2	0	B	0.110544	78
QF_NIA_AProVE__aproveSMT6744620754635880037.smt2	0	M	0.079587	78
QF_NIA_AProVE__aproveSMT6761189929823789229.smt2	0	B	0.08054	97
QF_NIA_AProVE__aproveSMT6761189929823789229.smt2	0	M	0.0823	97
QF_NIA_AProVE__aproveSMT6761189929823789229.smt2	0	A	0.061962	97
QF_NIA_AProVE__aproveSMT7934578101815516403.smt2	0	M	0.285048	333
QF_NIA_AProVE__aproveSMT7934578101815516403.smt2	0	A	0.272089	333
QF_NIA_AProVE__aproveSMT7934578101815516403.smt2	0	B	0.348335	333
QF_NIA_AProVE__aproveSMT8211259659113423333.smt2	0	A	0.01446	12
QF_NIA_AProVE__aproveSMT8211259659113423333.smt2	0	B	0.018792	12
QF_NIA_AProVE__aproveSMT8211259659113423333.smt2	0	M	0.012958	12
QF_NIA_AProVE__aproveSMT8505973648273075649.smt2	0	B	0.765489	722
QF_NIA_AProVE__aproveSMT8505973648273075649.smt2	0	M	0.717209	722
QF_NIA_AProVE__aproveSMT8505973648273075649.smt2	0	A	0.643382	722
QF_NIA_AProVE__aproveSMT9058095127082541976.smt2	0	M	0.483662	298
QF_NIA_AProVE__aproveSMT9058095127082541976.smt2	0	A	0.578463	298
QF_NIA_AProVE__aproveSMT9058095127082541976.smt2	0	B	0.674086	298
QF_NIA_leipzig__term-4AzLVe.smt2	0	A	0.014208	4
QF_NIA_leipzig__term-4AzLVe.smt2	0	B	0.015333	4
QF_NIA_leipzig__term-4AzLVe.smt2	0	M	0.010708	4
QF_NIA_leipzig__term-4LNX6G.smt2	0	B	0.017834	20
QF_NIA_leipzig__term-4LNX6G.smt2	0	M	0.018582	20
QF_NIA_leipzig__term-4LNX6G.smt2	0	A	0.01146	20
QF_NIA_leipzig__term-BWHEfg.smt2	0	M	0.031499	26
QF_NIA_leipzig__term-BWHEfg.smt2	0	A	0.023541	26
QF_NIA_leipzig__term-BWHEfg.smt2	0	B	0.031707	26
QF_NIA_leipzig__term-H9wl52.smt2	0	A	0.006208	2
QF_NIA_leipzig__term-H9wl52.smt2	0	B	0.007208	2
QF_NIA_leipzig__term-H9wl52.smt2	0	M	0.005792	2
QF_NIA_leipzig__term-bEER96.smt2	0	B	0.06038	66
QF_NIA_leipzig__term-bEER96.smt2	0	M	0.059542	66
QF_NIA_leipzig__term-bEER96.smt2	0	A	0.044878	66
QF_NIA_leipzig__term-ddoFAO.smt2	0	M	0.179582	49
QF_NIA_leipzig__term-ddoFAO.smt2	0	A	0.190584	49
QF_NIA_leipzig__term-ddoFAO.smt2	0	B	0.210831	49
QF_NIA_leipzig__term-f2cozZ.smt2	0	A	0.007791	4
QF_NIA_leipzig__term-f2cozZ.smt2	0	B	0.008709	4
QF_NIA_leipzig__term-f2cozZ.smt2	0	M	0.008333	4
QF_NIA_leipzig__term-gHq3ie.smt2	0	B	0.020835	3
QF_NIA_leipzig__term-gHq3ie.smt2	0	M	0.026875	3
QF_NIA_leipzig__term-gHq3ie.smt2	0	A	0.01025	3
QF_NIA_leipzig__term-ye1ece.smt2	0	M	0.006167	2
QF_NIA_leipzig__term-ye1ece.smt2	0	A	0.005834	2
QF_NIA_leipzig__term-ye1ece.smt2	0	B	0.007458	2
QF_NIA_mcm__10.smt2	0	A	0.006084	2
QF_NIA_mcm__10.smt2	0	B	0.00625	2
QF_NIA_mcm__10.smt2	0	M	0.006166	2
QF_NIA_mcm__23.smt2	0	B	0.006584	2
QF_NIA_mcm__23.smt2	0	M	0.00625	2
QF_NIA_mcm__23.smt2	0	A	0.00575	2
QF_NIA_mcm__41.smt2	0	M	0.006375	2
QF_NIA_mcm__41.smt2	0	A	0.006167	2
QF_NIA_mcm__41.smt2	0	B	0.007	2
QF_NIA_mcm__52.smt2	0	A	0.007042	2
QF_NIA_mcm__52.smt2	0	B	0.007208	2
QF_NIA_mcm__52.smt2	0	M	0.006208	2
QF_NIA_mcm__81.smt2	0	B	0.007125	2
QF_NIA_mcm__81.smt2	0	M	0.005334	2
QF_NIA_mcm__81.smt2	0	A	0.00625	2
QF_NIA_mcm__89.smt2	0	M	0.006083	2
QF_NIA_mcm__89.smt2	0	A	0.0065	2
QF_NIA_mcm__89.smt2	0	B	0.007	2
QF_NIA_mcm__94.smt2	0	A	0.005708	2
QF_NIA_mcm__94.smt2	0	B	0.0065	2
QF_NIA_mcm__94.smt2	0	M	0.006375	2
QF_NRA_20161105-Sturm-MBO__mbo_E10E25.smt2	0	B	0.016874	6
QF_NRA_20161105-Sturm-MBO__mbo_E10E25.smt2	0	M	0.011291	6
QF_NRA_20161105-Sturm-MBO__mbo_E10E25.smt2	0	A	0.01225	6
QF_NRA_20161105-Sturm-MBO__mbo_E11E13.smt2	0	M	0.010209	6
QF_NRA_20161105-Sturm-MBO__mbo_E11E13.smt2	0	A	0.021959	6
QF_NRA_20161105-Sturm-MBO__mbo_E11E13.smt2	0	B	0.02425	6
QF_NRA_20161105-Sturm-MBO__mbo_E12E17.smt2	0	A	0.026	4
QF_NRA_20161105-Sturm-MBO__mbo_E12E17.smt2	0	B	0.027458	4
QF_NRA_20161105-Sturm-MBO__mbo_E12E17.smt2	0	M	0.013708	4
QF_NRA_20161105-Sturm-MBO__mbo_E15E24.smt2	0	B	0.028584	6
QF_NRA_20161105-Sturm-MBO__mbo_E15E24.smt2	0	M	0.015167	6
QF_NRA_20161105-Sturm-MBO__mbo_E15E24.smt2	0	A	0.025792	6
QF_NRA_20161105-Sturm-MBO__mbo_E1E22.smt2	0	M	0.016167	4
QF_NRA_20161105-Sturm-MBO__mbo_E1E22.smt2	0	A	0.027292	4
QF_NRA_20161105-Sturm-MBO__mbo_E1E22.smt2	0	B	0.026291	4
QF_NRA_20161105-Sturm-MBO__mbo_E20E21.smt2	0	A	0.023627	13
QF_NRA_20161105-Sturm-MBO__mbo_E20E21.smt2	0	B	0.026124	13
QF_NRA_20161105-Sturm-MBO__mbo_E20E21.smt2	0	M	0.027998	13
QF_NRA_20161105-Sturm-MBO__mbo_E24E25.smt2	0	B	0.012375	2
QF_NRA_20161105-Sturm-MBO__mbo_E24E25.smt2	0	M	0.006333	2
QF_NRA_20161105-Sturm-MBO__mbo_E24E25.smt2	0	A	0.009584	2
QF_NRA_20161105-Sturm-MBO__mbo_E25E26.smt2	0	M	0.139707	62
QF_NRA_20161105-Sturm-MBO__mbo_E25E26.smt2	0	A	0.228748	62
QF_NRA_20161105-Sturm-MBO__mbo_E25E26.smt2	0	B	0.222668	62
QF_NRA_20161105-Sturm-MBO__mbo_E2E7.smt2	0	A	0.033708	8
QF_NRA_20161105-Sturm-MBO__mbo_E2E7.smt2	0	B	0.036209	8
QF_NRA_20161105-Sturm-MBO__mbo_E2E7.smt2	0	M	0.018916	8
QF_NRA_20161105-Sturm-MBO__mbo_E3E27.smt2	0	B	0.895293	383
QF_NRA_20161105-Sturm-MBO__mbo_E3E27.smt2	0	M	0.530463	383
QF_NRA_20161105-Sturm-MBO__mbo_E3E27.smt2	0	A	0.809837	383
QF_NRA_20161105-Sturm-MBO__mbo_E3E9.smt2	0	M	0.014417	6
QF_NRA_20161105-Sturm-MBO__mbo_E3E9.smt2	0	A	0.027833	6
QF_NRA_20161105-Sturm-MBO__mbo_E3E9.smt2	0	B	0.030667	6
QF_NRA_20161105-Sturm-MBO__mbo_E4E13.smt2	0	A	0.052334	12
QF_NRA_20161105-Sturm-MBO__mbo_E4E13.smt2	0	B	0.061332	12
QF_NRA_20161105-Sturm-MBO__mbo_E4E13.smt2	0	M	0.029083	12
QF_NRA_20161105-Sturm-MBO__mbo_E5E12.smt2	0	B	0.02	4
QF_NRA_20161105-Sturm-MBO__mbo_E5E12.smt2	0	M	0.008459	4
QF_NRA_20161105-Sturm-MBO__mbo_E5E12.smt2	0	A	0.016291	4
QF_NRA_20161105-Sturm-MBO__mbo_E5E16.smt2	0	M	0.021585	11
QF_NRA_20161105-Sturm-MBO__mbo_E5E16.smt2	0	A	0.031624	11
QF_NRA_20161105-Sturm-MBO__mbo_E5E16.smt2	0	B	0.034084	11
QF_NRA_20161105-Sturm-MBO__mbo_E5E19.smt2	0	A	0.030916	7
QF_NRA_20161105-Sturm-MBO__mbo_E5E19.smt2	0	B	0.029458	7
QF_NRA_20161105-Sturm-MBO__mbo_E5E19.smt2	0	M	0.013541	7
QF_NRA_20161105-Sturm-MBO__mbo_E6E14.smt2	0	B	0.026209	2
QF_NRA_20161105-Sturm-MBO__mbo_E6E14.smt2	0	M	0.010125	2
QF_NRA_20161105-Sturm-MBO__mbo_E6E14.smt2	0	A	0.019875	2
QF_NRA_20161105-Sturm-MBO__mbo_E6E17.smt2	0	M	0.732209	642
QF_NRA_20161105-Sturm-MBO__mbo_E6E17.smt2	0	A	1.00958	642
QF_NRA_20161105-Sturm-MBO__mbo_E6E17.smt2	0	B	1.10354	642
QF_NRA_20161105-Sturm-MBO__mbo_E8E19.smt2	0	A	0.029916	6
QF_NRA_20161105-Sturm-MBO__mbo_E8E19.smt2	0	B	0.031749	6
QF_NRA_20161105-Sturm-MBO__mbo_E8E19.smt2	0	M	0.017001	6
QF_NRA_20161105-Sturm-MBO__mbo_E8E9.smt2	0	B	0.021751	4
QF_NRA_20161105-Sturm-MBO__mbo_E8E9.smt2	0	M	0.014166	4
QF_NRA_20161105-Sturm-MBO__mbo_E8E9.smt2	0	A	0.01975	4
QF_NRA_20161105-Sturm-MGC__mgc_02.smt2	0	M	0.03625	18
QF_NRA_20161105-Sturm-MGC__mgc_02.smt2	0	A	0.057209	18
QF_NRA_20161105-Sturm-MGC__mgc_02.smt2	0	B	0.064251	18
QF_NRA_20161105-Sturm-MGC__mgc_03.smt2	0	A	0.080374	18
QF_NRA_20161105-Sturm-MGC__mgc_03.smt2	0	B	0.087292	18
QF_NRA_20161105-Sturm-MGC__mgc_03.smt2	0	M	0.051042	18
QF_NRA_20161105-Sturm-MGC__mgc_04.smt2	0	B	0.077	16
QF_NRA_20161105-Sturm-MGC__mgc_04.smt2	0	M	0.045126	16
QF_NRA_20161105-Sturm-MGC__mgc_04.smt2	0	A	0.071084	16
QF_NRA_20161105-Sturm-MGC__mgc_05.smt2	0	M	0.049543	18
QF_NRA_20161105-Sturm-MGC__mgc_05.smt2	0	A	0.073875	18
QF_NRA_20161105-Sturm-MGC__mgc_05.smt2	0	B	0.083625	18
QF_NRA_20161105-Sturm-MGC__mgc_06.smt2	0	A	0.040707	18
QF_NRA_20161105-Sturm-MGC__mgc_06.smt2	0	B	0.046458	18
QF_NRA_20161105-Sturm-MGC__mgc_06.smt2	0	M	0.030208	18
QF_NRA_20161105-Sturm-MGC__mgc_07.smt2	0	B	0.098207	18
QF_NRA_20161105-Sturm-MGC__mgc_07.smt2	0	M	0.047292	18
QF_NRA_20161105-Sturm-MGC__mgc_07.smt2	0	A	0.085251	18
QF_NRA_20161105-Sturm-MGC__mgc_08.smt2	0	M	0.032501	18
QF_NRA_20161105-Sturm-MGC__mgc_08.smt2	0	A	0.059415	18
QF_NRA_20161105-Sturm-MGC__mgc_08.smt2	0	B	0.066625	18
QF_NRA_20161105-Sturm-MGC__mgc_09.smt2	0	A	0.101333	35
QF_NRA_20161105-Sturm-MGC__mgc_09.smt2	0	B	0.110916	35
QF_NRA_20161105-Sturm-MGC__mgc_09.smt2	0	M	0.063667	35
QF_NRA_20161105-Sturm-MGC__mgc_10.smt2	0	B	0.101874	27
QF_NRA_20161105-Sturm-MGC__mgc_10.smt2	0	M	0.057668	27
QF_NRA_20161105-Sturm-MGC__mgc_10.smt2	0	A	0.099292	27
QF_NRA_20170501-Heizmann-UltimateInvariantSynthesis__array_ptr_single_elem_init.i_4_2_2.bpl_5.smt2	0	M	0.045251	35
QF_NRA_20170501-Heizmann-UltimateInvariantSynthesis__array_ptr_single_elem_init.i_4_2_2.bpl_5.smt2	0	A	0.036791	35
QF_NRA_20170501-Heizmann-UltimateInvariantSynthesis__array_ptr_single_elem_init.i_4_2_2.bpl_5.smt2	0	B	0.048001	35
QF_NRA_20170501-Heizmann-UltimateInvariantSynthesis__array_single_elem_init.i_4_2_2.bpl_5.smt2	0	A	0.036417	64
QF_NRA_20170501-Heizmann-UltimateInvariantSynthesis__array_single_elem_init.i_4_2_2.bpl_5.smt2	0	B	0.047915	64
QF_NRA_20170501-Heizmann-UltimateInvariantSynthesis__array_single_elem_init.i_4_2_2.bpl_5.smt2	0	M	0.065878	64
QF_NRA_20170501-Heizmann-UltimateInvariantSynthesis__gj2007.c.i_4_3_3.bpl_5.smt2	0	B	5.32902	4669
QF_NRA_20170501-Heizmann-UltimateInvariantSynthesis__gj2007.c.i_4_3_3.bpl_5.smt2	0	M	3.90397	4669
QF_NRA_20170501-Heizmann-UltimateInvariantSynthesis__gj2007.c.i_4_3_3.bpl_5.smt2	0	A	4.75064	4669
QF_NRA_20170501-Heizmann-UltimateInvariantSynthesis__gr2006.c.i_4_4_3.bpl_5.smt2	0	M	1.09238	1343
QF_NRA_20170501-Heizmann-UltimateInvariantSynthesis__gr2006.c.i_4_4_3.bpl_5.smt2	0	A	1.32231	1343
QF_NRA_20170501-Heizmann-UltimateInvariantSynthesis__gr2006.c.i_4_4_3.bpl_5.smt2	0	B	1.49613	1343
QF_NRA_20170501-Heizmann-UltimateInvariantSynthesis__linear_search.i_7_23_3.bpl_3.smt2	0	A	0.689373	740
QF_NRA_20170501-Heizmann-UltimateInvariantSynthesis__linear_search.i_7_23_3.bpl_3.smt2	0	B	0.836833	740
QF_NRA_20170501-Heizmann-UltimateInvariantSynthesis__linear_search.i_7_23_3.bpl_3.smt2	0	M	0.975521	740
QF_NRA_20170501-Heizmann-UltimateInvariantSynthesis__standard_copy1_ground.i_3_2_2.bpl_9.smt2	0	B	1.307	1930
QF_NRA_20170501-Heizmann-UltimateInvariantSynthesis__standard_copy1_ground.i_3_2_2.bpl_9.smt2	0	M	1.67573	1930
QF_NRA_20170501-Heizmann-UltimateInvariantSynthesis__standard_copy1_ground.i_3_2_2.bpl_9.smt2	0	A	1.09571	1930
QF_NRA_20170501-Heizmann-UltimateInvariantSynthesis__standard_copy3_ground.i_3_2_2.bpl_5.smt2	0	M	0.204042	256
QF_NRA_20170501-Heizmann-UltimateInvariantSynthesis__standard_copy3_ground.i_3_2_2.bpl_5.smt2	0	A	0.123251	256
QF_NRA_20170501-Heizmann-UltimateInvariantSynthesis__standard_copy3_ground.i_3_2_2.bpl_5.smt2	0	B	0.145793	256
QF_NRA_20170501-Heizmann-UltimateInvariantSynthesis__standard_init9_ground.i_3_2_2.bpl_3.smt2	0	A	1.68383	683
QF_NRA_20170501-Heizmann-UltimateInvariantSynthesis__standard_init9_ground.i_3_2_2.bpl_3.smt2	0	B	1.74055	683
QF_NRA_20170501-Heizmann-UltimateInvariantSynthesis__standard_init9_ground.i_3_2_2.bpl_3.smt2	0	M	1.19346	683
QF_NRA_2019-ezsmt__inst_1_1000000.smt2	0	B	0.146045	292
QF_NRA_2019-ezsmt__inst_1_1000000.smt2	0	M	0.171499	292
QF_NRA_2019-ezsmt__inst_1_1000000.smt2	0	A	0.094175	292
QF_NRA_20200911-Pine__1599121684477306000.smt2	0	M	0.046918	28
QF_NRA_20200911-Pine__1599121684477306000.smt2	0	A	0.063374	28
QF_NRA_20200911-Pine__1599121684477306000.smt2	0	B	0.075416	28
QF_NRA_20200911-Pine__1599121684653478000.smt2	0	A	0.05283	20
QF_NRA_20200911-Pine__1599121684653478000.smt2	0	B	0.055125	20
QF_NRA_20200911-Pine__1599121684653478000.smt2	0	M	0.039665	20
QF_NRA_20200911-Pine__1599121861020640000.smt2	0	B	0.006834	2
QF_NRA_20200911-Pine__1599121861020640000.smt2	0	M	0.006042	2
QF_NRA_20200911-Pine__1599121861020640000.smt2	0	A	0.006583	2
QF_NRA_20200911-Pine__1599121889458073000.smt2	0	M	0.197208	114
QF_NRA_20200911-Pine__1599121889458073000.smt2	0	A	0.263119	114
QF_NRA_20200911-Pine__1599121889458073000.smt2	0	B	0.291125	114
QF_NRA_20200911-Pine__1599121899872501000.smt2	0	A	0.18196	27
QF_NRA_20200911-Pine__1599121899872501000.smt2	0	B	0.190917	27
QF_NRA_20200911-Pine__1599121899872501000.smt2	0	M	0.114375	27
QF_NRA_20200911-Pine__1599121900961647000.smt2	0	B	0.079083	23
QF_NRA_20200911-Pine__1599121900961647000.smt2	0	M	0.06129	23
QF_NRA_20200911-Pine__1599121900961647000.smt2	0	A	0.061709	23
QF_NRA_20200911-Pine__1599121904275696000.smt2	0	M	0.140207	27
QF_NRA_20200911-Pine__1599121904275696000.smt2	0	A	0.19796	27
QF_NRA_20200911-Pine__1599121904275696000.smt2	0	B	0.226458	27
QF_NRA_20200911-Pine__1599121979753628000.smt2	0	A	0.051041	50
QF_NRA_20200911-Pine__1599121979753628000.smt2	0	B	0.062959	50
QF_NRA_20200911-Pine__1599121979753628000.smt2	0	M	0.055539	50
QF_NRA_20200911-Pine__1599122159324430000.smt2	0	B	0.0285	14
QF_NRA_20200911-Pine__1599122159324430000.smt2	0	M	0.019249	14
QF_NRA_20200911-Pine__1599122159324430000.smt2	0	A	0.024916	14
QF_NRA_20200911-Pine__1599122159846134000.smt2	0	M	0.023249	16
QF_NRA_20200911-Pine__1599122159846134000.smt2	0	A	0.025376	16
QF_NRA_20200911-Pine__1599122159846134000.smt2	0	B	0.029583	16
QF_NRA_20200911-Pine__1599122162465867000.smt2	0	A	0.010166	10
QF_NRA_20200911-Pine__1599122162465867000.smt2	0	B	0.012209	10
QF_NRA_20200911-Pine__1599122162465867000.smt2	0	M	0.012749	10
QF_NRA_20200911-Pine__1599122162569064000.smt2	0	B	0.009207	4
QF_NRA_20200911-Pine__1599122162569064000.smt2	0	M	0.008125	4
QF_NRA_20200911-Pine__1599122162569064000.smt2	0	A	0.007501	4
QF_NRA_20200911-Pine__1599122163190413000.smt2	0	M	0.012917	10
QF_NRA_20200911-Pine__1599122163190413000.smt2	0	A	0.008583	10
QF_NRA_20200911-Pine__1599122163190413000.smt2	0	B	0.01225	10
QF_NRA_20200911-Pine__1599122163683961000.smt2	0	A	0.032583	16
QF_NRA_20200911-Pine__1599122163683961000.smt2	0	B	0.036458	16
QF_NRA_20200911-Pine__1599122163683961000.smt2	0	M	0.023834	16
QF_NRA_20200911-Pine__1599122165140235000.smt2	0	B	0.013042	10
QF_NRA_20200911-Pine__1599122165140235000.smt2	0	M	0.01175	10
QF_NRA_20200911-Pine__1599122165140235000.smt2	0	A	0.008542	10
QF_NRA_20200911-Pine__1599122166207559000.smt2	0	M	0.010833	10
QF_NRA_20200911-Pine__1599122166207559000.smt2	0	A	0.009917	10
QF_NRA_20200911-Pine__1599122166207559000.smt2	0	B	0.014083	10
QF_NRA_20211101-Geogebra__IsoRightTriangle-Bottema1_12b.smt2	0	A	0.011542	4
QF_NRA_20211101-Geogebra__IsoRightTriangle-Bottema1_12b.smt2	0	B	0.011708	4
QF_NRA_20211101-Geogebra__IsoRightTriangle-Bottema1_12b.smt2	0	M	0.009416	4
QF_NRA_20211101-Geogebra__IsoRightTriangle-Bottema1_2b.smt2	0	B	0.008834	4
QF_NRA_20211101-Geogebra__IsoRightTriangle-Bottema1_2b.smt2	0	M	0.007876	4
QF_NRA_20211101-Geogebra__IsoRightTriangle-Bottema1_2b.smt2	0	A	0.006374	4
QF_NRA_20211101-Geogebra__IsoTriangle-Area_Perimeter_a.smt2	0	M	0.007834	4
QF_NRA_20211101-Geogebra__IsoTriangle-Area_Perimeter_a.smt2	0	A	0.012	4
QF_NRA_20211101-Geogebra__IsoTriangle-Area_Perimeter_a.smt2	0	B	0.011959	4
QF_NRA_20211101-Geogebra__IsoTriangle-Bottema6_1a.smt2	0	A	0.02479	14
QF_NRA_20211101-Geogebra__IsoTriangle-Bottema6_1a.smt2	0	B	0.02525	14
QF_NRA_20211101-Geogebra__IsoTriangle-Bottema6_1a.smt2	0	M	0.01779	14
QF_NRA_20211101-Geogebra__IsoTriangle-Bottema6_1b.smt2	0	B	0.039625	20
QF_NRA_20211101-Geogebra__IsoTriangle-Bottema6_1b.smt2	0	M	0.027792	20
QF_NRA_20211101-Geogebra__IsoTriangle-Bottema6_1b.smt2	0	A	0.033292	20
QF_NRA_20211101-Geogebra__IsoTriangle-Median_Perimeter_a2.smt2	0	M	0.017084	10
QF_NRA_20211101-Geogebra__IsoTriangle-Median_Perimeter_a2.smt2	0	A	0.020832	10
QF_NRA_20211101-Geogebra__IsoTriangle-Median_Perimeter_a2.smt2	0	B	0.023917	10
QF_NRA_20211101-Geogebra__IsoTriangle-Perimeter_CircumRadius_a.smt2	0	A	0.019333	20
QF_NRA_20211101-Geogebra__IsoTriangle-Perimeter_CircumRadius_a.smt2	0	B	0.021041	20
QF_NRA_20211101-Geogebra__IsoTriangle-Perimeter_CircumRadius_a.smt2	0	M	0.024585	20
QF_NRA_20211101-Geogebra__PythagoreanGeneralization_Triangle-aa+bb_cc.smt2	0	B	0.007751	4
QF_NRA_20211101-Geogebra__PythagoreanGeneralization_Triangle-aa+bb_cc.smt2	0	M	0.007625	4
QF_NRA_20211101-Geogebra__PythagoreanGeneralization_Triangle-aa+bb_cc.smt2	0	A	0.007042	4
QF_NRA_20211101-Geogebra__RightTriangle-Bottema1_1b.smt2	0	M	0.008208	4
QF_NRA_20211101-Geogebra__RightTriangle-Bottema1_1b.smt2	0	A	0.00725	4
QF_NRA_20211101-Geogebra__RightTriangle-Bottema1_1b.smt2	0	B	0.00775	4
QF_NRA_20211101-Geogebra__RightTriangle-Bottema5_3b.smt2	0	A	0.011791	4
QF_NRA_20211101-Geogebra__RightTriangle-Bottema5_3b.smt2	0	B	0.012583	4
QF_NRA_20211101-Geogebra__RightTriangle-Bottema5_3b.smt2	0	M	0.010375	4
QF_NRA_20211101-Geogebra__Triangle-Bottema1_9.smt2	0	B	0.010792	4
QF_NRA_20211101-Geogebra__Triangle-Bottema1_9.smt2	0	M	0.007583	4
QF_NRA_20211101-Geogebra__Triangle-Bottema1_9.smt2	0	A	0.007208	4
QF_NRA_20220314-Uncu__BDC_ProveIneq_Mitrinovic_4_22b.smt2	0	M	0.006583	2
QF_NRA_20220314-Uncu__BDC_ProveIneq_Mitrinovic_4_22b.smt2	0	A	0.005542	2
QF_NRA_20220314-Uncu__BDC_ProveIneq_Mitrinovic_4_22b.smt2	0	B	0.006416	2
QF_NRA_20240407-pPDA-Chiari-Pontiggia-Winkler__and_or_PRAY.smt2	0	A	3.84428	1305
QF_NRA_20240407-pPDA-Chiari-Pontiggia-Winkler__and_or_PRAY.smt2	0	B	4.08016	1305
QF_NRA_20240407-pPDA-Chiari-Pontiggia-Winkler__and_or_PRAY.smt2	0	M	2.7718	1305
QF_NRA_20240407-pPDA-Chiari-Pontiggia-Winkler__call_ret_loop_1_POMC_hints.smt2	0	B	0.184454	80
QF_NRA_20240407-pPDA-Chiari-Pontiggia-Winkler__call_ret_loop_1_POMC_hints.smt2	0	M	0.138125	80
QF_NRA_20240407-pPDA-Chiari-Pontiggia-Winkler__call_ret_loop_1_POMC_hints.smt2	0	A	0.17454	80
QF_NRA_20240407-pPDA-Chiari-Pontiggia-Winkler__call_ret_loop_1_POMC_no_hints.smt2	0	M	0.320585	120
QF_NRA_20240407-pPDA-Chiari-Pontiggia-Winkler__call_ret_loop_1_POMC_no_hints.smt2	0	A	0.440793	120
QF_NRA_20240407-pPDA-Chiari-Pontiggia-Winkler__call_ret_loop_1_POMC_no_hints.smt2	0	B	0.46871	120
QF_NRA_20240407-pPDA-Chiari-Pontiggia-Winkler__call_ret_loop_2_POMC_hints.smt2	0	A	0.180166	84
QF_NRA_20240407-pPDA-Chiari-Pontiggia-Winkler__call_ret_loop_2_POMC_hints.smt2	0	B	0.195335	84
QF_NRA_20240407-pPDA-Chiari-Pontiggia-Winkler__call_ret_loop_2_POMC_hints.smt2	0	M	0.152417	84
QF_NRA_20240407-pPDA-Chiari-Pontiggia-Winkler__call_ret_loop_2_POMC_no_hints.smt2	0	B	0.47592	130
QF_NRA_20240407-pPDA-Chiari-Pontiggia-Winkler__call_ret_loop_2_POMC_no_hints.smt2	0	M	0.347667	130
QF_NRA_20240407-pPDA-Chiari-Pontiggia-Winkler__call_ret_loop_2_POMC_no_hints.smt2	0	A	0.419039	130
QF_NRA_20240407-pPDA-Chiari-Pontiggia-Winkler__escape25_POMC_hints.smt2	0	M	0.515378	376
QF_NRA_20240407-pPDA-Chiari-Pontiggia-Winkler__escape25_POMC_hints.smt2	0	A	0.625046	376
QF_NRA_20240407-pPDA-Chiari-Pontiggia-Winkler__escape25_POMC_hints.smt2	0	B	0.68949	376
QF_NRA_20240407-pPDA-Chiari-Pontiggia-Winkler__escape25_POMC_no_hints.smt2	0	A	0.449163	707
QF_NRA_20240407-pPDA-Chiari-Pontiggia-Winkler__escape25_POMC_no_hints.smt2	0	B	0.581461	707
QF_NRA_20240407-pPDA-Chiari-Pontiggia-Winkler__escape25_POMC_no_hints.smt2	0	M	0.548547	707
QF_NRA_20240407-pPDA-Chiari-Pontiggia-Winkler__mod5_POMC_hints.smt2	0	B	0.363957	64
QF_NRA_20240407-pPDA-Chiari-Pontiggia-Winkler__mod5_POMC_hints.smt2	0	M	0.232916	64
QF_NRA_20240407-pPDA-Chiari-Pontiggia-Winkler__mod5_POMC_hints.smt2	0	A	0.332627	64
QF_NRA_20240407-pPDA-Chiari-Pontiggia-Winkler__mod5_POMC_no_hints.smt2	0	M	0.030331	20
QF_NRA_20240407-pPDA-Chiari-Pontiggia-Winkler__mod5_POMC_no_hints.smt2	0	A	0.01625	20
QF_NRA_20240407-pPDA-Chiari-Pontiggia-Winkler__mod5_POMC_no_hints.smt2	0	B	0.021458	20
QF_NRA_20240407-pPDA-Chiari-Pontiggia-Winkler__mod7_POMC_no_hints.smt2	0	A	0.019459	16
QF_NRA_20240407-pPDA-Chiari-Pontiggia-Winkler__mod7_POMC_no_hints.smt2	0	B	0.022332	16
QF_NRA_20240407-pPDA-Chiari-Pontiggia-Winkler__mod7_POMC_no_hints.smt2	0	M	0.016791	16
QF_NRA_20240407-pPDA-Chiari-Pontiggia-Winkler__schelling_POMC_hints.smt2	0	B	0.844714	381
QF_NRA_20240407-pPDA-Chiari-Pontiggia-Winkler__schelling_POMC_hints.smt2	0	M	0.555047	381
QF_NRA_20240407-pPDA-Chiari-Pontiggia-Winkler__schelling_POMC_hints.smt2	0	A	0.769957	381
QF_NRA_20240407-pPDA-Chiari-Pontiggia-Winkler__schelling_POMC_no_hints.smt2	0	M	2.16059	1779
QF_NRA_20240407-pPDA-Chiari-Pontiggia-Winkler__schelling_POMC_no_hints.smt2	0	A	2.92171	1779
QF_NRA_20240407-pPDA-Chiari-Pontiggia-Winkler__schelling_POMC_no_hints.smt2	0	B	3.26899	1779
QF_NRA_20240407-pPDA-Chiari-Pontiggia-Winkler__sqrt2by2_bern_PRAY.smt2	0	A	0.171586	44
QF_NRA_20240407-pPDA-Chiari-Pontiggia-Winkler__sqrt2by2_bern_PRAY.smt2	0	B	0.187082	44
QF_NRA_20240407-pPDA-Chiari-Pontiggia-Winkler__sqrt2by2_bern_PRAY.smt2	0	M	0.098838	44
QF_NRA_LassoRanker__Ben-Amram-2010LMCS-Ex2.3_true-termination.c_Iteration1_Lasso_3-pieceTemplate.smt2	0	B	0.027374	28
QF_NRA_LassoRanker__Ben-Amram-2010LMCS-Ex2.3_true-termination.c_Iteration1_Lasso_3-pieceTemplate.smt2	0	M	0.024541	28
QF_NRA_LassoRanker__Ben-Amram-2010LMCS-Ex2.3_true-termination.c_Iteration1_Lasso_3-pieceTemplate.smt2	0	A	0.019456	28
QF_NRA_LassoRanker__BradleyMannaSipma-2005ICALP-Fig1-deterministic.bpl_Iteration1_Lasso_3-pieceTemplate.smt2	0	M	0.313752	232
QF_NRA_LassoRanker__BradleyMannaSipma-2005ICALP-Fig1-deterministic.bpl_Iteration1_Lasso_3-pieceTemplate.smt2	0	A	0.331038	232
QF_NRA_LassoRanker__BradleyMannaSipma-2005ICALP-Fig1-deterministic.bpl_Iteration1_Lasso_3-pieceTemplate.smt2	0	B	0.386502	232
QF_NRA_LassoRanker__Braverman-2006CAV-Ex1-int.bpl_Iteration1_Loop_4-pieceTemplate.smt2	0	A	0.054248	22
QF_NRA_LassoRanker__Braverman-2006CAV-Ex1-int.bpl_Iteration1_Loop_4-pieceTemplate.smt2	0	B	0.059501	22
QF_NRA_LassoRanker__Braverman-2006CAV-Ex1-int.bpl_Iteration1_Loop_4-pieceTemplate.smt2	0	M	0.047707	22
QF_NRA_LassoRanker__Khartoum.bpl_Iteration1_Loop_4-pieceTemplate.smt2	0	B	7.56245	6186
QF_NRA_LassoRanker__Khartoum.bpl_Iteration1_Loop_4-pieceTemplate.smt2	0	M	5.35225	6186
QF_NRA_LassoRanker__Khartoum.bpl_Iteration1_Loop_4-pieceTemplate.smt2	0	A	7.33614	6186
QF_NRA_LassoRanker__Mysore2.bpl_Iteration1_Loop_4-pieceTemplate.smt2	0	M	0.343294	572
QF_NRA_LassoRanker__Mysore2.bpl_Iteration1_Loop_4-pieceTemplate.smt2	0	A	0.264205	572
QF_NRA_LassoRanker__Mysore2.bpl_Iteration1_Loop_4-pieceTemplate.smt2	0	B	0.367127	572
QF_NRA_LassoRanker__NoriSharma-2013FSE-Fig8_true-termination.c_Iteration1_Lasso_3-pieceTemplate.smt2	0	A	3.07445	4046
QF_NRA_LassoRanker__NoriSharma-2013FSE-Fig8_true-termination.c_Iteration1_Lasso_3-pieceTemplate.smt2	0	B	3.65974	4046
QF_NRA_LassoRanker__NoriSharma-2013FSE-Fig8_true-termination.c_Iteration1_Lasso_3-pieceTemplate.smt2	0	M	2.78977	4046
QF_NRA_LassoRanker__NoriSharma-2013FSE-Fig8_true-termination.c_Iteration1_Loop_3-pieceTemplate.smt2	0	B	0.049583	43
QF_NRA_LassoRanker__NoriSharma-2013FSE-Fig8_true-termination.c_Iteration1_Loop_3-pieceTemplate.smt2	0	M	0.054373	43
QF_NRA_LassoRanker__NoriSharma-2013FSE-Fig8_true-termination.c_Iteration1_Loop_3-pieceTemplate.smt2	0	A	0.035293	43
QF_NRA_LassoRanker__TwoPhase.bpl_Iteration1_Loop_3-pieceTemplate.smt2	0	M	1.50666	2564
QF_NRA_LassoRanker__TwoPhase.bpl_Iteration1_Loop_3-pieceTemplate.smt2	0	A	1.14649	2564
QF_NRA_LassoRanker__TwoPhase.bpl_Iteration1_Loop_3-pieceTemplate.smt2	0	B	1.55186	2564
QF_NRA_LassoRanker__fun4.t2.c_Iteration1_Loop_4-pieceTemplate.smt2	0	A	0.014375	8
QF_NRA_LassoRanker__fun4.t2.c_Iteration1_Loop_4-pieceTemplate.smt2	0	B	0.018042	8
QF_NRA_LassoRanker__fun4.t2.c_Iteration1_Loop_4-pieceTemplate.smt2	0	M	0.014999	8
QF_NRA_LassoRanker__nested.t2.c_Iteration4_Loop_4-pieceTemplate.smt2	0	B	0.04246	42
QF_NRA_LassoRanker__nested.t2.c_Iteration4_Loop_4-pieceTemplate.smt2	0	M	0.042624	42
QF_NRA_LassoRanker__nested.t2.c_Iteration4_Loop_4-pieceTemplate.smt2	0	A	0.030501	42
QF_NRA_UltimateAutomizer__InVarSynth_StructPositiveSum-Safe.c_Iteration2_0.smt2	0	M	0.156584	238
QF_NRA_UltimateAutomizer__InVarSynth_StructPositiveSum-Safe.c_Iteration2_0.smt2	0	A	0.103671	238
QF_NRA_UltimateAutomizer__InVarSynth_StructPositiveSum-Safe.c_Iteration2_0.smt2	0	B	0.144788	238
QF_NRA_hycomp__ball_count_1d_plain.02.seq_lazy_linear_enc_lemmas_global_8.smt2	0	A	0.020083	26
QF_NRA_hycomp__ball_count_1d_plain.02.seq_lazy_linear_enc_lemmas_global_8.smt2	0	B	0.023583	26
QF_NRA_hycomp__ball_count_1d_plain.02.seq_lazy_linear_enc_lemmas_global_8.smt2	0	M	0.028916	26
QF_NRA_hycomp__ball_count_1d_plain.03.seq_lazy_linear_enc_global_10.smt2	0	B	0.206544	356
QF_NRA_hycomp__ball_count_1d_plain.03.seq_lazy_linear_enc_global_10.smt2	0	M	0.278159	356
QF_NRA_hycomp__ball_count_1d_plain.03.seq_lazy_linear_enc_global_10.smt2	0	A	0.132211	356
QF_NRA_hycomp__ball_count_1d_plain.04.redlog_global_6.smt2	0	M	3.2518	3162
QF_NRA_hycomp__ball_count_1d_plain.04.redlog_global_6.smt2	0	A	3.6035	3162
QF_NRA_hycomp__ball_count_1d_plain.04.redlog_global_6.smt2	0	B	4.19924	3162
QF_NRA_hycomp__ball_count_1d_plain.04.seq_lazy_linear_enc_lemmas_global_12.smt2	0	A	1.08175	1894
QF_NRA_hycomp__ball_count_1d_plain.04.seq_lazy_linear_enc_lemmas_global_12.smt2	0	B	1.4239	1894
QF_NRA_hycomp__ball_count_1d_plain.04.seq_lazy_linear_enc_lemmas_global_12.smt2	0	M	1.50151	1894
QF_NRA_hycomp__ball_count_2d_hill_simple.01.seq_lazy_global_14.smt2	0	B	0.014084	10
QF_NRA_hycomp__ball_count_2d_hill_simple.01.seq_lazy_global_14.smt2	0	M	0.011916	10
QF_NRA_hycomp__ball_count_2d_hill_simple.01.seq_lazy_global_14.smt2	0	A	0.008124	10
QF_NRA_hycomp__ball_count_2d_hill_simple.02.seq_lazy_lemmas_global_14.smt2	0	M	0.119376	178
QF_NRA_hycomp__ball_count_2d_hill_simple.02.seq_lazy_lemmas_global_14.smt2	0	A	0.057663	178
QF_NRA_hycomp__ball_count_2d_hill_simple.02.seq_lazy_lemmas_global_14.smt2	0	B	0.099167	178
QF_NRA_hycomp__ball_count_2d_plain.03.seq_lazy_linear_enc_lemmas_global_4.smt2	0	A	0.55309	542
QF_NRA_hycomp__ball_count_2d_plain.03.seq_lazy_linear_enc_lemmas_global_4.smt2	0	B	0.654133	542
QF_NRA_hycomp__ball_count_2d_plain.03.seq_lazy_linear_enc_lemmas_global_4.smt2	0	M	0.403824	542
QF_NRA_hycomp__ball_count_2d_plain.05.seq_lazy_linear_enc_global_14.smt2	0	B	8.09275	8642
QF_NRA_hycomp__ball_count_2d_plain.05.seq_lazy_linear_enc_global_14.smt2	0	M	5.66834	8642
QF_NRA_hycomp__ball_count_2d_plain.05.seq_lazy_linear_enc_global_14.smt2	0	A	6.89098	8642
QF_NRA_hycomp__ball_count_2d_plain.10.redlog_global_4.smt2	0	M	0.04829	24
QF_NRA_hycomp__ball_count_2d_plain.10.redlog_global_4.smt2	0	A	0.041707	24
QF_NRA_hycomp__ball_count_2d_plain.10.redlog_global_4.smt2	0	B	0.053543	24
QF_NRA_hycomp__ball_count_2d_slope.03.seq_lazy_lemmas_global_6.smt2	0	A	6.5871	2434
QF_NRA_hycomp__ball_count_2d_slope.03.seq_lazy_lemmas_global_6.smt2	0	B	6.99843	2434
QF_NRA_hycomp__ball_count_2d_slope.03.seq_lazy_lemmas_global_6.smt2	0	M	4.38148	2434
QF_NRA_hycomp__ball_count_2d_slope.04.seq_lazy_linear_enc_global_8.smt2	0	B	0.035624	17
QF_NRA_hycomp__ball_count_2d_slope.04.seq_lazy_linear_enc_global_8.smt2	0	M	0.021836	17
QF_NRA_hycomp__ball_count_2d_slope.04.seq_lazy_linear_enc_global_8.smt2	0	A	0.029209	17
QF_NRA_hycomp__etcs_braking_2.01.seq_lazy_linear_enc_global_15.smt2	0	M	1.68191	629
QF_NRA_hycomp__etcs_braking_2.01.seq_lazy_linear_enc_global_15.smt2	0	A	2.63262	629
QF_NRA_hycomp__etcs_braking_2.01.seq_lazy_linear_enc_global_15.smt2	0	B	2.65313	629
QF_NRA_hycomp__simple_ballistics_reach.01.seq_lazy_global_15.smt2	0	A	4.46785	1545
QF_NRA_hycomp__simple_ballistics_reach.01.seq_lazy_global_15.smt2	0	B	4.67167	1545
QF_NRA_hycomp__simple_ballistics_reach.01.seq_lazy_global_15.smt2	0	M	3.22284	1545
QF_NRA_hycomp__simple_ballistics_reach.01.seq_lazy_linear_enc_lemmas_global_9.smt2	0	B	4.74125	743
QF_NRA_hycomp__simple_ballistics_reach.01.seq_lazy_linear_enc_lemmas_global_9.smt2	0	M	3.11071	743
QF_NRA_hycomp__simple_ballistics_reach.01.seq_lazy_linear_enc_lemmas_global_9.smt2	0	A	4.38432	743
QF_NRA_meti-tarski__CMOS-opamp-chunk-0029.smt2	0	M	0.005292	0
QF_NRA_meti-tarski__CMOS-opamp-chunk-0029.smt2	0	A	0.004959	0
QF_NRA_meti-tarski__CMOS-opamp-chunk-0029.smt2	0	B	0.006292	0
QF_NRA_meti-tarski__CMOS-opamp-chunk-0071.smt2	0	A	0.011208	4
QF_NRA_meti-tarski__CMOS-opamp-chunk-0071.smt2	0	B	0.012584	4
QF_NRA_meti-tarski__CMOS-opamp-chunk-0071.smt2	0	M	0.010459	4
QF_NRA_meti-tarski__CMOS-opamp-chunk-0269.smt2	0	B	0.0515	4
QF_NRA_meti-tarski__CMOS-opamp-chunk-0269.smt2	0	M	0.021667	4
QF_NRA_meti-tarski__CMOS-opamp-chunk-0269.smt2	0	A	0.042542	4
QF_NRA_meti-tarski__CMOS-opamp-chunk-0285.smt2	0	M	0.009708	4
QF_NRA_meti-tarski__CMOS-opamp-chunk-0285.smt2	0	A	0.010834	4
QF_NRA_meti-tarski__CMOS-opamp-chunk-0285.smt2	0	B	0.014291	4
QF_NRA_meti-tarski__Chua-1-VC1-L-chunk-0135.smt2	0	A	0.005792	0
QF_NRA_meti-tarski__Chua-1-VC1-L-chunk-0135.smt2	0	B	0.005958	0
QF_NRA_meti-tarski__Chua-1-VC1-L-chunk-0135.smt2	0	M	0.0045	0
QF_NRA_meti-tarski__Chua-2-IL-U-chunk-0022.smt2	0	B	0.031	3
QF_NRA_meti-tarski__Chua-2-IL-U-chunk-0022.smt2	0	M	0.016625	3
QF_NRA_meti-tarski__Chua-2-IL-U-chunk-0022.smt2	0	A	0.025124	3
QF_NRA_meti-tarski__Chua-2-IL-U-chunk-0039.smt2	0	M	0.00725	1
QF_NRA_meti-tarski__Chua-2-IL-U-chunk-0039.smt2	0	A	0.007292	1
QF_NRA_meti-tarski__Chua-2-IL-U-chunk-0039.smt2	0	B	0.007708	1
QF_NRA_meti-tarski__Chua-2-IL-U-chunk-0099.smt2	0	A	0.038833	2
QF_NRA_meti-tarski__Chua-2-IL-U-chunk-0099.smt2	0	B	0.039709	2
QF_NRA_meti-tarski__Chua-2-IL-U-chunk-0099.smt2	0	M	0.016208	2
QF_NRA_meti-tarski__Chua-2-VC1-U-chunk-0123.smt2	0	B	0.251583	6
QF_NRA_meti-tarski__Chua-2-VC1-U-chunk-0123.smt2	0	M	0.116291	6
QF_NRA_meti-tarski__Chua-2-VC1-U-chunk-0123.smt2	0	A	0.22875	6
QF_NRA_meti-tarski__Chua-2-VC2-U-chunk-0108.smt2	0	M	0.016375	2
QF_NRA_meti-tarski__Chua-2-VC2-U-chunk-0108.smt2	0	A	0.037083	2
QF_NRA_meti-tarski__Chua-2-VC2-U-chunk-0108.smt2	0	B	0.037458	2
QF_NRA_meti-tarski__Lyapunov1a-chunk-0036.smt2	0	A	0.023041	26
QF_NRA_meti-tarski__Lyapunov1a-chunk-0036.smt2	0	B	0.028251	26
QF_NRA_meti-tarski__Lyapunov1a-chunk-0036.smt2	0	M	0.028876	26
QF_NRA_meti-tarski__Nichols-Plot-Inverted-Pendulum-Fails-1-6-chunk-0034.smt2	0	B	0.019833	4
QF_NRA_meti-tarski__Nichols-Plot-Inverted-Pendulum-Fails-1-6-chunk-0034.smt2	0	M	0.011543	4
QF_NRA_meti-tarski__Nichols-Plot-Inverted-Pendulum-Fails-1-6-chunk-0034.smt2	0	A	0.015499	4
QF_NRA_meti-tarski__Nichols-Plot-Inverted-Pendulum-Fails-1-6-chunk-0234.smt2	0	M	0.008666	2
QF_NRA_meti-tarski__Nichols-Plot-Inverted-Pendulum-Fails-1-6-chunk-0234.smt2	0	A	0.010375	2
QF_NRA_meti-tarski__Nichols-Plot-Inverted-Pendulum-Fails-1-6-chunk-0234.smt2	0	B	0.012625	2
QF_NRA_meti-tarski__asin-8-vars4-chunk-0029.smt2	0	A	0.014376	8
QF_NRA_meti-tarski__asin-8-vars4-chunk-0029.smt2	0	B	0.016417	8
QF_NRA_meti-tarski__asin-8-vars4-chunk-0029.smt2	0	M	0.013458	8
QF_NRA_meti-tarski__atan-problem-1-chunk-0032.smt2	0	B	0.010126	8
QF_NRA_meti-tarski__atan-problem-1-chunk-0032.smt2	0	M	0.009373	8
QF_NRA_meti-tarski__atan-problem-1-chunk-0032.smt2	0	A	0.008542	8
QF_NRA_meti-tarski__atan-problem-1-chunk-0087.smt2	0	M	0.024	20
QF_NRA_meti-tarski__atan-problem-1-chunk-0087.smt2	0	A	0.020416	20
QF_NRA_meti-tarski__atan-problem-1-chunk-0087.smt2	0	B	0.027875	20
QF_NRA_meti-tarski__atan-problem-2-chunk-0101.smt2	0	A	0.006876	6
QF_NRA_meti-tarski__atan-problem-2-chunk-0101.smt2	0	B	0.008708	6
QF_NRA_meti-tarski__atan-problem-2-chunk-0101.smt2	0	M	0.009167	6
QF_NRA_meti-tarski__atan-problem-2-chunk-0107.smt2	0	B	0.007291	0
QF_NRA_meti-tarski__atan-problem-2-chunk-0107.smt2	0	M	0.004208	0
QF_NRA_meti-tarski__atan-problem-2-chunk-0107.smt2	0	A	0.005417	0
QF_NRA_meti-tarski__atan-problem-2-weak-chunk-0061.smt2	0	M	0.005459	0
QF_NRA_meti-tarski__atan-problem-2-weak-chunk-0061.smt2	0	A	0.005209	0
QF_NRA_meti-tarski__atan-problem-2-weak-chunk-0061.smt2	0	B	0.006083	0
QF_NRA_meti-tarski__atan-problem-2-weak-chunk-0100.smt2	0	A	0.007708	4
QF_NRA_meti-tarski__atan-problem-2-weak-chunk-0100.smt2	0	B	0.009249	4
QF_NRA_meti-tarski__atan-problem-2-weak-chunk-0100.smt2	0	M	0.009792	4
QF_NRA_meti-tarski__atan-problem-2-weak-chunk-0225.smt2	0	B	0.006375	0
QF_NRA_meti-tarski__atan-problem-2-weak-chunk-0225.smt2	0	M	0.004333	0
QF_NRA_meti-tarski__atan-problem-2-weak-chunk-0225.smt2	0	A	0.004875	0
QF_NRA_meti-tarski__atan-problem-2-weakT-chunk-0054.smt2	0	M	0.007417	2
QF_NRA_meti-tarski__atan-problem-2-weakT-chunk-0054.smt2	0	A	0.006749	2
QF_NRA_meti-tarski__atan-problem-2-weakT-chunk-0054.smt2	0	B	0.007917	2
QF_NRA_meti-tarski__atan-vega-3-chunk-0434.smt2	0	A	0.0055	0
QF_NRA_meti-tarski__atan-vega-3-chunk-0434.smt2	0	B	0.006125	0
QF_NRA_meti-tarski__atan-vega-3-chunk-0434.smt2	0	M	0.007208	0
QF_NRA_meti-tarski__atan-vega-3-chunk-0489.smt2	0	B	0.009083	0
QF_NRA_meti-tarski__atan-vega-3-chunk-0489.smt2	0	M	0.004666	0
QF_NRA_meti-tarski__atan-vega-3-chunk-0489.smt2	0	A	0.006875	0
QF_NRA_meti-tarski__atan-vega-3-chunk-0640.smt2	0	M	0.005959	0
QF_NRA_meti-tarski__atan-vega-3-chunk-0640.smt2	0	A	0.0055	0
QF_NRA_meti-tarski__atan-vega-3-chunk-0640.smt2	0	B	0.006084	0
QF_NRA_meti-tarski__atan-vega-3-weak-chunk-0195.smt2	0	A	0.006292	0
QF_NRA_meti-tarski__atan-vega-3-weak-chunk-0195.smt2	0	B	0.006417	0
QF_NRA_meti-tarski__atan-vega-3-weak-chunk-0195.smt2	0	M	0.00675	0
QF_NRA_meti-tarski__atan-vega-3-weak-chunk-0243.smt2	0	B	0.006791	0
QF_NRA_meti-tarski__atan-vega-3-weak-chunk-0243.smt2	0	M	0.004375	0
QF_NRA_meti-tarski__atan-vega-3-weak-chunk-0243.smt2	0	A	0.007583	0
QF_NRA_meti-tarski__atan-vega-3-weak-chunk-0360.smt2	0	M	0.008292	0
QF_NRA_meti-tarski__atan-vega-3-weak-chunk-0360.smt2	0	A	0.005625	0
QF_NRA_meti-tarski__atan-vega-3-weak-chunk-0360.smt2	0	B	0.006708	0
QF_NRA_meti-tarski__atan-vega-3-weak-chunk-0435.smt2	0	A	0.02175	3
QF_NRA_meti-tarski__atan-vega-3-weak-chunk-0435.smt2	0	B	0.025667	3
QF_NRA_meti-tarski__atan-vega-3-weak-chunk-0435.smt2	0	M	0.015501	3
QF_NRA_meti-tarski__atan-vega-3-weak-chunk-0622.smt2	0	B	0.008625	0
QF_NRA_meti-tarski__atan-vega-3-weak-chunk-0622.smt2	0	M	0.005042	0
QF_NRA_meti-tarski__atan-vega-3-weak-chunk-0622.smt2	0	A	0.006417	0
QF_NRA_meti-tarski__exp-problem-10-2-chunk-0145.smt2	0	M	0.007042	0
QF_NRA_meti-tarski__exp-problem-10-2-chunk-0145.smt2	0	A	0.0055	0
QF_NRA_meti-tarski__exp-problem-10-2-chunk-0145.smt2	0	B	0.006167	0
QF_NRA_meti-tarski__exp-problem-10-2-chunk-0295.smt2	0	A	0.008667	7
QF_NRA_meti-tarski__exp-problem-10-2-chunk-0295.smt2	0	B	0.011333	7
QF_NRA_meti-tarski__exp-problem-10-2-chunk-0295.smt2	0	M	0.012167	7
QF_NRA_meti-tarski__exp-problem-10-3-chunk-0187.smt2	0	B	0.0065	1
QF_NRA_meti-tarski__exp-problem-10-3-chunk-0187.smt2	0	M	0.007291	1
QF_NRA_meti-tarski__exp-problem-10-3-chunk-0187.smt2	0	A	0.005416	1
QF_NRA_meti-tarski__exp-problem-10-3-weak-chunk-0042.smt2	0	M	0.009125	1
QF_NRA_meti-tarski__exp-problem-10-3-weak-chunk-0042.smt2	0	A	0.015125	1
QF_NRA_meti-tarski__exp-problem-10-3-weak-chunk-0042.smt2	0	B	0.014	1
QF_NRA_meti-tarski__exp-problem-10-3-weak-chunk-0129.smt2	0	A	0.006793	1
QF_NRA_meti-tarski__exp-problem-10-3-weak-chunk-0129.smt2	0	B	0.008583	1
QF_NRA_meti-tarski__exp-problem-10-3-weak-chunk-0129.smt2	0	M	0.010541	1
QF_NRA_meti-tarski__polypaver-bench-sqrt-3d-chunk-0407.smt2	0	B	0.011667	2
QF_NRA_meti-tarski__polypaver-bench-sqrt-3d-chunk-0407.smt2	0	M	0.006125	2
QF_NRA_meti-tarski__polypaver-bench-sqrt-3d-chunk-0407.smt2	0	A	0.008875	2
QF_NRA_meti-tarski__polypaver-bench-sqrt-3d-chunk-0437.smt2	0	M	0.030042	14
QF_NRA_meti-tarski__polypaver-bench-sqrt-3d-chunk-0437.smt2	0	A	0.04	14
QF_NRA_meti-tarski__polypaver-bench-sqrt-3d-chunk-0437.smt2	0	B	0.044582	14
QF_NRA_meti-tarski__polypaver-bench-sqrt-3d-chunk-0469.smt2	0	A	0.012209	8
QF_NRA_meti-tarski__polypaver-bench-sqrt-3d-chunk-0469.smt2	0	B	0.013708	8
QF_NRA_meti-tarski__polypaver-bench-sqrt-3d-chunk-0469.smt2	0	M	0.011916	8
QF_NRA_meti-tarski__sin-344-3-chunk-0046.smt2	0	B	0.006416	1
QF_NRA_meti-tarski__sin-344-3-chunk-0046.smt2	0	M	0.007625	1
QF_NRA_meti-tarski__sin-344-3-chunk-0046.smt2	0	A	0.006083	1
QF_NRA_meti-tarski__sin-cos-346-b-chunk-0119.smt2	0	M	0.059833	6
QF_NRA_meti-tarski__sin-cos-346-b-chunk-0119.smt2	0	A	0.080292	6
QF_NRA_meti-tarski__sin-cos-346-b-chunk-0119.smt2	0	B	0.081958	6
QF_NRA_meti-tarski__sin-cos-346-b-chunk-0350.smt2	0	A	0.008416	2
QF_NRA_meti-tarski__sin-cos-346-b-chunk-0350.smt2	0	B	0.00975	2
QF_NRA_meti-tarski__sin-cos-346-b-chunk-0350.smt2	0	M	0.007084	2
QF_NRA_meti-tarski__sin-cos-346-b-chunk-0458.smt2	0	B	0.008791	2
QF_NRA_meti-tarski__sin-cos-346-b-chunk-0458.smt2	0	M	0.007084	2
QF_NRA_meti-tarski__sin-cos-346-b-chunk-0458.smt2	0	A	0.006125	2
QF_NRA_meti-tarski__sin-cos-346-b-chunk-0479.smt2	0	M	0.018708	2
QF_NRA_meti-tarski__sin-cos-346-b-chunk-0479.smt2	0	A	0.0255	2
QF_NRA_meti-tarski__sin-cos-346-b-chunk-0479.smt2	0	B	0.025291	2
QF_NRA_meti-tarski__sin-cos-346-b-chunk-0505.smt2	0	A	0.006626	2
QF_NRA_meti-tarski__sin-cos-346-b-chunk-0505.smt2	0	B	0.007958	2
QF_NRA_meti-tarski__sin-cos-346-b-chunk-0505.smt2	0	M	0.007375	2
QF_NRA_meti-tarski__sin-cos-346-b-chunk-0515.smt2	0	B	0.034124	6
QF_NRA_meti-tarski__sin-cos-346-b-chunk-0515.smt2	0	M	0.017917	6
QF_NRA_meti-tarski__sin-cos-346-b-chunk-0515.smt2	0	A	0.028584	6
QF_NRA_meti-tarski__sin-cos-346-b-chunk-0593.smt2	0	M	0.010999	2
QF_NRA_meti-tarski__sin-cos-346-b-chunk-0593.smt2	0	A	0.017958	2
QF_NRA_meti-tarski__sin-cos-346-b-chunk-0593.smt2	0	B	0.019833	2
QF_NRA_meti-tarski__sin-problem-7-chunk-0017.smt2	0	A	0.007291	2
QF_NRA_meti-tarski__sin-problem-7-chunk-0017.smt2	0	B	0.0065	2
QF_NRA_meti-tarski__sin-problem-7-chunk-0017.smt2	0	M	0.006	2
QF_NRA_meti-tarski__sin-problem-7-chunk-0125.smt2	0	B	0.024792	8
QF_NRA_meti-tarski__sin-problem-7-chunk-0125.smt2	0	M	0.014625	8
QF_NRA_meti-tarski__sin-problem-7-chunk-0125.smt2	0	A	0.021582	8
QF_NRA_meti-tarski__sin-problem-7-chunk-0264.smt2	0	M	0.212833	20
QF_NRA_meti-tarski__sin-problem-7-chunk-0264.smt2	0	A	0.195583	20
QF_NRA_meti-tarski__sin-problem-7-chunk-0264.smt2	0	B	0.202498	20
QF_NRA_meti-tarski__sin-problem-7-weak2-chunk-0113.smt2	0	A	0.237917	24
QF_NRA_meti-tarski__sin-problem-7-weak2-chunk-0113.smt2	0	B	0.23525	24
QF_NRA_meti-tarski__sin-problem-7-weak2-chunk-0113.smt2	0	M	0.103875	24
QF_NRA_meti-tarski__sqrt-1mcosq-7-chunk-0023.smt2	0	B	0.007541	2
QF_NRA_meti-tarski__sqrt-1mcosq-7-chunk-0023.smt2	0	M	0.006084	2
QF_NRA_meti-tarski__sqrt-1mcosq-7-chunk-0023.smt2	0	A	0.005833	2
QF_NRA_meti-tarski__sqrt-1mcosq-7-chunk-0094.smt2	0	M	0.012251	4
QF_NRA_meti-tarski__sqrt-1mcosq-7-chunk-0094.smt2	0	A	0.018375	4
QF_NRA_meti-tarski__sqrt-1mcosq-7-chunk-0094.smt2	0	B	0.020583	4
QF_NRA_meti-tarski__sqrt-1mcosq-7-chunk-0190.smt2	0	A	0.152168	24
QF_NRA_meti-tarski__sqrt-1mcosq-7-chunk-0190.smt2	0	B	0.146915	24
QF_NRA_meti-tarski__sqrt-1mcosq-7-chunk-0190.smt2	0	M	0.071166	24
QF_NRA_meti-tarski__sqrt-1mcosq-8-chunk-0045.smt2	0	B	0.006667	2
QF_NRA_meti-tarski__sqrt-1mcosq-8-chunk-0045.smt2	0	M	0.005917	2
QF_NRA_meti-tarski__sqrt-1mcosq-8-chunk-0045.smt2	0	A	0.006334	2
QF_NRA_meti-tarski__sqrt-1mcosq-8-chunk-0092.smt2	0	M	0.017375	4
QF_NRA_meti-tarski__sqrt-1mcosq-8-chunk-0092.smt2	0	A	0.023875	4
QF_NRA_meti-tarski__sqrt-1mcosq-8-chunk-0092.smt2	0	B	0.022458	4
QF_NRA_meti-tarski__sqrt-1mcosq-8-chunk-0116.smt2	0	A	0.102917	6
QF_NRA_meti-tarski__sqrt-1mcosq-8-chunk-0116.smt2	0	B	0.104083	6
QF_NRA_meti-tarski__sqrt-1mcosq-8-chunk-0116.smt2	0	M	0.049751	6
QF_NRA_meti-tarski__sqrt-1mcosq-8-chunk-0130.smt2	0	B	0.098876	4
QF_NRA_meti-tarski__sqrt-1mcosq-8-chunk-0130.smt2	0	M	0.051	4
QF_NRA_meti-tarski__sqrt-1mcosq-8-chunk-0130.smt2	0	A	0.088917	4
QF_NRA_meti-tarski__sqrt-1mcosq-8-chunk-0164.smt2	0	M	0.010125	2
QF_NRA_meti-tarski__sqrt-1mcosq-8-chunk-0164.smt2	0	A	0.01775	2
QF_NRA_meti-tarski__sqrt-1mcosq-8-chunk-0164.smt2	0	B	0.017791	2
QF_NRA_meti-tarski__sqrt-1mcosq-8-chunk-0447.smt2	0	A	0.195583	6
QF_NRA_meti-tarski__sqrt-1mcosq-8-chunk-0447.smt2	0	B	0.195541	6
QF_NRA_meti-tarski__sqrt-1mcosq-8-chunk-0447.smt2	0	M	0.256	6
QF_NRA_meti-tarski__sqrt-1mcosq-8-chunk-0531.smt2	0	B	0.018167	2
QF_NRA_meti-tarski__sqrt-1mcosq-8-chunk-0531.smt2	0	M	0.010416	2
QF_NRA_meti-tarski__sqrt-1mcosq-8-chunk-0531.smt2	0	A	0.015708	2
QF_NRA_meti-tarski__sqrt-1mcosq-8-chunk-0674.smt2	0	M	0.259333	6
QF_NRA_meti-tarski__sqrt-1mcosq-8-chunk-0674.smt2	0	A	0.194333	6
QF_NRA_meti-tarski__sqrt-1mcosq-8-chunk-0674.smt2	0	B	0.189583	6
QF_NRA_meti-tarski__sqrt-problem-12vars3-chunk-0033.smt2	0	A	0.006792	2
QF_NRA_meti-tarski__sqrt-problem-12vars3-chunk-0033.smt2	0	B	0.007084	2
QF_NRA_meti-tarski__sqrt-problem-12vars3-chunk-0033.smt2	0	M	0.006333	2
QF_NRA_meti-tarski__sqrt-problem-13-sqrt1-chunk-0051.smt2	0	B	0.007583	2
QF_NRA_meti-tarski__sqrt-problem-13-sqrt1-chunk-0051.smt2	0	M	0.006208	2
QF_NRA_meti-tarski__sqrt-problem-13-sqrt1-chunk-0051.smt2	0	A	0.006125	2
QF_NRA_meti-tarski__sqrt-problem-Melquiond2-chunk-0041.smt2	0	M	0.01525	8
QF_NRA_meti-tarski__sqrt-problem-Melquiond2-chunk-0041.smt2	0	A	0.024792	8
QF_NRA_meti-tarski__sqrt-problem-Melquiond2-chunk-0041.smt2	0	B	0.024124	8
QF_NRA_zankl__matrix-1-all-41.smt2	0	A	0.015249	12
QF_NRA_zankl__matrix-1-all-41.smt2	0	B	0.016666	12
QF_NRA_zankl__matrix-1-all-41.smt2	0	M	0.014291	12
QF_NRA_zankl__matrix-3-all-16.smt2	0	B	0.007458	2
QF_NRA_zankl__matrix-3-all-16.smt2	0	M	0.005708	2
QF_NRA_zankl__matrix-3-all-16.smt2	0	A	0.005583	2
QF_NRA_zankl__matrix-3-all-17.smt2	0	M	0.008167	2
QF_NRA_zankl__matrix-3-all-17.smt2	0	A	0.007208	2
QF_NRA_zankl__matrix-3-all-17.smt2	0	B	0.008959	2
QF_NRA_zankl__matrix-4-all-21.smt2	0	A	0.008834	4
QF_NRA_zankl__matrix-4-all-21.smt2	0	B	0.010126	4
QF_NRA_zankl__matrix-4-all-21.smt2	0	M	0.009083	4
QF_NRA_zankl__matrix-4-all-22.smt2	0	B	0.007375	2
QF_NRA_zankl__matrix-4-all-22.smt2	0	M	0.005833	2
QF_NRA_zankl__matrix-4-all-22.smt2	0	A	0.006459	2
AUFNIRA_nasa__cl5_nebula_norm_0017.fof.smt2	1	B	0.015792	4
AUFNIRA_nasa__cl5_nebula_norm_0017.fof.smt2	1	M	0.011875	4
AUFNIRA_nasa__cl5_nebula_norm_0017.fof.smt2	1	A	0.011499	4
AUFNIRA_nasa__cl5_nebula_norm_0067.fof.smt2	1	M	0.310833	344
AUFNIRA_nasa__cl5_nebula_norm_0067.fof.smt2	1	A	0.299208	344
AUFNIRA_nasa__cl5_nebula_norm_0067.fof.smt2	1	B	0.371163	344
NRA_20220222-cut-three-circles__cut-out-1.smt2	1	A	0.010917	6
NRA_20220222-cut-three-circles__cut-out-1.smt2	1	B	0.013458	6
NRA_20220222-cut-three-circles__cut-out-1.smt2	1	M	0.009457	6
NRA_20220222-cut-three-circles__cut-out-2.smt2	1	B	0.031999	34
NRA_20220222-cut-three-circles__cut-out-2.smt2	1	M	0.031542	34
NRA_20220222-cut-three-circles__cut-out-2.smt2	1	A	0.021792	34
QF_NIA_20170427-VeryMax__From_AProVE_2014__MainCopy.jar-obl-10__p10363_edge_closing_0.smt2	1	M	0.059414	70
QF_NIA_20170427-VeryMax__From_AProVE_2014__MainCopy.jar-obl-10__p10363_edge_closing_0.smt2	1	A	0.038124	70
QF_NIA_20170427-VeryMax__From_AProVE_2014__MainCopy.jar-obl-10__p10363_edge_closing_0.smt2	1	B	0.057496	70
QF_NIA_20170427-VeryMax__From_AProVE_2014__Test7.jar-obl-11__p12895_safety_0.smt2	1	A	0.071911	145
QF_NIA_20170427-VeryMax__From_AProVE_2014__Test7.jar-obl-11__p12895_safety_0.smt2	1	B	0.107954	145
QF_NIA_20170427-VeryMax__From_AProVE_2014__Test7.jar-obl-11__p12895_safety_0.smt2	1	M	0.116457	145
QF_NIA_20170427-VeryMax__From_AProVE_2014__Velroyen08-factorial.jar-obl-8__p13794_terminationG_0.smt2	1	B	0.149751	204
QF_NIA_20170427-VeryMax__From_AProVE_2014__Velroyen08-factorial.jar-obl-8__p13794_terminationG_0.smt2	1	M	0.134749	204
QF_NIA_20170427-VeryMax__From_AProVE_2014__Velroyen08-factorial.jar-obl-8__p13794_terminationG_0.smt2	1	A	0.100993	204
QF_NIA_20170427-VeryMax__From_AProVE_2014__juHashMapCreate.jar-obl-10__p5055_safety_0.smt2	1	M	0.956928	1195
QF_NIA_20170427-VeryMax__From_AProVE_2014__juHashMapCreate.jar-obl-10__p5055_safety_0.smt2	1	A	0.479415	1195
QF_NIA_20170427-VeryMax__From_AProVE_2014__juHashMapCreate.jar-obl-10__p5055_safety_0.smt2	1	B	0.660368	1195
QF_NIA_20170427-VeryMax__From_AProVE_2014__juHashMapCreateClear.jar-obl-11__p30137_safety_0.smt2	1	A	0.036956	78
QF_NIA_20170427-VeryMax__From_AProVE_2014__juHashMapCreateClear.jar-obl-11__p30137_safety_0.smt2	1	B	0.058253	78
QF_NIA_20170427-VeryMax__From_AProVE_2014__juHashMapCreateClear.jar-obl-11__p30137_safety_0.smt2	1	M	0.077582	78
QF_NIA_20170427-VeryMax__From_AProVE_2014__juHashMapCreateContainsKey.jar-obl-11__p30854_safety_0.smt2	1	B	0.031002	26
QF_NIA_20170427-VeryMax__From_AProVE_2014__juHashMapCreateContainsKey.jar-obl-11__p30854_safety_0.smt2	1	M	0.02496	26
QF_NIA_20170427-VeryMax__From_AProVE_2014__juHashMapCreateContainsKey.jar-obl-11__p30854_safety_0.smt2	1	A	0.024582	26
QF_NIA_20170427-VeryMax__From_AProVE_2014__juHashMapCreateContainsKey.jar-obl-11__p31075_safety_0.smt2	1	M	0.428257	368
QF_NIA_20170427-VeryMax__From_AProVE_2014__juHashMapCreateContainsKey.jar-obl-11__p31075_safety_0.smt2	1	A	0.210247	368
QF_NIA_20170427-VeryMax__From_AProVE_2014__juHashMapCreateContainsKey.jar-obl-11__p31075_safety_0.smt2	1	B	0.289167	368
QF_NIA_20170427-VeryMax__From_AProVE_2014__juHashMapCreateContainsKey.jar-obl-11__p31778_safety_0.smt2	1	A	0.124909	254
QF_NIA_20170427-VeryMax__From_AProVE_2014__juHashMapCreateContainsKey.jar-obl-11__p31778_safety_0.smt2	1	B	0.185827	254
QF_NIA_20170427-VeryMax__From_AProVE_2014__juHashMapCreateContainsKey.jar-obl-11__p31778_safety_0.smt2	1	M	0.372298	254
QF_NIA_20170427-VeryMax__From_AProVE_2014__juHashMapCreateContainsValue.jar-obl-11__p31970_safety_0.smt2	1	B	0.015625	10
QF_NIA_20170427-VeryMax__From_AProVE_2014__juHashMapCreateContainsValue.jar-obl-11__p31970_safety_0.smt2	1	M	0.016043	10
QF_NIA_20170427-VeryMax__From_AProVE_2014__juHashMapCreateContainsValue.jar-obl-11__p31970_safety_0.smt2	1	A	0.012083	10
QF_NIA_20170427-VeryMax__From_AProVE_2014__juHashMapCreateContainsValue.jar-obl-11__p32093_safety_0.smt2	1	M	0.235124	220
QF_NIA_20170427-VeryMax__From_AProVE_2014__juHashMapCreateContainsValue.jar-obl-11__p32093_safety_0.smt2	1	A	0.124051	220
QF_NIA_20170427-VeryMax__From_AProVE_2014__juHashMapCreateContainsValue.jar-obl-11__p32093_safety_0.smt2	1	B	0.187162	220
QF_NIA_20170427-VeryMax__From_AProVE_2014__juHashMapCreateIsEmpty.jar-obl-10__p1579_safety_0.smt2	1	A	0.749757	1388
QF_NIA_20170427-VeryMax__From_AProVE_2014__juHashMapCreateIsEmpty.jar-obl-10__p1579_safety_0.smt2	1	B	0.989418	1388
QF_NIA_20170427-VeryMax__From_AProVE_2014__juHashMapCreateIsEmpty.jar-obl-10__p1579_safety_0.smt2	1	M	1.49087	1388
QF_NIA_20170427-VeryMax__From_AProVE_2014__juHashMapCreateIsEmpty.jar-obl-10__p1900_safety_0.smt2	1	B	0.195664	282
QF_NIA_20170427-VeryMax__From_AProVE_2014__juHashMapCreateIsEmpty.jar-obl-10__p1900_safety_0.smt2	1	M	0.240586	282
QF_NIA_20170427-VeryMax__From_AProVE_2014__juHashMapCreateIsEmpty.jar-obl-10__p1900_safety_0.smt2	1	A	0.152624	282
QF_NIA_20170427-VeryMax__From_AProVE_2014__juHashMapCreateIteratorEntryLoop.jar-obl-12__p3002_safety_0.smt2	1	M	0.223329	320
QF_NIA_20170427-VeryMax__From_AProVE_2014__juHashMapCreateIteratorEntryLoop.jar-obl-12__p3002_safety_0.smt2	1	A	0.132122	320
QF_NIA_20170427-VeryMax__From_AProVE_2014__juHashMapCreateIteratorEntryLoop.jar-obl-12__p3002_safety_0.smt2	1	B	0.177127	320
QF_NIA_20170427-VeryMax__From_AProVE_2014__juHashMapCreatePut.jar-obl-10__p5968_safety_0.smt2	1	A	0.020832	24
QF_NIA_20170427-VeryMax__From_AProVE_2014__juHashMapCreatePut.jar-obl-10__p5968_safety_0.smt2	1	B	0.025709	24
QF_NIA_20170427-VeryMax__From_AProVE_2014__juHashMapCreatePut.jar-obl-10__p5968_safety_0.smt2	1	M	0.028002	24
QF_NIA_20170427-VeryMax__From_AProVE_2014__juHashMapCreatePut.jar-obl-10__p6107_safety_0.smt2	1	B	1.57108	1806
QF_NIA_20170427-VeryMax__From_AProVE_2014__juHashMapCreatePut.jar-obl-10__p6107_safety_0.smt2	1	M	2.11325	1806
QF_NIA_20170427-VeryMax__From_AProVE_2014__juHashMapCreatePut.jar-obl-10__p6107_safety_0.smt2	1	A	1.32775	1806
QF_NIA_20170427-VeryMax__From_AProVE_2014__juHashMapCreateSize.jar-obl-10__p7163_safety_0.smt2	1	M	0.580544	553
QF_NIA_20170427-VeryMax__From_AProVE_2014__juHashMapCreateSize.jar-obl-10__p7163_safety_0.smt2	1	A	0.459622	553
QF_NIA_20170427-VeryMax__From_AProVE_2014__juHashMapCreateSize.jar-obl-10__p7163_safety_0.smt2	1	B	0.580369	553
QF_NIA_20170427-VeryMax__From_AProVE_2014__juHashMapCreateSize.jar-obl-10__p7575_safety_0.smt2	1	A	2.45825	4476
QF_NIA_20170427-VeryMax__From_AProVE_2014__juHashMapCreateSize.jar-obl-10__p7575_safety_0.smt2	1	B	3.18389	4476
QF_NIA_20170427-VeryMax__From_AProVE_2014__juHashMapCreateSize.jar-obl-10__p7575_safety_0.smt2	1	M	6.49546	4476
QF_NIA_20170427-VeryMax__From_AProVE_2014__juLinkedListCreateAddAllAt.jar-obl-17__p8067_safety_0.smt2	1	B	0.023208	34
QF_NIA_20170427-VeryMax__From_AProVE_2014__juLinkedListCreateAddAllAt.jar-obl-17__p8067_safety_0.smt2	1	M	0.027707	34
QF_NIA_20170427-VeryMax__From_AProVE_2014__juLinkedListCreateAddAllAt.jar-obl-17__p8067_safety_0.smt2	1	A	0.015374	34
QF_NIA_20170427-VeryMax__From_AProVE_2014__juLinkedListCreateAddAllAt.jar-obl-17__p8387_safety_0.smt2	1	M	0.00775	4
QF_NIA_20170427-VeryMax__From_AProVE_2014__juLinkedListCreateAddAllAt.jar-obl-17__p8387_safety_0.smt2	1	A	0.007417	4
QF_NIA_20170427-VeryMax__From_AProVE_2014__juLinkedListCreateAddAllAt.jar-obl-17__p8387_safety_0.smt2	1	B	0.008333	4
QF_NIA_20170427-VeryMax__From_T2__afagp-fail.t2__p15460_terminationG_0.smt2	1	A	0.042713	83
QF_NIA_20170427-VeryMax__From_T2__afagp-fail.t2__p15460_terminationG_0.smt2	1	B	0.069208	83
QF_NIA_20170427-VeryMax__From_T2__afagp-fail.t2__p15460_terminationG_0.smt2	1	M	0.073205	83
QF_NIA_20170427-VeryMax__From_T2__compress.t2__p17866_terminationG_0.smt2	1	B	0.228587	345
QF_NIA_20170427-VeryMax__From_T2__compress.t2__p17866_terminationG_0.smt2	1	M	0.234845	345
QF_NIA_20170427-VeryMax__From_T2__compress.t2__p17866_terminationG_0.smt2	1	A	0.156004	345
QF_NIA_20170427-VeryMax__From_T2__consts3nt.t2_fixed__p18148_terminationG_0.smt2	1	M	0.006042	2
QF_NIA_20170427-VeryMax__From_T2__consts3nt.t2_fixed__p18148_terminationG_0.smt2	1	A	0.010375	2
QF_NIA_20170427-VeryMax__From_T2__consts3nt.t2_fixed__p18148_terminationG_0.smt2	1	B	0.011333	2
QF_NIA_20170427-VeryMax__From_T2__edn.t2__p20109_safety_0.smt2	1	A	0.089372	174
QF_NIA_20170427-VeryMax__From_T2__edn.t2__p20109_safety_0.smt2	1	B	0.131666	174
QF_NIA_20170427-VeryMax__From_T2__edn.t2__p20109_safety_0.smt2	1	M	0.129913	174
QF_NIA_20170427-VeryMax__From_T2__edn.t2__p20654_safety_0.smt2	1	B	1.83983	2174
QF_NIA_20170427-VeryMax__From_T2__edn.t2__p20654_safety_0.smt2	1	M	1.56292	2174
QF_NIA_20170427-VeryMax__From_T2__edn.t2__p20654_safety_0.smt2	1	A	1.50537	2174
QF_NIA_20170427-VeryMax__From_T2__edn.t2__p20682_safety_0.smt2	1	M	0.65571	887
QF_NIA_20170427-VeryMax__From_T2__edn.t2__p20682_safety_0.smt2	1	A	0.521457	887
QF_NIA_20170427-VeryMax__From_T2__edn.t2__p20682_safety_0.smt2	1	B	0.675706	887
QF_NIA_20170427-VeryMax__From_T2__ex36.t2__p29288_safety_0.smt2	1	A	1.063	1863
QF_NIA_20170427-VeryMax__From_T2__ex36.t2__p29288_safety_0.smt2	1	B	1.37523	1863
QF_NIA_20170427-VeryMax__From_T2__ex36.t2__p29288_safety_0.smt2	1	M	1.27371	1863
QF_NIA_20170427-VeryMax__From_T2__foo.t2__terminationS_23_0.smt2	1	B	0.015584	10
QF_NIA_20170427-VeryMax__From_T2__foo.t2__terminationS_23_0.smt2	1	M	0.011958	10
QF_NIA_20170427-VeryMax__From_T2__foo.t2__terminationS_23_0.smt2	1	A	0.012709	10
QF_NIA_20170427-VeryMax__From_T2__fun9.t2__p1256_edge_closing_0.smt2	1	M	0.31392	526
QF_NIA_20170427-VeryMax__From_T2__fun9.t2__p1256_edge_closing_0.smt2	1	A	0.193304	526
QF_NIA_20170427-VeryMax__From_T2__fun9.t2__p1256_edge_closing_0.smt2	1	B	0.280916	526
QF_NIA_20170427-VeryMax__From_T2__fun9.t2__p1366_edge_closing_0.smt2	1	A	0.026917	42
QF_NIA_20170427-VeryMax__From_T2__fun9.t2__p1366_edge_closing_0.smt2	1	B	0.03404	42
QF_NIA_20170427-VeryMax__From_T2__fun9.t2__p1366_edge_closing_0.smt2	1	M	0.043999	42
QF_NIA_20170427-VeryMax__From_T2__hqr.c.i.hqr.pl.t2.nor.t2.rlgfixed.t2_fixed__terminationS_49_0.smt2	1	B	0.010917	2
QF_NIA_20170427-VeryMax__From_T2__hqr.c.i.hqr.pl.t2.nor.t2.rlgfixed.t2_fixed__terminationS_49_0.smt2	1	M	0.0065	2
QF_NIA_20170427-VeryMax__From_T2__hqr.c.i.hqr.pl.t2.nor.t2.rlgfixed.t2_fixed__terminationS_49_0.smt2	1	A	0.0105	2
QF_NIA_20170427-VeryMax__From_T2__hqr.c.i.hqr.pl.t2.nor.t2.rlgfixed.t2_fixed__terminationS_61_0.smt2	1	M	0.054666	64
QF_NIA_20170427-VeryMax__From_T2__hqr.c.i.hqr.pl.t2.nor.t2.rlgfixed.t2_fixed__terminationS_61_0.smt2	1	A	0.036542	64
QF_NIA_20170427-VeryMax__From_T2__hqr.c.i.hqr.pl.t2.nor.t2.rlgfixed.t2_fixed__terminationS_61_0.smt2	1	B	0.057295	64
QF_NIA_20170427-VeryMax__From_T2__janne_complex.t2__p2259_terminationG_0.smt2	1	A	0.024622	30
QF_NIA_20170427-VeryMax__From_T2__janne_complex.t2__p2259_terminationG_0.smt2	1	B	0.03171	30
QF_NIA_20170427-VeryMax__From_T2__janne_complex.t2__p2259_terminationG_0.smt2	1	M	0.038502	30
QF_NIA_20170427-VeryMax__From_T2__matmul.t2__p2657_terminationG_0.smt2	1	B	0.034835	38
QF_NIA_20170427-VeryMax__From_T2__matmul.t2__p2657_terminationG_0.smt2	1	M	0.037457	38
QF_NIA_20170427-VeryMax__From_T2__matmul.t2__p2657_terminationG_0.smt2	1	A	0.023959	38
QF_NIA_20170427-VeryMax__From_T2__n-7.t2_fixed__p4908_terminationG_0.smt2	1	M	0.027294	14
QF_NIA_20170427-VeryMax__From_T2__n-7.t2_fixed__p4908_terminationG_0.smt2	1	A	0.031042	14
QF_NIA_20170427-VeryMax__From_T2__n-7.t2_fixed__p4908_terminationG_0.smt2	1	B	0.033999	14
QF_NIA_20170427-VeryMax__From_T2__s1-striped.t2__p12567_safety_0.smt2	1	A	0.015249	8
QF_NIA_20170427-VeryMax__From_T2__s1-striped.t2__p12567_safety_0.smt2	1	B	0.018042	8
QF_NIA_20170427-VeryMax__From_T2__s1-striped.t2__p12567_safety_0.smt2	1	M	0.013082	8
QF_NIA_20170427-VeryMax__From_T2__s1-striped.t2__p13166_safety_0.smt2	1	B	0.014333	8
QF_NIA_20170427-VeryMax__From_T2__s1-striped.t2__p13166_safety_0.smt2	1	M	0.01175	8
QF_NIA_20170427-VeryMax__From_T2__s1-striped.t2__p13166_safety_0.smt2	1	A	0.012792	8
QF_NIA_20170427-VeryMax__From_T2__s1-striped.t2__p13877_safety_0.smt2	1	M	0.011292	2
QF_NIA_20170427-VeryMax__From_T2__s1-striped.t2__p13877_safety_0.smt2	1	A	0.007124	2
QF_NIA_20170427-VeryMax__From_T2__s1-striped.t2__p13877_safety_0.smt2	1	B	0.009916	2
QF_NIA_20170427-VeryMax__From_T2__s1.t2_fixed__p16651_safety_0.smt2	1	A	0.00625	2
QF_NIA_20170427-VeryMax__From_T2__s1.t2_fixed__p16651_safety_0.smt2	1	B	0.006959	2
QF_NIA_20170427-VeryMax__From_T2__s1.t2_fixed__p16651_safety_0.smt2	1	M	0.0055	2
QF_NIA_20170427-VeryMax__From_T2__s1.t2_fixed__p17151_safety_0.smt2	1	B	1.33571	1587
QF_NIA_20170427-VeryMax__From_T2__s1.t2_fixed__p17151_safety_0.smt2	1	M	1.27772	1587
QF_NIA_20170427-VeryMax__From_T2__s1.t2_fixed__p17151_safety_0.smt2	1	A	1.00717	1587
QF_NIA_20170427-VeryMax__From_T2__slayer-3-filtered.t2__p21681_safety_0.smt2	1	M	1.99237	2935
QF_NIA_20170427-VeryMax__From_T2__slayer-3-filtered.t2__p21681_safety_0.smt2	1	A	1.67345	2935
QF_NIA_20170427-VeryMax__From_T2__slayer-3-filtered.t2__p21681_safety_0.smt2	1	B	2.12567	2935
QF_NIA_20170427-VeryMax__From_T2__slayer-3-filtered.t2__p21744_safety_0.smt2	1	A	0.089419	107
QF_NIA_20170427-VeryMax__From_T2__slayer-3-filtered.t2__p21744_safety_0.smt2	1	B	0.110418	107
QF_NIA_20170427-VeryMax__From_T2__slayer-3-filtered.t2__p21744_safety_0.smt2	1	M	0.090085	107
QF_NIA_20170427-VeryMax__From_T2__slayer-3-new.t2_fixed__p21823_safety_0.smt2	1	B	0.022251	14
QF_NIA_20170427-VeryMax__From_T2__slayer-3-new.t2_fixed__p21823_safety_0.smt2	1	M	0.031625	14
QF_NIA_20170427-VeryMax__From_T2__slayer-3-new.t2_fixed__p21823_safety_0.smt2	1	A	0.017499	14
QF_NIA_20170427-VeryMax__From_T2__slayer-n5-filtered.t2__p23330_terminationG_0.smt2	1	M	0.008166	4
QF_NIA_20170427-VeryMax__From_T2__slayer-n5-filtered.t2__p23330_terminationG_0.smt2	1	A	0.011208	4
QF_NIA_20170427-VeryMax__From_T2__slayer-n5-filtered.t2__p23330_terminationG_0.smt2	1	B	0.012168	4
QF_NIA_20170427-VeryMax__From_T2__slayer-n5-filtered.t2__p23398_safety_0.smt2	1	A	0.324792	727
QF_NIA_20170427-VeryMax__From_T2__slayer-n5-filtered.t2__p23398_safety_0.smt2	1	B	0.429584	727
QF_NIA_20170427-VeryMax__From_T2__slayer-n5-filtered.t2__p23398_safety_0.smt2	1	M	0.464039	727
QF_NIA_20170427-VeryMax__From_T2__svdcmp.t2_fixed__term_unfeasibility_11_0.smt2	1	B	0.024961	20
QF_NIA_20170427-VeryMax__From_T2__svdcmp.t2_fixed__term_unfeasibility_11_0.smt2	1	M	0.020167	20
QF_NIA_20170427-VeryMax__From_T2__svdcmp.t2_fixed__term_unfeasibility_11_0.smt2	1	A	0.019876	20
QF_NIA_20170427-VeryMax__From_T2__zlib-adler32.c.t2__p25934_safety_0.smt2	1	M	0.030043	28
QF_NIA_20170427-VeryMax__From_T2__zlib-adler32.c.t2__p25934_safety_0.smt2	1	A	0.023248	28
QF_NIA_20170427-VeryMax__From_T2__zlib-adler32.c.t2__p25934_safety_0.smt2	1	B	0.028874	28
QF_NIA_20170427-VeryMax__Stroeder_15__4NestedWith3Variables_true-termination.c__p20203_terminationG_0.smt2	1	A	1.96273	2258
QF_NIA_20170427-VeryMax__Stroeder_15__4NestedWith3Variables_true-termination.c__p20203_terminationG_0.smt2	1	B	2.29473	2258
QF_NIA_20170427-VeryMax__Stroeder_15__4NestedWith3Variables_true-termination.c__p20203_terminationG_0.smt2	1	M	1.748	2258
QF_NIA_20170427-VeryMax__Stroeder_15__GulwaniJainKoskinen-PLDI2009-Fig1_true-termination.c__p23679_edge_closing_0.smt2	1	B	0.074585	20
QF_NIA_20170427-VeryMax__Stroeder_15__GulwaniJainKoskinen-PLDI2009-Fig1_true-termination.c__p23679_edge_closing_0.smt2	1	M	0.038378	20
QF_NIA_20170427-VeryMax__Stroeder_15__GulwaniJainKoskinen-PLDI2009-Fig1_true-termination.c__p23679_edge_closing_0.smt2	1	A	0.060876	20
QF_NIA_20170427-VeryMax__Stroeder_15__GulwaniJainKoskinen-PLDI2009-Fig1_true-termination.c__p23704_edge_closing_0.smt2	1	M	0.008792	2
QF_NIA_20170427-VeryMax__Stroeder_15__GulwaniJainKoskinen-PLDI2009-Fig1_true-termination.c__p23704_edge_closing_0.smt2	1	A	0.010125	2
QF_NIA_20170427-VeryMax__Stroeder_15__GulwaniJainKoskinen-PLDI2009-Fig1_true-termination.c__p23704_edge_closing_0.smt2	1	B	0.011375	2
QF_NIA_20170427-VeryMax__Stroeder_15__svcomp_ex2.c__p25876_terminationG_0.smt2	1	A	0.019417	2
QF_NIA_20170427-VeryMax__Stroeder_15__svcomp_ex2.c__p25876_terminationG_0.smt2	1	B	0.012666	2
QF_NIA_20170427-VeryMax__Stroeder_15__svcomp_ex2.c__p25876_terminationG_0.smt2	1	M	0.007916	2
QF_NIA_20170427-VeryMax__Stroeder_15__svcomp_ex2.c__p25913_terminationG_0.smt2	1	B	0.351258	523
QF_NIA_20170427-VeryMax__Stroeder_15__svcomp_ex2.c__p25913_terminationG_0.smt2	1	M	0.349242	523
QF_NIA_20170427-VeryMax__Stroeder_15__svcomp_ex2.c__p25913_terminationG_0.smt2	1	A	0.226411	523
QF_NIA_20210219-Dartagnan__lcm2_unwindbound10-O0.smt2	1	M	0.005875	2
QF_NIA_20210219-Dartagnan__lcm2_unwindbound10-O0.smt2	1	A	0.006458	2
QF_NIA_20210219-Dartagnan__lcm2_unwindbound10-O0.smt2	1	B	0.007167	2
QF_NIA_20220315-MathProblems__MS_07.smt2	1	A	0.965657	3518
QF_NIA_20220315-MathProblems__MS_07.smt2	1	B	1.54399	3518
QF_NIA_20220315-MathProblems__MS_07.smt2	1	M	1.93702	3518
QF_NIA_20220315-MathProblems__SF_11.smt2	1	B	0.016959	3
QF_NIA_20220315-MathProblems__SF_11.smt2	1	M	0.010749	3
QF_NIA_20220315-MathProblems__SF_11.smt2	1	A	0.013833	3
QF_NIA_20220315-MathProblems__STC_0030.smt2	1	M	8.34352	9772
QF_NIA_20220315-MathProblems__STC_0030.smt2	1	A	5.03367	9772
QF_NIA_20220315-MathProblems__STC_0030.smt2	1	B	7.79312	9772
QF_NIA_20220315-MathProblems__STC_0148.smt2	1	A	4.8356	9264
QF_NIA_20220315-MathProblems__STC_0148.smt2	1	B	7.6945	9264
QF_NIA_20220315-MathProblems__STC_0148.smt2	1	M	7.88546	9264
QF_NIA_20220315-MathProblems__STC_0157.smt2	1	B	9.55502	12123
QF_NIA_20220315-MathProblems__STC_0157.smt2	1	M	10.2629	12123
QF_NIA_20220315-MathProblems__STC_0157.smt2	1	A	6.16559	12123
QF_NIA_20220315-MathProblems__STC_0173.smt2	1	M	9.51353	11212
QF_NIA_20220315-MathProblems__STC_0173.smt2	1	A	5.55852	11212
QF_NIA_20220315-MathProblems__STC_0173.smt2	1	B	8.96574	11212
QF_NIA_20220315-MathProblems__STC_0176.smt2	1	A	5.05425	10116
QF_NIA_20220315-MathProblems__STC_0176.smt2	1	B	8.30127	10116
QF_NIA_20220315-MathProblems__STC_0176.smt2	1	M	8.70052	10116
QF_NIA_20220315-MathProblems__STC_0183.smt2	1	B	7.98546	10134
QF_NIA_20220315-MathProblems__STC_0183.smt2	1	M	8.68465	10134
QF_NIA_20220315-MathProblems__STC_0183.smt2	1	A	4.9962	10134
QF_NIA_20220315-MathProblems__STC_0187.smt2	1	M	9.01443	10563
QF_NIA_20220315-MathProblems__STC_0187.smt2	1	A	5.1652	10563
QF_NIA_20220315-MathProblems__STC_0187.smt2	1	B	8.58024	10563
QF_NIA_20220315-MathProblems__STC_0189.smt2	1	A	0.009585	5
QF_NIA_20220315-MathProblems__STC_0189.smt2	1	B	0.013584	5
QF_NIA_20220315-MathProblems__STC_0189.smt2	1	M	0.01821	5
QF_NIA_20220315-MathProblems__STC_0205.smt2	1	B	0.415342	454
QF_NIA_20220315-MathProblems__STC_0205.smt2	1	M	0.526213	454
QF_NIA_20220315-MathProblems__STC_0205.smt2	1	A	0.262417	454
QF_NIA_20220315-MathProblems__STC_0340.smt2	1	M	0.634412	560
QF_NIA_20220315-MathProblems__STC_0340.smt2	1	A	0.315868	560
QF_NIA_20220315-MathProblems__STC_0340.smt2	1	B	0.524882	560
QF_NIA_20220315-MathProblems__STC_0385.smt2	1	A	0.244877	457
QF_NIA_20220315-MathProblems__STC_0385.smt2	1	B	0.429583	457
QF_NIA_20220315-MathProblems__STC_0385.smt2	1	M	0.527238	457
QF_NIA_20220315-MathProblems__STC_0388.smt2	1	B	0.604128	663
QF_NIA_20220315-MathProblems__STC_0388.smt2	1	M	0.695491	663
QF_NIA_20220315-MathProblems__STC_0388.smt2	1	A	0.36496	663
QF_NIA_20220315-MathProblems__STC_0456.smt2	1	M	0.587322	518
QF_NIA_20220315-MathProblems__STC_0456.smt2	1	A	0.28168	518
QF_NIA_20220315-MathProblems__STC_0456.smt2	1	B	0.5073	518
QF_NIA_20220315-MathProblems__STC_0493.smt2	1	A	0.311489	574
QF_NIA_20220315-MathProblems__STC_0493.smt2	1	B	0.553231	574
QF_NIA_20220315-MathProblems__STC_0493.smt2	1	M	0.650193	574
QF_NIA_20220315-MathProblems__STC_0541.smt2	1	B	0.524628	587
QF_NIA_20220315-MathProblems__STC_0541.smt2	1	M	0.635463	587
QF_NIA_20220315-MathProblems__STC_0541.smt2	1	A	0.314404	587
QF_NIA_20220315-MathProblems__STC_0563.smt2	1	M	11.8386	13992
QF_NIA_20220315-MathProblems__STC_0563.smt2	1	A	7.3788	13992
QF_NIA_20220315-MathProblems__STC_0563.smt2	1	B	10.8508	13992
QF_NIA_20220315-MathProblems__STC_0584.smt2	1	A	0.301413	563
QF_NIA_20220315-MathProblems__STC_0584.smt2	1	B	0.495122	563
QF_NIA_20220315-MathProblems__STC_0584.smt2	1	M	0.600833	563
QF_NIA_20220315-MathProblems__STC_0609.smt2	1	B	1.60671	1737
QF_NIA_20220315-MathProblems__STC_0609.smt2	1	M	2.07576	1737
QF_NIA_20220315-MathProblems__STC_0609.smt2	1	A	1.09316	1737
QF_NIA_20220315-MathProblems__STC_0629.smt2	1	M	0.499446	472
QF_NIA_20220315-MathProblems__STC_0629.smt2	1	A	0.269654	472
QF_NIA_20220315-MathProblems__STC_0629.smt2	1	B	0.437488	472
QF_NIA_20220315-MathProblems__STC_0650.smt2	1	A	5.31995	10714
QF_NIA_20220315-MathProblems__STC_0650.smt2	1	B	8.2792	10714
QF_NIA_20220315-MathProblems__STC_0650.smt2	1	M	9.15187	10714
QF_NIA_20220315-MathProblems__STC_0693.smt2	1	B	7.57438	9612
QF_NIA_20220315-MathProblems__STC_0693.smt2	1	M	8.22727	9612
QF_NIA_20220315-MathProblems__STC_0693.smt2	1	A	4.87963	9612
QF_NIA_20220315-MathProblems__STC_0707.smt2	1	M	8.17292	9587
QF_NIA_20220315-MathProblems__STC_0707.smt2	1	A	5.06054	9587
QF_NIA_20220315-MathProblems__STC_0707.smt2	1	B	7.4264	9587
QF_NIA_20220315-MathProblems__STC_0739.smt2	1	A	0.226756	433
QF_NIA_20220315-MathProblems__STC_0739.smt2	1	B	0.39795	433
QF_NIA_20220315-MathProblems__STC_0739.smt2	1	M	0.468123	433
QF_NIA_20220315-MathProblems__STC_0755.smt2	1	B	0.585436	598
QF_NIA_20220315-MathProblems__STC_0755.smt2	1	M	0.716871	598
QF_NIA_20220315-MathProblems__STC_0755.smt2	1	A	0.338805	598
QF_NIA_20220315-MathProblems__STC_0770.smt2	1	M	9.1656	10729
QF_NIA_20220315-MathProblems__STC_0770.smt2	1	A	5.63981	10729
QF_NIA_20220315-MathProblems__STC_0770.smt2	1	B	8.8772	10729
QF_NIA_20220315-MathProblems__STC_0903.smt2	1	A	4.74847	8955
QF_NIA_20220315-MathProblems__STC_0903.smt2	1	B	7.13843	8955
QF_NIA_20220315-MathProblems__STC_0903.smt2	1	M	7.916	8955
QF_NIA_20220315-MathProblems__STC_0959.smt2	1	B	8.56665	10640
QF_NIA_20220315-MathProblems__STC_0959.smt2	1	M	9.07738	10640
QF_NIA_20220315-MathProblems__STC_0959.smt2	1	A	5.38287	10640
QF_NIA_20220315-MathProblems__STC_1000.smt2	1	M	0.008916	2
QF_NIA_20220315-MathProblems__STC_1000.smt2	1	A	0.007291	2
QF_NIA_20220315-MathProblems__STC_1000.smt2	1	B	0.008917	2
QF_NIA_20230321-UltimateAutomizerSvcomp2023__egcd.c_1.smt2	1	A	0.030041	13
QF_NIA_20230321-UltimateAutomizerSvcomp2023__egcd.c_1.smt2	1	B	0.032542	13
QF_NIA_20230321-UltimateAutomizerSvcomp2023__egcd.c_1.smt2	1	M	0.021083	13
QF_NIA_20230321-UltimateAutomizerSvcomp2023__ps5-ll.c_10.smt2	1	B	3.59593	1869
QF_NIA_20230321-UltimateAutomizerSvcomp2023__ps5-ll.c_10.smt2	1	M	2.22226	1869
QF_NIA_20230321-UltimateAutomizerSvcomp2023__ps5-ll.c_10.smt2	1	A	2.94906	1869
QF_NIA_20230321-UltimateAutomizerSvcomp2023__ps6.c_0.smt2	1	M	1.98558	2514
QF_NIA_20230321-UltimateAutomizerSvcomp2023__ps6.c_0.smt2	1	A	2.46891	2514
QF_NIA_20230321-UltimateAutomizerSvcomp2023__ps6.c_0.smt2	1	B	3.03814	2514
QF_NIA_20230321-UltimateAutomizerSvcomp2023__ps6.c_11.smt2	1	A	1.58587	1547
QF_NIA_20230321-UltimateAutomizerSvcomp2023__ps6.c_11.smt2	1	B	1.91332	1547
QF_NIA_20230321-UltimateAutomizerSvcomp2023__ps6.c_11.smt2	1	M	1.33813	1547
QF_NIA_20230321-UltimateAutomizerSvcomp2023__ps6.c_13.smt2	1	B	4.93277	4633
QF_NIA_20230321-UltimateAutomizerSvcomp2023__ps6.c_13.smt2	1	M	3.35553	4633
QF_NIA_20230321-UltimateAutomizerSvcomp2023__ps6.c_13.smt2	1	A	3.97706	4633
QF_NIA_20230328-sqrtmodinv-hoenicke__modInv16.smt2	1	M	10.5349	6905
QF_NIA_20230328-sqrtmodinv-hoenicke__modInv16.smt2	1	A	17.1941	6905
QF_NIA_20230328-sqrtmodinv-hoenicke__modInv16.smt2	1	B	19.524	6905
QF_NIA_20230328-sqrtmodinv-hoenicke__modInv32.smt2	1	A	0.054667	10
QF_NIA_20230328-sqrtmodinv-hoenicke__modInv32.smt2	1	B	0.064001	10
QF_NIA_20230328-sqrtmodinv-hoenicke__modInv32.smt2	1	M	0.036292	10
QF_NIA_20230328-sqrtmodinv-hoenicke__modInv8.smt2	1	B	32.4737	63091
QF_NIA_20230328-sqrtmodinv-hoenicke__modInv8.smt2	1	M	34.3939	63091
QF_NIA_20230328-sqrtmodinv-hoenicke__modInv8.smt2	1	A	23.3636	63091
QF_NIA_20230328-sqrtmodinv-hoenicke__modInvInitial.smt2	1	M	1.27822	2812
QF_NIA_20230328-sqrtmodinv-hoenicke__modInvInitial.smt2	1	A	0.739889	2812
QF_NIA_20230328-sqrtmodinv-hoenicke__modInvInitial.smt2	1	B	1.06514	2812
QF_NIA_20230328-sqrtmodinv-hoenicke__modInvStep.smt2	1	A	16.2583	57748
QF_NIA_20230328-sqrtmodinv-hoenicke__modInvStep.smt2	1	B	23.79	57748
QF_NIA_20230328-sqrtmodinv-hoenicke__modInvStep.smt2	1	M	27.8755	57748
QF_NIA_20230328-sqrtmodinv-hoenicke__modInvStepSimplified.smt2	1	B	1.08215	2830
QF_NIA_20230328-sqrtmodinv-hoenicke__modInvStepSimplified.smt2	1	M	1.24997	2830
QF_NIA_20230328-sqrtmodinv-hoenicke__modInvStepSimplified.smt2	1	A	0.644266	2830
QF_NIA_20230328-sqrtmodinv-hoenicke__modInvVar1.smt2	1	M	38.9821	71013
QF_NIA_20230328-sqrtmodinv-hoenicke__modInvVar1.smt2	1	A	18.4861	71013
QF_NIA_20230328-sqrtmodinv-hoenicke__modInvVar1.smt2	1	B	30.7136	71013
QF_NIA_20230328-sqrtmodinv-hoenicke__modSimpleTest.smt2	1	A	0.009791	2
QF_NIA_20230328-sqrtmodinv-hoenicke__modSimpleTest.smt2	1	B	0.0105	2
QF_NIA_20230328-sqrtmodinv-hoenicke__modSimpleTest.smt2	1	M	0.008459	2
QF_NIA_20230328-sqrtmodinv-hoenicke__sqrtStep1.smt2	1	B	0.131876	126
QF_NIA_20230328-sqrtmodinv-hoenicke__sqrtStep1.smt2	1	M	0.101794	126
QF_NIA_20230328-sqrtmodinv-hoenicke__sqrtStep1.smt2	1	A	0.103836	126
QF_NIA_20230328-sqrtmodinv-hoenicke__sqrtStep1a.smt2	1	M	0.102	126
QF_NIA_20230328-sqrtmodinv-hoenicke__sqrtStep1a.smt2	1	A	0.103667	126
QF_NIA_20230328-sqrtmodinv-hoenicke__sqrtStep1a.smt2	1	B	0.13075	126
QF_NIA_20230328-sqrtmodinv-hoenicke__sqrtStep2.smt2	1	A	0.04558	82
QF_NIA_20230328-sqrtmodinv-hoenicke__sqrtStep2.smt2	1	B	0.071459	82
QF_NIA_20230328-sqrtmodinv-hoenicke__sqrtStep2.smt2	1	M	0.065248	82
QF_NIA_20230328-sqrtmodinv-hoenicke__sqrtStep2a.smt2	1	B	0.068003	82
QF_NIA_20230328-sqrtmodinv-hoenicke__sqrtStep2a.smt2	1	M	0.06233	82
QF_NIA_20230328-sqrtmodinv-hoenicke__sqrtStep2a.smt2	1	A	0.048088	82
QF_NIA_20230328-sqrtmodinv-hoenicke__sqrtStep3.smt2	1	M	0.080749	98
QF_NIA_20230328-sqrtmodinv-hoenicke__sqrtStep3.smt2	1	A	0.06313	98
QF_NIA_20230328-sqrtmodinv-hoenicke__sqrtStep3.smt2	1	B	0.084332	98
QF_NIA_20230328-sqrtmodinv-hoenicke__sqrtStep3a.smt2	1	A	0.09421	128
QF_NIA_20230328-sqrtmodinv-hoenicke__sqrtStep3a.smt2	1	B	0.132082	128
QF_NIA_20230328-sqrtmodinv-hoenicke__sqrtStep3a.smt2	1	M	0.103419	128
QF_NIA_20230328-sqrtmodinv-hoenicke__sqrtStep4.smt2	1	B	0.067582	68
QF_NIA_20230328-sqrtmodinv-hoenicke__sqrtStep4.smt2	1	M	0.071	68
QF_NIA_20230328-sqrtmodinv-hoenicke__sqrtStep4.smt2	1	A	0.05654	68
QF_NIA_20230328-sqrtmodinv-hoenicke__sqrtStep4a.smt2	1	M	0.108461	128
QF_NIA_20230328-sqrtmodinv-hoenicke__sqrtStep4a.smt2	1	A	0.0815	128
QF_NIA_20230328-sqrtmodinv-hoenicke__sqrtStep4a.smt2	1	B	0.105539	128
QF_NIA_20230328-sqrtmodinv-hoenicke__sqrtStep5.smt2	1	A	0.065874	86
QF_NIA_20230328-sqrtmodinv-hoenicke__sqrtStep5.smt2	1	B	0.091876	86
QF_NIA_20230328-sqrtmodinv-hoenicke__sqrtStep5.smt2	1	M	0.100832	86
QF_NIA_20230328-sqrtmodinv-hoenicke__sqrtStep5a.smt2	1	B	0.124669	128
QF_NIA_20230328-sqrtmodinv-hoenicke__sqrtStep5a.smt2	1	M	0.13358	128
QF_NIA_20230328-sqrtmodinv-hoenicke__sqrtStep5a.smt2	1	A	0.090294	128
QF_NIA_20230328-sqrtmodinv-hoenicke__sqrtStep6.smt2	1	M	0.126501	86
QF_NIA_20230328-sqrtmodinv-hoenicke__sqrtStep6.smt2	1	A	0.081205	86
QF_NIA_20230328-sqrtmodinv-hoenicke__sqrtStep6.smt2	1	B	0.099831	86
QF_NIA_20230328-sqrtmodinv-hoenicke__sqrtStep6a.smt2	1	A	0.146247	122
QF_NIA_20230328-sqrtmodinv-hoenicke__sqrtStep6a.smt2	1	B	0.163835	122
QF_NIA_20230328-sqrtmodinv-hoenicke__sqrtStep6a.smt2	1	M	0.183708	122
QF_NIA_20230328-sqrtmodinv-hoenicke__sqrtStep7.smt2	1	B	0.930373	206
QF_NIA_20230328-sqrtmodinv-hoenicke__sqrtStep7.smt2	1	M	0.848166	206
QF_NIA_20230328-sqrtmodinv-hoenicke__sqrtStep7.smt2	1	A	0.928584	206
QF_NIA_20230328-sqrtmodinv-hoenicke__sqrtStep7a.smt2	1	M	0.260003	122
QF_NIA_20230328-sqrtmodinv-hoenicke__sqrtStep7a.smt2	1	A	0.189413	122
QF_NIA_20230328-sqrtmodinv-hoenicke__sqrtStep7a.smt2	1	B	0.222087	122
QF_NIA_20230328-sqrtmodinv-hoenicke__sqrtStepFinal.smt2	1	A	2.03282	6674
QF_NIA_20230328-sqrtmodinv-hoenicke__sqrtStepFinal.smt2	1	B	3.06627	6674
QF_NIA_20230328-sqrtmodinv-hoenicke__sqrtStepFinal.smt2	1	M	3.32428	6674
QF_NIA_20230328-sqrtmodinv-hoenicke__sqrtStepFinala.smt2	1	B	17.1488	39614
QF_NIA_20230328-sqrtmodinv-hoenicke__sqrtStepFinala.smt2	1	M	19.4316	39614
QF_NIA_20230328-sqrtmodinv-hoenicke__sqrtStepFinala.smt2	1	A	12.0669	39614
QF_NIA_20250331-elster__C_2.smt2	1	M	0.006834	2
QF_NIA_20250331-elster__C_2.smt2	1	A	0.009875	2
QF_NIA_20250331-elster__C_2.smt2	1	B	0.010417	2
QF_NIA_AProVE__aproveSMT1273731352138297194.smt2	1	A	0.302337	224
QF_NIA_AProVE__aproveSMT1273731352138297194.smt2	1	B	0.355664	224
QF_NIA_AProVE__aproveSMT1273731352138297194.smt2	1	M	0.281293	224
QF_NIA_AProVE__aproveSMT1682483342197094972.smt2	1	B	0.048043	30
QF_NIA_AProVE__aproveSMT1682483342197094972.smt2	1	M	0.047958	30
QF_NIA_AProVE__aproveSMT1682483342197094972.smt2	1	A	0.042166	30
QF_NIA_AProVE__aproveSMT2104748456448998709.smt2	1	M	0.289708	219
QF_NIA_AProVE__aproveSMT2104748456448998709.smt2	1	A	0.318588	219
QF_NIA_AProVE__aproveSMT2104748456448998709.smt2	1	B	0.353695	219
QF_NIA_AProVE__aproveSMT2163640444650240229.smt2	1	A	0.0795	88
QF_NIA_AProVE__aproveSMT2163640444650240229.smt2	1	B	0.099626	88
QF_NIA_AProVE__aproveSMT2163640444650240229.smt2	1	M	0.08525	88
QF_NIA_AProVE__aproveSMT3306422790231477425.smt2	1	B	0.656714	241
QF_NIA_AProVE__aproveSMT3306422790231477425.smt2	1	M	0.35512	241
QF_NIA_AProVE__aproveSMT3306422790231477425.smt2	1	A	0.552414	241
QF_NIA_AProVE__aproveSMT3420388863619787077.smt2	1	M	0.163998	93
QF_NIA_AProVE__aproveSMT3420388863619787077.smt2	1	A	0.152091	93
QF_NIA_AProVE__aproveSMT3420388863619787077.smt2	1	B	0.184248	93
QF_NIA_AProVE__aproveSMT3483701614621556321.smt2	1	A	0.042044	22
QF_NIA_AProVE__aproveSMT3483701614621556321.smt2	1	B	0.050374	22
QF_NIA_AProVE__aproveSMT3483701614621556321.smt2	1	M	0.036792	22
QF_NIA_AProVE__aproveSMT3711749212931521777.smt2	1	B	0.224295	284
QF_NIA_AProVE__aproveSMT3711749212931521777.smt2	1	M	0.215958	284
QF_NIA_AProVE__aproveSMT3711749212931521777.smt2	1	A	0.180758	284
QF_NIA_AProVE__aproveSMT4239815710630693785.smt2	1	M	0.01275	7
QF_NIA_AProVE__aproveSMT4239815710630693785.smt2	1	A	0.013333	7
QF_NIA_AProVE__aproveSMT4239815710630693785.smt2	1	B	0.018166	7
QF_NIA_AProVE__aproveSMT4709971078612194434.smt2	1	A	0.393537	449
QF_NIA_AProVE__aproveSMT4709971078612194434.smt2	1	B	0.460913	449
QF_NIA_AProVE__aproveSMT4709971078612194434.smt2	1	M	0.412196	449
QF_NIA_AProVE__aproveSMT4870145291684036249.smt2	1	B	0.053837	58
QF_NIA_AProVE__aproveSMT4870145291684036249.smt2	1	M	0.04904	58
QF_NIA_AProVE__aproveSMT4870145291684036249.smt2	1	A	0.042375	58
QF_NIA_AProVE__aproveSMT4968692977299917888.smt2	1	M	0.040831	43
QF_NIA_AProVE__aproveSMT4968692977299917888.smt2	1	A	0.023502	43
QF_NIA_AProVE__aproveSMT4968692977299917888.smt2	1	B	0.034376	43
QF_NIA_AProVE__aproveSMT4972425496508857728.smt2	1	A	0.042914	38
QF_NIA_AProVE__aproveSMT4972425496508857728.smt2	1	B	0.054124	38
QF_NIA_AProVE__aproveSMT4972425496508857728.smt2	1	M	0.040455	38
QF_NIA_AProVE__aproveSMT5081480561387483523.smt2	1	B	0.020707	9
QF_NIA_AProVE__aproveSMT5081480561387483523.smt2	1	M	0.021251	9
QF_NIA_AProVE__aproveSMT5081480561387483523.smt2	1	A	0.014958	9
QF_NIA_AProVE__aproveSMT6061013276766078350.smt2	1	M	0.547128	445
QF_NIA_AProVE__aproveSMT6061013276766078350.smt2	1	A	0.657337	445
QF_NIA_AProVE__aproveSMT6061013276766078350.smt2	1	B	0.760172	445
QF_NIA_AProVE__aproveSMT6531155344723557531.smt2	1	A	0.617084	882
QF_NIA_AProVE__aproveSMT6531155344723557531.smt2	1	B	0.783745	882
QF_NIA_AProVE__aproveSMT6531155344723557531.smt2	1	M	0.612868	882
QF_NIA_AProVE__aproveSMT6744620754635880037.smt2	1	B	0.114128	78
QF_NIA_AProVE__aproveSMT6744620754635880037.smt2	1	M	0.080168	78
QF_NIA_AProVE__aproveSMT6744620754635880037.smt2	1	A	0.09721	78
QF_NIA_AProVE__aproveSMT6761189929823789229.smt2	1	M	0.084999	97
QF_NIA_AProVE__aproveSMT6761189929823789229.smt2	1	A	0.061251	97
QF_NIA_AProVE__aproveSMT6761189929823789229.smt2	1	B	0.085211	97
QF_NIA_AProVE__aproveSMT7934578101815516403.smt2	1	A	0.276952	333
QF_NIA_AProVE__aproveSMT7934578101815516403.smt2	1	B	0.352082	333
QF_NIA_AProVE__aproveSMT7934578101815516403.smt2	1	M	0.290249	333
QF_NIA_AProVE__aproveSMT8211259659113423333.smt2	1	B	0.019999	12
QF_NIA_AProVE__aproveSMT8211259659113423333.smt2	1	M	0.013834	12
QF_NIA_AProVE__aproveSMT8211259659113423333.smt2	1	A	0.015	12
QF_NIA_AProVE__aproveSMT8505973648273075649.smt2	1	M	0.708628	722
QF_NIA_AProVE__aproveSMT8505973648273075649.smt2	1	A	0.640989	722
QF_NIA_AProVE__aproveSMT8505973648273075649.smt2	1	B	0.81026	722
QF_NIA_AProVE__aproveSMT9058095127082541976.smt2	1	A	0.57016	298
QF_NIA_AProVE__aproveSMT9058095127082541976.smt2	1	B	0.669788	298
QF_NIA_AProVE__aproveSMT9058095127082541976.smt2	1	M	0.503583	298
QF_NIA_leipzig__term-4AzLVe.smt2	1	B	0.015083	4
QF_NIA_leipzig__term-4AzLVe.smt2	1	M	0.010792	4
QF_NIA_leipzig__term-4AzLVe.smt2	1	A	0.012959	4
QF_NIA_leipzig__term-4LNX6G.smt2	1	M	0.018663	20
QF_NIA_leipzig__term-4LNX6G.smt2	1	A	0.012041	20
QF_NIA_leipzig__term-4LNX6G.smt2	1	B	0.017043	20
QF_NIA_leipzig__term-BWHEfg.smt2	1	A	0.023582	26
QF_NIA_leipzig__term-BWHEfg.smt2	1	B	0.031044	26
QF_NIA_leipzig__term-BWHEfg.smt2	1	M	0.028083	26
QF_NIA_leipzig__term-H9wl52.smt2	1	B	0.0075	2
QF_NIA_leipzig__term-H9wl52.smt2	1	M	0.006167	2
QF_NIA_leipzig__term-H9wl52.smt2	1	A	0.005708	2
QF_NIA_leipzig__term-bEER96.smt2	1	M	0.068707	66
QF_NIA_leipzig__term-bEER96.smt2	1	A	0.036999	66
QF_NIA_leipzig__term-bEER96.smt2	1	B	0.062708	66
QF_NIA_leipzig__term-ddoFAO.smt2	1	A	0.191376	49
QF_NIA_leipzig__term-ddoFAO.smt2	1	B	0.205334	49
QF_NIA_leipzig__term-ddoFAO.smt2	1	M	0.174712	49
QF_NIA_leipzig__term-f2cozZ.smt2	1	B	0.008916	4
QF_NIA_leipzig__term-f2cozZ.smt2	1	M	0.007959	4
QF_NIA_leipzig__term-f2cozZ.smt2	1	A	0.007334	4
QF_NIA_leipzig__term-gHq3ie.smt2	1	M	0.028667	3
QF_NIA_leipzig__term-gHq3ie.smt2	1	A	0.010918	3
QF_NIA_leipzig__term-gHq3ie.smt2	1	B	0.020414	3
QF_NIA_leipzig__term-ye1ece.smt2	1	A	0.005458	2
QF_NIA_leipzig__term-ye1ece.smt2	1	B	0.006708	2
QF_NIA_leipzig__term-ye1ece.smt2	1	M	0.00625	2
QF_NIA_mcm__10.smt2	1	B	0.0065	2
QF_NIA_mcm__10.smt2	1	M	0.005916	2
QF_NIA_mcm__10.smt2	1	A	0.006375	2
QF_NIA_mcm__23.smt2	1	M	0.005583	2
QF_NIA_mcm__23.smt2	1	A	0.00625	2
QF_NIA_mcm__23.smt2	1	B	0.007042	2
QF_NIA_mcm__41.smt2	1	A	0.00625	2
QF_NIA_mcm__41.smt2	1	B	0.006958	2
QF_NIA_mcm__41.smt2	1	M	0.006666	2
QF_NIA_mcm__52.smt2	1	B	0.006458	2
QF_NIA_mcm__52.smt2	1	M	0.005209	2
QF_NIA_mcm__52.smt2	1	A	0.005417	2
QF_NIA_mcm__81.smt2	1	M	0.006	2
QF_NIA_mcm__81.smt2	1	A	0.0065	2
QF_NIA_mcm__81.smt2	1	B	0.006917	2
QF_NIA_mcm__89.smt2	1	A	0.006125	2
QF_NIA_mcm__89.smt2	1	B	0.006917	2
QF_NIA_mcm__89.smt2	1	M	0.005916	2
QF_NIA_mcm__94.smt2	1	B	0.007	2
QF_NIA_mcm__94.smt2	1	M	0.007208	2
QF_NIA_mcm__94.smt2	1	A	0.006375	2
QF_NRA_20161105-Sturm-MBO__mbo_E10E25.smt2	1	M	0.01029	6
QF_NRA_20161105-Sturm-MBO__mbo_E10E25.smt2	1	A	0.014666	6
QF_NRA_20161105-Sturm-MBO__mbo_E10E25.smt2	1	B	0.015583	6
QF_NRA_20161105-Sturm-MBO__mbo_E11E13.smt2	1	A	0.023458	6
QF_NRA_20161105-Sturm-MBO__mbo_E11E13.smt2	1	B	0.024041	6
QF_NRA_20161105-Sturm-MBO__mbo_E11E13.smt2	1	M	0.011125	6
QF_NRA_20161105-Sturm-MBO__mbo_E12E17.smt2	1	B	0.029374	4
QF_NRA_20161105-Sturm-MBO__mbo_E12E17.smt2	1	M	0.014542	4
QF_NRA_20161105-Sturm-MBO__mbo_E12E17.smt2	1	A	0.023708	4
QF_NRA_20161105-Sturm-MBO__mbo_E15E24.smt2	1	M	0.012708	6
QF_NRA_20161105-Sturm-MBO__mbo_E15E24.smt2	1	A	0.025667	6
QF_NRA_20161105-Sturm-MBO__mbo_E15E24.smt2	1	B	0.027375	6
QF_NRA_20161105-Sturm-MBO__mbo_E1E22.smt2	1	A	0.027084	4
QF_NRA_20161105-Sturm-MBO__mbo_E1E22.smt2	1	B	0.028791	4
QF_NRA_20161105-Sturm-MBO__mbo_E1E22.smt2	1	M	0.015499	4
QF_NRA_20161105-Sturm-MBO__mbo_E20E21.smt2	1	B	0.027375	13
QF_NRA_20161105-Sturm-MBO__mbo_E20E21.smt2	1	M	0.028085	13
QF_NRA_20161105-Sturm-MBO__mbo_E20E21.smt2	1	A	0.021336	13
QF_NRA_20161105-Sturm-MBO__mbo_E24E25.smt2	1	M	0.005625	2
QF_NRA_20161105-Sturm-MBO__mbo_E24E25.smt2	1	A	0.010292	2
QF_NRA_20161105-Sturm-MBO__mbo_E24E25.smt2	1	B	0.011167	2
QF_NRA_20161105-Sturm-MBO__mbo_E25E26.smt2	1	A	0.224166	62
QF_NRA_20161105-Sturm-MBO__mbo_E25E26.smt2	1	B	0.238086	62
QF_NRA_20161105-Sturm-MBO__mbo_E25E26.smt2	1	M	0.128334	62
QF_NRA_20161105-Sturm-MBO__mbo_E2E7.smt2	1	B	0.036459	8
QF_NRA_20161105-Sturm-MBO__mbo_E2E7.smt2	1	M	0.020583	8
QF_NRA_20161105-Sturm-MBO__mbo_E2E7.smt2	1	A	0.029583	8
QF_NRA_20161105-Sturm-MBO__mbo_E3E27.smt2	1	M	0.517714	383
QF_NRA_20161105-Sturm-MBO__mbo_E3E27.smt2	1	A	0.827461	383
QF_NRA_20161105-Sturm-MBO__mbo_E3E27.smt2	1	B	0.894833	383
QF_NRA_20161105-Sturm-MBO__mbo_E3E9.smt2	1	A	0.027458	6
QF_NRA_20161105-Sturm-MBO__mbo_E3E9.smt2	1	B	0.02975	6
QF_NRA_20161105-Sturm-MBO__mbo_E3E9.smt2	1	M	0.013417	6
QF_NRA_20161105-Sturm-MBO__mbo_E4E13.smt2	1	B	0.063582	12
QF_NRA_20161105-Sturm-MBO__mbo_E4E13.smt2	1	M	0.028376	12
QF_NRA_20161105-Sturm-MBO__mbo_E4E13.smt2	1	A	0.059292	12
QF_NRA_20161105-Sturm-MBO__mbo_E5E12.smt2	1	M	0.009375	4
QF_NRA_20161105-Sturm-MBO__mbo_E5E12.smt2	1	A	0.017917	4
QF_NRA_20161105-Sturm-MBO__mbo_E5E12.smt2	1	B	0.017791	4
QF_NRA_20161105-Sturm-MBO__mbo_E5E16.smt2	1	A	0.031501	11
QF_NRA_20161105-Sturm-MBO__mbo_E5E16.smt2	1	B	0.033166	11
QF_NRA_20161105-Sturm-MBO__mbo_E5E16.smt2	1	M	0.021832	11
QF_NRA_20161105-Sturm-MBO__mbo_E5E19.smt2	1	B	0.033125	7
QF_NRA_20161105-Sturm-MBO__mbo_E5E19.smt2	1	M	0.014708	7
QF_NRA_20161105-Sturm-MBO__mbo_E5E19.smt2	1	A	0.030459	7
QF_NRA_20161105-Sturm-MBO__mbo_E6E14.smt2	1	M	0.010042	2
QF_NRA_20161105-Sturm-MBO__mbo_E6E14.smt2	1	A	0.019791	2
QF_NRA_20161105-Sturm-MBO__mbo_E6E14.smt2	1	B	0.021417	2
QF_NRA_20161105-Sturm-MBO__mbo_E6E17.smt2	1	A	0.991743	642
QF_NRA_20161105-Sturm-MBO__mbo_E6E17.smt2	1	B	1.10455	642
QF_NRA_20161105-Sturm-MBO__mbo_E6E17.smt2	1	M	0.722084	642
QF_NRA_20161105-Sturm-MBO__mbo_E8E19.smt2	1	B	0.033834	6
QF_NRA_20161105-Sturm-MBO__mbo_E8E19.smt2	1	M	0.016792	6
QF_NRA_20161105-Sturm-MBO__mbo_E8E19.smt2	1	A	0.02775	6
QF_NRA_20161105-Sturm-MBO__mbo_E8E9.smt2	1	M	0.013125	4
QF_NRA_20161105-Sturm-MBO__mbo_E8E9.smt2	1	A	0.022875	4
QF_NRA_20161105-Sturm-MBO__mbo_E8E9.smt2	1	B	0.024458	4
QF_NRA_20161105-Sturm-MGC__mgc_02.smt2	1	A	0.056416	18
QF_NRA_20161105-Sturm-MGC__mgc_02.smt2	1	B	0.065875	18
QF_NRA_20161105-Sturm-MGC__mgc_02.smt2	1	M	0.037335	18
QF_NRA_20161105-Sturm-MGC__mgc_03.smt2	1	B	0.082415	18
QF_NRA_20161105-Sturm-MGC__mgc_03.smt2	1	M	0.045583	18
QF_NRA_20161105-Sturm-MGC__mgc_03.smt2	1	A	0.077042	18
QF_NRA_20161105-Sturm-MGC__mgc_04.smt2	1	M	0.040457	16
QF_NRA_20161105-Sturm-MGC__mgc_04.smt2	1	A	0.065501	16
QF_NRA_20161105-Sturm-MGC__mgc_04.smt2	1	B	0.078124	16
QF_NRA_20161105-Sturm-MGC__mgc_05.smt2	1	A	0.074707	18
QF_NRA_20161105-Sturm-MGC__mgc_05.smt2	1	B	0.088832	18
QF_NRA_20161105-Sturm-MGC__mgc_05.smt2	1	M	0.040583	18
QF_NRA_20161105-Sturm-MGC__mgc_06.smt2	1	B	0.04775	18
QF_NRA_20161105-Sturm-MGC__mgc_06.smt2	1	M	0.029083	18
QF_NRA_20161105-Sturm-MGC__mgc_06.smt2	1	A	0.036583	18
QF_NRA_20161105-Sturm-MGC__mgc_07.smt2	1	M	0.043834	18
QF_NRA_20161105-Sturm-MGC__mgc_07.smt2	1	A	0.077542	18
QF_NRA_20161105-Sturm-MGC__mgc_07.smt2	1	B	0.090957	18
QF_NRA_20161105-Sturm-MGC__mgc_08.smt2	1	A	0.065123	18
QF_NRA_20161105-Sturm-MGC__mgc_08.smt2	1	B	0.07171	18
QF_NRA_20161105-Sturm-MGC__mgc_08.smt2	1	M	0.041834	18
QF_NRA_20161105-Sturm-MGC__mgc_09.smt2	1	B	0.121001	35
QF_NRA_20161105-Sturm-MGC__mgc_09.smt2	1	M	0.070249	35
QF_NRA_20161105-Sturm-MGC__mgc_09.smt2	1	A	0.118915	35
QF_NRA_20161105-Sturm-MGC__mgc_10.smt2	1	M	0.064458	27
QF_NRA_20161105-Sturm-MGC__mgc_10.smt2	1	A	0.112208	27
QF_NRA_20161105-Sturm-MGC__mgc_10.smt2	1	B	0.232083	27
QF_NRA_20170501-Heizmann-UltimateInvariantSynthesis__array_ptr_single_elem_init.i_4_2_2.bpl_5.smt2	1	A	0.08767	35
QF_NRA_20170501-Heizmann-UltimateInvariantSynthesis__array_ptr_single_elem_init.i_4_2_2.bpl_5.smt2	1	B	0.257834	35
QF_NRA_20170501-Heizmann-UltimateInvariantSynthesis__array_ptr_single_elem_init.i_4_2_2.bpl_5.smt2	1	M	0.050168	35
QF_NRA_20170501-Heizmann-UltimateInvariantSynthesis__array_single_elem_init.i_4_2_2.bpl_5.smt2	1	B	0.243831	64
QF_NRA_20170501-Heizmann-UltimateInvariantSynthesis__array_single_elem_init.i_4_2_2.bpl_5.smt2	1	M	0.075001	64
QF_NRA_20170501-Heizmann-UltimateInvariantSynthesis__array_single_elem_init.i_4_2_2.bpl_5.smt2	1	A	0.092	64
QF_NRA_20170501-Heizmann-UltimateInvariantSynthesis__gj2007.c.i_4_3_3.bpl_5.smt2	1	M	3.80683	4669
QF_NRA_20170501-Heizmann-UltimateInvariantSynthesis__gj2007.c.i_4_3_3.bpl_5.smt2	1	A	4.73168	4669
QF_NRA_20170501-Heizmann-UltimateInvariantSynthesis__gj2007.c.i_4_3_3.bpl_5.smt2	1	B	5.31086	4669
QF_NRA_20170501-Heizmann-UltimateInvariantSynthesis__gr2006.c.i_4_4_3.bpl_5.smt2	1	A	1.23605	1343
QF_NRA_20170501-Heizmann-UltimateInvariantSynthesis__gr2006.c.i_4_4_3.bpl_5.smt2	1	B	1.45346	1343
QF_NRA_20170501-Heizmann-UltimateInvariantSynthesis__gr2006.c.i_4_4_3.bpl_5.smt2	1	M	1.12723	1343
QF_NRA_20170501-Heizmann-UltimateInvariantSynthesis__linear_search.i_7_23_3.bpl_3.smt2	1	B	0.824787	740
QF_NRA_20170501-Heizmann-UltimateInvariantSynthesis__linear_search.i_7_23_3.bpl_3.smt2	1	M	0.98262	740
QF_NRA_20170501-Heizmann-UltimateInvariantSynthesis__linear_search.i_7_23_3.bpl_3.smt2	1	A	0.722892	740
QF_NRA_20170501-Heizmann-UltimateInvariantSynthesis__standard_copy1_ground.i_3_2_2.bpl_9.smt2	1	M	1.64231	1930
QF_NRA_20170501-Heizmann-UltimateInvariantSynthesis__standard_copy1_ground.i_3_2_2.bpl_9.smt2	1	A	1.04209	1930
QF_NRA_20170501-Heizmann-UltimateInvariantSynthesis__standard_copy1_ground.i_3_2_2.bpl_9.smt2	1	B	1.33716	1930
QF_NRA_20170501-Heizmann-UltimateInvariantSynthesis__standard_copy3_ground.i_3_2_2.bpl_5.smt2	1	A	0.106122	256
QF_NRA_20170501-Heizmann-UltimateInvariantSynthesis__standard_copy3_ground.i_3_2_2.bpl_5.smt2	1	B	0.156328	256
QF_NRA_20170501-Heizmann-UltimateInvariantSynthesis__standard_copy3_ground.i_3_2_2.bpl_5.smt2	1	M	0.207834	256
QF_NRA_20170501-Heizmann-UltimateInvariantSynthesis__standard_init9_ground.i_3_2_2.bpl_3.smt2	1	B	1.77924	683
QF_NRA_20170501-Heizmann-UltimateInvariantSynthesis__standard_init9_ground.i_3_2_2.bpl_3.smt2	1	M	1.16792	683
QF_NRA_20170501-Heizmann-UltimateInvariantSynthesis__standard_init9_ground.i_3_2_2.bpl_3.smt2	1	A	1.62492	683
QF_NRA_2019-ezsmt__inst_1_1000000.smt2	1	M	0.171336	292
QF_NRA_2019-ezsmt__inst_1_1000000.smt2	1	A	0.097996	292
QF_NRA_2019-ezsmt__inst_1_1000000.smt2	1	B	0.144836	292
QF_NRA_20200911-Pine__1599121684477306000.smt2	1	A	0.068919	28
QF_NRA_20200911-Pine__1599121684477306000.smt2	1	B	0.076459	28
QF_NRA_20200911-Pine__1599121684477306000.smt2	1	M	0.050291	28
QF_NRA_20200911-Pine__1599121684653478000.smt2	1	B	0.055415	20
QF_NRA_20200911-Pine__1599121684653478000.smt2	1	M	0.039041	20
QF_NRA_20200911-Pine__1599121684653478000.smt2	1	A	0.048332	20
QF_NRA_20200911-Pine__1599121861020640000.smt2	1	M	0.006084	2
QF_NRA_20200911-Pine__1599121861020640000.smt2	1	A	0.0065	2
QF_NRA_20200911-Pine__1599121861020640000.smt2	1	B	0.007	2
QF_NRA_20200911-Pine__1599121889458073000.smt2	1	A	0.275828	114
QF_NRA_20200911-Pine__1599121889458073000.smt2	1	B	0.291166	114
QF_NRA_20200911-Pine__1599121889458073000.smt2	1	M	0.188163	114
QF_NRA_20200911-Pine__1599121899872501000.smt2	1	B	0.197289	27
QF_NRA_20200911-Pine__1599121899872501000.smt2	1	M	0.121707	27
QF_NRA_20200911-Pine__1599121899872501000.smt2	1	A	0.186958	27
QF_NRA_20200911-Pine__1599121900961647000.smt2	1	M	0.066247	23
QF_NRA_20200911-Pine__1599121900961647000.smt2	1	A	0.06396	23
QF_NRA_20200911-Pine__1599121900961647000.smt2	1	B	0.075373	23
QF_NRA_20200911-Pine__1599121904275696000.smt2	1	A	0.222919	27
QF_NRA_20200911-Pine__1599121904275696000.smt2	1	B	0.220625	27
QF_NRA_20200911-Pine__1599121904275696000.smt2	1	M	0.142749	27
QF_NRA_20200911-Pine__1599121979753628000.smt2	1	B	0.062997	50
QF_NRA_20200911-Pine__1599121979753628000.smt2	1	M	0.059	50
QF_NRA_20200911-Pine__1599121979753628000.smt2	1	A	0.051667	50
QF_NRA_20200911-Pine__1599122159324430000.smt2	1	M	0.01971	14
QF_NRA_20200911-Pine__1599122159324430000.smt2	1	A	0.022542	14
QF_NRA_20200911-Pine__1599122159324430000.smt2	1	B	0.027585	14
QF_NRA_20200911-Pine__1599122159846134000.smt2	1	A	0.025916	16
QF_NRA_20200911-Pine__1599122159846134000.smt2	1	B	0.027751	16
QF_NRA_20200911-Pine__1599122159846134000.smt2	1	M	0.02125	16
QF_NRA_20200911-Pine__1599122162465867000.smt2	1	B	0.011334	10
QF_NRA_20200911-Pine__1599122162465867000.smt2	1	M	0.013292	10
QF_NRA_20200911-Pine__1599122162465867000.smt2	1	A	0.009624	10
QF_NRA_20200911-Pine__1599122162569064000.smt2	1	M	0.007999	4
QF_NRA_20200911-Pine__1599122162569064000.smt2	1	A	0.007375	4
QF_NRA_20200911-Pine__1599122162569064000.smt2	1	B	0.008624	4
QF_NRA_20200911-Pine__1599122163190413000.smt2	1	A	0.009752	10
QF_NRA_20200911-Pine__1599122163190413000.smt2	1	B	0.011959	10
QF_NRA_20200911-Pine__1599122163190413000.smt2	1	M	0.013125	10
QF_NRA_20200911-Pine__1599122163683961000.smt2	1	B	0.041542	16
QF_NRA_20200911-Pine__1599122163683961000.smt2	1	M	0.023458	16
QF_NRA_20200911-Pine__1599122163683961000.smt2	1	A	0.034793	16
QF_NRA_20200911-Pine__1599122165140235000.smt2	1	M	0.012083	10
QF_NRA_20200911-Pine__1599122165140235000.smt2	1	A	0.009293	10
QF_NRA_20200911-Pine__1599122165140235000.smt2	1	B	0.010791	10
QF_NRA_20200911-Pine__1599122166207559000.smt2	1	A	0.009709	10
QF_NRA_20200911-Pine__1599122166207559000.smt2	1	B	0.011791	10
QF_NRA_20200911-Pine__1599122166207559000.smt2	1	M	0.012291	10
QF_NRA_20211101-Geogebra__IsoRightTriangle-Bottema1_12b.smt2	1	B	0.012958	4
QF_NRA_20211101-Geogebra__IsoRightTriangle-Bottema1_12b.smt2	1	M	0.00875	4
QF_NRA_20211101-Geogebra__IsoRightTriangle-Bottema1_12b.smt2	1	A	0.016791	4
QF_NRA_20211101-Geogebra__IsoRightTriangle-Bottema1_2b.smt2	1	M	0.009791	4
QF_NRA_20211101-Geogebra__IsoRightTriangle-Bottema1_2b.smt2	1	A	0.007167	4
QF_NRA_20211101-Geogebra__IsoRightTriangle-Bottema1_2b.smt2	1	B	0.008708	4
QF_NRA_20211101-Geogebra__IsoTriangle-Area_Perimeter_a.smt2	1	A	0.010708	4
QF_NRA_20211101-Geogebra__IsoTriangle-Area_Perimeter_a.smt2	1	B	0.0115	4
QF_NRA_20211101-Geogebra__IsoTriangle-Area_Perimeter_a.smt2	1	M	0.008833	4
QF_NRA_20211101-Geogebra__IsoTriangle-Bottema6_1a.smt2	1	B	0.029168	14
QF_NRA_20211101-Geogebra__IsoTriangle-Bottema6_1a.smt2	1	M	0.019335	14
QF_NRA_20211101-Geogebra__IsoTriangle-Bottema6_1a.smt2	1	A	0.024792	14
QF_NRA_20211101-Geogebra__IsoTriangle-Bottema6_1b.smt2	1	M	0.0275	20
QF_NRA_20211101-Geogebra__IsoTriangle-Bottema6_1b.smt2	1	A	0.030582	20
QF_NRA_20211101-Geogebra__IsoTriangle-Bottema6_1b.smt2	1	B	0.039916	20
QF_NRA_20211101-Geogebra__IsoTriangle-Median_Perimeter_a2.smt2	1	A	0.022584	10
QF_NRA_20211101-Geogebra__IsoTriangle-Median_Perimeter_a2.smt2	1	B	0.024833	10
QF_NRA_20211101-Geogebra__IsoTriangle-Median_Perimeter_a2.smt2	1	M	0.015834	10
QF_NRA_20211101-Geogebra__IsoTriangle-Perimeter_CircumRadius_a.smt2	1	B	0.04175	20
QF_NRA_20211101-Geogebra__IsoTriangle-Perimeter_CircumRadius_a.smt2	1	M	0.024291	20
QF_NRA_20211101-Geogebra__IsoTriangle-Perimeter_CircumRadius_a.smt2	1	A	0.01879	20
QF_NRA_20211101-Geogebra__PythagoreanGeneralization_Triangle-aa+bb_cc.smt2	1	M	0.007583	4
QF_NRA_20211101-Geogebra__PythagoreanGeneralization_Triangle-aa+bb_cc.smt2	1	A	0.006667	4
QF_NRA_20211101-Geogebra__PythagoreanGeneralization_Triangle-aa+bb_cc.smt2	1	B	0.008875	4
QF_NRA_20211101-Geogebra__RightTriangle-Bottema1_1b.smt2	1	A	0.007208	4
QF_NRA_20211101-Geogebra__RightTriangle-Bottema1_1b.smt2	1	B	0.008625	4
QF_NRA_20211101-Geogebra__RightTriangle-Bottema1_1b.smt2	1	M	0.008292	4
QF_NRA_20211101-Geogebra__RightTriangle-Bottema5_3b.smt2	1	B	0.013374	4
QF_NRA_20211101-Geogebra__RightTriangle-Bottema5_3b.smt2	1	M	0.009584	4
QF_NRA_20211101-Geogebra__RightTriangle-Bottema5_3b.smt2	1	A	0.011042	4
QF_NRA_20211101-Geogebra__Triangle-Bottema1_9.smt2	1	M	0.007458	4
QF_NRA_20211101-Geogebra__Triangle-Bottema1_9.smt2	1	A	0.007208	4
QF_NRA_20211101-Geogebra__Triangle-Bottema1_9.smt2	1	B	0.008875	4
QF_NRA_20220314-Uncu__BDC_ProveIneq_Mitrinovic_4_22b.smt2	1	A	0.006042	2
QF_NRA_20220314-Uncu__BDC_ProveIneq_Mitrinovic_4_22b.smt2	1	B	0.006791	2
QF_NRA_20220314-Uncu__BDC_ProveIneq_Mitrinovic_4_22b.smt2	1	M	0.005959	2
QF_NRA_20240407-pPDA-Chiari-Pontiggia-Winkler__and_or_PRAY.smt2	1	B	4.09246	1305
QF_NRA_20240407-pPDA-Chiari-Pontiggia-Winkler__and_or_PRAY.smt2	1	M	2.7607	1305
QF_NRA_20240407-pPDA-Chiari-Pontiggia-Winkler__and_or_PRAY.smt2	1	A	3.84414	1305
QF_NRA_20240407-pPDA-Chiari-Pontiggia-Winkler__call_ret_loop_1_POMC_hints.smt2	1	M	0.143627	80
QF_NRA_20240407-pPDA-Chiari-Pontiggia-Winkler__call_ret_loop_1_POMC_hints.smt2	1	A	0.180585	80
QF_NRA_20240407-pPDA-Chiari-Pontiggia-Winkler__call_ret_loop_1_POMC_hints.smt2	1	B	0.206622	80
QF_NRA_20240407-pPDA-Chiari-Pontiggia-Winkler__call_ret_loop_1_POMC_no_hints.smt2	1	A	0.43825	120
QF_NRA_20240407-pPDA-Chiari-Pontiggia-Winkler__call_ret_loop_1_POMC_no_hints.smt2	1	B	0.464171	120
QF_NRA_20240407-pPDA-Chiari-Pontiggia-Winkler__call_ret_loop_1_POMC_no_hints.smt2	1	M	0.359872	120
QF_NRA_20240407-pPDA-Chiari-Pontiggia-Winkler__call_ret_loop_2_POMC_hints.smt2	1	B	0.198543	84
QF_NRA_20240407-pPDA-Chiari-Pontiggia-Winkler__call_ret_loop_2_POMC_hints.smt2	1	M	0.147916	84
QF_NRA_20240407-pPDA-Chiari-Pontiggia-Winkler__call_ret_loop_2_POMC_hints.smt2	1	A	0.186166	84
QF_NRA_20240407-pPDA-Chiari-Pontiggia-Winkler__call_ret_loop_2_POMC_no_hints.smt2	1	M	0.335208	130
QF_NRA_20240407-pPDA-Chiari-Pontiggia-Winkler__call_ret_loop_2_POMC_no_hints.smt2	1	A	0.428751	130
QF_NRA_20240407-pPDA-Chiari-Pontiggia-Winkler__call_ret_loop_2_POMC_no_hints.smt2	1	B	0.464627	130
QF_NRA_20240407-pPDA-Chiari-Pontiggia-Winkler__escape25_POMC_hints.smt2	1	A	0.634869	376
QF_NRA_20240407-pPDA-Chiari-Pontiggia-Winkler__escape25_POMC_hints.smt2	1	B	0.680582	376
QF_NRA_20240407-pPDA-Chiari-Pontiggia-Winkler__escape25_POMC_hints.smt2	1	M	0.505255	376
QF_NRA_20240407-pPDA-Chiari-Pontiggia-Winkler__escape25_POMC_no_hints.smt2	1	B	0.566376	707
QF_NRA_20240407-pPDA-Chiari-Pontiggia-Winkler__escape25_POMC_no_hints.smt2	1	M	0.580492	707
QF_NRA_20240407-pPDA-Chiari-Pontiggia-Winkler__escape25_POMC_no_hints.smt2	1	A	0.448784	707
QF_NRA_20240407-pPDA-Chiari-Pontiggia-Winkler__mod5_POMC_hints.smt2	1	M	0.234582	64
QF_NRA_20240407-pPDA-Chiari-Pontiggia-Winkler__mod5_POMC_hints.smt2	1	A	0.341999	64
QF_NRA_20240407-pPDA-Chiari-Pontiggia-Winkler__mod5_POMC_hints.smt2	1	B	0.358498	64
QF_NRA_20240407-pPDA-Chiari-Pontiggia-Winkler__mod5_POMC_no_hints.smt2	1	A	0.018124	20
QF_NRA_20240407-pPDA-Chiari-Pontiggia-Winkler__mod5_POMC_no_hints.smt2	1	B	0.023794	20
QF_NRA_20240407-pPDA-Chiari-Pontiggia-Winkler__mod5_POMC_no_hints.smt2	1	M	0.021373	20
QF_NRA_20240407-pPDA-Chiari-Pontiggia-Winkler__mod7_POMC_no_hints.smt2	1	B	0.02275	16
QF_NRA_20240407-pPDA-Chiari-Pontiggia-Winkler__mod7_POMC_no_hints.smt2	1	M	0.017625	16
QF_NRA_20240407-pPDA-Chiari-Pontiggia-Winkler__mod7_POMC_no_hints.smt2	1	A	0.017792	16
QF_NRA_20240407-pPDA-Chiari-Pontiggia-Winkler__schelling_POMC_hints.smt2	1	M	0.5507	381
QF_NRA_20240407-pPDA-Chiari-Pontiggia-Winkler__schelling_POMC_hints.smt2	1	A	0.772703	381
QF_NRA_20240407-pPDA-Chiari-Pontiggia-Winkler__schelling_POMC_hints.smt2	1	B	0.872832	381
QF_NRA_20240407-pPDA-Chiari-Pontiggia-Winkler__schelling_POMC_no_hints.smt2	1	A	2.94202	1779
QF_NRA_20240407-pPDA-Chiari-Pontiggia-Winkler__schelling_POMC_no_hints.smt2	1	B	3.25852	1779
QF_NRA_20240407-pPDA-Chiari-Pontiggia-Winkler__schelling_POMC_no_hints.smt2	1	M	2.13365	1779
QF_NRA_20240407-pPDA-Chiari-Pontiggia-Winkler__sqrt2by2_bern_PRAY.smt2	1	B	0.197792	44
QF_NRA_20240407-pPDA-Chiari-Pontiggia-Winkler__sqrt2by2_bern_PRAY.smt2	1	M	0.098126	44
QF_NRA_20240407-pPDA-Chiari-Pontiggia-Winkler__sqrt2by2_bern_PRAY.smt2	1	A	0.168539	44
QF_NRA_LassoRanker__Ben-Amram-2010LMCS-Ex2.3_true-termination.c_Iteration1_Lasso_3-pieceTemplate.smt2	1	M	0.026959	28
QF_NRA_LassoRanker__Ben-Amram-2010LMCS-Ex2.3_true-termination.c_Iteration1_Lasso_3-pieceTemplate.smt2	1	A	0.019582	28
QF_NRA_LassoRanker__Ben-Amram-2010LMCS-Ex2.3_true-termination.c_Iteration1_Lasso_3-pieceTemplate.smt2	1	B	0.025042	28
QF_NRA_LassoRanker__BradleyMannaSipma-2005ICALP-Fig1-deterministic.bpl_Iteration1_Lasso_3-pieceTemplate.smt2	1	A	0.332332	232
QF_NRA_LassoRanker__BradleyMannaSipma-2005ICALP-Fig1-deterministic.bpl_Iteration1_Lasso_3-pieceTemplate.smt2	1	B	0.394329	232
QF_NRA_LassoRanker__BradleyMannaSipma-2005ICALP-Fig1-deterministic.bpl_Iteration1_Lasso_3-pieceTemplate.smt2	1	M	0.324368	232
QF_NRA_LassoRanker__Braverman-2006CAV-Ex1-int.bpl_Iteration1_Loop_4-pieceTemplate.smt2	1	B	0.05604	22
QF_NRA_LassoRanker__Braverman-2006CAV-Ex1-int.bpl_Iteration1_Loop_4-pieceTemplate.smt2	1	M	0.040041	22
QF_NRA_LassoRanker__Braverman-2006CAV-Ex1-int.bpl_Iteration1_Loop_4-pieceTemplate.smt2	1	A	0.048669	22
QF_NRA_LassoRanker__Khartoum.bpl_Iteration1_Loop_4-pieceTemplate.smt2	1	M	5.3156	6186
QF_NRA_LassoRanker__Khartoum.bpl_Iteration1_Loop_4-pieceTemplate.smt2	1	A	6.57465	6186
QF_NRA_LassoRanker__Khartoum.bpl_Iteration1_Loop_4-pieceTemplate.smt2	1	B	7.66688	6186
QF_NRA_LassoRanker__Mysore2.bpl_Iteration1_Loop_4-pieceTemplate.smt2	1	A	0.272465	572
QF_NRA_LassoRanker__Mysore2.bpl_Iteration1_Loop_4-pieceTemplate.smt2	1	B	0.370787	572
QF_NRA_LassoRanker__Mysore2.bpl_Iteration1_Loop_4-pieceTemplate.smt2	1	M	0.340123	572
QF_NRA_LassoRanker__NoriSharma-2013FSE-Fig8_true-termination.c_Iteration1_Lasso_3-pieceTemplate.smt2	1	B	3.71704	4046
QF_NRA_LassoRanker__NoriSharma-2013FSE-Fig8_true-termination.c_Iteration1_Lasso_3-pieceTemplate.smt2	1	M	2.76004	4046
QF_NRA_LassoRanker__NoriSharma-2013FSE-Fig8_true-termination.c_Iteration1_Lasso_3-pieceTemplate.smt2	1	A	3.12014	4046
QF_NRA_LassoRanker__NoriSharma-2013FSE-Fig8_true-termination.c_Iteration1_Loop_3-pieceTemplate.smt2	1	M	0.058835	43
QF_NRA_LassoRanker__NoriSharma-2013FSE-Fig8_true-termination.c_Iteration1_Loop_3-pieceTemplate.smt2	1	A	0.037461	43
QF_NRA_LassoRanker__NoriSharma-2013FSE-Fig8_true-termination.c_Iteration1_Loop_3-pieceTemplate.smt2	1	B	0.050711	43
QF_NRA_LassoRanker__TwoPhase.bpl_Iteration1_Loop_3-pieceTemplate.smt2	1	A	1.16335	2564
QF_NRA_LassoRanker__TwoPhase.bpl_Iteration1_Loop_3-pieceTemplate.smt2	1	B	1.52501	2564
QF_NRA_LassoRanker__TwoPhase.bpl_Iteration1_Loop_3-pieceTemplate.smt2	1	M	1.4671	2564
QF_NRA_LassoRanker__fun4.t2.c_Iteration1_Loop_4-pieceTemplate.smt2	1	B	0.016834	8
QF_NRA_LassoRanker__fun4.t2.c_Iteration1_Loop_4-pieceTemplate.smt2	1	M	0.015792	8
QF_NRA_LassoRanker__fun4.t2.c_Iteration1_Loop_4-pieceTemplate.smt2	1	A	0.014	8
QF_NRA_LassoRanker__nested.t2.c_Iteration4_Loop_4-pieceTemplate.smt2	1	M	0.04146	42
QF_NRA_LassoRanker__nested.t2.c_Iteration4_Loop_4-pieceTemplate.smt2	1	A	0.029375	42
QF_NRA_LassoRanker__nested.t2.c_Iteration4_Loop_4-pieceTemplate.smt2	1	B	0.038917	42
QF_NRA_UltimateAutomizer__InVarSynth_StructPositiveSum-Safe.c_Iteration2_0.smt2	1	A	0.106582	238
QF_NRA_UltimateAutomizer__InVarSynth_StructPositiveSum-Safe.c_Iteration2_0.smt2	1	B	0.149539	238
QF_NRA_UltimateAutomizer__InVarSynth_StructPositiveSum-Safe.c_Iteration2_0.smt2	1	M	0.155707	238
QF_NRA_hycomp__ball_count_1d_plain.02.seq_lazy_linear_enc_lemmas_global_8.smt2	1	B	0.026001	26
QF_NRA_hycomp__ball_count_1d_plain.02.seq_lazy_linear_enc_lemmas_global_8.smt2	1	M	0.030917	26
QF_NRA_hycomp__ball_count_1d_plain.02.seq_lazy_linear_enc_lemmas_global_8.smt2	1	A	0.020708	26
QF_NRA_hycomp__ball_count_1d_plain.03.seq_lazy_linear_enc_global_10.smt2	1	M	0.281411	356
QF_NRA_hycomp__ball_count_1d_plain.03.seq_lazy_linear_enc_global_10.smt2	1	A	0.134995	356
QF_NRA_hycomp__ball_count_1d_plain.03.seq_lazy_linear_enc_global_10.smt2	1	B	0.209914	356
QF_NRA_hycomp__ball_count_1d_plain.04.redlog_global_6.smt2	1	A	3.60162	3162
QF_NRA_hycomp__ball_count_1d_plain.04.redlog_global_6.smt2	1	B	4.17063	3162
QF_NRA_hycomp__ball_count_1d_plain.04.redlog_global_6.smt2	1	M	3.19966	3162
QF_NRA_hycomp__ball_count_1d_plain.04.seq_lazy_linear_enc_lemmas_global_12.smt2	1	B	1.39904	1894
QF_NRA_hycomp__ball_count_1d_plain.04.seq_lazy_linear_enc_lemmas_global_12.smt2	1	M	1.51443	1894
QF_NRA_hycomp__ball_count_1d_plain.04.seq_lazy_linear_enc_lemmas_global_12.smt2	1	A	1.10804	1894
QF_NRA_hycomp__ball_count_2d_hill_simple.01.seq_lazy_global_14.smt2	1	M	0.011084	10
QF_NRA_hycomp__ball_count_2d_hill_simple.01.seq_lazy_global_14.smt2	1	A	0.009166	10
QF_NRA_hycomp__ball_count_2d_hill_simple.01.seq_lazy_global_14.smt2	1	B	0.011749	10
QF_NRA_hycomp__ball_count_2d_hill_simple.02.seq_lazy_lemmas_global_14.smt2	1	A	0.06308	178
QF_NRA_hycomp__ball_count_2d_hill_simple.02.seq_lazy_lemmas_global_14.smt2	1	B	0.097918	178
QF_NRA_hycomp__ball_count_2d_hill_simple.02.seq_lazy_lemmas_global_14.smt2	1	M	0.121875	178
QF_NRA_hycomp__ball_count_2d_plain.03.seq_lazy_linear_enc_lemmas_global_4.smt2	1	B	0.650328	542
QF_NRA_hycomp__ball_count_2d_plain.03.seq_lazy_linear_enc_lemmas_global_4.smt2	1	M	0.418513	542
QF_NRA_hycomp__ball_count_2d_plain.03.seq_lazy_linear_enc_lemmas_global_4.smt2	1	A	0.648342	542
QF_NRA_hycomp__ball_count_2d_plain.05.seq_lazy_linear_enc_global_14.smt2	1	M	6.28265	8642
QF_NRA_hycomp__ball_count_2d_plain.05.seq_lazy_linear_enc_global_14.smt2	1	A	6.77495	8642
QF_NRA_hycomp__ball_count_2d_plain.05.seq_lazy_linear_enc_global_14.smt2	1	B	8.14837	8642
QF_NRA_hycomp__ball_count_2d_plain.10.redlog_global_4.smt2	1	A	0.039916	24
QF_NRA_hycomp__ball_count_2d_plain.10.redlog_global_4.smt2	1	B	0.053042	24
QF_NRA_hycomp__ball_count_2d_plain.10.redlog_global_4.smt2	1	M	0.046585	24
QF_NRA_hycomp__ball_count_2d_slope.03.seq_lazy_lemmas_global_6.smt2	1	B	7.00311	2434
QF_NRA_hycomp__ball_count_2d_slope.03.seq_lazy_lemmas_global_6.smt2	1	M	4.32544	2434
QF_NRA_hycomp__ball_count_2d_slope.03.seq_lazy_lemmas_global_6.smt2	1	A	6.74656	2434
QF_NRA_hycomp__ball_count_2d_slope.04.seq_lazy_linear_enc_global_8.smt2	1	M	0.021417	17
QF_NRA_hycomp__ball_count_2d_slope.04.seq_lazy_linear_enc_global_8.smt2	1	A	0.027585	17
QF_NRA_hycomp__ball_count_2d_slope.04.seq_lazy_linear_enc_global_8.smt2	1	B	0.032416	17
QF_NRA_hycomp__etcs_braking_2.01.seq_lazy_linear_enc_global_15.smt2	1	A	2.59863	629
QF_NRA_hycomp__etcs_braking_2.01.seq_lazy_linear_enc_global_15.smt2	1	B	2.65201	629
QF_NRA_hycomp__etcs_braking_2.01.seq_lazy_linear_enc_global_15.smt2	1	M	1.7215	629
QF_NRA_hycomp__simple_ballistics_reach.01.seq_lazy_global_15.smt2	1	B	4.79272	1545
QF_NRA_hycomp__simple_ballistics_reach.01.seq_lazy_global_15.smt2	1	M	3.1001	1545
QF_NRA_hycomp__simple_ballistics_reach.01.seq_lazy_global_15.smt2	1	A	4.46312	1545
QF_NRA_hycomp__simple_ballistics_reach.01.seq_lazy_linear_enc_lemmas_global_9.smt2	1	M	3.04207	743
QF_NRA_hycomp__simple_ballistics_reach.01.seq_lazy_linear_enc_lemmas_global_9.smt2	1	A	4.3948	743
QF_NRA_hycomp__simple_ballistics_reach.01.seq_lazy_linear_enc_lemmas_global_9.smt2	1	B	4.63846	743
QF_NRA_meti-tarski__CMOS-opamp-chunk-0029.smt2	1	A	0.004958	0
QF_NRA_meti-tarski__CMOS-opamp-chunk-0029.smt2	1	B	0.006333	0
QF_NRA_meti-tarski__CMOS-opamp-chunk-0029.smt2	1	M	0.005333	0
QF_NRA_meti-tarski__CMOS-opamp-chunk-0071.smt2	1	B	0.014708	4
QF_NRA_meti-tarski__CMOS-opamp-chunk-0071.smt2	1	M	0.011085	4
QF_NRA_meti-tarski__CMOS-opamp-chunk-0071.smt2	1	A	0.011916	4
QF_NRA_meti-tarski__CMOS-opamp-chunk-0269.smt2	1	M	0.021375	4
QF_NRA_meti-tarski__CMOS-opamp-chunk-0269.smt2	1	A	0.045999	4
QF_NRA_meti-tarski__CMOS-opamp-chunk-0269.smt2	1	B	0.043917	4
QF_NRA_meti-tarski__CMOS-opamp-chunk-0285.smt2	1	A	0.011541	4
QF_NRA_meti-tarski__CMOS-opamp-chunk-0285.smt2	1	B	0.013875	4
QF_NRA_meti-tarski__CMOS-opamp-chunk-0285.smt2	1	M	0.011041	4
QF_NRA_meti-tarski__Chua-1-VC1-L-chunk-0135.smt2	1	B	0.006291	0
QF_NRA_meti-tarski__Chua-1-VC1-L-chunk-0135.smt2	1	M	0.004708	0
QF_NRA_meti-tarski__Chua-1-VC1-L-chunk-0135.smt2	1	A	0.005541	0
QF_NRA_meti-tarski__Chua-2-IL-U-chunk-0022.smt2	1	M	0.016584	3
QF_NRA_meti-tarski__Chua-2-IL-U-chunk-0022.smt2	1	A	0.028875	3
QF_NRA_meti-tarski__Chua-2-IL-U-chunk-0022.smt2	1	B	0.026833	3
QF_NRA_meti-tarski__Chua-2-IL-U-chunk-0039.smt2	1	A	0.006542	1
QF_NRA_meti-tarski__Chua-2-IL-U-chunk-0039.smt2	1	B	0.008	1
QF_NRA_meti-tarski__Chua-2-IL-U-chunk-0039.smt2	1	M	0.006958	1
QF_NRA_meti-tarski__Chua-2-IL-U-chunk-0099.smt2	1	B	0.037084	2
QF_NRA_meti-tarski__Chua-2-IL-U-chunk-0099.smt2	1	M	0.017583	2
QF_NRA_meti-tarski__Chua-2-IL-U-chunk-0099.smt2	1	A	0.034458	2
QF_NRA_meti-tarski__Chua-2-VC1-U-chunk-0123.smt2	1	M	0.118959	6
QF_NRA_meti-tarski__Chua-2-VC1-U-chunk-0123.smt2	1	A	0.241209	6
QF_NRA_meti-tarski__Chua-2-VC1-U-chunk-0123.smt2	1	B	0.241209	6
QF_NRA_meti-tarski__Chua-2-VC2-U-chunk-0108.smt2	1	A	0.036041	2
QF_NRA_meti-tarski__Chua-2-VC2-U-chunk-0108.smt2	1	B	0.041833	2
QF_NRA_meti-tarski__Chua-2-VC2-U-chunk-0108.smt2	1	M	0.017125	2
QF_NRA_meti-tarski__Lyapunov1a-chunk-0036.smt2	1	B	0.031168	26
QF_NRA_meti-tarski__Lyapunov1a-chunk-0036.smt2	1	M	0.03287	26
QF_NRA_meti-tarski__Lyapunov1a-chunk-0036.smt2	1	A	0.020751	26
QF_NRA_meti-tarski__Nichols-Plot-Inverted-Pendulum-Fails-1-6-chunk-0034.smt2	1	M	0.011584	4
QF_NRA_meti-tarski__Nichols-Plot-Inverted-Pendulum-Fails-1-6-chunk-0034.smt2	1	A	0.016041	4
QF_NRA_meti-tarski__Nichols-Plot-Inverted-Pendulum-Fails-1-6-chunk-0034.smt2	1	B	0.018583	4
QF_NRA_meti-tarski__Nichols-Plot-Inverted-Pendulum-Fails-1-6-chunk-0234.smt2	1	A	0.010167	2
QF_NRA_meti-tarski__Nichols-Plot-Inverted-Pendulum-Fails-1-6-chunk-0234.smt2	1	B	0.012249	2
QF_NRA_meti-tarski__Nichols-Plot-Inverted-Pendulum-Fails-1-6-chunk-0234.smt2	1	M	0.008875	2
QF_NRA_meti-tarski__asin-8-vars4-chunk-0029.smt2	1	B	0.016583	8
QF_NRA_meti-tarski__asin-8-vars4-chunk-0029.smt2	1	M	0.013792	8
QF_NRA_meti-tarski__asin-8-vars4-chunk-0029.smt2	1	A	0.014082	8
QF_NRA_meti-tarski__atan-problem-1-chunk-0032.smt2	1	M	0.009625	8
QF_NRA_meti-tarski__atan-problem-1-chunk-0032.smt2	1	A	0.008958	8
QF_NRA_meti-tarski__atan-problem-1-chunk-0032.smt2	1	B	0.010709	8
QF_NRA_meti-tarski__atan-problem-1-chunk-0087.smt2	1	A	0.019168	20
QF_NRA_meti-tarski__atan-problem-1-chunk-0087.smt2	1	B	0.029041	20
QF_NRA_meti-tarski__atan-problem-1-chunk-0087.smt2	1	M	0.02521	20
QF_NRA_meti-tarski__atan-problem-2-chunk-0101.smt2	1	B	0.00975	6
QF_NRA_meti-tarski__atan-problem-2-chunk-0101.smt2	1	M	0.008624	6
QF_NRA_meti-tarski__atan-problem-2-chunk-0101.smt2	1	A	0.007709	6
QF_NRA_meti-tarski__atan-problem-2-chunk-0107.smt2	1	M	0.004583	0
QF_NRA_meti-tarski__atan-problem-2-chunk-0107.smt2	1	A	0.005542	0
QF_NRA_meti-tarski__atan-problem-2-chunk-0107.smt2	1	B	0.006375	0
QF_NRA_meti-tarski__atan-problem-2-weak-chunk-0061.smt2	1	A	0.005375	0
QF_NRA_meti-tarski__atan-problem-2-weak-chunk-0061.smt2	1	B	0.006166	0
QF_NRA_meti-tarski__atan-problem-2-weak-chunk-0061.smt2	1	M	0.004916	0
QF_NRA_meti-tarski__atan-problem-2-weak-chunk-0100.smt2	1	B	0.009667	4
QF_NRA_meti-tarski__atan-problem-2-weak-chunk-0100.smt2	1	M	0.009291	4
QF_NRA_meti-tarski__atan-problem-2-weak-chunk-0100.smt2	1	A	0.006708	4
QF_NRA_meti-tarski__atan-problem-2-weak-chunk-0225.smt2	1	M	0.004625	0
QF_NRA_meti-tarski__atan-problem-2-weak-chunk-0225.smt2	1	A	0.005292	0
QF_NRA_meti-tarski__atan-problem-2-weak-chunk-0225.smt2	1	B	0.005958	0
QF_NRA_meti-tarski__atan-problem-2-weakT-chunk-0054.smt2	1	A	0.006625	2
QF_NRA_meti-tarski__atan-problem-2-weakT-chunk-0054.smt2	1	B	0.007749	2
QF_NRA_meti-tarski__atan-problem-2-weakT-chunk-0054.smt2	1	M	0.007791	2
QF_NRA_meti-tarski__atan-vega-3-chunk-0434.smt2	1	B	0.006167	0
QF_NRA_meti-tarski__atan-vega-3-chunk-0434.smt2	1	M	0.006667	0
QF_NRA_meti-tarski__atan-vega-3-chunk-0434.smt2	1	A	0.005334	0
QF_NRA_meti-tarski__atan-vega-3-chunk-0489.smt2	1	M	0.004417	0
QF_NRA_meti-tarski__atan-vega-3-chunk-0489.smt2	1	A	0.007584	0
QF_NRA_meti-tarski__atan-vega-3-chunk-0489.smt2	1	B	0.00775	0
QF_NRA_meti-tarski__atan-vega-3-chunk-0640.smt2	1	A	0.0055	0
QF_NRA_meti-tarski__atan-vega-3-chunk-0640.smt2	1	B	0.006083	0
QF_NRA_meti-tarski__atan-vega-3-chunk-0640.smt2	1	M	0.006083	0
QF_NRA_meti-tarski__atan-vega-3-weak-chunk-0195.smt2	1	B	0.00625	0
QF_NRA_meti-tarski__atan-vega-3-weak-chunk-0195.smt2	1	M	0.005625	0
QF_NRA_meti-tarski__atan-vega-3-weak-chunk-0195.smt2	1	A	0.00525	0
QF_NRA_meti-tarski__atan-vega-3-weak-chunk-0243.smt2	1	M	0.004208	0
QF_NRA_meti-tarski__atan-vega-3-weak-chunk-0243.smt2	1	A	0.005417	0
QF_NRA_meti-tarski__atan-vega-3-weak-chunk-0243.smt2	1	B	0.006084	0
QF_NRA_meti-tarski__atan-vega-3-weak-chunk-0360.smt2	1	A	0.005125	0
QF_NRA_meti-tarski__atan-vega-3-weak-chunk-0360.smt2	1	B	0.006542	0
QF_NRA_meti-tarski__atan-vega-3-weak-chunk-0360.smt2	1	M	0.007625	0
QF_NRA_meti-tarski__atan-vega-3-weak-chunk-0435.smt2	1	B	0.025709	3
QF_NRA_meti-tarski__atan-vega-3-weak-chunk-0435.smt2	1	M	0.01275	3
QF_NRA_meti-tarski__atan-vega-3-weak-chunk-0435.smt2	1	A	0.032126	3
QF_NRA_meti-tarski__atan-vega-3-weak-chunk-0622.smt2	1	M	0.004541	0
QF_NRA_meti-tarski__atan-vega-3-weak-chunk-0622.smt2	1	A	0.007375	0
QF_NRA_meti-tarski__atan-vega-3-weak-chunk-0622.smt2	1	B	0.008584	0
QF_NRA_meti-tarski__exp-problem-10-2-chunk-0145.smt2	1	A	0.0055	0
QF_NRA_meti-tarski__exp-problem-10-2-chunk-0145.smt2	1	B	0.005917	0
QF_NRA_meti-tarski__exp-problem-10-2-chunk-0145.smt2	1	M	0.007417	0
QF_NRA_meti-tarski__exp-problem-10-2-chunk-0295.smt2	1	B	0.011457	7
QF_NRA_meti-tarski__exp-problem-10-2-chunk-0295.smt2	1	M	0.011708	7
QF_NRA_meti-tarski__exp-problem-10-2-chunk-0295.smt2	1	A	0.008666	7
QF_NRA_meti-tarski__exp-problem-10-3-chunk-0187.smt2	1	M	0.006833	1
QF_NRA_meti-tarski__exp-problem-10-3-chunk-0187.smt2	1	A	0.006	1
QF_NRA_meti-tarski__exp-problem-10-3-chunk-0187.smt2	1	B	0.006958	1
QF_NRA_meti-tarski__exp-problem-10-3-weak-chunk-0042.smt2	1	A	0.015041	1
QF_NRA_meti-tarski__exp-problem-10-3-weak-chunk-0042.smt2	1	B	0.015125	1
QF_NRA_meti-tarski__exp-problem-10-3-weak-chunk-0042.smt2	1	M	0.009166	1
QF_NRA_meti-tarski__exp-problem-10-3-weak-chunk-0129.smt2	1	B	0.007667	1
QF_NRA_meti-tarski__exp-problem-10-3-weak-chunk-0129.smt2	1	M	0.009125	1
QF_NRA_meti-tarski__exp-problem-10-3-weak-chunk-0129.smt2	1	A	0.006583	1
QF_NRA_meti-tarski__polypaver-bench-sqrt-3d-chunk-0407.smt2	1	M	0.007208	2
QF_NRA_meti-tarski__polypaver-bench-sqrt-3d-chunk-0407.smt2	1	A	0.010792	2
QF_NRA_meti-tarski__polypaver-bench-sqrt-3d-chunk-0407.smt2	1	B	0.01025	2
QF_NRA_meti-tarski__polypaver-bench-sqrt-3d-chunk-0437.smt2	1	A	0.042831	14
QF_NRA_meti-tarski__polypaver-bench-sqrt-3d-chunk-0437.smt2	1	B	0.048125	14
QF_NRA_meti-tarski__polypaver-bench-sqrt-3d-chunk-0437.smt2	1	M	0.029084	14
QF_NRA_meti-tarski__polypaver-bench-sqrt-3d-chunk-0469.smt2	1	B	0.013959	8
QF_NRA_meti-tarski__polypaver-bench-sqrt-3d-chunk-0469.smt2	1	M	0.011209	8
QF_NRA_meti-tarski__polypaver-bench-sqrt-3d-chunk-0469.smt2	1	A	0.014291	8
QF_NRA_meti-tarski__sin-344-3-chunk-0046.smt2	1	M	0.007375	1
QF_NRA_meti-tarski__sin-344-3-chunk-0046.smt2	1	A	0.006292	1
QF_NRA_meti-tarski__sin-344-3-chunk-0046.smt2	1	B	0.007042	1
QF_NRA_meti-tarski__sin-cos-346-b-chunk-0119.smt2	1	A	0.082458	6
QF_NRA_meti-tarski__sin-cos-346-b-chunk-0119.smt2	1	B	0.082333	6
QF_NRA_meti-tarski__sin-cos-346-b-chunk-0119.smt2	1	M	0.059334	6
QF_NRA_meti-tarski__sin-cos-346-b-chunk-0350.smt2	1	B	0.010208	2
QF_NRA_meti-tarski__sin-cos-346-b-chunk-0350.smt2	1	M	0.006667	2
QF_NRA_meti-tarski__sin-cos-346-b-chunk-0350.smt2	1	A	0.008458	2
QF_NRA_meti-tarski__sin-cos-346-b-chunk-0458.smt2	1	M	0.007042	2
QF_NRA_meti-tarski__sin-cos-346-b-chunk-0458.smt2	1	A	0.006334	2
QF_NRA_meti-tarski__sin-cos-346-b-chunk-0458.smt2	1	B	0.008042	2
QF_NRA_meti-tarski__sin-cos-346-b-chunk-0479.smt2	1	A	0.025083	2
QF_NRA_meti-tarski__sin-cos-346-b-chunk-0479.smt2	1	B	0.026792	2
QF_NRA_meti-tarski__sin-cos-346-b-chunk-0479.smt2	1	M	0.015625	2
QF_NRA_meti-tarski__sin-cos-346-b-chunk-0505.smt2	1	B	0.008708	2
QF_NRA_meti-tarski__sin-cos-346-b-chunk-0505.smt2	1	M	0.007583	2
QF_NRA_meti-tarski__sin-cos-346-b-chunk-0505.smt2	1	A	0.006334	2
QF_NRA_meti-tarski__sin-cos-346-b-chunk-0515.smt2	1	M	0.018583	6
QF_NRA_meti-tarski__sin-cos-346-b-chunk-0515.smt2	1	A	0.031626	6
QF_NRA_meti-tarski__sin-cos-346-b-chunk-0515.smt2	1	B	0.032458	6
QF_NRA_meti-tarski__sin-cos-346-b-chunk-0593.smt2	1	A	0.01825	2
QF_NRA_meti-tarski__sin-cos-346-b-chunk-0593.smt2	1	B	0.019499	2
QF_NRA_meti-tarski__sin-cos-346-b-chunk-0593.smt2	1	M	0.012833	2
QF_NRA_meti-tarski__sin-problem-7-chunk-0017.smt2	1	B	0.007417	2
QF_NRA_meti-tarski__sin-problem-7-chunk-0017.smt2	1	M	0.005584	2
QF_NRA_meti-tarski__sin-problem-7-chunk-0017.smt2	1	A	0.005708	2
QF_NRA_meti-tarski__sin-problem-7-chunk-0125.smt2	1	M	0.012959	8
QF_NRA_meti-tarski__sin-problem-7-chunk-0125.smt2	1	A	0.023291	8
QF_NRA_meti-tarski__sin-problem-7-chunk-0125.smt2	1	B	0.024209	8
QF_NRA_meti-tarski__sin-problem-7-chunk-0264.smt2	1	A	0.184209	20
QF_NRA_meti-tarski__sin-problem-7-chunk-0264.smt2	1	B	0.202666	20
QF_NRA_meti-tarski__sin-problem-7-chunk-0264.smt2	1	M	0.212292	20
QF_NRA_meti-tarski__sin-problem-7-weak2-chunk-0113.smt2	1	B	0.236541	24
QF_NRA_meti-tarski__sin-problem-7-weak2-chunk-0113.smt2	1	M	0.102791	24
QF_NRA_meti-tarski__sin-problem-7-weak2-chunk-0113.smt2	1	A	0.243458	24
QF_NRA_meti-tarski__sqrt-1mcosq-7-chunk-0023.smt2	1	M	0.006041	2
QF_NRA_meti-tarski__sqrt-1mcosq-7-chunk-0023.smt2	1	A	0.00575	2
QF_NRA_meti-tarski__sqrt-1mcosq-7-chunk-0023.smt2	1	B	0.007208	2
QF_NRA_meti-tarski__sqrt-1mcosq-7-chunk-0094.smt2	1	A	0.017584	4
QF_NRA_meti-tarski__sqrt-1mcosq-7-chunk-0094.smt2	1	B	0.02025	4
QF_NRA_meti-tarski__sqrt-1mcosq-7-chunk-0094.smt2	1	M	0.012583	4
QF_NRA_meti-tarski__sqrt-1mcosq-7-chunk-0190.smt2	1	B	0.157039	24
QF_NRA_meti-tarski__sqrt-1mcosq-7-chunk-0190.smt2	1	M	0.071416	24
QF_NRA_meti-tarski__sqrt-1mcosq-7-chunk-0190.smt2	1	A	0.154124	24
QF_NRA_meti-tarski__sqrt-1mcosq-8-chunk-0045.smt2	1	M	0.006125	2
QF_NRA_meti-tarski__sqrt-1mcosq-8-chunk-0045.smt2	1	A	0.006416	2
QF_NRA_meti-tarski__sqrt-1mcosq-8-chunk-0045.smt2	1	B	0.007459	2
QF_NRA_meti-tarski__sqrt-1mcosq-8-chunk-0092.smt2	1	A	0.022333	4
QF_NRA_meti-tarski__sqrt-1mcosq-8-chunk-0092.smt2	1	B	0.022209	4
QF_NRA_meti-tarski__sqrt-1mcosq-8-chunk-0092.smt2	1	M	0.014209	4
QF_NRA_meti-tarski__sqrt-1mcosq-8-chunk-0116.smt2	1	B	0.108208	6
QF_NRA_meti-tarski__sqrt-1mcosq-8-chunk-0116.smt2	1	M	0.046542	6
QF_NRA_meti-tarski__sqrt-1mcosq-8-chunk-0116.smt2	1	A	0.091709	6
QF_NRA_meti-tarski__sqrt-1mcosq-8-chunk-0130.smt2	1	M	0.04975	4
QF_NRA_meti-tarski__sqrt-1mcosq-8-chunk-0130.smt2	1	A	0.094584	4
QF_NRA_meti-tarski__sqrt-1mcosq-8-chunk-0130.smt2	1	B	0.090042	4
QF_NRA_meti-tarski__sqrt-1mcosq-8-chunk-0164.smt2	1	A	0.015833	2
QF_NRA_meti-tarski__sqrt-1mcosq-8-chunk-0164.smt2	1	B	0.016209	2
QF_NRA_meti-tarski__sqrt-1mcosq-8-chunk-0164.smt2	1	M	0.010542	2
QF_NRA_meti-tarski__sqrt-1mcosq-8-chunk-0447.smt2	1	B	0.197083	6
QF_NRA_meti-tarski__sqrt-1mcosq-8-chunk-0447.smt2	1	M	0.261875	6
QF_NRA_meti-tarski__sqrt-1mcosq-8-chunk-0447.smt2	1	A	0.179834	6
QF_NRA_meti-tarski__sqrt-1mcosq-8-chunk-0531.smt2	1	M	0.010208	2
QF_NRA_meti-tarski__sqrt-1mcosq-8-chunk-0531.smt2	1	A	0.016708	2
QF_NRA_meti-tarski__sqrt-1mcosq-8-chunk-0531.smt2	1	B	0.016709	2
QF_NRA_meti-tarski__sqrt-1mcosq-8-chunk-0674.smt2	1	A	0.190334	6
QF_NRA_meti-tarski__sqrt-1mcosq-8-chunk-0674.smt2	1	B	0.181625	6
QF_NRA_meti-tarski__sqrt-1mcosq-8-chunk-0674.smt2	1	M	0.261708	6
QF_NRA_meti-tarski__sqrt-problem-12vars3-chunk-0033.smt2	1	B	0.007334	2
QF_NRA_meti-tarski__sqrt-problem-12vars3-chunk-0033.smt2	1	M	0.006125	2
QF_NRA_meti-tarski__sqrt-problem-12vars3-chunk-0033.smt2	1	A	0.006291	2
QF_NRA_meti-tarski__sqrt-problem-13-sqrt1-chunk-0051.smt2	1	M	0.00575	2
QF_NRA_meti-tarski__sqrt-problem-13-sqrt1-chunk-0051.smt2	1	A	0.006541	2
QF_NRA_meti-tarski__sqrt-problem-13-sqrt1-chunk-0051.smt2	1	B	0.00725	2
QF_NRA_meti-tarski__sqrt-problem-Melquiond2-chunk-0041.smt2	1	A	0.02425	8
QF_NRA_meti-tarski__sqrt-problem-Melquiond2-chunk-0041.smt2	1	B	0.027292	8
QF_NRA_meti-tarski__sqrt-problem-Melquiond2-chunk-0041.smt2	1	M	0.015125	8
QF_NRA_zankl__matrix-1-all-41.smt2	1	B	0.018167	12
QF_NRA_zankl__matrix-1-all-41.smt2	1	M	0.012875	12
QF_NRA_zankl__matrix-1-all-41.smt2	1	A	0.013583	12
QF_NRA_zankl__matrix-3-all-16.smt2	1	M	0.005792	2
QF_NRA_zankl__matrix-3-all-16.smt2	1	A	0.006167	2
QF_NRA_zankl__matrix-3-all-16.smt2	1	B	0.006916	2
QF_NRA_zankl__matrix-3-all-17.smt2	1	A	0.007041	2
QF_NRA_zankl__matrix-3-all-17.smt2	1	B	0.008542	2
QF_NRA_zankl__matrix-3-all-17.smt2	1	M	0.008583	2
QF_NRA_zankl__matrix-4-all-21.smt2	1	B	0.010083	4
QF_NRA_zankl__matrix-4-all-21.smt2	1	M	0.009792	4
QF_NRA_zankl__matrix-4-all-21.smt2	1	A	0.008001	4
QF_NRA_zankl__matrix-4-all-22.smt2	1	M	0.005417	2
QF_NRA_zankl__matrix-4-all-22.smt2	1	A	0.006459	2
QF_NRA_zankl__matrix-4-all-22.smt2	1	B	0.007042	2
AUFNIRA_nasa__cl5_nebula_norm_0017.fof.smt2	2	M	0.011917	4
AUFNIRA_nasa__cl5_nebula_norm_0017.fof.smt2	2	A	0.012708	4
AUFNIRA_nasa__cl5_nebula_norm_0017.fof.smt2	2	B	0.013749	4
AUFNIRA_nasa__cl5_nebula_norm_0067.fof.smt2	2	A	0.308789	344
AUFNIRA_nasa__cl5_nebula_norm_0067.fof.smt2	2	B	0.384763	344
AUFNIRA_nasa__cl5_nebula_norm_0067.fof.smt2	2	M	0.307793	344
NRA_20220222-cut-three-circles__cut-out-1.smt2	2	B	0.013875	6
NRA_20220222-cut-three-circles__cut-out-1.smt2	2	M	0.009625	6
NRA_20220222-cut-three-circles__cut-out-1.smt2	2	A	0.011791	6
NRA_20220222-cut-three-circles__cut-out-2.smt2	2	M	0.030247	34
NRA_20220222-cut-three-circles__cut-out-2.smt2	2	A	0.022123	34
NRA_20220222-cut-three-circles__cut-out-2.smt2	2	B	0.031293	34
QF_NIA_20170427-VeryMax__From_AProVE_2014__MainCopy.jar-obl-10__p10363_edge_closing_0.smt2	2	A	0.038753	70
QF_NIA_20170427-VeryMax__From_AProVE_2014__MainCopy.jar-obl-10__p10363_edge_closing_0.smt2	2	B	0.059041	70
QF_NIA_20170427-VeryMax__From_AProVE_2014__MainCopy.jar-obl-10__p10363_edge_closing_0.smt2	2	M	0.056415	70
QF_NIA_20170427-VeryMax__From_AProVE_2014__Test7.jar-obl-11__p12895_safety_0.smt2	2	B	0.107372	145
QF_NIA_20170427-VeryMax__From_AProVE_2014__Test7.jar-obl-11__p12895_safety_0.smt2	2	M	0.118122	145
QF_NIA_20170427-VeryMax__From_AProVE_2014__Test7.jar-obl-11__p12895_safety_0.smt2	2	A	0.06921	145
QF_NIA_20170427-VeryMax__From_AProVE_2014__Velroyen08-factorial.jar-obl-8__p13794_terminationG_0.smt2	2	M	0.14525	204
QF_NIA_20170427-VeryMax__From_AProVE_2014__Velroyen08-factorial.jar-obl-8__p13794_terminationG_0.smt2	2	A	0.109627	204
QF_NIA_20170427-VeryMax__From_AProVE_2014__Velroyen08-factorial.jar-obl-8__p13794_terminationG_0.smt2	2	B	0.133757	204
QF_NIA_20170427-VeryMax__From_AProVE_2014__juHashMapCreate.jar-obl-10__p5055_safety_0.smt2	2	A	0.502783	1195
QF_NIA_20170427-VeryMax__From_AProVE_2014__juHashMapCreate.jar-obl-10__p5055_safety_0.smt2	2	B	0.687495	1195
QF_NIA_20170427-VeryMax__From_AProVE_2014__juHashMapCreate.jar-obl-10__p5055_safety_0.smt2	2	M	1.02856	1195
QF_NIA_20170427-VeryMax__From_AProVE_2014__juHashMapCreateClear.jar-obl-11__p30137_safety_0.smt2	2	B	0.060082	78
QF_NIA_20170427-VeryMax__From_AProVE_2014__juHashMapCreateClear.jar-obl-11__p30137_safety_0.smt2	2	M	0.064707	78
QF_NIA_20170427-VeryMax__From_AProVE_2014__juHashMapCreateClear.jar-obl-11__p30137_safety_0.smt2	2	A	0.038047	78
QF_NIA_20170427-VeryMax__From_AProVE_2014__juHashMapCreateContainsKey.jar-obl-11__p30854_safety_0.smt2	2	M	0.02646	26
QF_NIA_20170427-VeryMax__From_AProVE_2014__juHashMapCreateContainsKey.jar-obl-11__p30854_safety_0.smt2	2	A	0.02425	26
QF_NIA_20170427-VeryMax__From_AProVE_2014__juHashMapCreateContainsKey.jar-obl-11__p30854_safety_0.smt2	2	B	0.031002	26
QF_NIA_20170427-VeryMax__From_AProVE_2014__juHashMapCreateContainsKey.jar-obl-11__p31075_safety_0.smt2	2	A	0.204792	368
QF_NIA_20170427-VeryMax__From_AProVE_2014__juHashMapCreateContainsKey.jar-obl-11__p31075_safety_0.smt2	2	B	0.276502	368
QF_NIA_20170427-VeryMax__From_AProVE_2014__juHashMapCreateContainsKey.jar-obl-11__p31075_safety_0.smt2	2	M	0.422958	368
QF_NIA_20170427-VeryMax__From_AProVE_2014__juHashMapCreateContainsKey.jar-obl-11__p31778_safety_0.smt2	2	B	0.181505	254
QF_NIA_20170427-VeryMax__From_AProVE_2014__juHashMapCreateContainsKey.jar-obl-11__p31778_safety_0.smt2	2	M	0.37434	254
QF_NIA_20170427-VeryMax__From_AProVE_2014__juHashMapCreateContainsKey.jar-obl-11__p31778_safety_0.smt2	2	A	0.126799	254
QF_NIA_20170427-VeryMax__From_AProVE_2014__juHashMapCreateContainsValue.jar-obl-11__p31970_safety_0.smt2	2	M	0.015793	10
QF_NIA_20170427-VeryMax__From_AProVE_2014__juHashMapCreateContainsValue.jar-obl-11__p31970_safety_0.smt2	2	A	0.01321	10
QF_NIA_20170427-VeryMax__From_AProVE_2014__juHashMapCreateContainsValue.jar-obl-11__p31970_safety_0.smt2	2	B	0.01625	10
QF_NIA_20170427-VeryMax__From_AProVE_2014__juHashMapCreateContainsValue.jar-obl-11__p32093_safety_0.smt2	2	A	0.129541	220
QF_NIA_20170427-VeryMax__From_AProVE_2014__juHashMapCreateContainsValue.jar-obl-11__p32093_safety_0.smt2	2	B	0.185004	220
QF_NIA_20170427-VeryMax__From_AProVE_2014__juHashMapCreateContainsValue.jar-obl-11__p32093_safety_0.smt2	2	M	0.236835	220
QF_NIA_20170427-VeryMax__From_AProVE_2014__juHashMapCreateIsEmpty.jar-obl-10__p1579_safety_0.smt2	2	B	1.00179	1388
QF_NIA_20170427-VeryMax__From_AProVE_2014__juHashMapCreateIsEmpty.jar-obl-10__p1579_safety_0.smt2	2	M	1.40936	1388
QF_NIA_20170427-VeryMax__From_AProVE_2014__juHashMapCreateIsEmpty.jar-obl-10__p1579_safety_0.smt2	2	A	0.749691	1388
QF_NIA_20170427-VeryMax__From_AProVE_2014__juHashMapCreateIsEmpty.jar-obl-10__p1900_safety_0.smt2	2	M	0.246207	282
QF_NIA_20170427-VeryMax__From_AProVE_2014__juHashMapCreateIsEmpty.jar-obl-10__p1900_safety_0.smt2	2	A	0.140881	282
QF_NIA_20170427-VeryMax__From_AProVE_2014__juHashMapCreateIsEmpty.jar-obl-10__p1900_safety_0.smt2	2	B	0.211212	282
QF_NIA_20170427-VeryMax__From_AProVE_2014__juHashMapCreateIteratorEntryLoop.jar-obl-12__p3002_safety_0.smt2	2	A	0.125327	320
QF_NIA_20170427-VeryMax__From_AProVE_2014__juHashMapCreateIteratorEntryLoop.jar-obl-12__p3002_safety_0.smt2	2	B	0.192548	320
QF_NIA_20170427-VeryMax__From_AProVE_2014__juHashMapCreateIteratorEntryLoop.jar-obl-12__p3002_safety_0.smt2	2	M	0.248911	320
QF_NIA_20170427-VeryMax__From_AProVE_2014__juHashMapCreatePut.jar-obl-10__p5968_safety_0.smt2	2	B	0.028123	24
QF_NIA_20170427-VeryMax__From_AProVE_2014__juHashMapCreatePut.jar-obl-10__p5968_safety_0.smt2	2	M	0.02775	24
QF_NIA_20170427-VeryMax__From_AProVE_2014__juHashMapCreatePut.jar-obl-10__p5968_safety_0.smt2	2	A	0.021581	24
QF_NIA_20170427-VeryMax__From_AProVE_2014__juHashMapCreatePut.jar-obl-10__p6107_safety_0.smt2	2	M	2.16198	1806
QF_NIA_20170427-VeryMax__From_AProVE_2014__juHashMapCreatePut.jar-obl-10__p6107_safety_0.smt2	2	A	1.26397	1806
QF_NIA_20170427-VeryMax__From_AProVE_2014__juHashMapCreatePut.jar-obl-10__p6107_safety_0.smt2	2	B	1.55304	1806
QF_NIA_20170427-VeryMax__From_AProVE_2014__juHashMapCreateSize.jar-obl-10__p7163_safety_0.smt2	2	A	0.481156	553
QF_NIA_20170427-VeryMax__From_AProVE_2014__juHashMapCreateSize.jar-obl-10__p7163_safety_0.smt2	2	B	0.580422	553
QF_NIA_20170427-VeryMax__From_AProVE_2014__juHashMapCreateSize.jar-obl-10__p7163_safety_0.smt2	2	M	0.590954	553
QF_NIA_20170427-VeryMax__From_AProVE_2014__juHashMapCreateSize.jar-obl-10__p7575_safety_0.smt2	2	B	3.54508	4476
QF_NIA_20170427-VeryMax__From_AProVE_2014__juHashMapCreateSize.jar-obl-10__p7575_safety_0.smt2	2	M	6.47243	4476
QF_NIA_20170427-VeryMax__From_AProVE_2014__juHashMapCreateSize.jar-obl-10__p7575_safety_0.smt2	2	A	2.4963	4476
QF_NIA_20170427-VeryMax__From_AProVE_2014__juLinkedListCreateAddAllAt.jar-obl-17__p8067_safety_0.smt2	2	M	0.026958	34
QF_NIA_20170427-VeryMax__From_AProVE_2014__juLinkedListCreateAddAllAt.jar-obl-17__p8067_safety_0.smt2	2	A	0.015501	34
QF_NIA_20170427-VeryMax__From_AProVE_2014__juLinkedListCreateAddAllAt.jar-obl-17__p8067_safety_0.smt2	2	B	0.023124	34
QF_NIA_20170427-VeryMax__From_AProVE_2014__juLinkedListCreateAddAllAt.jar-obl-17__p8387_safety_0.smt2	2	A	0.007124	4
QF_NIA_20170427-VeryMax__From_AProVE_2014__juLinkedListCreateAddAllAt.jar-obl-17__p8387_safety_0.smt2	2	B	0.008459	4
QF_NIA_20170427-VeryMax__From_AProVE_2014__juLinkedListCreateAddAllAt.jar-obl-17__p8387_safety_0.smt2	2	M	0.007834	4
QF_NIA_20170427-VeryMax__From_T2__afagp-fail.t2__p15460_terminationG_0.smt2	2	B	0.069041	83
QF_NIA_20170427-VeryMax__From_T2__afagp-fail.t2__p15460_terminationG_0.smt2	2	M	0.073333	83
QF_NIA_20170427-VeryMax__From_T2__afagp-fail.t2__p15460_terminationG_0.smt2	2	A	0.043211	83
QF_NIA_20170427-VeryMax__From_T2__compress.t2__p17866_terminationG_0.smt2	2	M	0.242841	345
QF_NIA_20170427-VeryMax__From_T2__compress.t2__p17866_terminationG_0.smt2	2	A	0.164253	345
QF_NIA_20170427-VeryMax__From_T2__compress.t2__p17866_terminationG_0.smt2	2	B	0.22212	345
QF_NIA_20170427-VeryMax__From_T2__consts3nt.t2_fixed__p18148_terminationG_0.smt2	2	A	0.009417	2
QF_NIA_20170427-VeryMax__From_T2__consts3nt.t2_fixed__p18148_terminationG_0.smt2	2	B	0.011416	2
QF_NIA_20170427-VeryMax__From_T2__consts3nt.t2_fixed__p18148_terminationG_0.smt2	2	M	0.006708	2
QF_NIA_20170427-VeryMax__From_T2__edn.t2__p20109_safety_0.smt2	2	B	0.137503	174
QF_NIA_20170427-VeryMax__From_T2__edn.t2__p20109_safety_0.smt2	2	M	0.131204	174
QF_NIA_20170427-VeryMax__From_T2__edn.t2__p20109_safety_0.smt2	2	A	0.090334	174
QF_NIA_20170427-VeryMax__From_T2__edn.t2__p20654_safety_0.smt2	2	M	1.51966	2174
QF_NIA_20170427-VeryMax__From_T2__edn.t2__p20654_safety_0.smt2	2	A	1.50528	2174
QF_NIA_20170427-VeryMax__From_T2__edn.t2__p20654_safety_0.smt2	2	B	1.95354	2174
QF_NIA_20170427-VeryMax__From_T2__edn.t2__p20682_safety_0.smt2	2	A	0.502399	887
QF_NIA_20170427-VeryMax__From_T2__edn.t2__p20682_safety_0.smt2	2	B	0.681543	887
QF_NIA_20170427-VeryMax__From_T2__edn.t2__p20682_safety_0.smt2	2	M	0.663249	887
QF_NIA_20170427-VeryMax__From_T2__ex36.t2__p29288_safety_0.smt2	2	B	1.37708	1863
QF_NIA_20170427-VeryMax__From_T2__ex36.t2__p29288_safety_0.smt2	2	M	1.25275	1863
QF_NIA_20170427-VeryMax__From_T2__ex36.t2__p29288_safety_0.smt2	2	A	1.06515	1863
QF_NIA_20170427-VeryMax__From_T2__foo.t2__terminationS_23_0.smt2	2	M	0.013499	10
QF_NIA_20170427-VeryMax__From_T2__foo.t2__terminationS_23_0.smt2	2	A	0.012709	10
QF_NIA_20170427-VeryMax__From_T2__foo.t2__terminationS_23_0.smt2	2	B	0.014626	10
QF_NIA_20170427-VeryMax__From_T2__fun9.t2__p1256_edge_closing_0.smt2	2	A	0.194085	526
QF_NIA_20170427-VeryMax__From_T2__fun9.t2__p1256_edge_closing_0.smt2	2	B	0.294413	526
QF_NIA_20170427-VeryMax__From_T2__fun9.t2__p1256_edge_closing_0.smt2	2	M	0.309749	526
QF_NIA_20170427-VeryMax__From_T2__fun9.t2__p1366_edge_closing_0.smt2	2	B	0.037958	42
QF_NIA_20170427-VeryMax__From_T2__fun9.t2__p1366_edge_closing_0.smt2	2	M	0.047914	42
QF_NIA_20170427-VeryMax__From_T2__fun9.t2__p1366_edge_closing_0.smt2	2	A	0.036248	42
QF_NIA_20170427-VeryMax__From_T2__hqr.c.i.hqr.pl.t2.nor.t2.rlgfixed.t2_fixed__terminationS_49_0.smt2	2	M	0.006209	2
QF_NIA_20170427-VeryMax__From_T2__hqr.c.i.hqr.pl.t2.nor.t2.rlgfixed.t2_fixed__terminationS_49_0.smt2	2	A	0.010709	2
QF_NIA_20170427-VeryMax__From_T2__hqr.c.i.hqr.pl.t2.nor.t2.rlgfixed.t2_fixed__terminationS_49_0.smt2	2	B	0.011375	2
QF_NIA_20170427-VeryMax__From_T2__hqr.c.i.hqr.pl.t2.nor.t2.rlgfixed.t2_fixed__terminationS_61_0.smt2	2	A	0.038333	64
QF_NIA_20170427-VeryMax__From_T2__hqr.c.i.hqr.pl.t2.nor.t2.rlgfixed.t2_fixed__terminationS_61_0.smt2	2	B	0.053581	64
QF_NIA_20170427-VeryMax__From_T2__hqr.c.i.hqr.pl.t2.nor.t2.rlgfixed.t2_fixed__terminationS_61_0.smt2	2	M	0.058001	64
QF_NIA_20170427-VeryMax__From_T2__janne_complex.t2__p2259_terminationG_0.smt2	2	B	0.030791	30
QF_NIA_20170427-VeryMax__From_T2__janne_complex.t2__p2259_terminationG_0.smt2	2	M	0.039294	30
QF_NIA_20170427-VeryMax__From_T2__janne_complex.t2__p2259_terminationG_0.smt2	2	A	0.023584	30
QF_NIA_20170427-VeryMax__From_T2__matmul.t2__p2657_terminationG_0.smt2	2	M	0.041	38
QF_NIA_20170427-VeryMax__From_T2__matmul.t2__p2657_terminationG_0.smt2	2	A	0.021627	38
QF_NIA_20170427-VeryMax__From_T2__matmul.t2__p2657_terminationG_0.smt2	2	B	0.032956	38
QF_NIA_20170427-VeryMax__From_T2__n-7.t2_fixed__p4908_terminationG_0.smt2	2	A	0.030333	14
QF_NIA_20170427-VeryMax__From_T2__n-7.t2_fixed__p4908_terminationG_0.smt2	2	B	0.033958	14
QF_NIA_20170427-VeryMax__From_T2__n-7.t2_fixed__p4908_terminationG_0.smt2	2	M	0.025459	14
QF_NIA_20170427-VeryMax__From_T2__s1-striped.t2__p12567_safety_0.smt2	2	B	0.018959	8
QF_NIA_20170427-VeryMax__From_T2__s1-striped.t2__p12567_safety_0.smt2	2	M	0.014207	8
QF_NIA_20170427-VeryMax__From_T2__s1-striped.t2__p12567_safety_0.smt2	2	A	0.015168	8
QF_NIA_20170427-VeryMax__From_T2__s1-striped.t2__p13166_safety_0.smt2	2	M	0.012749	8
QF_NIA_20170427-VeryMax__From_T2__s1-striped.t2__p13166_safety_0.smt2	2	A	0.011709	8
QF_NIA_20170427-VeryMax__From_T2__s1-striped.t2__p13166_safety_0.smt2	2	B	0.015875	8
QF_NIA_20170427-VeryMax__From_T2__s1-striped.t2__p13877_safety_0.smt2	2	A	0.007291	2
QF_NIA_20170427-VeryMax__From_T2__s1-striped.t2__p13877_safety_0.smt2	2	B	0.01025	2
QF_NIA_20170427-VeryMax__From_T2__s1-striped.t2__p13877_safety_0.smt2	2	M	0.012624	2
QF_NIA_20170427-VeryMax__From_T2__s1.t2_fixed__p16651_safety_0.smt2	2	B	0.006958	2
QF_NIA_20170427-VeryMax__From_T2__s1.t2_fixed__p16651_safety_0.smt2	2	M	0.005875	2
QF_NIA_20170427-VeryMax__From_T2__s1.t2_fixed__p16651_safety_0.smt2	2	A	0.006291	2
QF_NIA_20170427-VeryMax__From_T2__s1.t2_fixed__p17151_safety_0.smt2	2	M	1.28946	1587
QF_NIA_20170427-VeryMax__From_T2__s1.t2_fixed__p17151_safety_0.smt2	2	A	1.03538	1587
QF_NIA_20170427-VeryMax__From_T2__s1.t2_fixed__p17151_safety_0.smt2	2	B	1.32214	1587
QF_NIA_20170427-VeryMax__From_T2__slayer-3-filtered.t2__p21681_safety_0.smt2	2	A	1.6316	2935
QF_NIA_20170427-VeryMax__From_T2__slayer-3-filtered.t2__p21681_safety_0.smt2	2	B	2.14906	2935
QF_NIA_20170427-VeryMax__From_T2__slayer-3-filtered.t2__p21681_safety_0.smt2	2	M	1.9778	2935
QF_NIA_20170427-VeryMax__From_T2__slayer-3-filtered.t2__p21744_safety_0.smt2	2	B	0.123375	107
QF_NIA_20170427-VeryMax__From_T2__slayer-3-filtered.t2__p21744_safety_0.smt2	2	M	0.100502	107
QF_NIA_20170427-VeryMax__From_T2__slayer-3-filtered.t2__p21744_safety_0.smt2	2	A	0.10108	107
QF_NIA_20170427-VeryMax__From_T2__slayer-3-new.t2_fixed__p21823_safety_0.smt2	2	M	0.023458	14
QF_NIA_20170427-VeryMax__From_T2__slayer-3-new.t2_fixed__p21823_safety_0.smt2	2	A	0.01704	14
QF_NIA_20170427-VeryMax__From_T2__slayer-3-new.t2_fixed__p21823_safety_0.smt2	2	B	0.02204	14
QF_NIA_20170427-VeryMax__From_T2__slayer-n5-filtered.t2__p23330_terminationG_0.smt2	2	A	0.011125	4
QF_NIA_20170427-VeryMax__From_T2__slayer-n5-filtered.t2__p23330_terminationG_0.smt2	2	B	0.012959	4
QF_NIA_20170427-VeryMax__From_T2__slayer-n5-filtered.t2__p23330_terminationG_0.smt2	2	M	0.008584	4
QF_NIA_20170427-VeryMax__From_T2__slayer-n5-filtered.t2__p23398_safety_0.smt2	2	B	0.446874	727
QF_NIA_20170427-VeryMax__From_T2__slayer-n5-filtered.t2__p23398_safety_0.smt2	2	M	0.473208	727
QF_NIA_20170427-VeryMax__From_T2__slayer-n5-filtered.t2__p23398_safety_0.smt2	2	A	0.312538	727
QF_NIA_20170427-VeryMax__From_T2__svdcmp.t2_fixed__term_unfeasibility_11_0.smt2	2	M	0.019625	20
QF_NIA_20170427-VeryMax__From_T2__svdcmp.t2_fixed__term_unfeasibility_11_0.smt2	2	A	0.020291	20
QF_NIA_20170427-VeryMax__From_T2__svdcmp.t2_fixed__term_unfeasibility_11_0.smt2	2	B	0.024209	20
QF_NIA_20170427-VeryMax__From_T2__zlib-adler32.c.t2__p25934_safety_0.smt2	2	A	0.02296	28
QF_NIA_20170427-VeryMax__From_T2__zlib-adler32.c.t2__p25934_safety_0.smt2	2	B	0.0325	28
QF_NIA_20170427-VeryMax__From_T2__zlib-adler32.c.t2__p25934_safety_0.smt2	2	M	0.034916	28
QF_NIA_20170427-VeryMax__Stroeder_15__4NestedWith3Variables_true-termination.c__p20203_terminationG_0.smt2	2	B	2.24412	2258
QF_NIA_20170427-VeryMax__Stroeder_15__4NestedWith3Variables_true-termination.c__p20203_terminationG_0.smt2	2	M	1.74613	2258
QF_NIA_20170427-VeryMax__Stroeder_15__4NestedWith3Variables_true-termination.c__p20203_terminationG_0.smt2	2	A	1.89515	2258
QF_NIA_20170427-VeryMax__Stroeder_15__GulwaniJainKoskinen-PLDI2009-Fig1_true-termination.c__p23679_edge_closing_0.smt2	2	M	0.0445	20
QF_NIA_20170427-VeryMax__Stroeder_15__GulwaniJainKoskinen-PLDI2009-Fig1_true-termination.c__p23679_edge_closing_0.smt2	2	A	0.068335	20
QF_NIA_20170427-VeryMax__Stroeder_15__GulwaniJainKoskinen-PLDI2009-Fig1_true-termination.c__p23679_edge_closing_0.smt2	2	B	0.079876	20
QF_NIA_20170427-VeryMax__Stroeder_15__GulwaniJainKoskinen-PLDI2009-Fig1_true-termination.c__p23704_edge_closing_0.smt2	2	A	0.008916	2
QF_NIA_20170427-VeryMax__Stroeder_15__GulwaniJainKoskinen-PLDI2009-Fig1_true-termination.c__p23704_edge_closing_0.smt2	2	B	0.011209	2
QF_NIA_20170427-VeryMax__Stroeder_15__GulwaniJainKoskinen-PLDI2009-Fig1_true-termination.c__p23704_edge_closing_0.smt2	2	M	0.009501	2
QF_NIA_20170427-VeryMax__Stroeder_15__svcomp_ex2.c__p25876_terminationG_0.smt2	2	B	0.012126	2
QF_NIA_20170427-VeryMax__Stroeder_15__svcomp_ex2.c__p25876_terminationG_0.smt2	2	M	0.007792	2
QF_NIA_20170427-VeryMax__Stroeder_15__svcomp_ex2.c__p25876_terminationG_0.smt2	2	A	0.009625	2
QF_NIA_20170427-VeryMax__Stroeder_15__svcomp_ex2.c__p25913_terminationG_0.smt2	2	M	0.359418	523
QF_NIA_20170427-VeryMax__Stroeder_15__svcomp_ex2.c__p25913_terminationG_0.smt2	2	A	0.236956	523
QF_NIA_20170427-VeryMax__Stroeder_15__svcomp_ex2.c__p25913_terminationG_0.smt2	2	B	0.336722	523
QF_NIA_20210219-Dartagnan__lcm2_unwindbound10-O0.smt2	2	A	0.005708	2
QF_NIA_20210219-Dartagnan__lcm2_unwindbound10-O0.smt2	2	B	0.0075	2
QF_NIA_20210219-Dartagnan__lcm2_unwindbound10-O0.smt2	2	M	0.006292	2
QF_NIA_20220315-MathProblems__MS_07.smt2	2	B	1.71435	3518
QF_NIA_20220315-MathProblems__MS_07.smt2	2	M	1.95973	3518
QF_NIA_20220315-MathProblems__MS_07.smt2	2	A	0.92794	3518
QF_NIA_20220315-MathProblems__SF_11.smt2	2	M	0.010833	3
QF_NIA_20220315-MathProblems__SF_11.smt2	2	A	0.013666	3
QF_NIA_20220315-MathProblems__SF_11.smt2	2	B	0.015959	3
QF_NIA_20220315-MathProblems__STC_0030.smt2	2	A	4.91774	9772
QF_NIA_20220315-MathProblems__STC_0030.smt2	2	B	7.79628	9772
QF_NIA_20220315-MathProblems__STC_0030.smt2	2	M	8.40073	9772
QF_NIA_20220315-MathProblems__STC_0148.smt2	2	B	7.22516	9264
QF_NIA_20220315-MathProblems__STC_0148.smt2	2	M	8.22112	9264
QF_NIA_20220315-MathProblems__STC_0148.smt2	2	A	4.73927	9264
QF_NIA_20220315-MathProblems__STC_0157.smt2	2	M	10.5242	12123
QF_NIA_20220315-MathProblems__STC_0157.smt2	2	A	6.10378	12123
QF_NIA_20220315-MathProblems__STC_0157.smt2	2	B	9.5585	12123
QF_NIA_20220315-MathProblems__STC_0173.smt2	2	A	5.72735	11212
QF_NIA_20220315-MathProblems__STC_0173.smt2	2	B	8.79883	11212
QF_NIA_20220315-MathProblems__STC_0173.smt2	2	M	9.61482	11212
QF_NIA_20220315-MathProblems__STC_0176.smt2	2	B	8.15648	10116
QF_NIA_20220315-MathProblems__STC_0176.smt2	2	M	8.68933	10116
QF_NIA_20220315-MathProblems__STC_0176.smt2	2	A	4.96047	10116
QF_NIA_20220315-MathProblems__STC_0183.smt2	2	M	8.93263	10134
QF_NIA_20220315-MathProblems__STC_0183.smt2	2	A	5.05333	10134
QF_NIA_20220315-MathProblems__STC_0183.smt2	2	B	8.18567	10134
QF_NIA_20220315-MathProblems__STC_0187.smt2	2	A	5.66334	10563
QF_NIA_20220315-MathProblems__STC_0187.smt2	2	B	8.74573	10563
QF_NIA_20220315-MathProblems__STC_0187.smt2	2	M	9.06731	10563
QF_NIA_20220315-MathProblems__STC_0189.smt2	2	B	0.013249	5
QF_NIA_20220315-MathProblems__STC_0189.smt2	2	M	0.01525	5
QF_NIA_20220315-MathProblems__STC_0189.smt2	2	A	0.009166	5
QF_NIA_20220315-MathProblems__STC_0205.smt2	2	M	0.521706	454
QF_NIA_20220315-MathProblems__STC_0205.smt2	2	A	0.249379	454
QF_NIA_20220315-MathProblems__STC_0205.smt2	2	B	0.435248	454
QF_NIA_20220315-MathProblems__STC_0340.smt2	2	A	0.326753	560
QF_NIA_20220315-MathProblems__STC_0340.smt2	2	B	0.502492	560
QF_NIA_20220315-MathProblems__STC_0340.smt2	2	M	0.635923	560
QF_NIA_20220315-MathProblems__STC_0385.smt2	2	B	0.469499	457
QF_NIA_20220315-MathProblems__STC_0385.smt2	2	M	0.514536	457
QF_NIA_20220315-MathProblems__STC_0385.smt2	2	A	0.2536	457
QF_NIA_20220315-MathProblems__STC_0388.smt2	2	M	0.692447	663
QF_NIA_20220315-MathProblems__STC_0388.smt2	2	A	0.409576	663
QF_NIA_20220315-MathProblems__STC_0388.smt2	2	B	0.588636	663
QF_NIA_20220315-MathProblems__STC_0456.smt2	2	A	0.280758	518
QF_NIA_20220315-MathProblems__STC_0456.smt2	2	B	0.484421	518
QF_NIA_20220315-MathProblems__STC_0456.smt2	2	M	0.646869	518
QF_NIA_20220315-MathProblems__STC_0493.smt2	2	B	0.571441	574
QF_NIA_20220315-MathProblems__STC_0493.smt2	2	M	0.668054	574
QF_NIA_20220315-MathProblems__STC_0493.smt2	2	A	0.317179	574
QF_NIA_20220315-MathProblems__STC_0541.smt2	2	M	0.644208	587
QF_NIA_20220315-MathProblems__STC_0541.smt2	2	A	0.325757	587
QF_NIA_20220315-MathProblems__STC_0541.smt2	2	B	0.550151	587
QF_NIA_20220315-MathProblems__STC_0563.smt2	2	A	7.26803	13992
QF_NIA_20220315-MathProblems__STC_0563.smt2	2	B	10.8964	13992
QF_NIA_20220315-MathProblems__STC_0563.smt2	2	M	12.0156	13992
QF_NIA_20220315-MathProblems__STC_0584.smt2	2	B	0.501454	563
QF_NIA_20220315-MathProblems__STC_0584.smt2	2	M	0.592364	563
QF_NIA_20220315-MathProblems__STC_0584.smt2	2	A	0.296213	563
QF_NIA_20220315-MathProblems__STC_0609.smt2	2	M	2.27789	1737
QF_NIA_20220315-MathProblems__STC_0609.smt2	2	A	0.865783	1737
QF_NIA_20220315-MathProblems__STC_0609.smt2	2	B	1.57437	1737
QF_NIA_20220315-MathProblems__STC_0629.smt2	2	A	0.253124	472
QF_NIA_20220315-MathProblems__STC_0629.smt2	2	B	0.482198	472
QF_NIA_20220315-MathProblems__STC_0629.smt2	2	M	0.512955	472
QF_NIA_20220315-MathProblems__STC_0650.smt2	2	B	8.54402	10714
QF_NIA_20220315-MathProblems__STC_0650.smt2	2	M	9.22079	10714
QF_NIA_20220315-MathProblems__STC_0650.smt2	2	A	5.35044	10714
QF_NIA_20220315-MathProblems__STC_0693.smt2	2	M	8.26874	9612
QF_NIA_20220315-MathProblems__STC_0693.smt2	2	A	4.89108	9612
QF_NIA_20220315-MathProblems__STC_0693.smt2	2	B	7.77887	9612
QF_NIA_20220315-MathProblems__STC_0707.smt2	2	A	4.59711	9587
QF_NIA_20220315-MathProblems__STC_0707.smt2	2	B	7.7156	9587
QF_NIA_20220315-MathProblems__STC_0707.smt2	2	M	8.44212	9587
QF_NIA_20220315-MathProblems__STC_0739.smt2	2	B	0.397281	433
QF_NIA_20220315-MathProblems__STC_0739.smt2	2	M	0.472793	433
QF_NIA_20220315-MathProblems__STC_0739.smt2	2	A	0.232378	433
QF_NIA_20220315-MathProblems__STC_0755.smt2	2	M	0.69704	598
QF_NIA_20220315-MathProblems__STC_0755.smt2	2	A	0.338838	598
QF_NIA_20220315-MathProblems__STC_0755.smt2	2	B	0.546472	598
QF_NIA_20220315-MathProblems__STC_0770.smt2	2	A	5.47314	10729
QF_NIA_20220315-MathProblems__STC_0770.smt2	2	B	8.57358	10729
QF_NIA_20220315-MathProblems__STC_0770.smt2	2	M	8.9323	10729
QF_NIA_20220315-MathProblems__STC_0903.smt2	2	B	7.3093	8955
QF_NIA_20220315-MathProblems__STC_0903.smt2	2	M	7.57085	8955
QF_NIA_20220315-MathProblems__STC_0903.smt2	2	A	4.62572	8955
QF_NIA_20220315-MathProblems__STC_0959.smt2	2	M	9.46279	10640
QF_NIA_20220315-MathProblems__STC_0959.smt2	2	A	5.42249	10640
QF_NIA_20220315-MathProblems__STC_0959.smt2	2	B	8.43869	10640
QF_NIA_20220315-MathProblems__STC_1000.smt2	2	A	0.007334	2
QF_NIA_20220315-MathProblems__STC_1000.smt2	2	B	0.007832	2
QF_NIA_20220315-MathProblems__STC_1000.smt2	2	M	0.0085	2
QF_NIA_20230321-UltimateAutomizerSvcomp2023__egcd.c_1.smt2	2	B	0.033417	13
QF_NIA_20230321-UltimateAutomizerSvcomp2023__egcd.c_1.smt2	2	M	0.019208	13
QF_NIA_20230321-UltimateAutomizerSvcomp2023__egcd.c_1.smt2	2	A	0.02854	13
QF_NIA_20230321-UltimateAutomizerSvcomp2023__ps5-ll.c_10.smt2	2	M	2.1559	1869
QF_NIA_20230321-UltimateAutomizerSvcomp2023__ps5-ll.c_10.smt2	2	A	2.76242	1869
QF_NIA_20230321-UltimateAutomizerSvcomp2023__ps5-ll.c_10.smt2	2	B	3.52047	1869
QF_NIA_20230321-UltimateAutomizerSvcomp2023__ps6.c_0.smt2	2	A	2.37929	2514
QF_NIA_20230321-UltimateAutomizerSvcomp2023__ps6.c_0.smt2	2	B	3.19168	2514
QF_NIA_20230321-UltimateAutomizerSvcomp2023__ps6.c_0.smt2	2	M	1.95681	2514
QF_NIA_20230321-UltimateAutomizerSvcomp2023__ps6.c_11.smt2	2	B	1.91497	1547
QF_NIA_20230321-UltimateAutomizerSvcomp2023__ps6.c_11.smt2	2	M	1.31592	1547
QF_NIA_20230321-UltimateAutomizerSvcomp2023__ps6.c_11.smt2	2	A	1.62387	1547
QF_NIA_20230321-UltimateAutomizerSvcomp2023__ps6.c_13.smt2	2	M	3.71325	4633
QF_NIA_20230321-UltimateAutomizerSvcomp2023__ps6.c_13.smt2	2	A	4.13299	4633
QF_NIA_20230321-UltimateAutomizerSvcomp2023__ps6.c_13.smt2	2	B	4.98657	4633
QF_NIA_20230328-sqrtmodinv-hoenicke__modInv16.smt2	2	A	17.6254	6905
QF_NIA_20230328-sqrtmodinv-hoenicke__modInv16.smt2	2	B	18.9058	6905
QF_NIA_20230328-sqrtmodinv-hoenicke__modInv16.smt2	2	M	10.7251	6905
QF_NIA_20230328-sqrtmodinv-hoenicke__modInv32.smt2	2	B	0.059291	10
QF_NIA_20230328-sqrtmodinv-hoenicke__modInv32.smt2	2	M	0.035458	10
QF_NIA_20230328-sqrtmodinv-hoenicke__modInv32.smt2	2	A	0.051125	10
QF_NIA_20230328-sqrtmodinv-hoenicke__modInv8.smt2	2	M	33.9979	63091
QF_NIA_20230328-sqrtmodinv-hoenicke__modInv8.smt2	2	A	23.2636	63091
QF_NIA_20230328-sqrtmodinv-hoenicke__modInv8.smt2	2	B	32.1222	63091
QF_NIA_20230328-sqrtmodinv-hoenicke__modInvInitial.smt2	2	A	0.675831	2812
QF_NIA_20230328-sqrtmodinv-hoenicke__modInvInitial.smt2	2	B	1.17109	2812
QF_NIA_20230328-sqrtmodinv-hoenicke__modInvInitial.smt2	2	M	1.26691	2812
QF_NIA_20230328-sqrtmodinv-hoenicke__modInvStep.smt2	2	B	25.3099	57748
QF_NIA_20230328-sqrtmodinv-hoenicke__modInvStep.smt2	2	M	28.6698	57748
QF_NIA_20230328-sqrtmodinv-hoenicke__modInvStep.smt2	2	A	16.6595	57748
QF_NIA_20230328-sqrtmodinv-hoenicke__modInvStepSimplified.smt2	2	M	1.31066	2830
QF_NIA_20230328-sqrtmodinv-hoenicke__modInvStepSimplified.smt2	2	A	0.627439	2830
QF_NIA_20230328-sqrtmodinv-hoenicke__modInvStepSimplified.smt2	2	B	1.03455	2830
QF_NIA_20230328-sqrtmodinv-hoenicke__modInvVar1.smt2	2	A	18.5584	71013
QF_NIA_20230328-sqrtmodinv-hoenicke__modInvVar1.smt2	2	B	30.0601	71013
QF_NIA_20230328-sqrtmodinv-hoenicke__modInvVar1.smt2	2	M	38.5441	71013
QF_NIA_20230328-sqrtmodinv-hoenicke__modSimpleTest.smt2	2	B	0.013709	2
QF_NIA_20230328-sqrtmodinv-hoenicke__modSimpleTest.smt2	2	M	0.007042	2
QF_NIA_20230328-sqrtmodinv-hoenicke__modSimpleTest.smt2	2	A	0.010041	2
QF_NIA_20230328-sqrtmodinv-hoenicke__sqrtStep1.smt2	2	M	0.094664	126
QF_NIA_20230328-sqrtmodinv-hoenicke__sqrtStep1.smt2	2	A	0.104207	126
QF_NIA_20230328-sqrtmodinv-hoenicke__sqrtStep1.smt2	2	B	0.134751	126
QF_NIA_20230328-sqrtmodinv-hoenicke__sqrtStep1a.smt2	2	A	0.103083	126
QF_NIA_20230328-sqrtmodinv-hoenicke__sqrtStep1a.smt2	2	B	0.129618	126
QF_NIA_20230328-sqrtmodinv-hoenicke__sqrtStep1a.smt2	2	M	0.094788	126
QF_NIA_20230328-sqrtmodinv-hoenicke__sqrtStep2.smt2	2	B	0.062287	82
QF_NIA_20230328-sqrtmodinv-hoenicke__sqrtStep2.smt2	2	M	0.065791	82
QF_NIA_20230328-sqrtmodinv-hoenicke__sqrtStep2.smt2	2	A	0.047206	82
QF_NIA_20230328-sqrtmodinv-hoenicke__sqrtStep2a.smt2	2	M	0.064501	82
QF_NIA_20230328-sqrtmodinv-hoenicke__sqrtStep2a.smt2	2	A	0.048539	82
QF_NIA_20230328-sqrtmodinv-hoenicke__sqrtStep2a.smt2	2	B	0.068954	82
QF_NIA_20230328-sqrtmodinv-hoenicke__sqrtStep3.smt2	2	A	0.061208	98
QF_NIA_20230328-sqrtmodinv-hoenicke__sqrtStep3.smt2	2	B	0.087785	98
QF_NIA_20230328-sqrtmodinv-hoenicke__sqrtStep3.smt2	2	M	0.07933	98
QF_NIA_20230328-sqrtmodinv-hoenicke__sqrtStep3a.smt2	2	B	0.123829	128
QF_NIA_20230328-sqrtmodinv-hoenicke__sqrtStep3a.smt2	2	M	0.106207	128
QF_NIA_20230328-sqrtmodinv-hoenicke__sqrtStep3a.smt2	2	A	0.092788	128
QF_NIA_20230328-sqrtmodinv-hoenicke__sqrtStep4.smt2	2	M	0.06758	68
QF_NIA_20230328-sqrtmodinv-hoenicke__sqrtStep4.smt2	2	A	0.051039	68
QF_NIA_20230328-sqrtmodinv-hoenicke__sqrtStep4.smt2	2	B	0.068498	68
QF_NIA_20230328-sqrtmodinv-hoenicke__sqrtStep4a.smt2	2	A	0.081499	128
QF_NIA_20230328-sqrtmodinv-hoenicke__sqrtStep4a.smt2	2	B	0.114917	128
QF_NIA_20230328-sqrtmodinv-hoenicke__sqrtStep4a.smt2	2	M	0.116003	128
QF_NIA_20230328-sqrtmodinv-hoenicke__sqrtStep5.smt2	2	B	0.092794	86
QF_NIA_20230328-sqrtmodinv-hoenicke__sqrtStep5.smt2	2	M	0.098118	86
QF_NIA_20230328-sqrtmodinv-hoenicke__sqrtStep5.smt2	2	A	0.06746	86
QF_NIA_20230328-sqrtmodinv-hoenicke__sqrtStep5a.smt2	2	M	0.130792	128
QF_NIA_20230328-sqrtmodinv-hoenicke__sqrtStep5a.smt2	2	A	0.094296	128
QF_NIA_20230328-sqrtmodinv-hoenicke__sqrtStep5a.smt2	2	B	0.12425	128
QF_NIA_20230328-sqrtmodinv-hoenicke__sqrtStep6.smt2	2	A	0.077046	86
QF_NIA_20230328-sqrtmodinv-hoenicke__sqrtStep6.smt2	2	B	0.101708	86
QF_NIA_20230328-sqrtmodinv-hoenicke__sqrtStep6.smt2	2	M	0.122461	86
QF_NIA_20230328-sqrtmodinv-hoenicke__sqrtStep6a.smt2	2	B	0.165626	122
QF_NIA_20230328-sqrtmodinv-hoenicke__sqrtStep6a.smt2	2	M	0.179327	122
QF_NIA_20230328-sqrtmodinv-hoenicke__sqrtStep6a.smt2	2	A	0.139124	122
QF_NIA_20230328-sqrtmodinv-hoenicke__sqrtStep7.smt2	2	M	0.828716	206
QF_NIA_20230328-sqrtmodinv-hoenicke__sqrtStep7.smt2	2	A	0.897039	206
QF_NIA_20230328-sqrtmodinv-hoenicke__sqrtStep7.smt2	2	B	0.941872	206
QF_NIA_20230328-sqrtmodinv-hoenicke__sqrtStep7a.smt2	2	A	0.181293	122
QF_NIA_20230328-sqrtmodinv-hoenicke__sqrtStep7a.smt2	2	B	0.221207	122
QF_NIA_20230328-sqrtmodinv-hoenicke__sqrtStep7a.smt2	2	M	0.26954	122
QF_NIA_20230328-sqrtmodinv-hoenicke__sqrtStepFinal.smt2	2	B	3.09114	6674
QF_NIA_20230328-sqrtmodinv-hoenicke__sqrtStepFinal.smt2	2	M	3.39979	6674
QF_NIA_20230328-sqrtmodinv-hoenicke__sqrtStepFinal.smt2	2	A	2.15631	6674
QF_NIA_20230328-sqrtmodinv-hoenicke__sqrtStepFinala.smt2	2	M	20.0611	39614
QF_NIA_20230328-sqrtmodinv-hoenicke__sqrtStepFinala.smt2	2	A	11.9752	39614
QF_NIA_20230328-sqrtmodinv-hoenicke__sqrtStepFinala.smt2	2	B	17.8818	39614
QF_NIA_20250331-elster__C_2.smt2	2	A	0.0095	2
QF_NIA_20250331-elster__C_2.smt2	2	B	0.010459	2
QF_NIA_20250331-elster__C_2.smt2	2	M	0.00725	2
QF_NIA_AProVE__aproveSMT1273731352138297194.smt2	2	B	0.354835	224
QF_NIA_AProVE__aproveSMT1273731352138297194.smt2	2	M	0.282499	224
QF_NIA_AProVE__aproveSMT1273731352138297194.smt2	2	A	0.33553	224
QF_NIA_AProVE__aproveSMT1682483342197094972.smt2	2	M	0.048082	30
QF_NIA_AProVE__aproveSMT1682483342197094972.smt2	2	A	0.042956	30
QF_NIA_AProVE__aproveSMT1682483342197094972.smt2	2	B	0.055126	30
QF_NIA_AProVE__aproveSMT2104748456448998709.smt2	2	A	0.295369	219
QF_NIA_AProVE__aproveSMT2104748456448998709.smt2	2	B	0.356207	219
QF_NIA_AProVE__aproveSMT2104748456448998709.smt2	2	M	0.29645	219
QF_NIA_AProVE__aproveSMT2163640444650240229.smt2	2	B	0.099793	88
QF_NIA_AProVE__aproveSMT2163640444650240229.smt2	2	M	0.084999	88
QF_NIA_AProVE__aproveSMT2163640444650240229.smt2	2	A	0.081792	88
QF_NIA_AProVE__aproveSMT3306422790231477425.smt2	2	M	0.352839	241
QF_NIA_AProVE__aproveSMT3306422790231477425.smt2	2	A	0.58058	241
QF_NIA_AProVE__aproveSMT3306422790231477425.smt2	2	B	0.715035	241
QF_NIA_AProVE__aproveSMT3420388863619787077.smt2	2	A	0.160875	93
QF_NIA_AProVE__aproveSMT3420388863619787077.smt2	2	B	0.184918	93
QF_NIA_AProVE__aproveSMT3420388863619787077.smt2	2	M	0.146129	93
QF_NIA_AProVE__aproveSMT3483701614621556321.smt2	2	B	0.045794	22
QF_NIA_AProVE__aproveSMT3483701614621556321.smt2	2	M	0.03679	22
QF_NIA_AProVE__aproveSMT3483701614621556321.smt2	2	A	0.045166	22
QF_NIA_AProVE__aproveSMT3711749212931521777.smt2	2	M	0.231002	284
QF_NIA_AProVE__aproveSMT3711749212931521777.smt2	2	A	0.17746	284
QF_NIA_AProVE__aproveSMT3711749212931521777.smt2	2	B	0.224129	284
QF_NIA_AProVE__aproveSMT4239815710630693785.smt2	2	A	0.015708	7
QF_NIA_AProVE__aproveSMT4239815710630693785.smt2	2	B	0.018793	7
QF_NIA_AProVE__aproveSMT4239815710630693785.smt2	2	M	0.013501	7
QF_NIA_AProVE__aproveSMT4709971078612194434.smt2	2	B	0.463221	449
QF_NIA_AProVE__aproveSMT4709971078612194434.smt2	2	M	0.397292	449
QF_NIA_AProVE__aproveSMT4709971078612194434.smt2	2	A	0.37712	449
QF_NIA_AProVE__aproveSMT4870145291684036249.smt2	2	M	0.047373	58
QF_NIA_AProVE__aproveSMT4870145291684036249.smt2	2	A	0.044586	58
QF_NIA_AProVE__aproveSMT4870145291684036249.smt2	2	B	0.053502	58
QF_NIA_AProVE__aproveSMT4968692977299917888.smt2	2	A	0.023586	43
QF_NIA_AProVE__aproveSMT4968692977299917888.smt2	2	B	0.033748	43
QF_NIA_AProVE__aproveSMT4968692977299917888.smt2	2	M	0.04033	43
QF_NIA_AProVE__aproveSMT4972425496508857728.smt2	2	B	0.052999	38
QF_NIA_AProVE__aproveSMT4972425496508857728.smt2	2	M	0.039876	38
QF_NIA_AProVE__aproveSMT4972425496508857728.smt2	2	A	0.04025	38
QF_NIA_AProVE__aproveSMT5081480561387483523.smt2	2	M	0.020374	9
QF_NIA_AProVE__aproveSMT5081480561387483523.smt2	2	A	0.015581	9
QF_NIA_AProVE__aproveSMT5081480561387483523.smt2	2	B	0.018709	9
QF_NIA_AProVE__aproveSMT6061013276766078350.smt2	2	A	0.704545	445
QF_NIA_AProVE__aproveSMT6061013276766078350.smt2	2	B	0.765751	445
QF_NIA_AProVE__aproveSMT6061013276766078350.smt2	2	M	0.549287	445
QF_NIA_AProVE__aproveSMT6531155344723557531.smt2	2	B	0.812071	882
QF_NIA_AProVE__aproveSMT6531155344723557531.smt2	2	M	0.623547	882
QF_NIA_AProVE__aproveSMT6531155344723557531.smt2	2	A	0.616488	882
QF_NIA_AProVE__aproveSMT6744620754635880037.smt2	2	M	0.082543	78
QF_NIA_AProVE__aproveSMT6744620754635880037.smt2	2	A	0.103168	78
QF_NIA_AProVE__aproveSMT6744620754635880037.smt2	2	B	0.126498	78
QF_NIA_AProVE__aproveSMT6761189929823789229.smt2	2	A	0.056623	97
QF_NIA_AProVE__aproveSMT6761189929823789229.smt2	2	B	0.083249	97
QF_NIA_AProVE__aproveSMT6761189929823789229.smt2	2	M	0.086208	97
QF_NIA_AProVE__aproveSMT7934578101815516403.smt2	2	B	0.363212	333
QF_NIA_AProVE__aproveSMT7934578101815516403.smt2	2	M	0.283291	333
QF_NIA_AProVE__aproveSMT7934578101815516403.smt2	2	A	0.279668	333
QF_NIA_AProVE__aproveSMT8211259659113423333.smt2	2	M	0.014417	12
QF_NIA_AProVE__aproveSMT8211259659113423333.smt2	2	A	0.015876	12
QF_NIA_AProVE__aproveSMT8211259659113423333.smt2	2	B	0.018917	12
QF_NIA_AProVE__aproveSMT8505973648273075649.smt2	2	A	0.635905	722
QF_NIA_AProVE__aproveSMT8505973648273075649.smt2	2	B	0.772618	722
QF_NIA_AProVE__aproveSMT8505973648273075649.smt2	2	M	0.77725	722
QF_NIA_AProVE__aproveSMT9058095127082541976.smt2	2	B	0.700508	298
QF_NIA_AProVE__aproveSMT9058095127082541976.smt2	2	M	0.481998	298
QF_NIA_AProVE__aproveSMT9058095127082541976.smt2	2	A	0.628796	298
QF_NIA_leipzig__term-4AzLVe.smt2	2	M	0.010083	4
QF_NIA_leipzig__term-4AzLVe.smt2	2	A	0.012875	4
QF_NIA_leipzig__term-4AzLVe.smt2	2	B	0.014333	4
QF_NIA_leipzig__term-4LNX6G.smt2	2	A	0.012626	20
QF_NIA_leipzig__term-4LNX6G.smt2	2	B	0.017418	20
QF_NIA_leipzig__term-4LNX6G.smt2	2	M	0.01875	20
QF_NIA_leipzig__term-BWHEfg.smt2	2	B	0.031292	26
QF_NIA_leipzig__term-BWHEfg.smt2	2	M	0.028544	26
QF_NIA_leipzig__term-BWHEfg.smt2	2	A	0.023917	26
QF_NIA_leipzig__term-H9wl52.smt2	2	M	0.006125	2
QF_NIA_leipzig__term-H9wl52.smt2	2	A	0.006541	2
QF_NIA_leipzig__term-H9wl52.smt2	2	B	0.00725	2
QF_NIA_leipzig__term-bEER96.smt2	2	A	0.039164	66
QF_NIA_leipzig__term-bEER96.smt2	2	B	0.062956	66
QF_NIA_leipzig__term-bEER96.smt2	2	M	0.061294	66
QF_NIA_leipzig__term-ddoFAO.smt2	2	B	0.207373	49
QF_NIA_leipzig__term-ddoFAO.smt2	2	M	0.169417	49
QF_NIA_leipzig__term-ddoFAO.smt2	2	A	0.180377	49
QF_NIA_leipzig__term-f2cozZ.smt2	2	M	0.007667	4
QF_NIA_leipzig__term-f2cozZ.smt2	2	A	0.007501	4
QF_NIA_leipzig__term-f2cozZ.smt2	2	B	0.00775	4
QF_NIA_leipzig__term-gHq3ie.smt2	2	A	0.010666	3
QF_NIA_leipzig__term-gHq3ie.smt2	2	B	0.020082	3
QF_NIA_leipzig__term-gHq3ie.smt2	2	M	0.028791	3
QF_NIA_leipzig__term-ye1ece.smt2	2	B	0.007084	2
QF_NIA_leipzig__term-ye1ece.smt2	2	M	0.005875	2
QF_NIA_leipzig__term-ye1ece.smt2	2	A	0.006416	2
QF_NIA_mcm__10.smt2	2	M	0.005875	2
QF_NIA_mcm__10.smt2	2	A	0.006291	2
QF_NIA_mcm__10.smt2	2	B	0.007167	2
QF_NIA_mcm__23.smt2	2	A	0.006291	2
QF_NIA_mcm__23.smt2	2	B	0.007	2
QF_NIA_mcm__23.smt2	2	M	0.006333	2
QF_NIA_mcm__41.smt2	2	B	0.007125	2
QF_NIA_mcm__41.smt2	2	M	0.005833	2
QF_NIA_mcm__41.smt2	2	A	0.006083	2
QF_NIA_mcm__52.smt2	2	M	0.00575	2
QF_NIA_mcm__52.smt2	2	A	0.006375	2
QF_NIA_mcm__52.smt2	2	B	0.007042	2
QF_NIA_mcm__81.smt2	2	A	0.007416	2
QF_NIA_mcm__81.smt2	2	B	0.009917	2
QF_NIA_mcm__81.smt2	2	M	0.00925	2
QF_NIA_mcm__89.smt2	2	B	0.012542	2
QF_NIA_mcm__89.smt2	2	M	0.007084	2
QF_NIA_mcm__89.smt2	2	A	0.008	2
QF_NIA_mcm__94.smt2	2	M	0.0075	2
QF_NIA_mcm__94.smt2	2	A	0.006167	2
QF_NIA_mcm__94.smt2	2	B	0.006916	2
QF_NRA_20161105-Sturm-MBO__mbo_E10E25.smt2	2	A	0.015166	6
QF_NRA_20161105-Sturm-MBO__mbo_E10E25.smt2	2	B	0.015249	6
QF_NRA_20161105-Sturm-MBO__mbo_E10E25.smt2	2	M	0.012209	6
QF_NRA_20161105-Sturm-MBO__mbo_E11E13.smt2	2	B	0.024208	6
QF_NRA_20161105-Sturm-MBO__mbo_E11E13.smt2	2	M	0.011583	6
QF_NRA_20161105-Sturm-MBO__mbo_E11E13.smt2	2	A	0.022833	6
QF_NRA_20161105-Sturm-MBO__mbo_E12E17.smt2	2	M	0.020834	4
QF_NRA_20161105-Sturm-MBO__mbo_E12E17.smt2	2	A	0.027583	4
QF_NRA_20161105-Sturm-MBO__mbo_E12E17.smt2	2	B	0.026999	4
QF_NRA_20161105-Sturm-MBO__mbo_E15E24.smt2	2	A	0.023125	6
QF_NRA_20161105-Sturm-MBO__mbo_E15E24.smt2	2	B	0.029125	6
QF_NRA_20161105-Sturm-MBO__mbo_E15E24.smt2	2	M	0.014292	6
QF_NRA_20161105-Sturm-MBO__mbo_E1E22.smt2	2	B	0.028	4
QF_NRA_20161105-Sturm-MBO__mbo_E1E22.smt2	2	M	0.014709	4
QF_NRA_20161105-Sturm-MBO__mbo_E1E22.smt2	2	A	0.026167	4
QF_NRA_20161105-Sturm-MBO__mbo_E20E21.smt2	2	M	0.027875	13
QF_NRA_20161105-Sturm-MBO__mbo_E20E21.smt2	2	A	0.019708	13
QF_NRA_20161105-Sturm-MBO__mbo_E20E21.smt2	2	B	0.029168	13
QF_NRA_20161105-Sturm-MBO__mbo_E24E25.smt2	2	A	0.0105	2
QF_NRA_20161105-Sturm-MBO__mbo_E24E25.smt2	2	B	0.011167	2
QF_NRA_20161105-Sturm-MBO__mbo_E24E25.smt2	2	M	0.006541	2
QF_NRA_20161105-Sturm-MBO__mbo_E25E26.smt2	2	B	0.256042	62
QF_NRA_20161105-Sturm-MBO__mbo_E25E26.smt2	2	M	0.125081	62
QF_NRA_20161105-Sturm-MBO__mbo_E25E26.smt2	2	A	0.220539	62
QF_NRA_20161105-Sturm-MBO__mbo_E2E7.smt2	2	M	0.021708	8
QF_NRA_20161105-Sturm-MBO__mbo_E2E7.smt2	2	A	0.034667	8
QF_NRA_20161105-Sturm-MBO__mbo_E2E7.smt2	2	B	0.036668	8
QF_NRA_20161105-Sturm-MBO__mbo_E3E27.smt2	2	A	0.826629	383
QF_NRA_20161105-Sturm-MBO__mbo_E3E27.smt2	2	B	0.916001	383
QF_NRA_20161105-Sturm-MBO__mbo_E3E27.smt2	2	M	0.53062	383
QF_NRA_20161105-Sturm-MBO__mbo_E3E9.smt2	2	B	0.030292	6
QF_NRA_20161105-Sturm-MBO__mbo_E3E9.smt2	2	M	0.014959	6
QF_NRA_20161105-Sturm-MBO__mbo_E3E9.smt2	2	A	0.027375	6
QF_NRA_20161105-Sturm-MBO__mbo_E4E13.smt2	2	M	0.028292	12
QF_NRA_20161105-Sturm-MBO__mbo_E4E13.smt2	2	A	0.060416	12
QF_NRA_20161105-Sturm-MBO__mbo_E4E13.smt2	2	B	0.065167	12
QF_NRA_20161105-Sturm-MBO__mbo_E5E12.smt2	2	A	0.0205	4
QF_NRA_20161105-Sturm-MBO__mbo_E5E12.smt2	2	B	0.020625	4
QF_NRA_20161105-Sturm-MBO__mbo_E5E12.smt2	2	M	0.012417	4
QF_NRA_20161105-Sturm-MBO__mbo_E5E16.smt2	2	B	0.037376	11
QF_NRA_20161105-Sturm-MBO__mbo_E5E16.smt2	2	M	0.021042	11
QF_NRA_20161105-Sturm-MBO__mbo_E5E16.smt2	2	A	0.032083	11
QF_NRA_20161105-Sturm-MBO__mbo_E5E19.smt2	2	M	0.014666	7
QF_NRA_20161105-Sturm-MBO__mbo_E5E19.smt2	2	A	0.031834	7
QF_NRA_20161105-Sturm-MBO__mbo_E5E19.smt2	2	B	0.033375	7
QF_NRA_20161105-Sturm-MBO__mbo_E6E14.smt2	2	A	0.023	2
QF_NRA_20161105-Sturm-MBO__mbo_E6E14.smt2	2	B	0.021084	2
QF_NRA_20161105-Sturm-MBO__mbo_E6E14.smt2	2	M	0.011542	2
QF_NRA_20161105-Sturm-MBO__mbo_E6E17.smt2	2	B	1.16363	642
QF_NRA_20161105-Sturm-MBO__mbo_E6E17.smt2	2	M	0.723283	642
QF_NRA_20161105-Sturm-MBO__mbo_E6E17.smt2	2	A	1.00046	642
QF_NRA_20161105-Sturm-MBO__mbo_E8E19.smt2	2	M	0.016167	6
QF_NRA_20161105-Sturm-MBO__mbo_E8E19.smt2	2	A	0.030499	6
QF_NRA_20161105-Sturm-MBO__mbo_E8E19.smt2	2	B	0.032376	6
QF_NRA_20161105-Sturm-MBO__mbo_E8E9.smt2	2	A	0.021625	4
QF_NRA_20161105-Sturm-MBO__mbo_E8E9.smt2	2	B	0.023542	4
QF_NRA_20161105-Sturm-MBO__mbo_E8E9.smt2	2	M	0.01375	4
QF_NRA_20161105-Sturm-MGC__mgc_02.smt2	2	B	0.068749	18
QF_NRA_20161105-Sturm-MGC__mgc_02.smt2	2	M	0.037293	18
QF_NRA_20161105-Sturm-MGC__mgc_02.smt2	2	A	0.058207	18
QF_NRA_20161105-Sturm-MGC__mgc_03.smt2	2	M	0.042668	18
QF_NRA_20161105-Sturm-MGC__mgc_03.smt2	2	A	0.079541	18
QF_NRA_20161105-Sturm-MGC__mgc_03.smt2	2	B	0.081291	18
QF_NRA_20161105-Sturm-MGC__mgc_04.smt2	2	A	0.073	16
QF_NRA_20161105-Sturm-MGC__mgc_04.smt2	2	B	0.075291	16
QF_NRA_20161105-Sturm-MGC__mgc_04.smt2	2	M	0.041168	16
QF_NRA_20161105-Sturm-MGC__mgc_05.smt2	2	B	0.088084	18
QF_NRA_20161105-Sturm-MGC__mgc_05.smt2	2	M	0.044874	18
QF_NRA_20161105-Sturm-MGC__mgc_05.smt2	2	A	0.077667	18
QF_NRA_20161105-Sturm-MGC__mgc_06.smt2	2	M	0.029667	18
QF_NRA_20161105-Sturm-MGC__mgc_06.smt2	2	A	0.042376	18
QF_NRA_20161105-Sturm-MGC__mgc_06.smt2	2	B	0.045291	18
QF_NRA_20161105-Sturm-MGC__mgc_07.smt2	2	A	0.087999	18
QF_NRA_20161105-Sturm-MGC__mgc_07.smt2	2	B	0.089541	18
QF_NRA_20161105-Sturm-MGC__mgc_07.smt2	2	M	0.048166	18
QF_NRA_20161105-Sturm-MGC__mgc_08.smt2	2	B	0.066001	18
QF_NRA_20161105-Sturm-MGC__mgc_08.smt2	2	M	0.036833	18
QF_NRA_20161105-Sturm-MGC__mgc_08.smt2	2	A	0.060209	18
QF_NRA_20161105-Sturm-MGC__mgc_09.smt2	2	M	0.063414	35
QF_NRA_20161105-Sturm-MGC__mgc_09.smt2	2	A	0.100917	35
QF_NRA_20161105-Sturm-MGC__mgc_09.smt2	2	B	0.11129	35
QF_NRA_20161105-Sturm-MGC__mgc_10.smt2	2	A	0.103081	27
QF_NRA_20161105-Sturm-MGC__mgc_10.smt2	2	B	0.125792	27
QF_NRA_20161105-Sturm-MGC__mgc_10.smt2	2	M	0.058624	27
QF_NRA_20170501-Heizmann-UltimateInvariantSynthesis__array_ptr_single_elem_init.i_4_2_2.bpl_5.smt2	2	B	0.049665	35
QF_NRA_20170501-Heizmann-UltimateInvariantSynthesis__array_ptr_single_elem_init.i_4_2_2.bpl_5.smt2	2	M	0.04646	35
QF_NRA_20170501-Heizmann-UltimateInvariantSynthesis__array_ptr_single_elem_init.i_4_2_2.bpl_5.smt2	2	A	0.04271	35
QF_NRA_20170501-Heizmann-UltimateInvariantSynthesis__array_single_elem_init.i_4_2_2.bpl_5.smt2	2	M	0.069749	64
QF_NRA_20170501-Heizmann-UltimateInvariantSynthesis__array_single_elem_init.i_4_2_2.bpl_5.smt2	2	A	0.036335	64
QF_NRA_20170501-Heizmann-UltimateInvariantSynthesis__array_single_elem_init.i_4_2_2.bpl_5.smt2	2	B	0.05	64
QF_NRA_20170501-Heizmann-UltimateInvariantSynthesis__gj2007.c.i_4_3_3.bpl_5.smt2	2	A	4.65149	4669
QF_NRA_20170501-Heizmann-UltimateInvariantSynthesis__gj2007.c.i_4_3_3.bpl_5.smt2	2	B	5.37145	4669
QF_NRA_20170501-Heizmann-UltimateInvariantSynthesis__gj2007.c.i_4_3_3.bpl_5.smt2	2	M	3.74219	4669
QF_NRA_20170501-Heizmann-UltimateInvariantSynthesis__gr2006.c.i_4_4_3.bpl_5.smt2	2	B	1.44308	1343
QF_NRA_20170501-Heizmann-UltimateInvariantSynthesis__gr2006.c.i_4_4_3.bpl_5.smt2	2	M	1.1413	1343
QF_NRA_20170501-Heizmann-UltimateInvariantSynthesis__gr2006.c.i_4_4_3.bpl_5.smt2	2	A	1.23933	1343
QF_NRA_20170501-Heizmann-UltimateInvariantSynthesis__linear_search.i_7_23_3.bpl_3.smt2	2	M	0.996832	740
QF_NRA_20170501-Heizmann-UltimateInvariantSynthesis__linear_search.i_7_23_3.bpl_3.smt2	2	A	0.6972	740
QF_NRA_20170501-Heizmann-UltimateInvariantSynthesis__linear_search.i_7_23_3.bpl_3.smt2	2	B	0.833572	740
QF_NRA_20170501-Heizmann-UltimateInvariantSynthesis__standard_copy1_ground.i_3_2_2.bpl_9.smt2	2	A	1.08028	1930
QF_NRA_20170501-Heizmann-UltimateInvariantSynthesis__standard_copy1_ground.i_3_2_2.bpl_9.smt2	2	B	1.3022	1930
QF_NRA_20170501-Heizmann-UltimateInvariantSynthesis__standard_copy1_ground.i_3_2_2.bpl_9.smt2	2	M	1.66716	1930
QF_NRA_20170501-Heizmann-UltimateInvariantSynthesis__standard_copy3_ground.i_3_2_2.bpl_5.smt2	2	B	0.167882	256
QF_NRA_20170501-Heizmann-UltimateInvariantSynthesis__standard_copy3_ground.i_3_2_2.bpl_5.smt2	2	M	0.198246	256
QF_NRA_20170501-Heizmann-UltimateInvariantSynthesis__standard_copy3_ground.i_3_2_2.bpl_5.smt2	2	A	0.105043	256
QF_NRA_20170501-Heizmann-UltimateInvariantSynthesis__standard_init9_ground.i_3_2_2.bpl_3.smt2	2	M	1.2005	683
QF_NRA_20170501-Heizmann-UltimateInvariantSynthesis__standard_init9_ground.i_3_2_2.bpl_3.smt2	2	A	1.63991	683
QF_NRA_20170501-Heizmann-UltimateInvariantSynthesis__standard_init9_ground.i_3_2_2.bpl_3.smt2	2	B	1.80771	683
QF_NRA_2019-ezsmt__inst_1_1000000.smt2	2	A	0.108702	292
QF_NRA_2019-ezsmt__inst_1_1000000.smt2	2	B	0.151449	292
QF_NRA_2019-ezsmt__inst_1_1000000.smt2	2	M	0.169955	292
QF_NRA_20200911-Pine__1599121684477306000.smt2	2	B	0.077294	28
QF_NRA_20200911-Pine__1599121684477306000.smt2	2	M	0.052164	28
QF_NRA_20200911-Pine__1599121684477306000.smt2	2	A	0.069084	28
QF_NRA_20200911-Pine__1599121684653478000.smt2	2	M	0.03775	20
QF_NRA_20200911-Pine__1599121684653478000.smt2	2	A	0.048458	20
QF_NRA_20200911-Pine__1599121684653478000.smt2	2	B	0.04921	20
QF_NRA_20200911-Pine__1599121861020640000.smt2	2	A	0.006625	2
QF_NRA_20200911-Pine__1599121861020640000.smt2	2	B	0.007125	2
QF_NRA_20200911-Pine__1599121861020640000.smt2	2	M	0.006542	2
QF_NRA_20200911-Pine__1599121889458073000.smt2	2	B	0.306871	114
QF_NRA_20200911-Pine__1599121889458073000.smt2	2	M	0.192792	114
QF_NRA_20200911-Pine__1599121889458073000.smt2	2	A	0.27	114
QF_NRA_20200911-Pine__1599121899872501000.smt2	2	M	0.119711	27
QF_NRA_20200911-Pine__1599121899872501000.smt2	2	A	0.18379	27
QF_NRA_20200911-Pine__1599121899872501000.smt2	2	B	0.187502	27
QF_NRA_20200911-Pine__1599121900961647000.smt2	2	A	0.061249	23
QF_NRA_20200911-Pine__1599121900961647000.smt2	2	B	0.072458	23
QF_NRA_20200911-Pine__1599121900961647000.smt2	2	M	0.067582	23
QF_NRA_20200911-Pine__1599121904275696000.smt2	2	B	0.219623	27
QF_NRA_20200911-Pine__1599121904275696000.smt2	2	M	0.145376	27
QF_NRA_20200911-Pine__1599121904275696000.smt2	2	A	0.209748	27
QF_NRA_20200911-Pine__1599121979753628000.smt2	2	M	0.056085	50
QF_NRA_20200911-Pine__1599121979753628000.smt2	2	A	0.050333	50
QF_NRA_20200911-Pine__1599121979753628000.smt2	2	B	0.063331	50
QF_NRA_20200911-Pine__1599122159324430000.smt2	2	A	0.025458	14
QF_NRA_20200911-Pine__1599122159324430000.smt2	2	B	0.029543	14
QF_NRA_20200911-Pine__1599122159324430000.smt2	2	M	0.021084	14
QF_NRA_20200911-Pine__1599122159846134000.smt2	2	B	0.029998	16
QF_NRA_20200911-Pine__1599122159846134000.smt2	2	M	0.021418	16
QF_NRA_20200911-Pine__1599122159846134000.smt2	2	A	0.025998	16
QF_NRA_20200911-Pine__1599122162465867000.smt2	2	M	0.01229	10
QF_NRA_20200911-Pine__1599122162465867000.smt2	2	A	0.010124	10
QF_NRA_20200911-Pine__1599122162465867000.smt2	2	B	0.011874	10
QF_NRA_20200911-Pine__1599122162569064000.smt2	2	A	0.007542	4
QF_NRA_20200911-Pine__1599122162569064000.smt2	2	B	0.009208	4
QF_NRA_20200911-Pine__1599122162569064000.smt2	2	M	0.008917	4
QF_NRA_20200911-Pine__1599122163190413000.smt2	2	B	0.012626	10
QF_NRA_20200911-Pine__1599122163190413000.smt2	2	M	0.012041	10
QF_NRA_20200911-Pine__1599122163190413000.smt2	2	A	0.009542	10
QF_NRA_20200911-Pine__1599122163683961000.smt2	2	M	0.022958	16
QF_NRA_20200911-Pine__1599122163683961000.smt2	2	A	0.035625	16
QF_NRA_20200911-Pine__1599122163683961000.smt2	2	B	0.038209	16
QF_NRA_20200911-Pine__1599122165140235000.smt2	2	A	0.009416	10
QF_NRA_20200911-Pine__1599122165140235000.smt2	2	B	0.012209	10
QF_NRA_20200911-Pine__1599122165140235000.smt2	2	M	0.013042	10
QF_NRA_20200911-Pine__1599122166207559000.smt2	2	B	0.012292	10
QF_NRA_20200911-Pine__1599122166207559000.smt2	2	M	0.012332	10
QF_NRA_20200911-Pine__1599122166207559000.smt2	2	A	0.009751	10
QF_NRA_20211101-Geogebra__IsoRightTriangle-Bottema1_12b.smt2	2	M	0.00825	4
QF_NRA_20211101-Geogebra__IsoRightTriangle-Bottema1_12b.smt2	2	A	0.010667	4
QF_NRA_20211101-Geogebra__IsoRightTriangle-Bottema1_12b.smt2	2	B	0.012167	4
QF_NRA_20211101-Geogebra__IsoRightTriangle-Bottema1_2b.smt2	2	A	0.007083	4
QF_NRA_20211101-Geogebra__IsoRightTriangle-Bottema1_2b.smt2	2	B	0.009	4
QF_NRA_20211101-Geogebra__IsoRightTriangle-Bottema1_2b.smt2	2	M	0.008417	4
QF_NRA_20211101-Geogebra__IsoTriangle-Area_Perimeter_a.smt2	2	B	0.013	4
QF_NRA_20211101-Geogebra__IsoTriangle-Area_Perimeter_a.smt2	2	M	0.009417	4
QF_NRA_20211101-Geogebra__IsoTriangle-Area_Perimeter_a.smt2	2	A	0.011167	4
QF_NRA_20211101-Geogebra__IsoTriangle-Bottema6_1a.smt2	2	M	0.017917	14
QF_NRA_20211101-Geogebra__IsoTriangle-Bottema6_1a.smt2	2	A	0.024666	14
QF_NRA_20211101-Geogebra__IsoTriangle-Bottema6_1a.smt2	2	B	0.028084	14
QF_NRA_20211101-Geogebra__IsoTriangle-Bottema6_1b.smt2	2	A	0.033084	20
QF_NRA_20211101-Geogebra__IsoTriangle-Bottema6_1b.smt2	2	B	0.038333	20
QF_NRA_20211101-Geogebra__IsoTriangle-Bottema6_1b.smt2	2	M	0.028541	20
QF_NRA_20211101-Geogebra__IsoTriangle-Median_Perimeter_a2.smt2	2	B	0.023916	10
QF_NRA_20211101-Geogebra__IsoTriangle-Median_Perimeter_a2.smt2	2	M	0.013749	10
QF_NRA_20211101-Geogebra__IsoTriangle-Median_Perimeter_a2.smt2	2	A	0.022042	10
QF_NRA_20211101-Geogebra__IsoTriangle-Perimeter_CircumRadius_a.smt2	2	M	0.024124	20
QF_NRA_20211101-Geogebra__IsoTriangle-Perimeter_CircumRadius_a.smt2	2	A	0.019334	20
QF_NRA_20211101-Geogebra__IsoTriangle-Perimeter_CircumRadius_a.smt2	2	B	0.024043	20
QF_NRA_20211101-Geogebra__PythagoreanGeneralization_Triangle-aa+bb_cc.smt2	2	A	0.007001	4
QF_NRA_20211101-Geogebra__PythagoreanGeneralization_Triangle-aa+bb_cc.smt2	2	B	0.008417	4
QF_NRA_20211101-Geogebra__PythagoreanGeneralization_Triangle-aa+bb_cc.smt2	2	M	0.007916	4
QF_NRA_20211101-Geogebra__RightTriangle-Bottema1_1b.smt2	2	B	0.008666	4
QF_NRA_20211101-Geogebra__RightTriangle-Bottema1_1b.smt2	2	M	0.007958	4
QF_NRA_20211101-Geogebra__RightTriangle-Bottema1_1b.smt2	2	A	0.007125	4
QF_NRA_20211101-Geogebra__RightTriangle-Bottema5_3b.smt2	2	M	0.009166	4
QF_NRA_20211101-Geogebra__RightTriangle-Bottema5_3b.smt2	2	A	0.011459	4
QF_NRA_20211101-Geogebra__RightTriangle-Bottema5_3b.smt2	2	B	0.012585	4
QF_NRA_20211101-Geogebra__Triangle-Bottema1_9.smt2	2	A	0.007334	4
QF_NRA_20211101-Geogebra__Triangle-Bottema1_9.smt2	2	B	0.008334	4
QF_NRA_20211101-Geogebra__Triangle-Bottema1_9.smt2	2	M	0.008625	4
QF_NRA_20220314-Uncu__BDC_ProveIneq_Mitrinovic_4_22b.smt2	2	B	0.007166	2
QF_NRA_20220314-Uncu__BDC_ProveIneq_Mitrinovic_4_22b.smt2	2	M	0.005833	2
QF_NRA_20220314-Uncu__BDC_ProveIneq_Mitrinovic_4_22b.smt2	2	A	0.006291	2
QF_NRA_20240407-pPDA-Chiari-Pontiggia-Winkler__and_or_PRAY.smt2	2	M	2.79782	1305
QF_NRA_20240407-pPDA-Chiari-Pontiggia-Winkler__and_or_PRAY.smt2	2	A	3.92124	1305
QF_NRA_20240407-pPDA-Chiari-Pontiggia-Winkler__and_or_PRAY.smt2	2	B	4.0372	1305
QF_NRA_20240407-pPDA-Chiari-Pontiggia-Winkler__call_ret_loop_1_POMC_hints.smt2	2	A	0.173875	80
QF_NRA_20240407-pPDA-Chiari-Pontiggia-Winkler__call_ret_loop_1_POMC_hints.smt2	2	B	0.208253	80
QF_NRA_20240407-pPDA-Chiari-Pontiggia-Winkler__call_ret_loop_1_POMC_hints.smt2	2	M	0.140665	80
QF_NRA_20240407-pPDA-Chiari-Pontiggia-Winkler__call_ret_loop_1_POMC_no_hints.smt2	2	B	0.465752	120
QF_NRA_20240407-pPDA-Chiari-Pontiggia-Winkler__call_ret_loop_1_POMC_no_hints.smt2	2	M	0.342166	120
QF_NRA_20240407-pPDA-Chiari-Pontiggia-Winkler__call_ret_loop_1_POMC_no_hints.smt2	2	A	0.429753	120
QF_NRA_20240407-pPDA-Chiari-Pontiggia-Winkler__call_ret_loop_2_POMC_hints.smt2	2	M	0.147495	84
QF_NRA_20240407-pPDA-Chiari-Pontiggia-Winkler__call_ret_loop_2_POMC_hints.smt2	2	A	0.176203	84
QF_NRA_20240407-pPDA-Chiari-Pontiggia-Winkler__call_ret_loop_2_POMC_hints.smt2	2	B	0.195166	84
QF_NRA_20240407-pPDA-Chiari-Pontiggia-Winkler__call_ret_loop_2_POMC_no_hints.smt2	2	A	0.446837	130
QF_NRA_20240407-pPDA-Chiari-Pontiggia-Winkler__call_ret_loop_2_POMC_no_hints.smt2	2	B	0.475081	130
QF_NRA_20240407-pPDA-Chiari-Pontiggia-Winkler__call_ret_loop_2_POMC_no_hints.smt2	2	M	0.327496	130
QF_NRA_20240407-pPDA-Chiari-Pontiggia-Winkler__escape25_POMC_hints.smt2	2	B	0.721498	376
QF_NRA_20240407-pPDA-Chiari-Pontiggia-Winkler__escape25_POMC_hints.smt2	2	M	0.55025	376
QF_NRA_20240407-pPDA-Chiari-Pontiggia-Winkler__escape25_POMC_hints.smt2	2	A	0.61712	376
QF_NRA_20240407-pPDA-Chiari-Pontiggia-Winkler__escape25_POMC_no_hints.smt2	2	M	0.54513	707
QF_NRA_20240407-pPDA-Chiari-Pontiggia-Winkler__escape25_POMC_no_hints.smt2	2	A	0.455253	707
QF_NRA_20240407-pPDA-Chiari-Pontiggia-Winkler__escape25_POMC_no_hints.smt2	2	B	0.563365	707
QF_NRA_20240407-pPDA-Chiari-Pontiggia-Winkler__mod5_POMC_hints.smt2	2	A	0.344793	64
QF_NRA_20240407-pPDA-Chiari-Pontiggia-Winkler__mod5_POMC_hints.smt2	2	B	0.349711	64
QF_NRA_20240407-pPDA-Chiari-Pontiggia-Winkler__mod5_POMC_hints.smt2	2	M	0.234293	64
QF_NRA_20240407-pPDA-Chiari-Pontiggia-Winkler__mod5_POMC_no_hints.smt2	2	B	0.023833	20
QF_NRA_20240407-pPDA-Chiari-Pontiggia-Winkler__mod5_POMC_no_hints.smt2	2	M	0.020499	20
QF_NRA_20240407-pPDA-Chiari-Pontiggia-Winkler__mod5_POMC_no_hints.smt2	2	A	0.018332	20
QF_NRA_20240407-pPDA-Chiari-Pontiggia-Winkler__mod7_POMC_no_hints.smt2	2	M	0.017165	16
QF_NRA_20240407-pPDA-Chiari-Pontiggia-Winkler__mod7_POMC_no_hints.smt2	2	A	0.017292	16
QF_NRA_20240407-pPDA-Chiari-Pontiggia-Winkler__mod7_POMC_no_hints.smt2	2	B	0.020835	16
QF_NRA_20240407-pPDA-Chiari-Pontiggia-Winkler__schelling_POMC_hints.smt2	2	A	0.80203	381
QF_NRA_20240407-pPDA-Chiari-Pontiggia-Winkler__schelling_POMC_hints.smt2	2	B	0.833	381
QF_NRA_20240407-pPDA-Chiari-Pontiggia-Winkler__schelling_POMC_hints.smt2	2	M	0.608406	381
QF_NRA_20240407-pPDA-Chiari-Pontiggia-Winkler__schelling_POMC_no_hints.smt2	2	B	3.21474	1779
QF_NRA_20240407-pPDA-Chiari-Pontiggia-Winkler__schelling_POMC_no_hints.smt2	2	M	2.19555	1779
QF_NRA_20240407-pPDA-Chiari-Pontiggia-Winkler__schelling_POMC_no_hints.smt2	2	A	2.91576	1779
QF_NRA_20240407-pPDA-Chiari-Pontiggia-Winkler__sqrt2by2_bern_PRAY.smt2	2	M	0.0965	44
QF_NRA_20240407-pPDA-Chiari-Pontiggia-Winkler__sqrt2by2_bern_PRAY.smt2	2	A	0.177584	44
QF_NRA_20240407-pPDA-Chiari-Pontiggia-Winkler__sqrt2by2_bern_PRAY.smt2	2	B	0.188543	44
QF_NRA_LassoRanker__Ben-Amram-2010LMCS-Ex2.3_true-termination.c_Iteration1_Lasso_3-pieceTemplate.smt2	2	A	0.020083	28
QF_NRA_LassoRanker__Ben-Amram-2010LMCS-Ex2.3_true-termination.c_Iteration1_Lasso_3-pieceTemplate.smt2	2	B	0.025002	28
QF_NRA_LassoRanker__Ben-Amram-2010LMCS-Ex2.3_true-termination.c_Iteration1_Lasso_3-pieceTemplate.smt2	2	M	0.02529	28
QF_NRA_LassoRanker__BradleyMannaSipma-2005ICALP-Fig1-deterministic.bpl_Iteration1_Lasso_3-pieceTemplate.smt2	2	B	0.403165	232
QF_NRA_LassoRanker__BradleyMannaSipma-2005ICALP-Fig1-deterministic.bpl_Iteration1_Lasso_3-pieceTemplate.smt2	2	M	0.319746	232
QF_NRA_LassoRanker__BradleyMannaSipma-2005ICALP-Fig1-deterministic.bpl_Iteration1_Lasso_3-pieceTemplate.smt2	2	A	0.325542	232
QF_NRA_LassoRanker__Braverman-2006CAV-Ex1-int.bpl_Iteration1_Loop_4-pieceTemplate.smt2	2	M	0.044712	22
QF_NRA_LassoRanker__Braverman-2006CAV-Ex1-int.bpl_Iteration1_Loop_4-pieceTemplate.smt2	2	A	0.047331	22
QF_NRA_LassoRanker__Braverman-2006CAV-Ex1-int.bpl_Iteration1_Loop_4-pieceTemplate.smt2	2	B	0.058543	22
QF_NRA_LassoRanker__Khartoum.bpl_Iteration1_Loop_4-pieceTemplate.smt2	2	A	6.57073	6186
QF_NRA_LassoRanker__Khartoum.bpl_Iteration1_Loop_4-pieceTemplate.smt2	2	B	7.68554	6186
QF_NRA_LassoRanker__Khartoum.bpl_Iteration1_Loop_4-pieceTemplate.smt2	2	M	5.35624	6186
QF_NRA_LassoRanker__Mysore2.bpl_Iteration1_Loop_4-pieceTemplate.smt2	2	B	0.366043	572
QF_NRA_LassoRanker__Mysore2.bpl_Iteration1_Loop_4-pieceTemplate.smt2	2	M	0.345884	572
QF_NRA_LassoRanker__Mysore2.bpl_Iteration1_Loop_4-pieceTemplate.smt2	2	A	0.272578	572
QF_NRA_LassoRanker__NoriSharma-2013FSE-Fig8_true-termination.c_Iteration1_Lasso_3-pieceTemplate.smt2	2	M	2.77353	4046
QF_NRA_LassoRanker__NoriSharma-2013FSE-Fig8_true-termination.c_Iteration1_Lasso_3-pieceTemplate.smt2	2	A	3.09246	4046
QF_NRA_LassoRanker__NoriSharma-2013FSE-Fig8_true-termination.c_Iteration1_Lasso_3-pieceTemplate.smt2	2	B	3.74799	4046
QF_NRA_LassoRanker__NoriSharma-2013FSE-Fig8_true-termination.c_Iteration1_Loop_3-pieceTemplate.smt2	2	A	0.038333	43
QF_NRA_LassoRanker__NoriSharma-2013FSE-Fig8_true-termination.c_Iteration1_Loop_3-pieceTemplate.smt2	2	B	0.053041	43
QF_NRA_LassoRanker__NoriSharma-2013FSE-Fig8_true-termination.c_Iteration1_Loop_3-pieceTemplate.smt2	2	M	0.053043	43
QF_NRA_LassoRanker__TwoPhase.bpl_Iteration1_Loop_3-pieceTemplate.smt2	2	B	1.51859	2564
QF_NRA_LassoRanker__TwoPhase.bpl_Iteration1_Loop_3-pieceTemplate.smt2	2	M	1.50653	2564
QF_NRA_LassoRanker__TwoPhase.bpl_Iteration1_Loop_3-pieceTemplate.smt2	2	A	1.18121	2564
QF_NRA_LassoRanker__fun4.t2.c_Iteration1_Loop_4-pieceTemplate.smt2	2	M	0.012833	8
QF_NRA_LassoRanker__fun4.t2.c_Iteration1_Loop_4-pieceTemplate.smt2	2	A	0.015124	8
QF_NRA_LassoRanker__fun4.t2.c_Iteration1_Loop_4-pieceTemplate.smt2	2	B	0.017291	8
QF_NRA_LassoRanker__nested.t2.c_Iteration4_Loop_4-pieceTemplate.smt2	2	A	0.028251	42
QF_NRA_LassoRanker__nested.t2.c_Iteration4_Loop_4-pieceTemplate.smt2	2	B	0.040752	42
QF_NRA_LassoRanker__nested.t2.c_Iteration4_Loop_4-pieceTemplate.smt2	2	M	0.043667	42
QF_NRA_UltimateAutomizer__InVarSynth_StructPositiveSum-Safe.c_Iteration2_0.smt2	2	B	0.151135	238
QF_NRA_UltimateAutomizer__InVarSynth_StructPositiveSum-Safe.c_Iteration2_0.smt2	2	M	0.157175	238
QF_NRA_UltimateAutomizer__InVarSynth_StructPositiveSum-Safe.c_Iteration2_0.smt2	2	A	0.105665	238
QF_NRA_hycomp__ball_count_1d_plain.02.seq_lazy_linear_enc_lemmas_global_8.smt2	2	M	0.029583	26
QF_NRA_hycomp__ball_count_1d_plain.02.seq_lazy_linear_enc_lemmas_global_8.smt2	2	A	0.019543	26
QF_NRA_hycomp__ball_count_1d_plain.02.seq_lazy_linear_enc_lemmas_global_8.smt2	2	B	0.031581	26
QF_NRA_hycomp__ball_count_1d_plain.03.seq_lazy_linear_enc_global_10.smt2	2	A	0.141081	356
QF_NRA_hycomp__ball_count_1d_plain.03.seq_lazy_linear_enc_global_10.smt2	2	B	0.219837	356
QF_NRA_hycomp__ball_count_1d_plain.03.seq_lazy_linear_enc_global_10.smt2	2	M	0.30187	356
QF_NRA_hycomp__ball_count_1d_plain.04.redlog_global_6.smt2	2	B	4.51101	3162
QF_NRA_hycomp__ball_count_1d_plain.04.redlog_global_6.smt2	2	M	3.34307	3162
QF_NRA_hycomp__ball_count_1d_plain.04.redlog_global_6.smt2	2	A	3.71859	3162
QF_NRA_hycomp__ball_count_1d_plain.04.seq_lazy_linear_enc_lemmas_global_12.smt2	2	M	1.60808	1894
QF_NRA_hycomp__ball_count_1d_plain.04.seq_lazy_linear_enc_lemmas_global_12.smt2	2	A	1.19521	1894
QF_NRA_hycomp__ball_count_1d_plain.04.seq_lazy_linear_enc_lemmas_global_12.smt2	2	B	1.67284	1894
QF_NRA_hycomp__ball_count_2d_hill_simple.01.seq_lazy_global_14.smt2	2	A	0.011333	10
QF_NRA_hycomp__ball_count_2d_hill_simple.01.seq_lazy_global_14.smt2	2	B	0.011958	10
QF_NRA_hycomp__ball_count_2d_hill_simple.01.seq_lazy_global_14.smt2	2	M	0.014	10
QF_NRA_hycomp__ball_count_2d_hill_simple.02.seq_lazy_lemmas_global_14.smt2	2	B	0.108001	178
QF_NRA_hycomp__ball_count_2d_hill_simple.02.seq_lazy_lemmas_global_14.smt2	2	M	0.122702	178
QF_NRA_hycomp__ball_count_2d_hill_simple.02.seq_lazy_lemmas_global_14.smt2	2	A	0.065297	178
QF_NRA_hycomp__ball_count_2d_plain.03.seq_lazy_linear_enc_lemmas_global_4.smt2	2	M	0.430672	542
QF_NRA_hycomp__ball_count_2d_plain.03.seq_lazy_linear_enc_lemmas_global_4.smt2	2	A	0.5885	542
QF_NRA_hycomp__ball_count_2d_plain.03.seq_lazy_linear_enc_lemmas_global_4.smt2	2	B	0.670871	542
QF_NRA_hycomp__ball_count_2d_plain.05.seq_lazy_linear_enc_global_14.smt2	2	A	6.66254	8642
QF_NRA_hycomp__ball_count_2d_plain.05.seq_lazy_linear_enc_global_14.smt2	2	B	8.08995	8642
QF_NRA_hycomp__ball_count_2d_plain.05.seq_lazy_linear_enc_global_14.smt2	2	M	5.67113	8642
QF_NRA_hycomp__ball_count_2d_plain.10.redlog_global_4.smt2	2	B	0.052793	24
QF_NRA_hycomp__ball_count_2d_plain.10.redlog_global_4.smt2	2	M	0.045209	24
QF_NRA_hycomp__ball_count_2d_plain.10.redlog_global_4.smt2	2	A	0.041291	24
QF_NRA_hycomp__ball_count_2d_slope.03.seq_lazy_lemmas_global_6.smt2	2	M	4.37822	2434
QF_NRA_hycomp__ball_count_2d_slope.03.seq_lazy_lemmas_global_6.smt2	2	A	6.58967	2434
QF_NRA_hycomp__ball_count_2d_slope.03.seq_lazy_lemmas_global_6.smt2	2	B	6.89754	2434
QF_NRA_hycomp__ball_count_2d_slope.04.seq_lazy_linear_enc_global_8.smt2	2	A	0.026916	17
QF_NRA_hycomp__ball_count_2d_slope.04.seq_lazy_linear_enc_global_8.smt2	2	B	0.034668	17
QF_NRA_hycomp__ball_count_2d_slope.04.seq_lazy_linear_enc_global_8.smt2	2	M	0.022665	17
QF_NRA_hycomp__etcs_braking_2.01.seq_lazy_linear_enc_global_15.smt2	2	B	2.84121	629
QF_NRA_hycomp__etcs_braking_2.01.seq_lazy_linear_enc_global_15.smt2	2	M	1.71017	629
QF_NRA_hycomp__etcs_braking_2.01.seq_lazy_linear_enc_global_15.smt2	2	A	2.57842	629
QF_NRA_hycomp__simple_ballistics_reach.01.seq_lazy_global_15.smt2	2	M	3.0588	1545
QF_NRA_hycomp__simple_ballistics_reach.01.seq_lazy_global_15.smt2	2	A	4.49796	1545
QF_NRA_hycomp__simple_ballistics_reach.01.seq_lazy_global_15.smt2	2	B	4.85728	1545
QF_NRA_hycomp__simple_ballistics_reach.01.seq_lazy_linear_enc_lemmas_global_9.smt2	2	A	4.41105	743
QF_NRA_hycomp__simple_ballistics_reach.01.seq_lazy_linear_enc_lemmas_global_9.smt2	2	B	4.64462	743
QF_NRA_hycomp__simple_ballistics_reach.01.seq_lazy_linear_enc_lemmas_global_9.smt2	2	M	3.14109	743
QF_NRA_meti-tarski__CMOS-opamp-chunk-0029.smt2	2	B	0.00625	0
QF_NRA_meti-tarski__CMOS-opamp-chunk-0029.smt2	2	M	0.004542	0
QF_NRA_meti-tarski__CMOS-opamp-chunk-0029.smt2	2	A	0.004916	0
QF_NRA_meti-tarski__CMOS-opamp-chunk-0071.smt2	2	M	0.01075	4
QF_NRA_meti-tarski__CMOS-opamp-chunk-0071.smt2	2	A	0.011625	4
QF_NRA_meti-tarski__CMOS-opamp-chunk-0071.smt2	2	B	0.014291	4
QF_NRA_meti-tarski__CMOS-opamp-chunk-0269.smt2	2	A	0.042459	4
QF_NRA_meti-tarski__CMOS-opamp-chunk-0269.smt2	2	B	0.042042	4
QF_NRA_meti-tarski__CMOS-opamp-chunk-0269.smt2	2	M	0.02175	4
QF_NRA_meti-tarski__CMOS-opamp-chunk-0285.smt2	2	B	0.014166	4
QF_NRA_meti-tarski__CMOS-opamp-chunk-0285.smt2	2	M	0.010458	4
QF_NRA_meti-tarski__CMOS-opamp-chunk-0285.smt2	2	A	0.011584	4
QF_NRA_meti-tarski__Chua-1-VC1-L-chunk-0135.smt2	2	M	0.004167	0
QF_NRA_meti-tarski__Chua-1-VC1-L-chunk-0135.smt2	2	A	0.005375	0
QF_NRA_meti-tarski__Chua-1-VC1-L-chunk-0135.smt2	2	B	0.005875	0
QF_NRA_meti-tarski__Chua-2-IL-U-chunk-0022.smt2	2	A	0.027958	3
QF_NRA_meti-tarski__Chua-2-IL-U-chunk-0022.smt2	2	B	0.028833	3
QF_NRA_meti-tarski__Chua-2-IL-U-chunk-0022.smt2	2	M	0.021209	3
QF_NRA_meti-tarski__Chua-2-IL-U-chunk-0039.smt2	2	B	0.008083	1
QF_NRA_meti-tarski__Chua-2-IL-U-chunk-0039.smt2	2	M	0.00725	1
QF_NRA_meti-tarski__Chua-2-IL-U-chunk-0039.smt2	2	A	0.007417	1
QF_NRA_meti-tarski__Chua-2-IL-U-chunk-0099.smt2	2	M	0.018125	2
QF_NRA_meti-tarski__Chua-2-IL-U-chunk-0099.smt2	2	A	0.040167	2
QF_NRA_meti-tarski__Chua-2-IL-U-chunk-0099.smt2	2	B	0.038917	2
QF_NRA_meti-tarski__Chua-2-VC1-U-chunk-0123.smt2	2	A	0.2545	6
QF_NRA_meti-tarski__Chua-2-VC1-U-chunk-0123.smt2	2	B	0.244083	6
QF_NRA_meti-tarski__Chua-2-VC1-U-chunk-0123.smt2	2	M	0.113917	6
QF_NRA_meti-tarski__Chua-2-VC2-U-chunk-0108.smt2	2	B	0.038416	2
QF_NRA_meti-tarski__Chua-2-VC2-U-chunk-0108.smt2	2	M	0.016083	2
QF_NRA_meti-tarski__Chua-2-VC2-U-chunk-0108.smt2	2	A	0.03675	2
QF_NRA_meti-tarski__Lyapunov1a-chunk-0036.smt2	2	M	0.030245	26
QF_NRA_meti-tarski__Lyapunov1a-chunk-0036.smt2	2	A	0.021918	26
QF_NRA_meti-tarski__Lyapunov1a-chunk-0036.smt2	2	B	0.031916	26
QF_NRA_meti-tarski__Nichols-Plot-Inverted-Pendulum-Fails-1-6-chunk-0034.smt2	2	A	0.016083	4
QF_NRA_meti-tarski__Nichols-Plot-Inverted-Pendulum-Fails-1-6-chunk-0034.smt2	2	B	0.018583	4
QF_NRA_meti-tarski__Nichols-Plot-Inverted-Pendulum-Fails-1-6-chunk-0034.smt2	2	M	0.011835	4
QF_NRA_meti-tarski__Nichols-Plot-Inverted-Pendulum-Fails-1-6-chunk-0234.smt2	2	B	0.013042	2
QF_NRA_meti-tarski__Nichols-Plot-Inverted-Pendulum-Fails-1-6-chunk-0234.smt2	2	M	0.008292	2
QF_NRA_meti-tarski__Nichols-Plot-Inverted-Pendulum-Fails-1-6-chunk-0234.smt2	2	A	0.011	2
QF_NRA_meti-tarski__asin-8-vars4-chunk-0029.smt2	2	M	0.013708	8
QF_NRA_meti-tarski__asin-8-vars4-chunk-0029.smt2	2	A	0.013792	8
QF_NRA_meti-tarski__asin-8-vars4-chunk-0029.smt2	2	B	0.015958	8
QF_NRA_meti-tarski__atan-problem-1-chunk-0032.smt2	2	A	0.008334	8
QF_NRA_meti-tarski__atan-problem-1-chunk-0032.smt2	2	B	0.01025	8
QF_NRA_meti-tarski__atan-problem-1-chunk-0032.smt2	2	M	0.010291	8
QF_NRA_meti-tarski__atan-problem-1-chunk-0087.smt2	2	B	0.028294	20
QF_NRA_meti-tarski__atan-problem-1-chunk-0087.smt2	2	M	0.027876	20
QF_NRA_meti-tarski__atan-problem-1-chunk-0087.smt2	2	A	0.019332	20
QF_NRA_meti-tarski__atan-problem-2-chunk-0101.smt2	2	M	0.008333	6
QF_NRA_meti-tarski__atan-problem-2-chunk-0101.smt2	2	A	0.007666	6
QF_NRA_meti-tarski__atan-problem-2-chunk-0101.smt2	2	B	0.009583	6
QF_NRA_meti-tarski__atan-problem-2-chunk-0107.smt2	2	A	0.004708	0
QF_NRA_meti-tarski__atan-problem-2-chunk-0107.smt2	2	B	0.005875	0
QF_NRA_meti-tarski__atan-problem-2-chunk-0107.smt2	2	M	0.004459	0
QF_NRA_meti-tarski__atan-problem-2-weak-chunk-0061.smt2	2	B	0.006167	0
QF_NRA_meti-tarski__atan-problem-2-weak-chunk-0061.smt2	2	M	0.004459	0
QF_NRA_meti-tarski__atan-problem-2-weak-chunk-0061.smt2	2	A	0.005583	0
QF_NRA_meti-tarski__atan-problem-2-weak-chunk-0100.smt2	2	M	0.009541	4
QF_NRA_meti-tarski__atan-problem-2-weak-chunk-0100.smt2	2	A	0.007626	4
QF_NRA_meti-tarski__atan-problem-2-weak-chunk-0100.smt2	2	B	0.009292	4
QF_NRA_meti-tarski__atan-problem-2-weak-chunk-0225.smt2	2	A	0.005166	0
QF_NRA_meti-tarski__atan-problem-2-weak-chunk-0225.smt2	2	B	0.006083	0
QF_NRA_meti-tarski__atan-problem-2-weak-chunk-0225.smt2	2	M	0.0045	0
QF_NRA_meti-tarski__atan-problem-2-weakT-chunk-0054.smt2	2	B	0.008291	2
QF_NRA_meti-tarski__atan-problem-2-weakT-chunk-0054.smt2	2	M	0.007334	2
QF_NRA_meti-tarski__atan-problem-2-weakT-chunk-0054.smt2	2	A	0.006625	2
QF_NRA_meti-tarski__atan-vega-3-chunk-0434.smt2	2	M	0.006458	0
QF_NRA_meti-tarski__atan-vega-3-chunk-0434.smt2	2	A	0.005333	0
QF_NRA_meti-tarski__atan-vega-3-chunk-0434.smt2	2	B	0.0075	0
QF_NRA_meti-tarski__atan-vega-3-chunk-0489.smt2	2	A	0.007291	0
QF_NRA_meti-tarski__atan-vega-3-chunk-0489.smt2	2	B	0.007625	0
QF_NRA_meti-tarski__atan-vega-3-chunk-0489.smt2	2	M	0.005	0
QF_NRA_meti-tarski__atan-vega-3-chunk-0640.smt2	2	B	0.006292	0
QF_NRA_meti-tarski__atan-vega-3-chunk-0640.smt2	2	M	0.005959	0
QF_NRA_meti-tarski__atan-vega-3-chunk-0640.smt2	2	A	0.0055	0
QF_NRA_meti-tarski__atan-vega-3-weak-chunk-0195.smt2	2	M	0.006209	0
QF_NRA_meti-tarski__atan-vega-3-weak-chunk-0195.smt2	2	A	0.00525	0
QF_NRA_meti-tarski__atan-vega-3-weak-chunk-0195.smt2	2	B	0.006	0
QF_NRA_meti-tarski__atan-vega-3-weak-chunk-0243.smt2	2	A	0.00525	0
QF_NRA_meti-tarski__atan-vega-3-weak-chunk-0243.smt2	2	B	0.00625	0
QF_NRA_meti-tarski__atan-vega-3-weak-chunk-0243.smt2	2	M	0.004458	0
QF_NRA_meti-tarski__atan-vega-3-weak-chunk-0360.smt2	2	B	0.00625	0
QF_NRA_meti-tarski__atan-vega-3-weak-chunk-0360.smt2	2	M	0.006583	0
QF_NRA_meti-tarski__atan-vega-3-weak-chunk-0360.smt2	2	A	0.005333	0
QF_NRA_meti-tarski__atan-vega-3-weak-chunk-0435.smt2	2	M	0.013959	3
QF_NRA_meti-tarski__atan-vega-3-weak-chunk-0435.smt2	2	A	0.022459	3
QF_NRA_meti-tarski__atan-vega-3-weak-chunk-0435.smt2	2	B	0.024751	3
QF_NRA_meti-tarski__atan-vega-3-weak-chunk-0622.smt2	2	A	0.007041	0
QF_NRA_meti-tarski__atan-vega-3-weak-chunk-0622.smt2	2	B	0.008125	0
QF_NRA_meti-tarski__atan-vega-3-weak-chunk-0622.smt2	2	M	0.00475	0
QF_NRA_meti-tarski__exp-problem-10-2-chunk-0145.smt2	2	B	0.0065	0
QF_NRA_meti-tarski__exp-problem-10-2-chunk-0145.smt2	2	M	0.006958	0
QF_NRA_meti-tarski__exp-problem-10-2-chunk-0145.smt2	2	A	0.005292	0
QF_NRA_meti-tarski__exp-problem-10-2-chunk-0295.smt2	2	M	0.012167	7
QF_NRA_meti-tarski__exp-problem-10-2-chunk-0295.smt2	2	A	0.008792	7
QF_NRA_meti-tarski__exp-problem-10-2-chunk-0295.smt2	2	B	0.011334	7
QF_NRA_meti-tarski__exp-problem-10-3-chunk-0187.smt2	2	A	0.006083	1
QF_NRA_meti-tarski__exp-problem-10-3-chunk-0187.smt2	2	B	0.006625	1
QF_NRA_meti-tarski__exp-problem-10-3-chunk-0187.smt2	2	M	0.007791	1
QF_NRA_meti-tarski__exp-problem-10-3-weak-chunk-0042.smt2	2	B	0.016459	1
QF_NRA_meti-tarski__exp-problem-10-3-weak-chunk-0042.smt2	2	M	0.009083	1
QF_NRA_meti-tarski__exp-problem-10-3-weak-chunk-0042.smt2	2	A	0.014625	1
QF_NRA_meti-tarski__exp-problem-10-3-weak-chunk-0129.smt2	2	M	0.010166	1
QF_NRA_meti-tarski__exp-problem-10-3-weak-chunk-0129.smt2	2	A	0.006792	1
QF_NRA_meti-tarski__exp-problem-10-3-weak-chunk-0129.smt2	2	B	0.008792	1
QF_NRA_meti-tarski__polypaver-bench-sqrt-3d-chunk-0407.smt2	2	A	0.012458	2
QF_NRA_meti-tarski__polypaver-bench-sqrt-3d-chunk-0407.smt2	2	B	0.0105	2
QF_NRA_meti-tarski__polypaver-bench-sqrt-3d-chunk-0407.smt2	2	M	0.006916	2
QF_NRA_meti-tarski__polypaver-bench-sqrt-3d-chunk-0437.smt2	2	B	0.051167	14
QF_NRA_meti-tarski__polypaver-bench-sqrt-3d-chunk-0437.smt2	2	M	0.034835	14
QF_NRA_meti-tarski__polypaver-bench-sqrt-3d-chunk-0437.smt2	2	A	0.042834	14
QF_NRA_meti-tarski__polypaver-bench-sqrt-3d-chunk-0469.smt2	2	M	0.011416	8
QF_NRA_meti-tarski__polypaver-bench-sqrt-3d-chunk-0469.smt2	2	A	0.012333	8
QF_NRA_meti-tarski__polypaver-bench-sqrt-3d-chunk-0469.smt2	2	B	0.014167	8
QF_NRA_meti-tarski__sin-344-3-chunk-0046.smt2	2	A	0.006083	1
QF_NRA_meti-tarski__sin-344-3-chunk-0046.smt2	2	B	0.006791	1
QF_NRA_meti-tarski__sin-344-3-chunk-0046.smt2	2	M	0.008125	1
QF_NRA_meti-tarski__sin-cos-346-b-chunk-0119.smt2	2	B	0.083667	6
QF_NRA_meti-tarski__sin-cos-346-b-chunk-0119.smt2	2	M	0.059208	6
QF_NRA_meti-tarski__sin-cos-346-b-chunk-0119.smt2	2	A	0.07275	6
QF_NRA_meti-tarski__sin-cos-346-b-chunk-0350.smt2	2	M	0.007042	2
QF_NRA_meti-tarski__sin-cos-346-b-chunk-0350.smt2	2	A	0.00875	2
QF_NRA_meti-tarski__sin-cos-346-b-chunk-0350.smt2	2	B	0.009666	2
QF_NRA_meti-tarski__sin-cos-346-b-chunk-0458.smt2	2	A	0.006749	2
QF_NRA_meti-tarski__sin-cos-346-b-chunk-0458.smt2	2	B	0.008083	2
QF_NRA_meti-tarski__sin-cos-346-b-chunk-0458.smt2	2	M	0.007542	2
QF_NRA_meti-tarski__sin-cos-346-b-chunk-0479.smt2	2	B	0.02625	2
QF_NRA_meti-tarski__sin-cos-346-b-chunk-0479.smt2	2	M	0.015	2
QF_NRA_meti-tarski__sin-cos-346-b-chunk-0479.smt2	2	A	0.024292	2
QF_NRA_meti-tarski__sin-cos-346-b-chunk-0505.smt2	2	M	0.007417	2
QF_NRA_meti-tarski__sin-cos-346-b-chunk-0505.smt2	2	A	0.006666	2
QF_NRA_meti-tarski__sin-cos-346-b-chunk-0505.smt2	2	B	0.008082	2
QF_NRA_meti-tarski__sin-cos-346-b-chunk-0515.smt2	2	A	0.029458	6
QF_NRA_meti-tarski__sin-cos-346-b-chunk-0515.smt2	2	B	0.031917	6
QF_NRA_meti-tarski__sin-cos-346-b-chunk-0515.smt2	2	M	0.018208	6
QF_NRA_meti-tarski__sin-cos-346-b-chunk-0593.smt2	2	B	0.0205	2
QF_NRA_meti-tarski__sin-cos-346-b-chunk-0593.smt2	2	M	0.011791	2
QF_NRA_meti-tarski__sin-cos-346-b-chunk-0593.smt2	2	A	0.02175	2
QF_NRA_meti-tarski__sin-problem-7-chunk-0017.smt2	2	M	0.006917	2
QF_NRA_meti-tarski__sin-problem-7-chunk-0017.smt2	2	A	0.006917	2
QF_NRA_meti-tarski__sin-problem-7-chunk-0017.smt2	2	B	0.00725	2
QF_NRA_meti-tarski__sin-problem-7-chunk-0125.smt2	2	A	0.023999	8
QF_NRA_meti-tarski__sin-problem-7-chunk-0125.smt2	2	B	0.024	8
QF_NRA_meti-tarski__sin-problem-7-chunk-0125.smt2	2	M	0.012625	8
QF_NRA_meti-tarski__sin-problem-7-chunk-0264.smt2	2	B	0.187789	20
QF_NRA_meti-tarski__sin-problem-7-chunk-0264.smt2	2	M	0.202667	20
QF_NRA_meti-tarski__sin-problem-7-chunk-0264.smt2	2	A	0.194832	20
QF_NRA_meti-tarski__sin-problem-7-weak2-chunk-0113.smt2	2	M	0.101749	24
QF_NRA_meti-tarski__sin-problem-7-weak2-chunk-0113.smt2	2	A	0.229584	24
QF_NRA_meti-tarski__sin-problem-7-weak2-chunk-0113.smt2	2	B	0.238125	24
QF_NRA_meti-tarski__sqrt-1mcosq-7-chunk-0023.smt2	2	A	0.006334	2
QF_NRA_meti-tarski__sqrt-1mcosq-7-chunk-0023.smt2	2	B	0.007375	2
QF_NRA_meti-tarski__sqrt-1mcosq-7-chunk-0023.smt2	2	M	0.006791	2
QF_NRA_meti-tarski__sqrt-1mcosq-7-chunk-0094.smt2	2	B	0.020208	4
QF_NRA_meti-tarski__sqrt-1mcosq-7-chunk-0094.smt2	2	M	0.012166	4
QF_NRA_meti-tarski__sqrt-1mcosq-7-chunk-0094.smt2	2	A	0.01925	4
QF_NRA_meti-tarski__sqrt-1mcosq-7-chunk-0190.smt2	2	M	0.071498	24
QF_NRA_meti-tarski__sqrt-1mcosq-7-chunk-0190.smt2	2	A	0.150501	24
QF_NRA_meti-tarski__sqrt-1mcosq-7-chunk-0190.smt2	2	B	0.171458	24
QF_NRA_meti-tarski__sqrt-1mcosq-8-chunk-0045.smt2	2	A	0.006334	2
QF_NRA_meti-tarski__sqrt-1mcosq-8-chunk-0045.smt2	2	B	0.007209	2
QF_NRA_meti-tarski__sqrt-1mcosq-8-chunk-0045.smt2	2	M	0.006333	2
QF_NRA_meti-tarski__sqrt-1mcosq-8-chunk-0092.smt2	2	B	0.022542	4
QF_NRA_meti-tarski__sqrt-1mcosq-8-chunk-0092.smt2	2	M	0.013792	4
QF_NRA_meti-tarski__sqrt-1mcosq-8-chunk-0092.smt2	2	A	0.020458	4
QF_NRA_meti-tarski__sqrt-1mcosq-8-chunk-0116.smt2	2	M	0.049918	6
QF_NRA_meti-tarski__sqrt-1mcosq-8-chunk-0116.smt2	2	A	0.100499	6
QF_NRA_meti-tarski__sqrt-1mcosq-8-chunk-0116.smt2	2	B	0.1075	6
QF_NRA_meti-tarski__sqrt-1mcosq-8-chunk-0130.smt2	2	A	0.096042	4
QF_NRA_meti-tarski__sqrt-1mcosq-8-chunk-0130.smt2	2	B	0.090542	4
QF_NRA_meti-tarski__sqrt-1mcosq-8-chunk-0130.smt2	2	M	0.051501	4
QF_NRA_meti-tarski__sqrt-1mcosq-8-chunk-0164.smt2	2	B	0.016292	2
QF_NRA_meti-tarski__sqrt-1mcosq-8-chunk-0164.smt2	2	M	0.010125	2
QF_NRA_meti-tarski__sqrt-1mcosq-8-chunk-0164.smt2	2	A	0.015125	2
QF_NRA_meti-tarski__sqrt-1mcosq-8-chunk-0447.smt2	2	M	0.259167	6
QF_NRA_meti-tarski__sqrt-1mcosq-8-chunk-0447.smt2	2	A	0.195458	6
QF_NRA_meti-tarski__sqrt-1mcosq-8-chunk-0447.smt2	2	B	0.191625	6
QF_NRA_meti-tarski__sqrt-1mcosq-8-chunk-0531.smt2	2	A	0.01575	2
QF_NRA_meti-tarski__sqrt-1mcosq-8-chunk-0531.smt2	2	B	0.016459	2
QF_NRA_meti-tarski__sqrt-1mcosq-8-chunk-0531.smt2	2	M	0.0105	2
QF_NRA_meti-tarski__sqrt-1mcosq-8-chunk-0674.smt2	2	B	0.195292	6
QF_NRA_meti-tarski__sqrt-1mcosq-8-chunk-0674.smt2	2	M	0.259958	6
QF_NRA_meti-tarski__sqrt-1mcosq-8-chunk-0674.smt2	2	A	0.18725	6
QF_NRA_meti-tarski__sqrt-problem-12vars3-chunk-0033.smt2	2	M	0.006167	2
QF_NRA_meti-tarski__sqrt-problem-12vars3-chunk-0033.smt2	2	A	0.006834	2
QF_NRA_meti-tarski__sqrt-problem-12vars3-chunk-0033.smt2	2	B	0.007167	2
QF_NRA_meti-tarski__sqrt-problem-13-sqrt1-chunk-0051.smt2	2	A	0.006125	2
QF_NRA_meti-tarski__sqrt-problem-13-sqrt1-chunk-0051.smt2	2	B	0.006875	2
QF_NRA_meti-tarski__sqrt-problem-13-sqrt1-chunk-0051.smt2	2	M	0.00625	2
QF_NRA_meti-tarski__sqrt-problem-Melquiond2-chunk-0041.smt2	2	B	0.028375	8
QF_NRA_meti-tarski__sqrt-problem-Melquiond2-chunk-0041.smt2	2	M	0.015375	8
QF_NRA_meti-tarski__sqrt-problem-Melquiond2-chunk-0041.smt2	2	A	0.020708	8
QF_NRA_zankl__matrix-1-all-41.smt2	2	M	0.014209	12
QF_NRA_zankl__matrix-1-all-41.smt2	2	A	0.015	12
QF_NRA_zankl__matrix-1-all-41.smt2	2	B	0.016209	12
QF_NRA_zankl__matrix-3-all-16.smt2	2	A	0.006083	2
QF_NRA_zankl__matrix-3-all-16.smt2	2	B	0.006916	2
QF_NRA_zankl__matrix-3-all-16.smt2	2	M	0.006458	2
QF_NRA_zankl__matrix-3-all-17.smt2	2	B	0.008833	2
QF_NRA_zankl__matrix-3-all-17.smt2	2	M	0.007999	2
QF_NRA_zankl__matrix-3-all-17.smt2	2	A	0.007208	2
QF_NRA_zankl__matrix-4-all-21.smt2	2	M	0.009625	4
QF_NRA_zankl__matrix-4-all-21.smt2	2	A	0.008291	4
QF_NRA_zankl__matrix-4-all-21.smt2	2	B	0.010043	4
QF_NRA_zankl__matrix-4-all-22.smt2	2	A	0.006042	2
QF_NRA_zankl__matrix-4-all-22.smt2	2	B	0.006917	2
QF_NRA_zankl__matrix-4-all-22.smt2	2	M	0.006	2
AUFNIRA_nasa__cl5_nebula_norm_0017.fof.smt2	3	A	0.012334	4
AUFNIRA_nasa__cl5_nebula_norm_0017.fof.smt2	3	B	0.013624	4
AUFNIRA_nasa__cl5_nebula_norm_0017.fof.smt2	3	M	0.011708	4
AUFNIRA_nasa__cl5_nebula_norm_0067.fof.smt2	3	B	0.373202	344
AUFNIRA_nasa__cl5_nebula_norm_0067.fof.smt2	3	M	0.307873	344
AUFNIRA_nasa__cl5_nebula_norm_0067.fof.smt2	3	A	0.298253	344
NRA_20220222-cut-three-circles__cut-out-1.smt2	3	M	0.009625	6
NRA_20220222-cut-three-circles__cut-out-1.smt2	3	A	0.011959	6
NRA_20220222-cut-three-circles__cut-out-1.smt2	3	B	0.012542	6
NRA_20220222-cut-three-circles__cut-out-2.smt2	3	A	0.021959	34
NRA_20220222-cut-three-circles__cut-out-2.smt2	3	B	0.031209	34
NRA_20220222-cut-three-circles__cut-out-2.smt2	3	M	0.029958	34
QF_NIA_20170427-VeryMax__From_AProVE_2014__MainCopy.jar-obl-10__p10363_edge_closing_0.smt2	3	B	0.05958	70
QF_NIA_20170427-VeryMax__From_AProVE_2014__MainCopy.jar-obl-10__p10363_edge_closing_0.smt2	3	M	0.064912	70
QF_NIA_20170427-VeryMax__From_AProVE_2014__MainCopy.jar-obl-10__p10363_edge_closing_0.smt2	3	A	0.038789	70
QF_NIA_20170427-VeryMax__From_AProVE_2014__Test7.jar-obl-11__p12895_safety_0.smt2	3	M	0.11875	145
QF_NIA_20170427-VeryMax__From_AProVE_2014__Test7.jar-obl-11__p12895_safety_0.smt2	3	A	0.068	145
QF_NIA_20170427-VeryMax__From_AProVE_2014__Test7.jar-obl-11__p12895_safety_0.smt2	3	B	0.106922	145
QF_NIA_20170427-VeryMax__From_AProVE_2014__Velroyen08-factorial.jar-obl-8__p13794_terminationG_0.smt2	3	A	0.113333	204
QF_NIA_20170427-VeryMax__From_AProVE_2014__Velroyen08-factorial.jar-obl-8__p13794_terminationG_0.smt2	3	B	0.151292	204
QF_NIA_20170427-VeryMax__From_AProVE_2014__Velroyen08-factorial.jar-obl-8__p13794_terminationG_0.smt2	3	M	0.143752	204
QF_NIA_20170427-VeryMax__From_AProVE_2014__juHashMapCreate.jar-obl-10__p5055_safety_0.smt2	3	B	0.705556	1195
QF_NIA_20170427-VeryMax__From_AProVE_2014__juHashMapCreate.jar-obl-10__p5055_safety_0.smt2	3	M	0.994262	1195
QF_NIA_20170427-VeryMax__From_AProVE_2014__juHashMapCreate.jar-obl-10__p5055_safety_0.smt2	3	A	0.52194	1195
QF_NIA_20170427-VeryMax__From_AProVE_2014__juHashMapCreateClear.jar-obl-11__p30137_safety_0.smt2	3	M	0.064878	78
QF_NIA_20170427-VeryMax__From_AProVE_2014__juHashMapCreateClear.jar-obl-11__p30137_safety_0.smt2	3	A	0.039336	78
QF_NIA_20170427-VeryMax__From_AProVE_2014__juHashMapCreateClear.jar-obl-11__p30137_safety_0.smt2	3	B	0.069121	78
QF_NIA_20170427-VeryMax__From_AProVE_2014__juHashMapCreateContainsKey.jar-obl-11__p30854_safety_0.smt2	3	A	0.023747	26
QF_NIA_20170427-VeryMax__From_AProVE_2014__juHashMapCreateContainsKey.jar-obl-11__p30854_safety_0.smt2	3	B	0.030792	26
QF_NIA_20170427-VeryMax__From_AProVE_2014__juHashMapCreateContainsKey.jar-obl-11__p30854_safety_0.smt2	3	M	0.025459	26
QF_NIA_20170427-VeryMax__From_AProVE_2014__juHashMapCreateContainsKey.jar-obl-11__p31075_safety_0.smt2	3	B	0.285508	368
QF_NIA_20170427-VeryMax__From_AProVE_2014__juHashMapCreateContainsKey.jar-obl-11__p31075_safety_0.smt2	3	M	0.419499	368
QF_NIA_20170427-VeryMax__From_AProVE_2014__juHashMapCreateContainsKey.jar-obl-11__p31075_safety_0.smt2	3	A	0.211956	368
QF_NIA_20170427-VeryMax__From_AProVE_2014__juHashMapCreateContainsKey.jar-obl-11__p31778_safety_0.smt2	3	M	0.389462	254
QF_NIA_20170427-VeryMax__From_AProVE_2014__juHashMapCreateContainsKey.jar-obl-11__p31778_safety_0.smt2	3	A	0.119787	254
QF_NIA_20170427-VeryMax__From_AProVE_2014__juHashMapCreateContainsKey.jar-obl-11__p31778_safety_0.smt2	3	B	0.186959	254
QF_NIA_20170427-VeryMax__From_AProVE_2014__juHashMapCreateContainsValue.jar-obl-11__p31970_safety_0.smt2	3	A	0.013208	10
QF_NIA_20170427-VeryMax__From_AProVE_2014__juHashMapCreateContainsValue.jar-obl-11__p31970_safety_0.smt2	3	B	0.01846	10
QF_NIA_20170427-VeryMax__From_AProVE_2014__juHashMapCreateContainsValue.jar-obl-11__p31970_safety_0.smt2	3	M	0.016001	10
QF_NIA_20170427-VeryMax__From_AProVE_2014__juHashMapCreateContainsValue.jar-obl-11__p32093_safety_0.smt2	3	B	0.184416	220
QF_NIA_20170427-VeryMax__From_AProVE_2014__juHashMapCreateContainsValue.jar-obl-11__p32093_safety_0.smt2	3	M	0.241036	220
QF_NIA_20170427-VeryMax__From_AProVE_2014__juHashMapCreateContainsValue.jar-obl-11__p32093_safety_0.smt2	3	A	0.126416	220
QF_NIA_20170427-VeryMax__From_AProVE_2014__juHashMapCreateIsEmpty.jar-obl-10__p1579_safety_0.smt2	3	M	1.45811	1388
QF_NIA_20170427-VeryMax__From_AProVE_2014__juHashMapCreateIsEmpty.jar-obl-10__p1579_safety_0.smt2	3	A	0.720589	1388
QF_NIA_20170427-VeryMax__From_AProVE_2014__juHashMapCreateIsEmpty.jar-obl-10__p1579_safety_0.smt2	3	B	1.0329	1388
QF_NIA_20170427-VeryMax__From_AProVE_2014__juHashMapCreateIsEmpty.jar-obl-10__p1900_safety_0.smt2	3	A	0.142831	282
QF_NIA_20170427-VeryMax__From_AProVE_2014__juHashMapCreateIsEmpty.jar-obl-10__p1900_safety_0.smt2	3	B	0.200835	282
QF_NIA_20170427-VeryMax__From_AProVE_2014__juHashMapCreateIsEmpty.jar-obl-10__p1900_safety_0.smt2	3	M	0.229829	282
QF_NIA_20170427-VeryMax__From_AProVE_2014__juHashMapCreateIteratorEntryLoop.jar-obl-12__p3002_safety_0.smt2	3	B	0.186045	320
QF_NIA_20170427-VeryMax__From_AProVE_2014__juHashMapCreateIteratorEntryLoop.jar-obl-12__p3002_safety_0.smt2	3	M	0.225617	320
QF_NIA_20170427-VeryMax__From_AProVE_2014__juHashMapCreateIteratorEntryLoop.jar-obl-12__p3002_safety_0.smt2	3	A	0.128546	320
QF_NIA_20170427-VeryMax__From_AProVE_2014__juHashMapCreatePut.jar-obl-10__p5968_safety_0.smt2	3	M	0.027001	24
QF_NIA_20170427-VeryMax__From_AProVE_2014__juHashMapCreatePut.jar-obl-10__p5968_safety_0.smt2	3	A	0.020001	24
QF_NIA_20170427-VeryMax__From_AProVE_2014__juHashMapCreatePut.jar-obl-10__p5968_safety_0.smt2	3	B	0.028083	24
QF_NIA_20170427-VeryMax__From_AProVE_2014__juHashMapCreatePut.jar-obl-10__p6107_safety_0.smt2	3	A	1.29045	1806
QF_NIA_20170427-VeryMax__From_AProVE_2014__juHashMapCreatePut.jar-obl-10__p6107_safety_0.smt2	3	B	1.55951	1806
QF_NIA_20170427-VeryMax__From_AProVE_2014__juHashMapCreatePut.jar-obl-10__p6107_safety_0.smt2	3	M	2.13832	1806
QF_NIA_20170427-VeryMax__From_AProVE_2014__juHashMapCreateSize.jar-obl-10__p7163_safety_0.smt2	3	B	0.577125	553
QF_NIA_20170427-VeryMax__From_AProVE_2014__juHashMapCreateSize.jar-obl-10__p7163_safety_0.smt2	3	M	0.590213	553
QF_NIA_20170427-VeryMax__From_AProVE_2014__juHashMapCreateSize.jar-obl-10__p7163_safety_0.smt2	3	A	0.507161	553
QF_NIA_20170427-VeryMax__From_AProVE_2014__juHashMapCreateSize.jar-obl-10__p7575_safety_0.smt2	3	M	6.87595	4476
QF_NIA_20170427-VeryMax__From_AProVE_2014__juHashMapCreateSize.jar-obl-10__p7575_safety_0.smt2	3	A	2.41507	4476
QF_NIA_20170427-VeryMax__From_AProVE_2014__juHashMapCreateSize.jar-obl-10__p7575_safety_0.smt2	3	B	3.17277	4476
QF_NIA_20170427-VeryMax__From_AProVE_2014__juLinkedListCreateAddAllAt.jar-obl-17__p8067_safety_0.smt2	3	A	0.015624	34
QF_NIA_20170427-VeryMax__From_AProVE_2014__juLinkedListCreateAddAllAt.jar-obl-17__p8067_safety_0.smt2	3	B	0.022707	34
QF_NIA_20170427-VeryMax__From_AProVE_2014__juLinkedListCreateAddAllAt.jar-obl-17__p8067_safety_0.smt2	3	M	0.028206	34
QF_NIA_20170427-VeryMax__From_AProVE_2014__juLinkedListCreateAddAllAt.jar-obl-17__p8387_safety_0.smt2	3	B	0.008626	4
QF_NIA_20170427-VeryMax__From_AProVE_2014__juLinkedListCreateAddAllAt.jar-obl-17__p8387_safety_0.smt2	3	M	0.007458	4
QF_NIA_20170427-VeryMax__From_AProVE_2014__juLinkedListCreateAddAllAt.jar-obl-17__p8387_safety_0.smt2	3	A	0.007208	4
QF_NIA_20170427-VeryMax__From_T2__afagp-fail.t2__p15460_terminationG_0.smt2	3	M	0.074625	83
QF_NIA_20170427-VeryMax__From_T2__afagp-fail.t2__p15460_terminationG_0.smt2	3	A	0.044833	83
QF_NIA_20170427-VeryMax__From_T2__afagp-fail.t2__p15460_terminationG_0.smt2	3	B	0.068708	83
QF_NIA_20170427-VeryMax__From_T2__compress.t2__p17866_terminationG_0.smt2	3	A	0.158293	345
QF_NIA_20170427-VeryMax__From_T2__compress.t2__p17866_terminationG_0.smt2	3	B	0.229132	345
QF_NIA_20170427-VeryMax__From_T2__compress.t2__p17866_terminationG_0.smt2	3	M	0.248086	345
QF_NIA_20170427-VeryMax__From_T2__consts3nt.t2_fixed__p18148_terminationG_0.smt2	3	B	0.011917	2
QF_NIA_20170427-VeryMax__From_T2__consts3nt.t2_fixed__p18148_terminationG_0.smt2	3	M	0.00625	2
QF_NIA_20170427-VeryMax__From_T2__consts3nt.t2_fixed__p18148_terminationG_0.smt2	3	A	0.010625	2
QF_NIA_20170427-VeryMax__From_T2__edn.t2__p20109_safety_0.smt2	3	M	0.130005	174
QF_NIA_20170427-VeryMax__From_T2__edn.t2__p20109_safety_0.smt2	3	A	0.092748	174
QF_NIA_20170427-VeryMax__From_T2__edn.t2__p20109_safety_0.smt2	3	B	0.133508	174
QF_NIA_20170427-VeryMax__From_T2__edn.t2__p20654_safety_0.smt2	3	A	1.55487	2174
QF_NIA_20170427-VeryMax__From_T2__edn.t2__p20654_safety_0.smt2	3	B	1.81255	2174
QF_NIA_20170427-VeryMax__From_T2__edn.t2__p20654_safety_0.smt2	3	M	1.46575	2174
QF_NIA_20170427-VeryMax__From_T2__edn.t2__p20682_safety_0.smt2	3	B	0.687257	887
QF_NIA_20170427-VeryMax__From_T2__edn.t2__p20682_safety_0.smt2	3	M	0.680338	887
QF_NIA_20170427-VeryMax__From_T2__edn.t2__p20682_safety_0.smt2	3	A	0.51813	887
QF_NIA_20170427-VeryMax__From_T2__ex36.t2__p29288_safety_0.smt2	3	M	1.27856	1863
QF_NIA_20170427-VeryMax__From_T2__ex36.t2__p29288_safety_0.smt2	3	A	1.11852	1863
QF_NIA_20170427-VeryMax__From_T2__ex36.t2__p29288_safety_0.smt2	3	B	1.361	1863
QF_NIA_20170427-VeryMax__From_T2__foo.t2__terminationS_23_0.smt2	3	A	0.012667	10
QF_NIA_20170427-VeryMax__From_T2__foo.t2__terminationS_23_0.smt2	3	B	0.015791	10
QF_NIA_20170427-VeryMax__From_T2__foo.t2__terminationS_23_0.smt2	3	M	0.013583	10
QF_NIA_20170427-VeryMax__From_T2__fun9.t2__p1256_edge_closing_0.smt2	3	B	0.279972	526
QF_NIA_20170427-VeryMax__From_T2__fun9.t2__p1256_edge_closing_0.smt2	3	M	0.313079	526
QF_NIA_20170427-VeryMax__From_T2__fun9.t2__p1256_edge_closing_0.smt2	3	A	0.192429	526
QF_NIA_20170427-VeryMax__From_T2__fun9.t2__p1366_edge_closing_0.smt2	3	M	0.049001	42
QF_NIA_20170427-VeryMax__From_T2__fun9.t2__p1366_edge_closing_0.smt2	3	A	0.026249	42
QF_NIA_20170427-VeryMax__From_T2__fun9.t2__p1366_edge_closing_0.smt2	3	B	0.037084	42
QF_NIA_20170427-VeryMax__From_T2__hqr.c.i.hqr.pl.t2.nor.t2.rlgfixed.t2_fixed__terminationS_49_0.smt2	3	A	0.009084	2
QF_NIA_20170427-VeryMax__From_T2__hqr.c.i.hqr.pl.t2.nor.t2.rlgfixed.t2_fixed__terminationS_49_0.smt2	3	B	0.010667	2
QF_NIA_20170427-VeryMax__From_T2__hqr.c.i.hqr.pl.t2.nor.t2.rlgfixed.t2_fixed__terminationS_49_0.smt2	3	M	0.006666	2
QF_NIA_20170427-VeryMax__From_T2__hqr.c.i.hqr.pl.t2.nor.t2.rlgfixed.t2_fixed__terminationS_61_0.smt2	3	B	0.056377	64
QF_NIA_20170427-VeryMax__From_T2__hqr.c.i.hqr.pl.t2.nor.t2.rlgfixed.t2_fixed__terminationS_61_0.smt2	3	M	0.055544	64
QF_NIA_20170427-VeryMax__From_T2__hqr.c.i.hqr.pl.t2.nor.t2.rlgfixed.t2_fixed__terminationS_61_0.smt2	3	A	0.039582	64
QF_NIA_20170427-VeryMax__From_T2__janne_complex.t2__p2259_terminationG_0.smt2	3	M	0.038418	30
QF_NIA_20170427-VeryMax__From_T2__janne_complex.t2__p2259_terminationG_0.smt2	3	A	0.026791	30
QF_NIA_20170427-VeryMax__From_T2__janne_complex.t2__p2259_terminationG_0.smt2	3	B	0.032462	30
QF_NIA_20170427-VeryMax__From_T2__matmul.t2__p2657_terminationG_0.smt2	3	A	0.025417	38
QF_NIA_20170427-VeryMax__From_T2__matmul.t2__p2657_terminationG_0.smt2	3	B	0.034705	38
QF_NIA_20170427-VeryMax__From_T2__matmul.t2__p2657_terminationG_0.smt2	3	M	0.038374	38
QF_NIA_20170427-VeryMax__From_T2__n-7.t2_fixed__p4908_terminationG_0.smt2	3	B	0.034917	14
QF_NIA_20170427-VeryMax__From_T2__n-7.t2_fixed__p4908_terminationG_0.smt2	3	M	0.025581	14
QF_NIA_20170427-VeryMax__From_T2__n-7.t2_fixed__p4908_terminationG_0.smt2	3	A	0.030249	14
QF_NIA_20170427-VeryMax__From_T2__s1-striped.t2__p12567_safety_0.smt2	3	M	0.015208	8
QF_NIA_20170427-VeryMax__From_T2__s1-striped.t2__p12567_safety_0.smt2	3	A	0.020292	8
QF_NIA_20170427-VeryMax__From_T2__s1-striped.t2__p12567_safety_0.smt2	3	B	0.02121	8
QF_NIA_20170427-VeryMax__From_T2__s1-striped.t2__p13166_safety_0.smt2	3	A	0.013042	8
QF_NIA_20170427-VeryMax__From_T2__s1-striped.t2__p13166_safety_0.smt2	3	B	0.016417	8
QF_NIA_20170427-VeryMax__From_T2__s1-striped.t2__p13166_safety_0.smt2	3	M	0.015373	8
QF_NIA_20170427-VeryMax__From_T2__s1-striped.t2__p13877_safety_0.smt2	3	B	0.012751	2
QF_NIA_20170427-VeryMax__From_T2__s1-striped.t2__p13877_safety_0.smt2	3	M	0.015418	2
QF_NIA_20170427-VeryMax__From_T2__s1-striped.t2__p13877_safety_0.smt2	3	A	0.010958	2
QF_NIA_20170427-VeryMax__From_T2__s1.t2_fixed__p16651_safety_0.smt2	3	M	0.00975	2
QF_NIA_20170427-VeryMax__From_T2__s1.t2_fixed__p16651_safety_0.smt2	3	A	0.008916	2
QF_NIA_20170427-VeryMax__From_T2__s1.t2_fixed__p16651_safety_0.smt2	3	B	0.0085	2
QF_NIA_20170427-VeryMax__From_T2__s1.t2_fixed__p17151_safety_0.smt2	3	A	1.28547	1587
QF_NIA_20170427-VeryMax__From_T2__s1.t2_fixed__p17151_safety_0.smt2	3	B	1.36349	1587
QF_NIA_20170427-VeryMax__From_T2__s1.t2_fixed__p17151_safety_0.smt2	3	M	1.31828	1587
QF_NIA_20170427-VeryMax__From_T2__slayer-3-filtered.t2__p21681_safety_0.smt2	3	B	2.14005	2935
QF_NIA_20170427-VeryMax__From_T2__slayer-3-filtered.t2__p21681_safety_0.smt2	3	M	2.104	2935
QF_NIA_20170427-VeryMax__From_T2__slayer-3-filtered.t2__p21681_safety_0.smt2	3	A	1.66421	2935
QF_NIA_20170427-VeryMax__From_T2__slayer-3-filtered.t2__p21744_safety_0.smt2	3	M	0.097461	107
QF_NIA_20170427-VeryMax__From_T2__slayer-3-filtered.t2__p21744_safety_0.smt2	3	A	0.094503	107
QF_NIA_20170427-VeryMax__From_T2__slayer-3-filtered.t2__p21744_safety_0.smt2	3	B	0.11496	107
QF_NIA_20170427-VeryMax__From_T2__slayer-3-new.t2_fixed__p21823_safety_0.smt2	3	A	0.017001	14
QF_NIA_20170427-VeryMax__From_T2__slayer-3-new.t2_fixed__p21823_safety_0.smt2	3	B	0.023708	14
QF_NIA_20170427-VeryMax__From_T2__slayer-3-new.t2_fixed__p21823_safety_0.smt2	3	M	0.021958	14
QF_NIA_20170427-VeryMax__From_T2__slayer-n5-filtered.t2__p23330_terminationG_0.smt2	3	B	0.013458	4
QF_NIA_20170427-VeryMax__From_T2__slayer-n5-filtered.t2__p23330_terminationG_0.smt2	3	M	0.007917	4
QF_NIA_20170427-VeryMax__From_T2__slayer-n5-filtered.t2__p23330_terminationG_0.smt2	3	A	0.011958	4
QF_NIA_20170427-VeryMax__From_T2__slayer-n5-filtered.t2__p23398_safety_0.smt2	3	M	0.50004	727
QF_NIA_20170427-VeryMax__From_T2__slayer-n5-filtered.t2__p23398_safety_0.smt2	3	A	0.336807	727
QF_NIA_20170427-VeryMax__From_T2__slayer-n5-filtered.t2__p23398_safety_0.smt2	3	B	0.473663	727
QF_NIA_20170427-VeryMax__From_T2__svdcmp.t2_fixed__term_unfeasibility_11_0.smt2	3	A	0.019419	20
QF_NIA_20170427-VeryMax__From_T2__svdcmp.t2_fixed__term_unfeasibility_11_0.smt2	3	B	0.024292	20
QF_NIA_20170427-VeryMax__From_T2__svdcmp.t2_fixed__term_unfeasibility_11_0.smt2	3	M	0.022458	20
QF_NIA_20170427-VeryMax__From_T2__zlib-adler32.c.t2__p25934_safety_0.smt2	3	B	0.030836	28
QF_NIA_20170427-VeryMax__From_T2__zlib-adler32.c.t2__p25934_safety_0.smt2	3	M	0.031252	28
QF_NIA_20170427-VeryMax__From_T2__zlib-adler32.c.t2__p25934_safety_0.smt2	3	A	0.024955	28
QF_NIA_20170427-VeryMax__Stroeder_15__4NestedWith3Variables_true-termination.c__p20203_terminationG_0.smt2	3	M	1.72294	2258
QF_NIA_20170427-VeryMax__Stroeder_15__4NestedWith3Variables_true-termination.c__p20203_terminationG_0.smt2	3	A	1.937	2258
QF_NIA_20170427-VeryMax__Stroeder_15__4NestedWith3Variables_true-termination.c__p20203_terminationG_0.smt2	3	B	2.20645	2258
QF_NIA_20170427-VeryMax__Stroeder_15__GulwaniJainKoskinen-PLDI2009-Fig1_true-termination.c__p23679_edge_closing_0.smt2	3	A	0.067666	20
QF_NIA_20170427-VeryMax__Stroeder_15__GulwaniJainKoskinen-PLDI2009-Fig1_true-termination.c__p23679_edge_closing_0.smt2	3	B	0.074586	20
QF_NIA_20170427-VeryMax__Stroeder_15__GulwaniJainKoskinen-PLDI2009-Fig1_true-termination.c__p23679_edge_closing_0.smt2	3	M	0.043125	20
QF_NIA_20170427-VeryMax__Stroeder_15__GulwaniJainKoskinen-PLDI2009-Fig1_true-termination.c__p23704_edge_closing_0.smt2	3	B	0.011792	2
QF_NIA_20170427-VeryMax__Stroeder_15__GulwaniJainKoskinen-PLDI2009-Fig1_true-termination.c__p23704_edge_closing_0.smt2	3	M	0.008875	2
QF_NIA_20170427-VeryMax__Stroeder_15__GulwaniJainKoskinen-PLDI2009-Fig1_true-termination.c__p23704_edge_closing_0.smt2	3	A	0.009875	2
QF_NIA_20170427-VeryMax__Stroeder_15__svcomp_ex2.c__p25876_terminationG_0.smt2	3	M	0.007458	2
QF_NIA_20170427-VeryMax__Stroeder_15__svcomp_ex2.c__p25876_terminationG_0.smt2	3	A	0.010167	2
QF_NIA_20170427-VeryMax__Stroeder_15__svcomp_ex2.c__p25876_terminationG_0.smt2	3	B	0.012667	2
QF_NIA_20170427-VeryMax__Stroeder_15__svcomp_ex2.c__p25913_terminationG_0.smt2	3	A	0.249792	523
QF_NIA_20170427-VeryMax__Stroeder_15__svcomp_ex2.c__p25913_terminationG_0.smt2	3	B	0.341528	523
QF_NIA_20170427-VeryMax__Stroeder_15__svcomp_ex2.c__p25913_terminationG_0.smt2	3	M	0.373414	523
QF_NIA_20210219-Dartagnan__lcm2_unwindbound10-O0.smt2	3	B	0.007042	2
QF_NIA_20210219-Dartagnan__lcm2_unwindbound10-O0.smt2	3	M	0.005833	2
QF_NIA_20210219-Dartagnan__lcm2_unwindbound10-O0.smt2	3	A	0.006041	2
QF_NIA_20220315-MathProblems__MS_07.smt2	3	M	1.92538	3518
QF_NIA_20220315-MathProblems__MS_07.smt2	3	A	0.93291	3518
QF_NIA_20220315-MathProblems__MS_07.smt2	3	B	1.63475	3518
QF_NIA_20220315-MathProblems__SF_11.smt2	3	A	0.014624	3
QF_NIA_20220315-MathProblems__SF_11.smt2	3	B	0.015416	3
QF_NIA_20220315-MathProblems__SF_11.smt2	3	M	0.011625	3
QF_NIA_20220315-MathProblems__STC_0030.smt2	3	B	7.97558	9772
QF_NIA_20220315-MathProblems__STC_0030.smt2	3	M	8.78973	9772
QF_NIA_20220315-MathProblems__STC_0030.smt2	3	A	5.0992	9772
QF_NIA_20220315-MathProblems__STC_0148.smt2	3	M	7.76673	9264
QF_NIA_20220315-MathProblems__STC_0148.smt2	3	A	4.49647	9264
QF_NIA_20220315-MathProblems__STC_0148.smt2	3	B	7.52432	9264
QF_NIA_20220315-MathProblems__STC_0157.smt2	3	A	6.25411	12123
QF_NIA_20220315-MathProblems__STC_0157.smt2	3	B	9.96015	12123
QF_NIA_20220315-MathProblems__STC_0157.smt2	3	M	10.5029	12123
QF_NIA_20220315-MathProblems__STC_0173.smt2	3	B	8.95648	11212
QF_NIA_20220315-MathProblems__STC_0173.smt2	3	M	10.4157	11212
QF_NIA_20220315-MathProblems__STC_0173.smt2	3	A	5.60876	11212
QF_NIA_20220315-MathProblems__STC_0176.smt2	3	M	8.70556	10116
QF_NIA_20220315-MathProblems__STC_0176.smt2	3	A	4.96615	10116
QF_NIA_20220315-MathProblems__STC_0176.smt2	3	B	7.98149	10116
QF_NIA_20220315-MathProblems__STC_0183.smt2	3	A	5.13418	10134
QF_NIA_20220315-MathProblems__STC_0183.smt2	3	B	7.98226	10134
QF_NIA_20220315-MathProblems__STC_0183.smt2	3	M	8.65067	10134
QF_NIA_20220315-MathProblems__STC_0187.smt2	3	B	8.27088	10563
QF_NIA_20220315-MathProblems__STC_0187.smt2	3	M	9.05287	10563
QF_NIA_20220315-MathProblems__STC_0187.smt2	3	A	5.16256	10563
QF_NIA_20220315-MathProblems__STC_0189.smt2	3	M	0.016458	5
QF_NIA_20220315-MathProblems__STC_0189.smt2	3	A	0.00954	5
QF_NIA_20220315-MathProblems__STC_0189.smt2	3	B	0.013543	5
QF_NIA_20220315-MathProblems__STC_0205.smt2	3	A	0.244548	454
QF_NIA_20220315-MathProblems__STC_0205.smt2	3	B	0.435387	454
QF_NIA_20220315-MathProblems__STC_0205.smt2	3	M	0.523282	454
QF_NIA_20220315-MathProblems__STC_0340.smt2	3	B	0.523085	560
QF_NIA_20220315-MathProblems__STC_0340.smt2	3	M	0.635763	560
QF_NIA_20220315-MathProblems__STC_0340.smt2	3	A	0.333074	560
QF_NIA_20220315-MathProblems__STC_0385.smt2	3	M	0.527047	457
QF_NIA_20220315-MathProblems__STC_0385.smt2	3	A	0.266073	457
QF_NIA_20220315-MathProblems__STC_0385.smt2	3	B	0.423381	457
QF_NIA_20220315-MathProblems__STC_0388.smt2	3	A	0.374201	663
QF_NIA_20220315-MathProblems__STC_0388.smt2	3	B	0.605083	663
QF_NIA_20220315-MathProblems__STC_0388.smt2	3	M	0.771165	663
QF_NIA_20220315-MathProblems__STC_0456.smt2	3	B	0.502532	518
QF_NIA_20220315-MathProblems__STC_0456.smt2	3	M	0.58847	518
QF_NIA_20220315-MathProblems__STC_0456.smt2	3	A	0.281926	518
QF_NIA_20220315-MathProblems__STC_0493.smt2	3	M	0.647971	574
QF_NIA_20220315-MathProblems__STC_0493.smt2	3	A	0.318503	574
QF_NIA_20220315-MathProblems__STC_0493.smt2	3	B	0.532558	574
QF_NIA_20220315-MathProblems__STC_0541.smt2	3	A	0.311272	587
QF_NIA_20220315-MathProblems__STC_0541.smt2	3	B	0.544868	587
QF_NIA_20220315-MathProblems__STC_0541.smt2	3	M	0.638563	587
QF_NIA_20220315-MathProblems__STC_0563.smt2	3	B	11.2343	13992
QF_NIA_20220315-MathProblems__STC_0563.smt2	3	M	11.8829	13992
QF_NIA_20220315-MathProblems__STC_0563.smt2	3	A	6.87149	13992
QF_NIA_20220315-MathProblems__STC_0584.smt2	3	M	0.574736	563
QF_NIA_20220315-MathProblems__STC_0584.smt2	3	A	0.296693	563
QF_NIA_20220315-MathProblems__STC_0584.smt2	3	B	0.50574	563
QF_NIA_20220315-MathProblems__STC_0609.smt2	3	A	0.862071	1737
QF_NIA_20220315-MathProblems__STC_0609.smt2	3	B	1.59547	1737
QF_NIA_20220315-MathProblems__STC_0609.smt2	3	M	2.16264	1737
QF_NIA_20220315-MathProblems__STC_0629.smt2	3	B	0.470338	472
QF_NIA_20220315-MathProblems__STC_0629.smt2	3	M	0.512457	472
QF_NIA_20220315-MathProblems__STC_0629.smt2	3	A	0.256653	472
QF_NIA_20220315-MathProblems__STC_0650.smt2	3	M	9.16717	10714
QF_NIA_20220315-MathProblems__STC_0650.smt2	3	A	5.26906	10714
QF_NIA_20220315-MathProblems__STC_0650.smt2	3	B	8.50049	10714
QF_NIA_20220315-MathProblems__STC_0693.smt2	3	A	4.76564	9612
QF_NIA_20220315-MathProblems__STC_0693.smt2	3	B	7.57141	9612
QF_NIA_20220315-MathProblems__STC_0693.smt2	3	M	8.13787	9612
QF_NIA_20220315-MathProblems__STC_0707.smt2	3	B	7.75471	9587
QF_NIA_20220315-MathProblems__STC_0707.smt2	3	M	8.24335	9587
QF_NIA_20220315-MathProblems__STC_0707.smt2	3	A	4.94527	9587
QF_NIA_20220315-MathProblems__STC_0739.smt2	3	M	0.455417	433
QF_NIA_20220315-MathProblems__STC_0739.smt2	3	A	0.241499	433
QF_NIA_20220315-MathProblems__STC_0739.smt2	3	B	0.426412	433
QF_NIA_20220315-MathProblems__STC_0755.smt2	3	A	0.313242	598
QF_NIA_20220315-MathProblems__STC_0755.smt2	3	B	0.563655	598
QF_NIA_20220315-MathProblems__STC_0755.smt2	3	M	0.705991	598
QF_NIA_20220315-MathProblems__STC_0770.smt2	3	B	8.73195	10729
QF_NIA_20220315-MathProblems__STC_0770.smt2	3	M	9.14329	10729
QF_NIA_20220315-MathProblems__STC_0770.smt2	3	A	5.43745	10729
QF_NIA_20220315-MathProblems__STC_0903.smt2	3	M	7.69442	8955
QF_NIA_20220315-MathProblems__STC_0903.smt2	3	A	4.61767	8955
QF_NIA_20220315-MathProblems__STC_0903.smt2	3	B	7.55517	8955
QF_NIA_20220315-MathProblems__STC_0959.smt2	3	A	5.53845	10640
QF_NIA_20220315-MathProblems__STC_0959.smt2	3	B	8.27192	10640
QF_NIA_20220315-MathProblems__STC_0959.smt2	3	M	9.08399	10640
QF_NIA_20220315-MathProblems__STC_1000.smt2	3	B	0.009249	2
QF_NIA_20220315-MathProblems__STC_1000.smt2	3	M	0.007791	2
QF_NIA_20220315-MathProblems__STC_1000.smt2	3	A	0.007082	2
QF_NIA_20230321-UltimateAutomizerSvcomp2023__egcd.c_1.smt2	3	M	0.01925	13
QF_NIA_20230321-UltimateAutomizerSvcomp2023__egcd.c_1.smt2	3	A	0.031	13
QF_NIA_20230321-UltimateAutomizerSvcomp2023__egcd.c_1.smt2	3	B	0.045415	13
QF_NIA_20230321-UltimateAutomizerSvcomp2023__ps5-ll.c_10.smt2	3	A	2.78204	1869
QF_NIA_20230321-UltimateAutomizerSvcomp2023__ps5-ll.c_10.smt2	3	B	3.40976	1869
QF_NIA_20230321-UltimateAutomizerSvcomp2023__ps5-ll.c_10.smt2	3	M	2.18678	1869
QF_NIA_20230321-UltimateAutomizerSvcomp2023__ps6.c_0.smt2	3	B	3.29684	2514
QF_NIA_20230321-UltimateAutomizerSvcomp2023__ps6.c_0.smt2	3	M	1.98773	2514
QF_NIA_20230321-UltimateAutomizerSvcomp2023__ps6.c_0.smt2	3	A	2.68036	2514
QF_NIA_20230321-UltimateAutomizerSvcomp2023__ps6.c_11.smt2	3	M	1.29396	1547
QF_NIA_20230321-UltimateAutomizerSvcomp2023__ps6.c_11.smt2	3	A	1.62074	1547
QF_NIA_20230321-UltimateAutomizerSvcomp2023__ps6.c_11.smt2	3	B	1.92905	1547
QF_NIA_20230321-UltimateAutomizerSvcomp2023__ps6.c_13.smt2	3	A	4.31189	4633
QF_NIA_20230321-UltimateAutomizerSvcomp2023__ps6.c_13.smt2	3	B	4.99238	4633
QF_NIA_20230321-UltimateAutomizerSvcomp2023__ps6.c_13.smt2	3	M	3.42509	4633
QF_NIA_20230328-sqrtmodinv-hoenicke__modInv16.smt2	3	B	19.4419	6905
QF_NIA_20230328-sqrtmodinv-hoenicke__modInv16.smt2	3	M	11.0332	6905
QF_NIA_20230328-sqrtmodinv-hoenicke__modInv16.smt2	3	A	17.9238	6905
QF_NIA_20230328-sqrtmodinv-hoenicke__modInv32.smt2	3	M	0.035002	10
QF_NIA_20230328-sqrtmodinv-hoenicke__modInv32.smt2	3	A	0.056458	10
QF_NIA_20230328-sqrtmodinv-hoenicke__modInv32.smt2	3	B	0.059166	10
QF_NIA_20230328-sqrtmodinv-hoenicke__modInv8.smt2	3	A	23.2649	63091
QF_NIA_20230328-sqrtmodinv-hoenicke__modInv8.smt2	3	B	32.673	63091
QF_NIA_20230328-sqrtmodinv-hoenicke__modInv8.smt2	3	M	34.6779	63091
QF_NIA_20230328-sqrtmodinv-hoenicke__modInvInitial.smt2	3	B	1.12096	2812
QF_NIA_20230328-sqrtmodinv-hoenicke__modInvInitial.smt2	3	M	1.31707	2812
QF_NIA_20230328-sqrtmodinv-hoenicke__modInvInitial.smt2	3	A	0.684419	2812
QF_NIA_20230328-sqrtmodinv-hoenicke__modInvStep.smt2	3	M	28.7749	57748
QF_NIA_20230328-sqrtmodinv-hoenicke__modInvStep.smt2	3	A	16.5068	57748
QF_NIA_20230328-sqrtmodinv-hoenicke__modInvStep.smt2	3	B	24.4754	57748
QF_NIA_20230328-sqrtmodinv-hoenicke__modInvStepSimplified.smt2	3	A	0.66817	2830
QF_NIA_20230328-sqrtmodinv-hoenicke__modInvStepSimplified.smt2	3	B	1.0474	2830
QF_NIA_20230328-sqrtmodinv-hoenicke__modInvStepSimplified.smt2	3	M	1.26595	2830
QF_NIA_20230328-sqrtmodinv-hoenicke__modInvVar1.smt2	3	B	30.4872	71013
QF_NIA_20230328-sqrtmodinv-hoenicke__modInvVar1.smt2	3	M	37.4393	71013
QF_NIA_20230328-sqrtmodinv-hoenicke__modInvVar1.smt2	3	A	18.6411	71013
QF_NIA_20230328-sqrtmodinv-hoenicke__modSimpleTest.smt2	3	M	0.007833	2
QF_NIA_20230328-sqrtmodinv-hoenicke__modSimpleTest.smt2	3	A	0.01025	2
QF_NIA_20230328-sqrtmodinv-hoenicke__modSimpleTest.smt2	3	B	0.010209	2
QF_NIA_20230328-sqrtmodinv-hoenicke__sqrtStep1.smt2	3	A	0.104663	126
QF_NIA_20230328-sqrtmodinv-hoenicke__sqrtStep1.smt2	3	B	0.130792	126
QF_NIA_20230328-sqrtmodinv-hoenicke__sqrtStep1.smt2	3	M	0.095374	126
QF_NIA_20230328-sqrtmodinv-hoenicke__sqrtStep1a.smt2	3	B	0.13183	126
QF_NIA_20230328-sqrtmodinv-hoenicke__sqrtStep1a.smt2	3	M	0.105125	126
QF_NIA_20230328-sqrtmodinv-hoenicke__sqrtStep1a.smt2	3	A	0.109707	126
QF_NIA_20230328-sqrtmodinv-hoenicke__sqrtStep2.smt2	3	M	0.06804	82
QF_NIA_20230328-sqrtmodinv-hoenicke__sqrtStep2.smt2	3	A	0.050873	82
QF_NIA_20230328-sqrtmodinv-hoenicke__sqrtStep2.smt2	3	B	0.067379	82
QF_NIA_20230328-sqrtmodinv-hoenicke__sqrtStep2a.smt2	3	A	0.047794	82
QF_NIA_20230328-sqrtmodinv-hoenicke__sqrtStep2a.smt2	3	B	0.069124	82
QF_NIA_20230328-sqrtmodinv-hoenicke__sqrtStep2a.smt2	3	M	0.066835	82
QF_NIA_20230328-sqrtmodinv-hoenicke__sqrtStep3.smt2	3	B	0.082083	98
QF_NIA_20230328-sqrtmodinv-hoenicke__sqrtStep3.smt2	3	M	0.083833	98
QF_NIA_20230328-sqrtmodinv-hoenicke__sqrtStep3.smt2	3	A	0.060876	98
QF_NIA_20230328-sqrtmodinv-hoenicke__sqrtStep3a.smt2	3	M	0.100045	128
QF_NIA_20230328-sqrtmodinv-hoenicke__sqrtStep3a.smt2	3	A	0.095038	128
QF_NIA_20230328-sqrtmodinv-hoenicke__sqrtStep3a.smt2	3	B	0.120289	128
QF_NIA_20230328-sqrtmodinv-hoenicke__sqrtStep4.smt2	3	A	0.04991	68
QF_NIA_20230328-sqrtmodinv-hoenicke__sqrtStep4.smt2	3	B	0.070039	68
QF_NIA_20230328-sqrtmodinv-hoenicke__sqrtStep4.smt2	3	M	0.071543	68
QF_NIA_20230328-sqrtmodinv-hoenicke__sqrtStep4a.smt2	3	B	0.113918	128
QF_NIA_20230328-sqrtmodinv-hoenicke__sqrtStep4a.smt2	3	M	0.111953	128
QF_NIA_20230328-sqrtmodinv-hoenicke__sqrtStep4a.smt2	3	A	0.081873	128
QF_NIA_20230328-sqrtmodinv-hoenicke__sqrtStep5.smt2	3	M	0.095839	86
QF_NIA_20230328-sqrtmodinv-hoenicke__sqrtStep5.smt2	3	A	0.069042	86
QF_NIA_20230328-sqrtmodinv-hoenicke__sqrtStep5.smt2	3	B	0.097209	86
QF_NIA_20230328-sqrtmodinv-hoenicke__sqrtStep5a.smt2	3	A	0.091498	128
QF_NIA_20230328-sqrtmodinv-hoenicke__sqrtStep5a.smt2	3	B	0.122795	128
QF_NIA_20230328-sqrtmodinv-hoenicke__sqrtStep5a.smt2	3	M	0.130911	128
QF_NIA_20230328-sqrtmodinv-hoenicke__sqrtStep6.smt2	3	B	0.107752	86
QF_NIA_20230328-sqrtmodinv-hoenicke__sqrtStep6.smt2	3	M	0.1335	86
QF_NIA_20230328-sqrtmodinv-hoenicke__sqrtStep6.smt2	3	A	0.079919	86
QF_NIA_20230328-sqrtmodinv-hoenicke__sqrtStep6a.smt2	3	M	0.183249	122
QF_NIA_20230328-sqrtmodinv-hoenicke__sqrtStep6a.smt2	3	A	0.148454	122
QF_NIA_20230328-sqrtmodinv-hoenicke__sqrtStep6a.smt2	3	B	0.166331	122
QF_NIA_20230328-sqrtmodinv-hoenicke__sqrtStep7.smt2	3	A	0.909962	206
QF_NIA_20230328-sqrtmodinv-hoenicke__sqrtStep7.smt2	3	B	0.948003	206
QF_NIA_20230328-sqrtmodinv-hoenicke__sqrtStep7.smt2	3	M	0.86058	206
QF_NIA_20230328-sqrtmodinv-hoenicke__sqrtStep7a.smt2	3	B	0.216543	122
QF_NIA_20230328-sqrtmodinv-hoenicke__sqrtStep7a.smt2	3	M	0.271751	122
QF_NIA_20230328-sqrtmodinv-hoenicke__sqrtStep7a.smt2	3	A	0.198047	122
QF_NIA_20230328-sqrtmodinv-hoenicke__sqrtStepFinal.smt2	3	M	3.36214	6674
QF_NIA_20230328-sqrtmodinv-hoenicke__sqrtStepFinal.smt2	3	A	2.07347	6674
QF_NIA_20230328-sqrtmodinv-hoenicke__sqrtStepFinal.smt2	3	B	2.99659	6674
QF_NIA_20230328-sqrtmodinv-hoenicke__sqrtStepFinala.smt2	3	A	12.2125	39614
QF_NIA_20230328-sqrtmodinv-hoenicke__sqrtStepFinala.smt2	3	B	18.5195	39614
QF_NIA_20230328-sqrtmodinv-hoenicke__sqrtStepFinala.smt2	3	M	19.6371	39614
QF_NIA_20250331-elster__C_2.smt2	3	B	0.011208	2
QF_NIA_20250331-elster__C_2.smt2	3	M	0.006375	2
QF_NIA_20250331-elster__C_2.smt2	3	A	0.009625	2
QF_NIA_AProVE__aproveSMT1273731352138297194.smt2	3	M	0.281831	224
QF_NIA_AProVE__aproveSMT1273731352138297194.smt2	3	A	0.30725	224
QF_NIA_AProVE__aproveSMT1273731352138297194.smt2	3	B	0.381494	224
QF_NIA_AProVE__aproveSMT1682483342197094972.smt2	3	A	0.042247	30
QF_NIA_AProVE__aproveSMT1682483342197094972.smt2	3	B	0.054331	30
QF_NIA_AProVE__aproveSMT1682483342197094972.smt2	3	M	0.050293	30
QF_NIA_AProVE__aproveSMT2104748456448998709.smt2	3	B	0.354291	219
QF_NIA_AProVE__aproveSMT2104748456448998709.smt2	3	M	0.274708	219
QF_NIA_AProVE__aproveSMT2104748456448998709.smt2	3	A	0.29346	219
QF_NIA_AProVE__aproveSMT2163640444650240229.smt2	3	M	0.091252	88
QF_NIA_AProVE__aproveSMT2163640444650240229.smt2	3	A	0.078918	88
QF_NIA_AProVE__aproveSMT2163640444650240229.smt2	3	B	0.096999	88
QF_NIA_AProVE__aproveSMT3306422790231477425.smt2	3	A	0.557544	241
QF_NIA_AProVE__aproveSMT3306422790231477425.smt2	3	B	0.662414	241
QF_NIA_AProVE__aproveSMT3306422790231477425.smt2	3	M	0.357873	241
QF_NIA_AProVE__aproveSMT3420388863619787077.smt2	3	B	0.185042	93
QF_NIA_AProVE__aproveSMT3420388863619787077.smt2	3	M	0.139451	93
QF_NIA_AProVE__aproveSMT3420388863619787077.smt2	3	A	0.163373	93
QF_NIA_AProVE__aproveSMT3483701614621556321.smt2	3	M	0.03796	22
QF_NIA_AProVE__aproveSMT3483701614621556321.smt2	3	A	0.042833	22
QF_NIA_AProVE__aproveSMT3483701614621556321.smt2	3	B	0.050044	22
QF_NIA_AProVE__aproveSMT3711749212931521777.smt2	3	A	0.175918	284
QF_NIA_AProVE__aproveSMT3711749212931521777.smt2	3	B	0.217003	284
QF_NIA_AProVE__aproveSMT3711749212931521777.smt2	3	M	0.217163	284
QF_NIA_AProVE__aproveSMT4239815710630693785.smt2	3	B	0.017917	7
QF_NIA_AProVE__aproveSMT4239815710630693785.smt2	3	M	0.013207	7
QF_NIA_AProVE__aproveSMT4239815710630693785.smt2	3	A	0.015374	7
QF_NIA_AProVE__aproveSMT4709971078612194434.smt2	3	M	0.390883	449
QF_NIA_AProVE__aproveSMT4709971078612194434.smt2	3	A	0.387075	449
QF_NIA_AProVE__aproveSMT4709971078612194434.smt2	3	B	0.458503	449
QF_NIA_AProVE__aproveSMT4870145291684036249.smt2	3	A	0.046541	58
QF_NIA_AProVE__aproveSMT4870145291684036249.smt2	3	B	0.059377	58
QF_NIA_AProVE__aproveSMT4870145291684036249.smt2	3	M	0.052417	58
QF_NIA_AProVE__aproveSMT4968692977299917888.smt2	3	B	0.02946	43
QF_NIA_AProVE__aproveSMT4968692977299917888.smt2	3	M	0.039331	43
QF_NIA_AProVE__aproveSMT4968692977299917888.smt2	3	A	0.02279	43
QF_NIA_AProVE__aproveSMT4972425496508857728.smt2	3	M	0.039041	38
QF_NIA_AProVE__aproveSMT4972425496508857728.smt2	3	A	0.044086	38
QF_NIA_AProVE__aproveSMT4972425496508857728.smt2	3	B	0.054292	38
QF_NIA_AProVE__aproveSMT5081480561387483523.smt2	3	A	0.014957	9
QF_NIA_AProVE__aproveSMT5081480561387483523.smt2	3	B	0.020541	9
QF_NIA_AProVE__aproveSMT5081480561387483523.smt2	3	M	0.020876	9
QF_NIA_AProVE__aproveSMT6061013276766078350.smt2	3	B	0.814741	445
QF_NIA_AProVE__aproveSMT6061013276766078350.smt2	3	M	0.545958	445
QF_NIA_AProVE__aproveSMT6061013276766078350.smt2	3	A	0.657918	445
QF_NIA_AProVE__aproveSMT6531155344723557531.smt2	3	M	0.618412	882
QF_NIA_AProVE__aproveSMT6531155344723557531.smt2	3	A	0.632257	882
QF_NIA_AProVE__aproveSMT6531155344723557531.smt2	3	B	0.787378	882
QF_NIA_AProVE__aproveSMT6744620754635880037.smt2	3	A	0.098043	78
QF_NIA_AProVE__aproveSMT6744620754635880037.smt2	3	B	0.113503	78
QF_NIA_AProVE__aproveSMT6744620754635880037.smt2	3	M	0.078787	78
QF_NIA_AProVE__aproveSMT6761189929823789229.smt2	3	B	0.087375	97
QF_NIA_AProVE__aproveSMT6761189929823789229.smt2	3	M	0.085293	97
QF_NIA_AProVE__aproveSMT6761189929823789229.smt2	3	A	0.061461	97
QF_NIA_AProVE__aproveSMT7934578101815516403.smt2	3	M	0.287292	333
QF_NIA_AProVE__aproveSMT7934578101815516403.smt2	3	A	0.280999	333
QF_NIA_AProVE__aproveSMT7934578101815516403.smt2	3	B	0.341919	333
QF_NIA_AProVE__aproveSMT8211259659113423333.smt2	3	A	0.016083	12
QF_NIA_AProVE__aproveSMT8211259659113423333.smt2	3	B	0.018164	12
QF_NIA_AProVE__aproveSMT8211259659113423333.smt2	3	M	0.013834	12
QF_NIA_AProVE__aproveSMT8505973648273075649.smt2	3	B	0.821254	722
QF_NIA_AProVE__aproveSMT8505973648273075649.smt2	3	M	0.715886	722
QF_NIA_AProVE__aproveSMT8505973648273075649.smt2	3	A	0.633038	722
QF_NIA_AProVE__aproveSMT9058095127082541976.smt2	3	M	0.482337	298
QF_NIA_AProVE__aproveSMT9058095127082541976.smt2	3	A	0.567912	298
QF_NIA_AProVE__aproveSMT9058095127082541976.smt2	3	B	0.719532	298
QF_NIA_leipzig__term-4AzLVe.smt2	3	A	0.013209	4
QF_NIA_leipzig__term-4AzLVe.smt2	3	B	0.015208	4
QF_NIA_leipzig__term-4AzLVe.smt2	3	M	0.010626	4
QF_NIA_leipzig__term-4LNX6G.smt2	3	B	0.017793	20
QF_NIA_leipzig__term-4LNX6G.smt2	3	M	0.01875	20
QF_NIA_leipzig__term-4LNX6G.smt2	3	A	0.012626	20
QF_NIA_leipzig__term-BWHEfg.smt2	3	M	0.029	26
QF_NIA_leipzig__term-BWHEfg.smt2	3	A	0.024168	26
QF_NIA_leipzig__term-BWHEfg.smt2	3	B	0.028418	26
QF_NIA_leipzig__term-H9wl52.smt2	3	A	0.006292	2
QF_NIA_leipzig__term-H9wl52.smt2	3	B	0.007042	2
QF_NIA_leipzig__term-H9wl52.smt2	3	M	0.006792	2
QF_NIA_leipzig__term-bEER96.smt2	3	B	0.061957	66
QF_NIA_leipzig__term-bEER96.smt2	3	M	0.064335	66
QF_NIA_leipzig__term-bEER96.smt2	3	A	0.035459	66
QF_NIA_leipzig__term-ddoFAO.smt2	3	M	0.170498	49
QF_NIA_leipzig__term-ddoFAO.smt2	3	A	0.191085	49
QF_NIA_leipzig__term-ddoFAO.smt2	3	B	0.209335	49
QF_NIA_leipzig__term-f2cozZ.smt2	3	A	0.006458	4
QF_NIA_leipzig__term-f2cozZ.smt2	3	B	0.008625	4
QF_NIA_leipzig__term-f2cozZ.smt2	3	M	0.007834	4
QF_NIA_leipzig__term-gHq3ie.smt2	3	B	0.021874	3
QF_NIA_leipzig__term-gHq3ie.smt2	3	M	0.029832	3
QF_NIA_leipzig__term-gHq3ie.smt2	3	A	0.010544	3
QF_NIA_leipzig__term-ye1ece.smt2	3	M	0.00575	2
QF_NIA_leipzig__term-ye1ece.smt2	3	A	0.006291	2
QF_NIA_leipzig__term-ye1ece.smt2	3	B	0.007125	2
QF_NIA_mcm__10.smt2	3	A	0.006291	2
QF_NIA_mcm__10.smt2	3	B	0.007208	2
QF_NIA_mcm__10.smt2	3	M	0.006041	2
QF_NIA_mcm__23.smt2	3	B	0.00725	2
QF_NIA_mcm__23.smt2	3	M	0.005709	2
QF_NIA_mcm__23.smt2	3	A	0.006334	2
QF_NIA_mcm__41.smt2	3	M	0.005917	2
QF_NIA_mcm__41.smt2	3	A	0.006166	2
QF_NIA_mcm__41.smt2	3	B	0.006791	2
QF_NIA_mcm__52.smt2	3	A	0.006208	2
QF_NIA_mcm__52.smt2	3	B	0.007084	2
QF_NIA_mcm__52.smt2	3	M	0.006083	2
QF_NIA_mcm__81.smt2	3	B	0.007208	2
QF_NIA_mcm__81.smt2	3	M	0.005959	2
QF_NIA_mcm__81.smt2	3	A	0.006375	2
QF_NIA_mcm__89.smt2	3	M	0.005291	2
QF_NIA_mcm__89.smt2	3	A	0.006417	2
QF_NIA_mcm__89.smt2	3	B	0.0145	2
QF_NIA_mcm__94.smt2	3	A	0.006167	2
QF_NIA_mcm__94.smt2	3	B	0.007125	2
QF_NIA_mcm__94.smt2	3	M	0.00675	2
QF_NRA_20161105-Sturm-MBO__mbo_E10E25.smt2	3	B	0.016833	6
QF_NRA_20161105-Sturm-MBO__mbo_E10E25.smt2	3	M	0.010958	6
QF_NRA_20161105-Sturm-MBO__mbo_E10E25.smt2	3	A	0.013917	6
QF_NRA_20161105-Sturm-MBO__mbo_E11E13.smt2	3	M	0.011833	6
QF_NRA_20161105-Sturm-MBO__mbo_E11E13.smt2	3	A	0.023333	6
QF_NRA_20161105-Sturm-MBO__mbo_E11E13.smt2	3	B	0.022751	6
QF_NRA_20161105-Sturm-MBO__mbo_E12E17.smt2	3	A	0.025666	4
QF_NRA_20161105-Sturm-MBO__mbo_E12E17.smt2	3	B	0.02675	4
QF_NRA_20161105-Sturm-MBO__mbo_E12E17.smt2	3	M	0.01475	4
QF_NRA_20161105-Sturm-MBO__mbo_E15E24.smt2	3	B	0.028167	6
QF_NRA_20161105-Sturm-MBO__mbo_E15E24.smt2	3	M	0.014376	6
QF_NRA_20161105-Sturm-MBO__mbo_E15E24.smt2	3	A	0.02475	6
QF_NRA_20161105-Sturm-MBO__mbo_E1E22.smt2	3	M	0.015208	4
QF_NRA_20161105-Sturm-MBO__mbo_E1E22.smt2	3	A	0.026416	4
QF_NRA_20161105-Sturm-MBO__mbo_E1E22.smt2	3	B	0.02825	4
QF_NRA_20161105-Sturm-MBO__mbo_E20E21.smt2	3	A	0.023332	13
QF_NRA_20161105-Sturm-MBO__mbo_E20E21.smt2	3	B	0.026251	13
QF_NRA_20161105-Sturm-MBO__mbo_E20E21.smt2	3	M	0.02904	13
QF_NRA_20161105-Sturm-MBO__mbo_E24E25.smt2	3	B	0.01125	2
QF_NRA_20161105-Sturm-MBO__mbo_E24E25.smt2	3	M	0.006542	2
QF_NRA_20161105-Sturm-MBO__mbo_E24E25.smt2	3	A	0.0105	2
QF_NRA_20161105-Sturm-MBO__mbo_E25E26.smt2	3	M	0.126251	62
QF_NRA_20161105-Sturm-MBO__mbo_E25E26.smt2	3	A	0.228791	62
QF_NRA_20161105-Sturm-MBO__mbo_E25E26.smt2	3	B	0.235331	62
QF_NRA_20161105-Sturm-MBO__mbo_E2E7.smt2	3	A	0.033166	8
QF_NRA_20161105-Sturm-MBO__mbo_E2E7.smt2	3	B	0.035585	8
QF_NRA_20161105-Sturm-MBO__mbo_E2E7.smt2	3	M	0.020916	8
QF_NRA_20161105-Sturm-MBO__mbo_E3E27.smt2	3	B	0.907173	383
QF_NRA_20161105-Sturm-MBO__mbo_E3E27.smt2	3	M	0.524205	383
QF_NRA_20161105-Sturm-MBO__mbo_E3E27.smt2	3	A	0.830415	383
QF_NRA_20161105-Sturm-MBO__mbo_E3E9.smt2	3	M	0.015125	6
QF_NRA_20161105-Sturm-MBO__mbo_E3E9.smt2	3	A	0.027458	6
QF_NRA_20161105-Sturm-MBO__mbo_E3E9.smt2	3	B	0.03	6
QF_NRA_20161105-Sturm-MBO__mbo_E4E13.smt2	3	A	0.067459	12
QF_NRA_20161105-Sturm-MBO__mbo_E4E13.smt2	3	B	0.063584	12
QF_NRA_20161105-Sturm-MBO__mbo_E4E13.smt2	3	M	0.028625	12
QF_NRA_20161105-Sturm-MBO__mbo_E5E12.smt2	3	B	0.019917	4
QF_NRA_20161105-Sturm-MBO__mbo_E5E12.smt2	3	M	0.009292	4
QF_NRA_20161105-Sturm-MBO__mbo_E5E12.smt2	3	A	0.018333	4
QF_NRA_20161105-Sturm-MBO__mbo_E5E16.smt2	3	M	0.020959	11
QF_NRA_20161105-Sturm-MBO__mbo_E5E16.smt2	3	A	0.034875	11
QF_NRA_20161105-Sturm-MBO__mbo_E5E16.smt2	3	B	0.034167	11
QF_NRA_20161105-Sturm-MBO__mbo_E5E19.smt2	3	A	0.030375	7
QF_NRA_20161105-Sturm-MBO__mbo_E5E19.smt2	3	B	0.032459	7
QF_NRA_20161105-Sturm-MBO__mbo_E5E19.smt2	3	M	0.015208	7
QF_NRA_20161105-Sturm-MBO__mbo_E6E14.smt2	3	B	0.020958	2
QF_NRA_20161105-Sturm-MBO__mbo_E6E14.smt2	3	M	0.01025	2
QF_NRA_20161105-Sturm-MBO__mbo_E6E14.smt2	3	A	0.019792	2
QF_NRA_20161105-Sturm-MBO__mbo_E6E17.smt2	3	M	0.74708	642
QF_NRA_20161105-Sturm-MBO__mbo_E6E17.smt2	3	A	0.990326	642
QF_NRA_20161105-Sturm-MBO__mbo_E6E17.smt2	3	B	1.12129	642
QF_NRA_20161105-Sturm-MBO__mbo_E8E19.smt2	3	A	0.028792	6
QF_NRA_20161105-Sturm-MBO__mbo_E8E19.smt2	3	B	0.031042	6
QF_NRA_20161105-Sturm-MBO__mbo_E8E19.smt2	3	M	0.016458	6
QF_NRA_20161105-Sturm-MBO__mbo_E8E9.smt2	3	B	0.026667	4
QF_NRA_20161105-Sturm-MBO__mbo_E8E9.smt2	3	M	0.0145	4
QF_NRA_20161105-Sturm-MBO__mbo_E8E9.smt2	3	A	0.021917	4
QF_NRA_20161105-Sturm-MGC__mgc_02.smt2	3	M	0.034749	18
QF_NRA_20161105-Sturm-MGC__mgc_02.smt2	3	A	0.060166	18
QF_NRA_20161105-Sturm-MGC__mgc_02.smt2	3	B	0.065335	18
QF_NRA_20161105-Sturm-MGC__mgc_03.smt2	3	A	0.075916	18
QF_NRA_20161105-Sturm-MGC__mgc_03.smt2	3	B	0.083539	18
QF_NRA_20161105-Sturm-MGC__mgc_03.smt2	3	M	0.046041	18
QF_NRA_20161105-Sturm-MGC__mgc_04.smt2	3	B	0.078585	16
QF_NRA_20161105-Sturm-MGC__mgc_04.smt2	3	M	0.04125	16
QF_NRA_20161105-Sturm-MGC__mgc_04.smt2	3	A	0.070916	16
QF_NRA_20161105-Sturm-MGC__mgc_05.smt2	3	M	0.047416	18
QF_NRA_20161105-Sturm-MGC__mgc_05.smt2	3	A	0.082375	18
QF_NRA_20161105-Sturm-MGC__mgc_05.smt2	3	B	0.088165	18
QF_NRA_20161105-Sturm-MGC__mgc_06.smt2	3	A	0.040585	18
QF_NRA_20161105-Sturm-MGC__mgc_06.smt2	3	B	0.047206	18
QF_NRA_20161105-Sturm-MGC__mgc_06.smt2	3	M	0.027624	18
QF_NRA_20161105-Sturm-MGC__mgc_07.smt2	3	B	0.097666	18
QF_NRA_20161105-Sturm-MGC__mgc_07.smt2	3	M	0.047833	18
QF_NRA_20161105-Sturm-MGC__mgc_07.smt2	3	A	0.091166	18
QF_NRA_20161105-Sturm-MGC__mgc_08.smt2	3	M	0.03696	18
QF_NRA_20161105-Sturm-MGC__mgc_08.smt2	3	A	0.060124	18
QF_NRA_20161105-Sturm-MGC__mgc_08.smt2	3	B	0.06725	18
QF_NRA_20161105-Sturm-MGC__mgc_09.smt2	3	A	0.099374	35
QF_NRA_20161105-Sturm-MGC__mgc_09.smt2	3	B	0.110707	35
QF_NRA_20161105-Sturm-MGC__mgc_09.smt2	3	M	0.064168	35
QF_NRA_20161105-Sturm-MGC__mgc_10.smt2	3	B	0.112625	27
QF_NRA_20161105-Sturm-MGC__mgc_10.smt2	3	M	0.059251	27
QF_NRA_20161105-Sturm-MGC__mgc_10.smt2	3	A	0.118875	27
QF_NRA_20170501-Heizmann-UltimateInvariantSynthesis__array_ptr_single_elem_init.i_4_2_2.bpl_5.smt2	3	M	0.043374	35
QF_NRA_20170501-Heizmann-UltimateInvariantSynthesis__array_ptr_single_elem_init.i_4_2_2.bpl_5.smt2	3	A	0.039417	35
QF_NRA_20170501-Heizmann-UltimateInvariantSynthesis__array_ptr_single_elem_init.i_4_2_2.bpl_5.smt2	3	B	0.049956	35
QF_NRA_20170501-Heizmann-UltimateInvariantSynthesis__array_single_elem_init.i_4_2_2.bpl_5.smt2	3	A	0.041623	64
QF_NRA_20170501-Heizmann-UltimateInvariantSynthesis__array_single_elem_init.i_4_2_2.bpl_5.smt2	3	B	0.05104	64
QF_NRA_20170501-Heizmann-UltimateInvariantSynthesis__array_single_elem_init.i_4_2_2.bpl_5.smt2	3	M	0.068127	64
QF_NRA_20170501-Heizmann-UltimateInvariantSynthesis__gj2007.c.i_4_3_3.bpl_5.smt2	3	B	5.39013	4669
QF_NRA_20170501-Heizmann-UltimateInvariantSynthesis__gj2007.c.i_4_3_3.bpl_5.smt2	3	M	3.78745	4669
QF_NRA_20170501-Heizmann-UltimateInvariantSynthesis__gj2007.c.i_4_3_3.bpl_5.smt2	3	A	4.591	4669
QF_NRA_20170501-Heizmann-UltimateInvariantSynthesis__gr2006.c.i_4_4_3.bpl_5.smt2	3	M	1.10293	1343
QF_NRA_20170501-Heizmann-UltimateInvariantSynthesis__gr2006.c.i_4_4_3.bpl_5.smt2	3	A	1.26269	1343
QF_NRA_20170501-Heizmann-UltimateInvariantSynthesis__gr2006.c.i_4_4_3.bpl_5.smt2	3	B	1.46195	1343
QF_NRA_20170501-Heizmann-UltimateInvariantSynthesis__linear_search.i_7_23_3.bpl_3.smt2	3	A	0.719576	740
QF_NRA_20170501-Heizmann-UltimateInvariantSynthesis__linear_search.i_7_23_3.bpl_3.smt2	3	B	0.808948	740
QF_NRA_20170501-Heizmann-UltimateInvariantSynthesis__linear_search.i_7_23_3.bpl_3.smt2	3	M	0.945757	740
QF_NRA_20170501-Heizmann-UltimateInvariantSynthesis__standard_copy1_ground.i_3_2_2.bpl_9.smt2	3	B	1.38058	1930
QF_NRA_20170501-Heizmann-UltimateInvariantSynthesis__standard_copy1_ground.i_3_2_2.bpl_9.smt2	3	M	1.65719	1930
QF_NRA_20170501-Heizmann-UltimateInvariantSynthesis__standard_copy1_ground.i_3_2_2.bpl_9.smt2	3	A	1.00547	1930
QF_NRA_20170501-Heizmann-UltimateInvariantSynthesis__standard_copy3_ground.i_3_2_2.bpl_5.smt2	3	M	0.199507	256
QF_NRA_20170501-Heizmann-UltimateInvariantSynthesis__standard_copy3_ground.i_3_2_2.bpl_5.smt2	3	A	0.10679	256
QF_NRA_20170501-Heizmann-UltimateInvariantSynthesis__standard_copy3_ground.i_3_2_2.bpl_5.smt2	3	B	0.151544	256
QF_NRA_20170501-Heizmann-UltimateInvariantSynthesis__standard_init9_ground.i_3_2_2.bpl_3.smt2	3	A	1.61714	683
QF_NRA_20170501-Heizmann-UltimateInvariantSynthesis__standard_init9_ground.i_3_2_2.bpl_3.smt2	3	B	1.78292	683
QF_NRA_20170501-Heizmann-UltimateInvariantSynthesis__standard_init9_ground.i_3_2_2.bpl_3.smt2	3	M	1.18695	683
QF_NRA_2019-ezsmt__inst_1_1000000.smt2	3	B	0.160671	292
QF_NRA_2019-ezsmt__inst_1_1000000.smt2	3	M	0.168868	292
QF_NRA_2019-ezsmt__inst_1_1000000.smt2	3	A	0.09592	292
QF_NRA_20200911-Pine__1599121684477306000.smt2	3	M	0.056792	28
QF_NRA_20200911-Pine__1599121684477306000.smt2	3	A	0.074165	28
QF_NRA_20200911-Pine__1599121684477306000.smt2	3	B	0.074583	28
QF_NRA_20200911-Pine__1599121684653478000.smt2	3	A	0.047793	20
QF_NRA_20200911-Pine__1599121684653478000.smt2	3	B	0.053666	20
QF_NRA_20200911-Pine__1599121684653478000.smt2	3	M	0.039374	20
QF_NRA_20200911-Pine__1599121861020640000.smt2	3	B	0.007167	2
QF_NRA_20200911-Pine__1599121861020640000.smt2	3	M	0.006166	2
QF_NRA_20200911-Pine__1599121861020640000.smt2	3	A	0.006375	2
QF_NRA_20200911-Pine__1599121889458073000.smt2	3	M	0.188041	114
QF_NRA_20200911-Pine__1599121889458073000.smt2	3	A	0.276204	114
QF_NRA_20200911-Pine__1599121889458073000.smt2	3	B	0.30046	114
QF_NRA_20200911-Pine__1599121899872501000.smt2	3	A	0.185084	27
QF_NRA_20200911-Pine__1599121899872501000.smt2	3	B	0.199169	27
QF_NRA_20200911-Pine__1599121899872501000.smt2	3	M	0.120711	27
QF_NRA_20200911-Pine__1599121900961647000.smt2	3	B	0.076458	23
QF_NRA_20200911-Pine__1599121900961647000.smt2	3	M	0.064544	23
QF_NRA_20200911-Pine__1599121900961647000.smt2	3	A	0.063919	23
QF_NRA_20200911-Pine__1599121904275696000.smt2	3	M	0.141792	27
QF_NRA_20200911-Pine__1599121904275696000.smt2	3	A	0.212749	27
QF_NRA_20200911-Pine__1599121904275696000.smt2	3	B	0.219628	27
QF_NRA_20200911-Pine__1599121979753628000.smt2	3	A	0.057456	50
QF_NRA_20200911-Pine__1599121979753628000.smt2	3	B	0.060789	50
QF_NRA_20200911-Pine__1599121979753628000.smt2	3	M	0.056171	50
QF_NRA_20200911-Pine__1599122159324430000.smt2	3	B	0.029918	14
QF_NRA_20200911-Pine__1599122159324430000.smt2	3	M	0.019334	14
QF_NRA_20200911-Pine__1599122159324430000.smt2	3	A	0.024124	14
QF_NRA_20200911-Pine__1599122159846134000.smt2	3	M	0.020707	16
QF_NRA_20200911-Pine__1599122159846134000.smt2	3	A	0.026625	16
QF_NRA_20200911-Pine__1599122159846134000.smt2	3	B	0.030001	16
QF_NRA_20200911-Pine__1599122162465867000.smt2	3	A	0.00975	10
QF_NRA_20200911-Pine__1599122162465867000.smt2	3	B	0.012915	10
QF_NRA_20200911-Pine__1599122162465867000.smt2	3	M	0.013001	10
QF_NRA_20200911-Pine__1599122162569064000.smt2	3	B	0.007666	4
QF_NRA_20200911-Pine__1599122162569064000.smt2	3	M	0.007625	4
QF_NRA_20200911-Pine__1599122162569064000.smt2	3	A	0.007167	4
QF_NRA_20200911-Pine__1599122163190413000.smt2	3	M	0.012208	10
QF_NRA_20200911-Pine__1599122163190413000.smt2	3	A	0.010041	10
QF_NRA_20200911-Pine__1599122163190413000.smt2	3	B	0.012624	10
QF_NRA_20200911-Pine__1599122163683961000.smt2	3	A	0.036959	16
QF_NRA_20200911-Pine__1599122163683961000.smt2	3	B	0.038792	16
QF_NRA_20200911-Pine__1599122163683961000.smt2	3	M	0.023249	16
QF_NRA_20200911-Pine__1599122165140235000.smt2	3	B	0.013041	10
QF_NRA_20200911-Pine__1599122165140235000.smt2	3	M	0.011457	10
QF_NRA_20200911-Pine__1599122165140235000.smt2	3	A	0.009709	10
QF_NRA_20200911-Pine__1599122166207559000.smt2	3	M	0.011999	10
QF_NRA_20200911-Pine__1599122166207559000.smt2	3	A	0.009501	10
QF_NRA_20200911-Pine__1599122166207559000.smt2	3	B	0.012707	10
QF_NRA_20211101-Geogebra__IsoRightTriangle-Bottema1_12b.smt2	3	A	0.011457	4
QF_NRA_20211101-Geogebra__IsoRightTriangle-Bottema1_12b.smt2	3	B	0.011708	4
QF_NRA_20211101-Geogebra__IsoRightTriangle-Bottema1_12b.smt2	3	M	0.008584	4
QF_NRA_20211101-Geogebra__IsoRightTriangle-Bottema1_2b.smt2	3	B	0.008459	4
QF_NRA_20211101-Geogebra__IsoRightTriangle-Bottema1_2b.smt2	3	M	0.006875	4
QF_NRA_20211101-Geogebra__IsoRightTriangle-Bottema1_2b.smt2	3	A	0.007208	4
QF_NRA_20211101-Geogebra__IsoTriangle-Area_Perimeter_a.smt2	3	M	0.008333	4
QF_NRA_20211101-Geogebra__IsoTriangle-Area_Perimeter_a.smt2	3	A	0.011709	4
QF_NRA_20211101-Geogebra__IsoTriangle-Area_Perimeter_a.smt2	3	B	0.011709	4
QF_NRA_20211101-Geogebra__IsoTriangle-Bottema6_1a.smt2	3	A	0.025584	14
QF_NRA_20211101-Geogebra__IsoTriangle-Bottema6_1a.smt2	3	B	0.027085	14
QF_NRA_20211101-Geogebra__IsoTriangle-Bottema6_1a.smt2	3	M	0.018584	14
QF_NRA_20211101-Geogebra__IsoTriangle-Bottema6_1b.smt2	3	B	0.039041	20
QF_NRA_20211101-Geogebra__IsoTriangle-Bottema6_1b.smt2	3	M	0.027377	20
QF_NRA_20211101-Geogebra__IsoTriangle-Bottema6_1b.smt2	3	A	0.033709	20
QF_NRA_20211101-Geogebra__IsoTriangle-Median_Perimeter_a2.smt2	3	M	0.014459	10
QF_NRA_20211101-Geogebra__IsoTriangle-Median_Perimeter_a2.smt2	3	A	0.021417	10
QF_NRA_20211101-Geogebra__IsoTriangle-Median_Perimeter_a2.smt2	3	B	0.023915	10
QF_NRA_20211101-Geogebra__IsoTriangle-Perimeter_CircumRadius_a.smt2	3	A	0.019084	20
QF_NRA_20211101-Geogebra__IsoTriangle-Perimeter_CircumRadius_a.smt2	3	B	0.023709	20
QF_NRA_20211101-Geogebra__IsoTriangle-Perimeter_CircumRadius_a.smt2	3	M	0.023458	20
QF_NRA_20211101-Geogebra__PythagoreanGeneralization_Triangle-aa+bb_cc.smt2	3	B	0.0085	4
QF_NRA_20211101-Geogebra__PythagoreanGeneralization_Triangle-aa+bb_cc.smt2	3	M	0.007542	4
QF_NRA_20211101-Geogebra__PythagoreanGeneralization_Triangle-aa+bb_cc.smt2	3	A	0.006917	4
QF_NRA_20211101-Geogebra__RightTriangle-Bottema1_1b.smt2	3	M	0.007833	4
QF_NRA_20211101-Geogebra__RightTriangle-Bottema1_1b.smt2	3	A	0.007209	4
QF_NRA_20211101-Geogebra__RightTriangle-Bottema1_1b.smt2	3	B	0.008458	4
QF_NRA_20211101-Geogebra__RightTriangle-Bottema5_3b.smt2	3	A	0.011708	4
QF_NRA_20211101-Geogebra__RightTriangle-Bottema5_3b.smt2	3	B	0.012708	4
QF_NRA_20211101-Geogebra__RightTriangle-Bottema5_3b.smt2	3	M	0.009459	4
QF_NRA_20211101-Geogebra__Triangle-Bottema1_9.smt2	3	B	0.009125	4
QF_NRA_20211101-Geogebra__Triangle-Bottema1_9.smt2	3	M	0.007417	4
QF_NRA_20211101-Geogebra__Triangle-Bottema1_9.smt2	3	A	0.007125	4
QF_NRA_20220314-Uncu__BDC_ProveIneq_Mitrinovic_4_22b.smt2	3	M	0.005792	2
QF_NRA_20220314-Uncu__BDC_ProveIneq_Mitrinovic_4_22b.smt2	3	A	0.008125	2
QF_NRA_20220314-Uncu__BDC_ProveIneq_Mitrinovic_4_22b.smt2	3	B	0.007083	2
QF_NRA_20240407-pPDA-Chiari-Pontiggia-Winkler__and_or_PRAY.smt2	3	A	3.97171	1305
QF_NRA_20240407-pPDA-Chiari-Pontiggia-Winkler__and_or_PRAY.smt2	3	B	4.07596	1305
QF_NRA_20240407-pPDA-Chiari-Pontiggia-Winkler__and_or_PRAY.smt2	3	M	2.76921	1305
QF_NRA_20240407-pPDA-Chiari-Pontiggia-Winkler__call_ret_loop_1_POMC_hints.smt2	3	B	0.194251	80
QF_NRA_20240407-pPDA-Chiari-Pontiggia-Winkler__call_ret_loop_1_POMC_hints.smt2	3	M	0.138832	80
QF_NRA_20240407-pPDA-Chiari-Pontiggia-Winkler__call_ret_loop_1_POMC_hints.smt2	3	A	0.173668	80
QF_NRA_20240407-pPDA-Chiari-Pontiggia-Winkler__call_ret_loop_1_POMC_no_hints.smt2	3	M	0.330582	120
QF_NRA_20240407-pPDA-Chiari-Pontiggia-Winkler__call_ret_loop_1_POMC_no_hints.smt2	3	A	0.436248	120
QF_NRA_20240407-pPDA-Chiari-Pontiggia-Winkler__call_ret_loop_1_POMC_no_hints.smt2	3	B	0.468371	120
QF_NRA_20240407-pPDA-Chiari-Pontiggia-Winkler__call_ret_loop_2_POMC_hints.smt2	3	A	0.178332	84
QF_NRA_20240407-pPDA-Chiari-Pontiggia-Winkler__call_ret_loop_2_POMC_hints.smt2	3	B	0.19921	84
QF_NRA_20240407-pPDA-Chiari-Pontiggia-Winkler__call_ret_loop_2_POMC_hints.smt2	3	M	0.14871	84
QF_NRA_20240407-pPDA-Chiari-Pontiggia-Winkler__call_ret_loop_2_POMC_no_hints.smt2	3	B	0.497419	130
QF_NRA_20240407-pPDA-Chiari-Pontiggia-Winkler__call_ret_loop_2_POMC_no_hints.smt2	3	M	0.333417	130
QF_NRA_20240407-pPDA-Chiari-Pontiggia-Winkler__call_ret_loop_2_POMC_no_hints.smt2	3	A	0.437829	130
QF_NRA_20240407-pPDA-Chiari-Pontiggia-Winkler__escape25_POMC_hints.smt2	3	M	0.523042	376
QF_NRA_20240407-pPDA-Chiari-Pontiggia-Winkler__escape25_POMC_hints.smt2	3	A	0.622202	376
QF_NRA_20240407-pPDA-Chiari-Pontiggia-Winkler__escape25_POMC_hints.smt2	3	B	0.680171	376
QF_NRA_20240407-pPDA-Chiari-Pontiggia-Winkler__escape25_POMC_no_hints.smt2	3	A	0.452739	707
QF_NRA_20240407-pPDA-Chiari-Pontiggia-Winkler__escape25_POMC_no_hints.smt2	3	B	0.564745	707
QF_NRA_20240407-pPDA-Chiari-Pontiggia-Winkler__escape25_POMC_no_hints.smt2	3	M	0.551208	707
QF_NRA_20240407-pPDA-Chiari-Pontiggia-Winkler__mod5_POMC_hints.smt2	3	B	0.379835	64
QF_NRA_20240407-pPDA-Chiari-Pontiggia-Winkler__mod5_POMC_hints.smt2	3	M	0.233372	64
QF_NRA_20240407-pPDA-Chiari-Pontiggia-Winkler__mod5_POMC_hints.smt2	3	A	0.340708	64
QF_NRA_20240407-pPDA-Chiari-Pontiggia-Winkler__mod5_POMC_no_hints.smt2	3	M	0.020834	20
QF_NRA_20240407-pPDA-Chiari-Pontiggia-Winkler__mod5_POMC_no_hints.smt2	3	A	0.018876	20
QF_NRA_20240407-pPDA-Chiari-Pontiggia-Winkler__mod5_POMC_no_hints.smt2	3	B	0.023166	20
QF_NRA_20240407-pPDA-Chiari-Pontiggia-Winkler__mod7_POMC_no_hints.smt2	3	A	0.016958	16
QF_NRA_20240407-pPDA-Chiari-Pontiggia-Winkler__mod7_POMC_no_hints.smt2	3	B	0.021833	16
QF_NRA_20240407-pPDA-Chiari-Pontiggia-Winkler__mod7_POMC_no_hints.smt2	3	M	0.018915	16
QF_NRA_20240407-pPDA-Chiari-Pontiggia-Winkler__schelling_POMC_hints.smt2	3	B	0.863171	381
QF_NRA_20240407-pPDA-Chiari-Pontiggia-Winkler__schelling_POMC_hints.smt2	3	M	0.569334	381
QF_NRA_20240407-pPDA-Chiari-Pontiggia-Winkler__schelling_POMC_hints.smt2	3	A	0.858011	381
QF_NRA_20240407-pPDA-Chiari-Pontiggia-Winkler__schelling_POMC_no_hints.smt2	3	M	2.1118	1779
QF_NRA_20240407-pPDA-Chiari-Pontiggia-Winkler__schelling_POMC_no_hints.smt2	3	A	2.89434	1779
QF_NRA_20240407-pPDA-Chiari-Pontiggia-Winkler__schelling_POMC_no_hints.smt2	3	B	3.21217	1779
QF_NRA_20240407-pPDA-Chiari-Pontiggia-Winkler__sqrt2by2_bern_PRAY.smt2	3	A	0.17171	44
QF_NRA_20240407-pPDA-Chiari-Pontiggia-Winkler__sqrt2by2_bern_PRAY.smt2	3	B	0.185667	44
QF_NRA_20240407-pPDA-Chiari-Pontiggia-Winkler__sqrt2by2_bern_PRAY.smt2	3	M	0.098667	44
QF_NRA_LassoRanker__Ben-Amram-2010LMCS-Ex2.3_true-termination.c_Iteration1_Lasso_3-pieceTemplate.smt2	3	B	0.025833	28
QF_NRA_LassoRanker__Ben-Amram-2010LMCS-Ex2.3_true-termination.c_Iteration1_Lasso_3-pieceTemplate.smt2	3	M	0.030998	28
QF_NRA_LassoRanker__Ben-Amram-2010LMCS-Ex2.3_true-termination.c_Iteration1_Lasso_3-pieceTemplate.smt2	3	A	0.019998	28
QF_NRA_LassoRanker__BradleyMannaSipma-2005ICALP-Fig1-deterministic.bpl_Iteration1_Lasso_3-pieceTemplate.smt2	3	M	0.320207	232
QF_NRA_LassoRanker__BradleyMannaSipma-2005ICALP-Fig1-deterministic.bpl_Iteration1_Lasso_3-pieceTemplate.smt2	3	A	0.340793	232
QF_NRA_LassoRanker__BradleyMannaSipma-2005ICALP-Fig1-deterministic.bpl_Iteration1_Lasso_3-pieceTemplate.smt2	3	B	0.397216	232
QF_NRA_LassoRanker__Braverman-2006CAV-Ex1-int.bpl_Iteration1_Loop_4-pieceTemplate.smt2	3	A	0.046875	22
QF_NRA_LassoRanker__Braverman-2006CAV-Ex1-int.bpl_Iteration1_Loop_4-pieceTemplate.smt2	3	B	0.05929	22
QF_NRA_LassoRanker__Braverman-2006CAV-Ex1-int.bpl_Iteration1_Loop_4-pieceTemplate.smt2	3	M	0.044875	22
QF_NRA_LassoRanker__Khartoum.bpl_Iteration1_Loop_4-pieceTemplate.smt2	3	B	7.53832	6186
QF_NRA_LassoRanker__Khartoum.bpl_Iteration1_Loop_4-pieceTemplate.smt2	3	M	5.29739	6186
QF_NRA_LassoRanker__Khartoum.bpl_Iteration1_Loop_4-pieceTemplate.smt2	3	A	6.54995	6186
QF_NRA_LassoRanker__Mysore2.bpl_Iteration1_Loop_4-pieceTemplate.smt2	3	M	0.340751	572
QF_NRA_LassoRanker__Mysore2.bpl_Iteration1_Loop_4-pieceTemplate.smt2	3	A	0.27296	572
QF_NRA_LassoRanker__Mysore2.bpl_Iteration1_Loop_4-pieceTemplate.smt2	3	B	0.360589	572
QF_NRA_LassoRanker__NoriSharma-2013FSE-Fig8_true-termination.c_Iteration1_Lasso_3-pieceTemplate.smt2	3	A	3.08966	4046
QF_NRA_LassoRanker__NoriSharma-2013FSE-Fig8_true-termination.c_Iteration1_Lasso_3-pieceTemplate.smt2	3	B	3.70309	4046
QF_NRA_LassoRanker__NoriSharma-2013FSE-Fig8_true-termination.c_Iteration1_Lasso_3-pieceTemplate.smt2	3	M	2.83965	4046
QF_NRA_LassoRanker__NoriSharma-2013FSE-Fig8_true-termination.c_Iteration1_Loop_3-pieceTemplate.smt2	3	B	0.053375	43
QF_NRA_LassoRanker__NoriSharma-2013FSE-Fig8_true-termination.c_Iteration1_Loop_3-pieceTemplate.smt2	3	M	0.051414	43
QF_NRA_LassoRanker__NoriSharma-2013FSE-Fig8_true-termination.c_Iteration1_Loop_3-pieceTemplate.smt2	3	A	0.039704	43
QF_NRA_LassoRanker__TwoPhase.bpl_Iteration1_Loop_3-pieceTemplate.smt2	3	M	1.50242	2564
QF_NRA_LassoRanker__TwoPhase.bpl_Iteration1_Loop_3-pieceTemplate.smt2	3	A	1.21321	2564
QF_NRA_LassoRanker__TwoPhase.bpl_Iteration1_Loop_3-pieceTemplate.smt2	3	B	1.57885	2564
QF_NRA_LassoRanker__fun4.t2.c_Iteration1_Loop_4-pieceTemplate.smt2	3	A	0.013876	8
QF_NRA_LassoRanker__fun4.t2.c_Iteration1_Loop_4-pieceTemplate.smt2	3	B	0.017292	8
QF_NRA_LassoRanker__fun4.t2.c_Iteration1_Loop_4-pieceTemplate.smt2	3	M	0.016416	8
QF_NRA_LassoRanker__nested.t2.c_Iteration4_Loop_4-pieceTemplate.smt2	3	B	0.038832	42
QF_NRA_LassoRanker__nested.t2.c_Iteration4_Loop_4-pieceTemplate.smt2	3	M	0.045752	42
QF_NRA_LassoRanker__nested.t2.c_Iteration4_Loop_4-pieceTemplate.smt2	3	A	0.02796	42
QF_NRA_UltimateAutomizer__InVarSynth_StructPositiveSum-Safe.c_Iteration2_0.smt2	3	M	0.161419	238
QF_NRA_UltimateAutomizer__InVarSynth_StructPositiveSum-Safe.c_Iteration2_0.smt2	3	A	0.105882	238
QF_NRA_UltimateAutomizer__InVarSynth_StructPositiveSum-Safe.c_Iteration2_0.smt2	3	B	0.144587	238
QF_NRA_hycomp__ball_count_1d_plain.02.seq_lazy_linear_enc_lemmas_global_8.smt2	3	A	0.020668	26
QF_NRA_hycomp__ball_count_1d_plain.02.seq_lazy_linear_enc_lemmas_global_8.smt2	3	B	0.025793	26
QF_NRA_hycomp__ball_count_1d_plain.02.seq_lazy_linear_enc_lemmas_global_8.smt2	3	M	0.029751	26
QF_NRA_hycomp__ball_count_1d_plain.03.seq_lazy_linear_enc_global_10.smt2	3	B	0.218618	356
QF_NRA_hycomp__ball_count_1d_plain.03.seq_lazy_linear_enc_global_10.smt2	3	M	0.288333	356
QF_NRA_hycomp__ball_count_1d_plain.03.seq_lazy_linear_enc_global_10.smt2	3	A	0.131002	356
QF_NRA_hycomp__ball_count_1d_plain.04.redlog_global_6.smt2	3	M	3.2221	3162
QF_NRA_hycomp__ball_count_1d_plain.04.redlog_global_6.smt2	3	A	3.61577	3162
QF_NRA_hycomp__ball_count_1d_plain.04.redlog_global_6.smt2	3	B	4.16481	3162
QF_NRA_hycomp__ball_count_1d_plain.04.seq_lazy_linear_enc_lemmas_global_12.smt2	3	A	0.984149	1894
QF_NRA_hycomp__ball_count_1d_plain.04.seq_lazy_linear_enc_lemmas_global_12.smt2	3	B	1.39881	1894
QF_NRA_hycomp__ball_count_1d_plain.04.seq_lazy_linear_enc_lemmas_global_12.smt2	3	M	1.60404	1894
QF_NRA_hycomp__ball_count_2d_hill_simple.01.seq_lazy_global_14.smt2	3	B	0.012043	10
QF_NRA_hycomp__ball_count_2d_hill_simple.01.seq_lazy_global_14.smt2	3	M	0.012041	10
QF_NRA_hycomp__ball_count_2d_hill_simple.01.seq_lazy_global_14.smt2	3	A	0.008709	10
QF_NRA_hycomp__ball_count_2d_hill_simple.02.seq_lazy_lemmas_global_14.smt2	3	M	0.11445	178
QF_NRA_hycomp__ball_count_2d_hill_simple.02.seq_lazy_lemmas_global_14.smt2	3	A	0.069124	178
QF_NRA_hycomp__ball_count_2d_hill_simple.02.seq_lazy_lemmas_global_14.smt2	3	B	0.103703	178
QF_NRA_hycomp__ball_count_2d_plain.03.seq_lazy_linear_enc_lemmas_global_4.smt2	3	A	0.568577	542
QF_NRA_hycomp__ball_count_2d_plain.03.seq_lazy_linear_enc_lemmas_global_4.smt2	3	B	0.650995	542
QF_NRA_hycomp__ball_count_2d_plain.03.seq_lazy_linear_enc_lemmas_global_4.smt2	3	M	0.396908	542
QF_NRA_hycomp__ball_count_2d_plain.05.seq_lazy_linear_enc_global_14.smt2	3	B	8.14898	8642
QF_NRA_hycomp__ball_count_2d_plain.05.seq_lazy_linear_enc_global_14.smt2	3	M	5.71641	8642
QF_NRA_hycomp__ball_count_2d_plain.05.seq_lazy_linear_enc_global_14.smt2	3	A	6.78447	8642
QF_NRA_hycomp__ball_count_2d_plain.10.redlog_global_4.smt2	3	M	0.046791	24
QF_NRA_hycomp__ball_count_2d_plain.10.redlog_global_4.smt2	3	A	0.040872	24
QF_NRA_hycomp__ball_count_2d_plain.10.redlog_global_4.smt2	3	B	0.070582	24
QF_NRA_hycomp__ball_count_2d_slope.03.seq_lazy_lemmas_global_6.smt2	3	A	6.62751	2434
QF_NRA_hycomp__ball_count_2d_slope.03.seq_lazy_lemmas_global_6.smt2	3	B	7.61406	2434
QF_NRA_hycomp__ball_count_2d_slope.03.seq_lazy_lemmas_global_6.smt2	3	M	4.4034	2434
QF_NRA_hycomp__ball_count_2d_slope.04.seq_lazy_linear_enc_global_8.smt2	3	B	0.031456	17
QF_NRA_hycomp__ball_count_2d_slope.04.seq_lazy_linear_enc_global_8.smt2	3	M	0.021999	17
QF_NRA_hycomp__ball_count_2d_slope.04.seq_lazy_linear_enc_global_8.smt2	3	A	0.033752	17
QF_NRA_hycomp__etcs_braking_2.01.seq_lazy_linear_enc_global_15.smt2	3	M	1.71771	629
QF_NRA_hycomp__etcs_braking_2.01.seq_lazy_linear_enc_global_15.smt2	3	A	2.54217	629
QF_NRA_hycomp__etcs_braking_2.01.seq_lazy_linear_enc_global_15.smt2	3	B	2.70054	629
QF_NRA_hycomp__simple_ballistics_reach.01.seq_lazy_global_15.smt2	3	A	4.34261	1545
QF_NRA_hycomp__simple_ballistics_reach.01.seq_lazy_global_15.smt2	3	B	4.70798	1545
QF_NRA_hycomp__simple_ballistics_reach.01.seq_lazy_global_15.smt2	3	M	3.29937	1545
QF_NRA_hycomp__simple_ballistics_reach.01.seq_lazy_linear_enc_lemmas_global_9.smt2	3	B	4.61796	743
QF_NRA_hycomp__simple_ballistics_reach.01.seq_lazy_linear_enc_lemmas_global_9.smt2	3	M	3.13117	743
QF_NRA_hycomp__simple_ballistics_reach.01.seq_lazy_linear_enc_lemmas_global_9.smt2	3	A	4.43575	743
QF_NRA_meti-tarski__CMOS-opamp-chunk-0029.smt2	3	M	0.004792	0
QF_NRA_meti-tarski__CMOS-opamp-chunk-0029.smt2	3	A	0.005375	0
QF_NRA_meti-tarski__CMOS-opamp-chunk-0029.smt2	3	B	0.006208	0
QF_NRA_meti-tarski__CMOS-opamp-chunk-0071.smt2	3	A	0.011999	4
QF_NRA_meti-tarski__CMOS-opamp-chunk-0071.smt2	3	B	0.013792	4
QF_NRA_meti-tarski__CMOS-opamp-chunk-0071.smt2	3	M	0.011417	4
QF_NRA_meti-tarski__CMOS-opamp-chunk-0269.smt2	3	B	0.044084	4
QF_NRA_meti-tarski__CMOS-opamp-chunk-0269.smt2	3	M	0.021916	4
QF_NRA_meti-tarski__CMOS-opamp-chunk-0269.smt2	3	A	0.045292	4
QF_NRA_meti-tarski__CMOS-opamp-chunk-0285.smt2	3	M	0.0105	4
QF_NRA_meti-tarski__CMOS-opamp-chunk-0285.smt2	3	A	0.01175	4
QF_NRA_meti-tarski__CMOS-opamp-chunk-0285.smt2	3	B	0.014542	4
QF_NRA_meti-tarski__Chua-1-VC1-L-chunk-0135.smt2	3	A	0.004916	0
QF_NRA_meti-tarski__Chua-1-VC1-L-chunk-0135.smt2	3	B	0.006209	0
QF_NRA_meti-tarski__Chua-1-VC1-L-chunk-0135.smt2	3	M	0.004583	0
QF_NRA_meti-tarski__Chua-2-IL-U-chunk-0022.smt2	3	B	0.027167	3
QF_NRA_meti-tarski__Chua-2-IL-U-chunk-0022.smt2	3	M	0.016166	3
QF_NRA_meti-tarski__Chua-2-IL-U-chunk-0022.smt2	3	A	0.027417	3
QF_NRA_meti-tarski__Chua-2-IL-U-chunk-0039.smt2	3	M	0.006833	1
QF_NRA_meti-tarski__Chua-2-IL-U-chunk-0039.smt2	3	A	0.007125	1
QF_NRA_meti-tarski__Chua-2-IL-U-chunk-0039.smt2	3	B	0.008375	1
QF_NRA_meti-tarski__Chua-2-IL-U-chunk-0099.smt2	3	A	0.038167	2
QF_NRA_meti-tarski__Chua-2-IL-U-chunk-0099.smt2	3	B	0.0375	2
QF_NRA_meti-tarski__Chua-2-IL-U-chunk-0099.smt2	3	M	0.017375	2
QF_NRA_meti-tarski__Chua-2-VC1-U-chunk-0123.smt2	3	B	0.252541	6
QF_NRA_meti-tarski__Chua-2-VC1-U-chunk-0123.smt2	3	M	0.114416	6
QF_NRA_meti-tarski__Chua-2-VC1-U-chunk-0123.smt2	3	A	0.258083	6
QF_NRA_meti-tarski__Chua-2-VC2-U-chunk-0108.smt2	3	M	0.01675	2
QF_NRA_meti-tarski__Chua-2-VC2-U-chunk-0108.smt2	3	A	0.037459	2
QF_NRA_meti-tarski__Chua-2-VC2-U-chunk-0108.smt2	3	B	0.03825	2
QF_NRA_meti-tarski__Lyapunov1a-chunk-0036.smt2	3	A	0.021875	26
QF_NRA_meti-tarski__Lyapunov1a-chunk-0036.smt2	3	B	0.030293	26
QF_NRA_meti-tarski__Lyapunov1a-chunk-0036.smt2	3	M	0.032375	26
QF_NRA_meti-tarski__Nichols-Plot-Inverted-Pendulum-Fails-1-6-chunk-0034.smt2	3	B	0.026333	4
QF_NRA_meti-tarski__Nichols-Plot-Inverted-Pendulum-Fails-1-6-chunk-0034.smt2	3	M	0.012375	4
QF_NRA_meti-tarski__Nichols-Plot-Inverted-Pendulum-Fails-1-6-chunk-0034.smt2	3	A	0.015959	4
QF_NRA_meti-tarski__Nichols-Plot-Inverted-Pendulum-Fails-1-6-chunk-0234.smt2	3	M	0.008708	2
QF_NRA_meti-tarski__Nichols-Plot-Inverted-Pendulum-Fails-1-6-chunk-0234.smt2	3	A	0.010875	2
QF_NRA_meti-tarski__Nichols-Plot-Inverted-Pendulum-Fails-1-6-chunk-0234.smt2	3	B	0.013125	2
QF_NRA_meti-tarski__asin-8-vars4-chunk-0029.smt2	3	A	0.014209	8
QF_NRA_meti-tarski__asin-8-vars4-chunk-0029.smt2	3	B	0.016248	8
QF_NRA_meti-tarski__asin-8-vars4-chunk-0029.smt2	3	M	0.014209	8
QF_NRA_meti-tarski__atan-problem-1-chunk-0032.smt2	3	B	0.011	8
QF_NRA_meti-tarski__atan-problem-1-chunk-0032.smt2	3	M	0.009792	8
QF_NRA_meti-tarski__atan-problem-1-chunk-0032.smt2	3	A	0.008166	8
QF_NRA_meti-tarski__atan-problem-1-chunk-0087.smt2	3	M	0.023915	20
QF_NRA_meti-tarski__atan-problem-1-chunk-0087.smt2	3	A	0.019042	20
QF_NRA_meti-tarski__atan-problem-1-chunk-0087.smt2	3	B	0.026585	20
QF_NRA_meti-tarski__atan-problem-2-chunk-0101.smt2	3	A	0.007543	6
QF_NRA_meti-tarski__atan-problem-2-chunk-0101.smt2	3	B	0.009333	6
QF_NRA_meti-tarski__atan-problem-2-chunk-0101.smt2	3	M	0.009209	6
QF_NRA_meti-tarski__atan-problem-2-chunk-0107.smt2	3	B	0.006208	0
QF_NRA_meti-tarski__atan-problem-2-chunk-0107.smt2	3	M	0.004333	0
QF_NRA_meti-tarski__atan-problem-2-chunk-0107.smt2	3	A	0.005459	0
QF_NRA_meti-tarski__atan-problem-2-weak-chunk-0061.smt2	3	M	0.00475	0
QF_NRA_meti-tarski__atan-problem-2-weak-chunk-0061.smt2	3	A	0.005333	0
QF_NRA_meti-tarski__atan-problem-2-weak-chunk-0061.smt2	3	B	0.006291	0
QF_NRA_meti-tarski__atan-problem-2-weak-chunk-0100.smt2	3	A	0.007708	4
QF_NRA_meti-tarski__atan-problem-2-weak-chunk-0100.smt2	3	B	0.0095	4
QF_NRA_meti-tarski__atan-problem-2-weak-chunk-0100.smt2	3	M	0.009208	4
QF_NRA_meti-tarski__atan-problem-2-weak-chunk-0225.smt2	3	B	0.006417	0
QF_NRA_meti-tarski__atan-problem-2-weak-chunk-0225.smt2	3	M	0.004375	0
QF_NRA_meti-tarski__atan-problem-2-weak-chunk-0225.smt2	3	A	0.005542	0
QF_NRA_meti-tarski__atan-problem-2-weakT-chunk-0054.smt2	3	M	0.00725	2
QF_NRA_meti-tarski__atan-problem-2-weakT-chunk-0054.smt2	3	A	0.006876	2
QF_NRA_meti-tarski__atan-problem-2-weakT-chunk-0054.smt2	3	B	0.00775	2
QF_NRA_meti-tarski__atan-vega-3-chunk-0434.smt2	3	A	0.005334	0
QF_NRA_meti-tarski__atan-vega-3-chunk-0434.smt2	3	B	0.006083	0
QF_NRA_meti-tarski__atan-vega-3-chunk-0434.smt2	3	M	0.0065	0
QF_NRA_meti-tarski__atan-vega-3-chunk-0489.smt2	3	B	0.009041	0
QF_NRA_meti-tarski__atan-vega-3-chunk-0489.smt2	3	M	0.005209	0
QF_NRA_meti-tarski__atan-vega-3-chunk-0489.smt2	3	A	0.007125	0
QF_NRA_meti-tarski__atan-vega-3-chunk-0640.smt2	3	M	0.005584	0
QF_NRA_meti-tarski__atan-vega-3-chunk-0640.smt2	3	A	0.006	0
QF_NRA_meti-tarski__atan-vega-3-chunk-0640.smt2	3	B	0.006125	0
QF_NRA_meti-tarski__atan-vega-3-weak-chunk-0195.smt2	3	A	0.005292	0
QF_NRA_meti-tarski__atan-vega-3-weak-chunk-0195.smt2	3	B	0.007041	0
QF_NRA_meti-tarski__atan-vega-3-weak-chunk-0195.smt2	3	M	0.007334	0
QF_NRA_meti-tarski__atan-vega-3-weak-chunk-0243.smt2	3	B	0.005625	0
QF_NRA_meti-tarski__atan-vega-3-weak-chunk-0243.smt2	3	M	0.004458	0
QF_NRA_meti-tarski__atan-vega-3-weak-chunk-0243.smt2	3	A	0.0055	0
QF_NRA_meti-tarski__atan-vega-3-weak-chunk-0360.smt2	3	M	0.006417	0
QF_NRA_meti-tarski__atan-vega-3-weak-chunk-0360.smt2	3	A	0.005667	0
QF_NRA_meti-tarski__atan-vega-3-weak-chunk-0360.smt2	3	B	0.006083	0
QF_NRA_meti-tarski__atan-vega-3-weak-chunk-0435.smt2	3	A	0.022416	3
QF_NRA_meti-tarski__atan-vega-3-weak-chunk-0435.smt2	3	B	0.023833	3
QF_NRA_meti-tarski__atan-vega-3-weak-chunk-0435.smt2	3	M	0.014666	3
QF_NRA_meti-tarski__atan-vega-3-weak-chunk-0622.smt2	3	B	0.008416	0
QF_NRA_meti-tarski__atan-vega-3-weak-chunk-0622.smt2	3	M	0.00475	0
QF_NRA_meti-tarski__atan-vega-3-weak-chunk-0622.smt2	3	A	0.0075	0
QF_NRA_meti-tarski__exp-problem-10-2-chunk-0145.smt2	3	M	0.0065	0
QF_NRA_meti-tarski__exp-problem-10-2-chunk-0145.smt2	3	A	0.007125	0
QF_NRA_meti-tarski__exp-problem-10-2-chunk-0145.smt2	3	B	0.006208	0
QF_NRA_meti-tarski__exp-problem-10-2-chunk-0295.smt2	3	A	0.008876	7
QF_NRA_meti-tarski__exp-problem-10-2-chunk-0295.smt2	3	B	0.011167	7
QF_NRA_meti-tarski__exp-problem-10-2-chunk-0295.smt2	3	M	0.012666	7
QF_NRA_meti-tarski__exp-problem-10-3-chunk-0187.smt2	3	B	0.006875	1
QF_NRA_meti-tarski__exp-problem-10-3-chunk-0187.smt2	3	M	0.007042	1
QF_NRA_meti-tarski__exp-problem-10-3-chunk-0187.smt2	3	A	0.006042	1
QF_NRA_meti-tarski__exp-problem-10-3-weak-chunk-0042.smt2	3	M	0.009417	1
QF_NRA_meti-tarski__exp-problem-10-3-weak-chunk-0042.smt2	3	A	0.015959	1
QF_NRA_meti-tarski__exp-problem-10-3-weak-chunk-0042.smt2	3	B	0.015708	1
QF_NRA_meti-tarski__exp-problem-10-3-weak-chunk-0129.smt2	3	A	0.006542	1
QF_NRA_meti-tarski__exp-problem-10-3-weak-chunk-0129.smt2	3	B	0.008626	1
QF_NRA_meti-tarski__exp-problem-10-3-weak-chunk-0129.smt2	3	M	0.010333	1
QF_NRA_meti-tarski__polypaver-bench-sqrt-3d-chunk-0407.smt2	3	B	0.014458	2
QF_NRA_meti-tarski__polypaver-bench-sqrt-3d-chunk-0407.smt2	3	M	0.006334	2
QF_NRA_meti-tarski__polypaver-bench-sqrt-3d-chunk-0407.smt2	3	A	0.010292	2
QF_NRA_meti-tarski__polypaver-bench-sqrt-3d-chunk-0437.smt2	3	M	0.028832	14
QF_NRA_meti-tarski__polypaver-bench-sqrt-3d-chunk-0437.smt2	3	A	0.043793	14
QF_NRA_meti-tarski__polypaver-bench-sqrt-3d-chunk-0437.smt2	3	B	0.051707	14
QF_NRA_meti-tarski__polypaver-bench-sqrt-3d-chunk-0469.smt2	3	A	0.010794	8
QF_NRA_meti-tarski__polypaver-bench-sqrt-3d-chunk-0469.smt2	3	B	0.013918	8
QF_NRA_meti-tarski__polypaver-bench-sqrt-3d-chunk-0469.smt2	3	M	0.012625	8
QF_NRA_meti-tarski__sin-344-3-chunk-0046.smt2	3	B	0.007042	1
QF_NRA_meti-tarski__sin-344-3-chunk-0046.smt2	3	M	0.007375	1
QF_NRA_meti-tarski__sin-344-3-chunk-0046.smt2	3	A	0.006333	1
QF_NRA_meti-tarski__sin-cos-346-b-chunk-0119.smt2	3	M	0.058416	6
QF_NRA_meti-tarski__sin-cos-346-b-chunk-0119.smt2	3	A	0.090291	6
QF_NRA_meti-tarski__sin-cos-346-b-chunk-0119.smt2	3	B	0.079167	6
QF_NRA_meti-tarski__sin-cos-346-b-chunk-0350.smt2	3	A	0.008833	2
QF_NRA_meti-tarski__sin-cos-346-b-chunk-0350.smt2	3	B	0.009833	2
QF_NRA_meti-tarski__sin-cos-346-b-chunk-0350.smt2	3	M	0.007417	2
QF_NRA_meti-tarski__sin-cos-346-b-chunk-0458.smt2	3	B	0.008541	2
QF_NRA_meti-tarski__sin-cos-346-b-chunk-0458.smt2	3	M	0.006999	2
QF_NRA_meti-tarski__sin-cos-346-b-chunk-0458.smt2	3	A	0.006917	2
QF_NRA_meti-tarski__sin-cos-346-b-chunk-0479.smt2	3	M	0.014959	2
QF_NRA_meti-tarski__sin-cos-346-b-chunk-0479.smt2	3	A	0.025917	2
QF_NRA_meti-tarski__sin-cos-346-b-chunk-0479.smt2	3	B	0.025625	2
QF_NRA_meti-tarski__sin-cos-346-b-chunk-0505.smt2	3	A	0.006124	2
QF_NRA_meti-tarski__sin-cos-346-b-chunk-0505.smt2	3	B	0.007875	2
QF_NRA_meti-tarski__sin-cos-346-b-chunk-0505.smt2	3	M	0.0075	2
QF_NRA_meti-tarski__sin-cos-346-b-chunk-0515.smt2	3	B	0.034458	6
QF_NRA_meti-tarski__sin-cos-346-b-chunk-0515.smt2	3	M	0.018582	6
QF_NRA_meti-tarski__sin-cos-346-b-chunk-0515.smt2	3	A	0.029001	6
QF_NRA_meti-tarski__sin-cos-346-b-chunk-0593.smt2	3	M	0.012125	2
QF_NRA_meti-tarski__sin-cos-346-b-chunk-0593.smt2	3	A	0.018375	2
QF_NRA_meti-tarski__sin-cos-346-b-chunk-0593.smt2	3	B	0.019792	2
QF_NRA_meti-tarski__sin-problem-7-chunk-0017.smt2	3	A	0.006416	2
QF_NRA_meti-tarski__sin-problem-7-chunk-0017.smt2	3	B	0.0085	2
QF_NRA_meti-tarski__sin-problem-7-chunk-0017.smt2	3	M	0.006875	2
QF_NRA_meti-tarski__sin-problem-7-chunk-0125.smt2	3	B	0.024	8
QF_NRA_meti-tarski__sin-problem-7-chunk-0125.smt2	3	M	0.01275	8
QF_NRA_meti-tarski__sin-problem-7-chunk-0125.smt2	3	A	0.022375	8
QF_NRA_meti-tarski__sin-problem-7-chunk-0264.smt2	3	M	0.19575	20
QF_NRA_meti-tarski__sin-problem-7-chunk-0264.smt2	3	A	0.201585	20
QF_NRA_meti-tarski__sin-problem-7-chunk-0264.smt2	3	B	0.200501	20
QF_NRA_meti-tarski__sin-problem-7-weak2-chunk-0113.smt2	3	A	0.234916	24
QF_NRA_meti-tarski__sin-problem-7-weak2-chunk-0113.smt2	3	B	0.236707	24
QF_NRA_meti-tarski__sin-problem-7-weak2-chunk-0113.smt2	3	M	0.099503	24
QF_NRA_meti-tarski__sqrt-1mcosq-7-chunk-0023.smt2	3	B	0.007417	2
QF_NRA_meti-tarski__sqrt-1mcosq-7-chunk-0023.smt2	3	M	0.007375	2
QF_NRA_meti-tarski__sqrt-1mcosq-7-chunk-0023.smt2	3	A	0.006583	2
QF_NRA_meti-tarski__sqrt-1mcosq-7-chunk-0094.smt2	3	M	0.011958	4
QF_NRA_meti-tarski__sqrt-1mcosq-7-chunk-0094.smt2	3	A	0.018541	4
QF_NRA_meti-tarski__sqrt-1mcosq-7-chunk-0094.smt2	3	B	0.027333	4
QF_NRA_meti-tarski__sqrt-1mcosq-7-chunk-0190.smt2	3	A	0.148708	24
QF_NRA_meti-tarski__sqrt-1mcosq-7-chunk-0190.smt2	3	B	0.165916	24
QF_NRA_meti-tarski__sqrt-1mcosq-7-chunk-0190.smt2	3	M	0.070793	24
QF_NRA_meti-tarski__sqrt-1mcosq-8-chunk-0045.smt2	3	B	0.007334	2
QF_NRA_meti-tarski__sqrt-1mcosq-8-chunk-0045.smt2	3	M	0.006334	2
QF_NRA_meti-tarski__sqrt-1mcosq-8-chunk-0045.smt2	3	A	0.006166	2
QF_NRA_meti-tarski__sqrt-1mcosq-8-chunk-0092.smt2	3	M	0.013791	4
QF_NRA_meti-tarski__sqrt-1mcosq-8-chunk-0092.smt2	3	A	0.022334	4
QF_NRA_meti-tarski__sqrt-1mcosq-8-chunk-0092.smt2	3	B	0.022458	4
QF_NRA_meti-tarski__sqrt-1mcosq-8-chunk-0116.smt2	3	A	0.100375	6
QF_NRA_meti-tarski__sqrt-1mcosq-8-chunk-0116.smt2	3	B	0.108667	6
QF_NRA_meti-tarski__sqrt-1mcosq-8-chunk-0116.smt2	3	M	0.049625	6
QF_NRA_meti-tarski__sqrt-1mcosq-8-chunk-0130.smt2	3	B	0.097959	4
QF_NRA_meti-tarski__sqrt-1mcosq-8-chunk-0130.smt2	3	M	0.050417	4
QF_NRA_meti-tarski__sqrt-1mcosq-8-chunk-0130.smt2	3	A	0.095792	4
QF_NRA_meti-tarski__sqrt-1mcosq-8-chunk-0164.smt2	3	M	0.01	2
QF_NRA_meti-tarski__sqrt-1mcosq-8-chunk-0164.smt2	3	A	0.015709	2
QF_NRA_meti-tarski__sqrt-1mcosq-8-chunk-0164.smt2	3	B	0.017917	2
QF_NRA_meti-tarski__sqrt-1mcosq-8-chunk-0447.smt2	3	A	0.191042	6
QF_NRA_meti-tarski__sqrt-1mcosq-8-chunk-0447.smt2	3	B	0.192542	6
QF_NRA_meti-tarski__sqrt-1mcosq-8-chunk-0447.smt2	3	M	0.26025	6
QF_NRA_meti-tarski__sqrt-1mcosq-8-chunk-0531.smt2	3	B	0.017166	2
QF_NRA_meti-tarski__sqrt-1mcosq-8-chunk-0531.smt2	3	M	0.010291	2
QF_NRA_meti-tarski__sqrt-1mcosq-8-chunk-0531.smt2	3	A	0.016584	2
QF_NRA_meti-tarski__sqrt-1mcosq-8-chunk-0674.smt2	3	M	0.262958	6
QF_NRA_meti-tarski__sqrt-1mcosq-8-chunk-0674.smt2	3	A	0.187167	6
QF_NRA_meti-tarski__sqrt-1mcosq-8-chunk-0674.smt2	3	B	0.189625	6
QF_NRA_meti-tarski__sqrt-problem-12vars3-chunk-0033.smt2	3	A	0.006625	2
QF_NRA_meti-tarski__sqrt-problem-12vars3-chunk-0033.smt2	3	B	0.007292	2
QF_NRA_meti-tarski__sqrt-problem-12vars3-chunk-0033.smt2	3	M	0.006208	2
QF_NRA_meti-tarski__sqrt-problem-13-sqrt1-chunk-0051.smt2	3	B	0.007334	2
QF_NRA_meti-tarski__sqrt-problem-13-sqrt1-chunk-0051.smt2	3	M	0.005958	2
QF_NRA_meti-tarski__sqrt-problem-13-sqrt1-chunk-0051.smt2	3	A	0.006417	2
QF_NRA_meti-tarski__sqrt-problem-Melquiond2-chunk-0041.smt2	3	M	0.015124	8
QF_NRA_meti-tarski__sqrt-problem-Melquiond2-chunk-0041.smt2	3	A	0.025875	8
QF_NRA_meti-tarski__sqrt-problem-Melquiond2-chunk-0041.smt2	3	B	0.026458	8
QF_NRA_zankl__matrix-1-all-41.smt2	3	A	0.015376	12
QF_NRA_zankl__matrix-1-all-41.smt2	3	B	0.016374	12
QF_NRA_zankl__matrix-1-all-41.smt2	3	M	0.014166	12
QF_NRA_zankl__matrix-3-all-16.smt2	3	B	0.007125	2
QF_NRA_zankl__matrix-3-all-16.smt2	3	M	0.005708	2
QF_NRA_zankl__matrix-3-all-16.smt2	3	A	0.006333	2
QF_NRA_zankl__matrix-3-all-17.smt2	3	M	0.007834	2
QF_NRA_zankl__matrix-3-all-17.smt2	3	A	0.006959	2
QF_NRA_zankl__matrix-3-all-17.smt2	3	B	0.008416	2
QF_NRA_zankl__matrix-4-all-21.smt2	3	A	0.008292	4
QF_NRA_zankl__matrix-4-all-21.smt2	3	B	0.010292	4
QF_NRA_zankl__matrix-4-all-21.smt2	3	M	0.010167	4
QF_NRA_zankl__matrix-4-all-22.smt2	3	B	0.007	2
QF_NRA_zankl__matrix-4-all-22.smt2	3	M	0.005833	2
QF_NRA_zankl__matrix-4-all-22.smt2	3	A	0.005916	2
AUFNIRA_nasa__cl5_nebula_norm_0017.fof.smt2	4	B	0.013751	4
AUFNIRA_nasa__cl5_nebula_norm_0017.fof.smt2	4	M	0.012124	4
AUFNIRA_nasa__cl5_nebula_norm_0017.fof.smt2	4	A	0.010125	4
AUFNIRA_nasa__cl5_nebula_norm_0067.fof.smt2	4	M	0.308126	344
AUFNIRA_nasa__cl5_nebula_norm_0067.fof.smt2	4	A	0.310053	344
AUFNIRA_nasa__cl5_nebula_norm_0067.fof.smt2	4	B	0.370543	344
NRA_20220222-cut-three-circles__cut-out-1.smt2	4	A	0.011541	6
NRA_20220222-cut-three-circles__cut-out-1.smt2	4	B	0.013249	6
NRA_20220222-cut-three-circles__cut-out-1.smt2	4	M	0.010041	6
NRA_20220222-cut-three-circles__cut-out-2.smt2	4	B	0.031833	34
NRA_20220222-cut-three-circles__cut-out-2.smt2	4	M	0.029122	34
NRA_20220222-cut-three-circles__cut-out-2.smt2	4	A	0.027252	34
QF_NIA_20170427-VeryMax__From_AProVE_2014__MainCopy.jar-obl-10__p10363_edge_closing_0.smt2	4	M	0.058918	70
QF_NIA_20170427-VeryMax__From_AProVE_2014__MainCopy.jar-obl-10__p10363_edge_closing_0.smt2	4	A	0.038498	70
QF_NIA_20170427-VeryMax__From_AProVE_2014__MainCopy.jar-obl-10__p10363_edge_closing_0.smt2	4	B	0.057586	70
QF_NIA_20170427-VeryMax__From_AProVE_2014__Test7.jar-obl-11__p12895_safety_0.smt2	4	A	0.072331	145
QF_NIA_20170427-VeryMax__From_AProVE_2014__Test7.jar-obl-11__p12895_safety_0.smt2	4	B	0.10321	145
QF_NIA_20170427-VeryMax__From_AProVE_2014__Test7.jar-obl-11__p12895_safety_0.smt2	4	M	0.114996	145
QF_NIA_20170427-VeryMax__From_AProVE_2014__Velroyen08-factorial.jar-obl-8__p13794_terminationG_0.smt2	4	B	0.14942	204
QF_NIA_20170427-VeryMax__From_AProVE_2014__Velroyen08-factorial.jar-obl-8__p13794_terminationG_0.smt2	4	M	0.143958	204
QF_NIA_20170427-VeryMax__From_AProVE_2014__Velroyen08-factorial.jar-obl-8__p13794_terminationG_0.smt2	4	A	0.103701	204
QF_NIA_20170427-VeryMax__From_AProVE_2014__juHashMapCreate.jar-obl-10__p5055_safety_0.smt2	4	M	0.978546	1195
QF_NIA_20170427-VeryMax__From_AProVE_2014__juHashMapCreate.jar-obl-10__p5055_safety_0.smt2	4	A	0.488643	1195
QF_NIA_20170427-VeryMax__From_AProVE_2014__juHashMapCreate.jar-obl-10__p5055_safety_0.smt2	4	B	0.693624	1195
QF_NIA_20170427-VeryMax__From_AProVE_2014__juHashMapCreateClear.jar-obl-11__p30137_safety_0.smt2	4	A	0.037999	78
QF_NIA_20170427-VeryMax__From_AProVE_2014__juHashMapCreateClear.jar-obl-11__p30137_safety_0.smt2	4	B	0.059502	78
QF_NIA_20170427-VeryMax__From_AProVE_2014__juHashMapCreateClear.jar-obl-11__p30137_safety_0.smt2	4	M	0.066421	78
QF_NIA_20170427-VeryMax__From_AProVE_2014__juHashMapCreateContainsKey.jar-obl-11__p30854_safety_0.smt2	4	B	0.029501	26
QF_NIA_20170427-VeryMax__From_AProVE_2014__juHashMapCreateContainsKey.jar-obl-11__p30854_safety_0.smt2	4	M	0.026	26
QF_NIA_20170427-VeryMax__From_AProVE_2014__juHashMapCreateContainsKey.jar-obl-11__p30854_safety_0.smt2	4	A	0.025084	26
QF_NIA_20170427-VeryMax__From_AProVE_2014__juHashMapCreateContainsKey.jar-obl-11__p31075_safety_0.smt2	4	M	0.454797	368
QF_NIA_20170427-VeryMax__From_AProVE_2014__juHashMapCreateContainsKey.jar-obl-11__p31075_safety_0.smt2	4	A	0.208756	368
QF_NIA_20170427-VeryMax__From_AProVE_2014__juHashMapCreateContainsKey.jar-obl-11__p31075_safety_0.smt2	4	B	0.287086	368
QF_NIA_20170427-VeryMax__From_AProVE_2014__juHashMapCreateContainsKey.jar-obl-11__p31778_safety_0.smt2	4	A	0.122046	254
QF_NIA_20170427-VeryMax__From_AProVE_2014__juHashMapCreateContainsKey.jar-obl-11__p31778_safety_0.smt2	4	B	0.175871	254
QF_NIA_20170427-VeryMax__From_AProVE_2014__juHashMapCreateContainsKey.jar-obl-11__p31778_safety_0.smt2	4	M	0.385623	254
QF_NIA_20170427-VeryMax__From_AProVE_2014__juHashMapCreateContainsValue.jar-obl-11__p31970_safety_0.smt2	4	B	0.015375	10
QF_NIA_20170427-VeryMax__From_AProVE_2014__juHashMapCreateContainsValue.jar-obl-11__p31970_safety_0.smt2	4	M	0.015667	10
QF_NIA_20170427-VeryMax__From_AProVE_2014__juHashMapCreateContainsValue.jar-obl-11__p31970_safety_0.smt2	4	A	0.01329	10
QF_NIA_20170427-VeryMax__From_AProVE_2014__juHashMapCreateContainsValue.jar-obl-11__p32093_safety_0.smt2	4	M	0.235002	220
QF_NIA_20170427-VeryMax__From_AProVE_2014__juHashMapCreateContainsValue.jar-obl-11__p32093_safety_0.smt2	4	A	0.122919	220
QF_NIA_20170427-VeryMax__From_AProVE_2014__juHashMapCreateContainsValue.jar-obl-11__p32093_safety_0.smt2	4	B	0.1835	220
QF_NIA_20170427-VeryMax__From_AProVE_2014__juHashMapCreateIsEmpty.jar-obl-10__p1579_safety_0.smt2	4	A	0.711001	1388
QF_NIA_20170427-VeryMax__From_AProVE_2014__juHashMapCreateIsEmpty.jar-obl-10__p1579_safety_0.smt2	4	B	0.954218	1388
QF_NIA_20170427-VeryMax__From_AProVE_2014__juHashMapCreateIsEmpty.jar-obl-10__p1579_safety_0.smt2	4	M	1.44466	1388
QF_NIA_20170427-VeryMax__From_AProVE_2014__juHashMapCreateIsEmpty.jar-obl-10__p1900_safety_0.smt2	4	B	0.200711	282
QF_NIA_20170427-VeryMax__From_AProVE_2014__juHashMapCreateIsEmpty.jar-obl-10__p1900_safety_0.smt2	4	M	0.235666	282
QF_NIA_20170427-VeryMax__From_AProVE_2014__juHashMapCreateIsEmpty.jar-obl-10__p1900_safety_0.smt2	4	A	0.146047	282
QF_NIA_20170427-VeryMax__From_AProVE_2014__juHashMapCreateIteratorEntryLoop.jar-obl-12__p3002_safety_0.smt2	4	M	0.229666	320
QF_NIA_20170427-VeryMax__From_AProVE_2014__juHashMapCreateIteratorEntryLoop.jar-obl-12__p3002_safety_0.smt2	4	A	0.118127	320
QF_NIA_20170427-VeryMax__From_AProVE_2014__juHashMapCreateIteratorEntryLoop.jar-obl-12__p3002_safety_0.smt2	4	B	0.181291	320
QF_NIA_20170427-VeryMax__From_AProVE_2014__juHashMapCreatePut.jar-obl-10__p5968_safety_0.smt2	4	A	0.021084	24
QF_NIA_20170427-VeryMax__From_AProVE_2014__juHashMapCreatePut.jar-obl-10__p5968_safety_0.smt2	4	B	0.0275	24
QF_NIA_20170427-VeryMax__From_AProVE_2014__juHashMapCreatePut.jar-obl-10__p5968_safety_0.smt2	4	M	0.024751	24
QF_NIA_20170427-VeryMax__From_AProVE_2014__juHashMapCreatePut.jar-obl-10__p6107_safety_0.smt2	4	B	1.63587	1806
QF_NIA_20170427-VeryMax__From_AProVE_2014__juHashMapCreatePut.jar-obl-10__p6107_safety_0.smt2	4	M	2.10841	1806
QF_NIA_20170427-VeryMax__From_AProVE_2014__juHashMapCreatePut.jar-obl-10__p6107_safety_0.smt2	4	A	1.36049	1806
QF_NIA_20170427-VeryMax__From_AProVE_2014__juHashMapCreateSize.jar-obl-10__p7163_safety_0.smt2	4	M	0.596788	553
QF_NIA_20170427-VeryMax__From_AProVE_2014__juHashMapCreateSize.jar-obl-10__p7163_safety_0.smt2	4	A	0.476886	553
QF_NIA_20170427-VeryMax__From_AProVE_2014__juHashMapCreateSize.jar-obl-10__p7163_safety_0.smt2	4	B	0.595317	553
QF_NIA_20170427-VeryMax__From_AProVE_2014__juHashMapCreateSize.jar-obl-10__p7575_safety_0.smt2	4	A	2.44002	4476
QF_NIA_20170427-VeryMax__From_AProVE_2014__juHashMapCreateSize.jar-obl-10__p7575_safety_0.smt2	4	B	3.21632	4476
QF_NIA_20170427-VeryMax__From_AProVE_2014__juHashMapCreateSize.jar-obl-10__p7575_safety_0.smt2	4	M	6.62849	4476
QF_NIA_20170427-VeryMax__From_AProVE_2014__juLinkedListCreateAddAllAt.jar-obl-17__p8067_safety_0.smt2	4	B	0.023207	34
QF_NIA_20170427-VeryMax__From_AProVE_2014__juLinkedListCreateAddAllAt.jar-obl-17__p8067_safety_0.smt2	4	M	0.027209	34
QF_NIA_20170427-VeryMax__From_AProVE_2014__juLinkedListCreateAddAllAt.jar-obl-17__p8067_safety_0.smt2	4	A	0.015461	34
QF_NIA_20170427-VeryMax__From_AProVE_2014__juLinkedListCreateAddAllAt.jar-obl-17__p8387_safety_0.smt2	4	M	0.007583	4
QF_NIA_20170427-VeryMax__From_AProVE_2014__juLinkedListCreateAddAllAt.jar-obl-17__p8387_safety_0.smt2	4	A	0.007083	4
QF_NIA_20170427-VeryMax__From_AProVE_2014__juLinkedListCreateAddAllAt.jar-obl-17__p8387_safety_0.smt2	4	B	0.008458	4
QF_NIA_20170427-VeryMax__From_T2__afagp-fail.t2__p15460_terminationG_0.smt2	4	A	0.045911	83
QF_NIA_20170427-VeryMax__From_T2__afagp-fail.t2__p15460_terminationG_0.smt2	4	B	0.070041	83
QF_NIA_20170427-VeryMax__From_T2__afagp-fail.t2__p15460_terminationG_0.smt2	4	M	0.076708	83
QF_NIA_20170427-VeryMax__From_T2__compress.t2__p17866_terminationG_0.smt2	4	B	0.230467	345
QF_NIA_20170427-VeryMax__From_T2__compress.t2__p17866_terminationG_0.smt2	4	M	0.241048	345
QF_NIA_20170427-VeryMax__From_T2__compress.t2__p17866_terminationG_0.smt2	4	A	0.15842	345
QF_NIA_20170427-VeryMax__From_T2__consts3nt.t2_fixed__p18148_terminationG_0.smt2	4	M	0.005708	2
QF_NIA_20170427-VeryMax__From_T2__consts3nt.t2_fixed__p18148_terminationG_0.smt2	4	A	0.010291	2
QF_NIA_20170427-VeryMax__From_T2__consts3nt.t2_fixed__p18148_terminationG_0.smt2	4	B	0.011208	2
QF_NIA_20170427-VeryMax__From_T2__edn.t2__p20109_safety_0.smt2	4	A	0.09191	174
QF_NIA_20170427-VeryMax__From_T2__edn.t2__p20109_safety_0.smt2	4	B	0.130995	174
QF_NIA_20170427-VeryMax__From_T2__edn.t2__p20109_safety_0.smt2	4	M	0.12812	174
QF_NIA_20170427-VeryMax__From_T2__edn.t2__p20654_safety_0.smt2	4	B	1.85512	2174
QF_NIA_20170427-VeryMax__From_T2__edn.t2__p20654_safety_0.smt2	4	M	1.48161	2174
QF_NIA_20170427-VeryMax__From_T2__edn.t2__p20654_safety_0.smt2	4	A	1.49579	2174
QF_NIA_20170427-VeryMax__From_T2__edn.t2__p20682_safety_0.smt2	4	M	0.678283	887
QF_NIA_20170427-VeryMax__From_T2__edn.t2__p20682_safety_0.smt2	4	A	0.489037	887
QF_NIA_20170427-VeryMax__From_T2__edn.t2__p20682_safety_0.smt2	4	B	0.667465	887
QF_NIA_20170427-VeryMax__From_T2__ex36.t2__p29288_safety_0.smt2	4	A	1.05166	1863
QF_NIA_20170427-VeryMax__From_T2__ex36.t2__p29288_safety_0.smt2	4	B	1.35912	1863
QF_NIA_20170427-VeryMax__From_T2__ex36.t2__p29288_safety_0.smt2	4	M	1.25171	1863
QF_NIA_20170427-VeryMax__From_T2__foo.t2__terminationS_23_0.smt2	4	B	0.016168	10
QF_NIA_20170427-VeryMax__From_T2__foo.t2__terminationS_23_0.smt2	4	M	0.013083	10
QF_NIA_20170427-VeryMax__From_T2__foo.t2__terminationS_23_0.smt2	4	A	0.012707	10
QF_NIA_20170427-VeryMax__From_T2__fun9.t2__p1256_edge_closing_0.smt2	4	M	0.330043	526
QF_NIA_20170427-VeryMax__From_T2__fun9.t2__p1256_edge_closing_0.smt2	4	A	0.196627	526
QF_NIA_20170427-VeryMax__From_T2__fun9.t2__p1256_edge_closing_0.smt2	4	B	0.302752	526
QF_NIA_20170427-VeryMax__From_T2__fun9.t2__p1366_edge_closing_0.smt2	4	A	0.025666	42
QF_NIA_20170427-VeryMax__From_T2__fun9.t2__p1366_edge_closing_0.smt2	4	B	0.039958	42
QF_NIA_20170427-VeryMax__From_T2__fun9.t2__p1366_edge_closing_0.smt2	4	M	0.048047	42
QF_NIA_20170427-VeryMax__From_T2__hqr.c.i.hqr.pl.t2.nor.t2.rlgfixed.t2_fixed__terminationS_49_0.smt2	4	B	0.011333	2
QF_NIA_20170427-VeryMax__From_T2__hqr.c.i.hqr.pl.t2.nor.t2.rlgfixed.t2_fixed__terminationS_49_0.smt2	4	M	0.006375	2
QF_NIA_20170427-VeryMax__From_T2__hqr.c.i.hqr.pl.t2.nor.t2.rlgfixed.t2_fixed__terminationS_49_0.smt2	4	A	0.010541	2
QF_NIA_20170427-VeryMax__From_T2__hqr.c.i.hqr.pl.t2.nor.t2.rlgfixed.t2_fixed__terminationS_61_0.smt2	4	M	0.058706	64
QF_NIA_20170427-VeryMax__From_T2__hqr.c.i.hqr.pl.t2.nor.t2.rlgfixed.t2_fixed__terminationS_61_0.smt2	4	A	0.038544	64
QF_NIA_20170427-VeryMax__From_T2__hqr.c.i.hqr.pl.t2.nor.t2.rlgfixed.t2_fixed__terminationS_61_0.smt2	4	B	0.055793	64
QF_NIA_20170427-VeryMax__From_T2__janne_complex.t2__p2259_terminationG_0.smt2	4	A	0.024999	30
QF_NIA_20170427-VeryMax__From_T2__janne_complex.t2__p2259_terminationG_0.smt2	4	B	0.033042	30
QF_NIA_20170427-VeryMax__From_T2__janne_complex.t2__p2259_terminationG_0.smt2	4	M	0.040167	30
QF_NIA_20170427-VeryMax__From_T2__matmul.t2__p2657_terminationG_0.smt2	4	B	0.03262	38
QF_NIA_20170427-VeryMax__From_T2__matmul.t2__p2657_terminationG_0.smt2	4	M	0.036958	38
QF_NIA_20170427-VeryMax__From_T2__matmul.t2__p2657_terminationG_0.smt2	4	A	0.024919	38
QF_NIA_20170427-VeryMax__From_T2__n-7.t2_fixed__p4908_terminationG_0.smt2	4	M	0.025583	14
QF_NIA_20170427-VeryMax__From_T2__n-7.t2_fixed__p4908_terminationG_0.smt2	4	A	0.031459	14
QF_NIA_20170427-VeryMax__From_T2__n-7.t2_fixed__p4908_terminationG_0.smt2	4	B	0.034668	14
QF_NIA_20170427-VeryMax__From_T2__s1-striped.t2__p12567_safety_0.smt2	4	A	0.014916	8
QF_NIA_20170427-VeryMax__From_T2__s1-striped.t2__p12567_safety_0.smt2	4	B	0.018209	8
QF_NIA_20170427-VeryMax__From_T2__s1-striped.t2__p12567_safety_0.smt2	4	M	0.015167	8
QF_NIA_20170427-VeryMax__From_T2__s1-striped.t2__p13166_safety_0.smt2	4	B	0.015459	8
QF_NIA_20170427-VeryMax__From_T2__s1-striped.t2__p13166_safety_0.smt2	4	M	0.012044	8
QF_NIA_20170427-VeryMax__From_T2__s1-striped.t2__p13166_safety_0.smt2	4	A	0.012624	8
QF_NIA_20170427-VeryMax__From_T2__s1-striped.t2__p13877_safety_0.smt2	4	M	0.011916	2
QF_NIA_20170427-VeryMax__From_T2__s1-striped.t2__p13877_safety_0.smt2	4	A	0.007375	2
QF_NIA_20170427-VeryMax__From_T2__s1-striped.t2__p13877_safety_0.smt2	4	B	0.009209	2
QF_NIA_20170427-VeryMax__From_T2__s1.t2_fixed__p16651_safety_0.smt2	4	A	0.006375	2
QF_NIA_20170427-VeryMax__From_T2__s1.t2_fixed__p16651_safety_0.smt2	4	B	0.00675	2
QF_NIA_20170427-VeryMax__From_T2__s1.t2_fixed__p16651_safety_0.smt2	4	M	0.006083	2
QF_NIA_20170427-VeryMax__From_T2__s1.t2_fixed__p17151_safety_0.smt2	4	B	1.32709	1587
QF_NIA_20170427-VeryMax__From_T2__s1.t2_fixed__p17151_safety_0.smt2	4	M	1.26808	1587
QF_NIA_20170427-VeryMax__From_T2__s1.t2_fixed__p17151_safety_0.smt2	4	A	1.00362	1587
QF_NIA_20170427-VeryMax__From_T2__slayer-3-filtered.t2__p21681_safety_0.smt2	4	M	1.94747	2935
QF_NIA_20170427-VeryMax__From_T2__slayer-3-filtered.t2__p21681_safety_0.smt2	4	A	1.67083	2935
QF_NIA_20170427-VeryMax__From_T2__slayer-3-filtered.t2__p21681_safety_0.smt2	4	B	2.13303	2935
QF_NIA_20170427-VeryMax__From_T2__slayer-3-filtered.t2__p21744_safety_0.smt2	4	A	0.093295	107
QF_NIA_20170427-VeryMax__From_T2__slayer-3-filtered.t2__p21744_safety_0.smt2	4	B	0.117126	107
QF_NIA_20170427-VeryMax__From_T2__slayer-3-filtered.t2__p21744_safety_0.smt2	4	M	0.096211	107
QF_NIA_20170427-VeryMax__From_T2__slayer-3-new.t2_fixed__p21823_safety_0.smt2	4	B	0.021583	14
QF_NIA_20170427-VeryMax__From_T2__slayer-3-new.t2_fixed__p21823_safety_0.smt2	4	M	0.02154	14
QF_NIA_20170427-VeryMax__From_T2__slayer-3-new.t2_fixed__p21823_safety_0.smt2	4	A	0.017166	14
QF_NIA_20170427-VeryMax__From_T2__slayer-n5-filtered.t2__p23330_terminationG_0.smt2	4	M	0.008083	4
QF_NIA_20170427-VeryMax__From_T2__slayer-n5-filtered.t2__p23330_terminationG_0.smt2	4	A	0.011833	4
QF_NIA_20170427-VeryMax__From_T2__slayer-n5-filtered.t2__p23330_terminationG_0.smt2	4	B	0.012958	4
QF_NIA_20170427-VeryMax__From_T2__slayer-n5-filtered.t2__p23398_safety_0.smt2	4	A	0.337676	727
QF_NIA_20170427-VeryMax__From_T2__slayer-n5-filtered.t2__p23398_safety_0.smt2	4	B	0.442633	727
QF_NIA_20170427-VeryMax__From_T2__slayer-n5-filtered.t2__p23398_safety_0.smt2	4	M	0.472645	727
QF_NIA_20170427-VeryMax__From_T2__svdcmp.t2_fixed__term_unfeasibility_11_0.smt2	4	B	0.025166	20
QF_NIA_20170427-VeryMax__From_T2__svdcmp.t2_fixed__term_unfeasibility_11_0.smt2	4	M	0.020123	20
QF_NIA_20170427-VeryMax__From_T2__svdcmp.t2_fixed__term_unfeasibility_11_0.smt2	4	A	0.020123	20
QF_NIA_20170427-VeryMax__From_T2__zlib-adler32.c.t2__p25934_safety_0.smt2	4	M	0.030249	28
QF_NIA_20170427-VeryMax__From_T2__zlib-adler32.c.t2__p25934_safety_0.smt2	4	A	0.025622	28
QF_NIA_20170427-VeryMax__From_T2__zlib-adler32.c.t2__p25934_safety_0.smt2	4	B	0.031874	28
QF_NIA_20170427-VeryMax__Stroeder_15__4NestedWith3Variables_true-termination.c__p20203_terminationG_0.smt2	4	A	1.8753	2258
QF_NIA_20170427-VeryMax__Stroeder_15__4NestedWith3Variables_true-termination.c__p20203_terminationG_0.smt2	4	B	2.22918	2258
QF_NIA_20170427-VeryMax__Stroeder_15__4NestedWith3Variables_true-termination.c__p20203_terminationG_0.smt2	4	M	1.74694	2258
QF_NIA_20170427-VeryMax__Stroeder_15__GulwaniJainKoskinen-PLDI2009-Fig1_true-termination.c__p23679_edge_closing_0.smt2	4	B	0.090541	20
QF_NIA_20170427-VeryMax__Stroeder_15__GulwaniJainKoskinen-PLDI2009-Fig1_true-termination.c__p23679_edge_closing_0.smt2	4	M	0.043208	20
QF_NIA_20170427-VeryMax__Stroeder_15__GulwaniJainKoskinen-PLDI2009-Fig1_true-termination.c__p23679_edge_closing_0.smt2	4	A	0.068374	20
QF_NIA_20170427-VeryMax__Stroeder_15__GulwaniJainKoskinen-PLDI2009-Fig1_true-termination.c__p23704_edge_closing_0.smt2	4	M	0.00925	2
QF_NIA_20170427-VeryMax__Stroeder_15__GulwaniJainKoskinen-PLDI2009-Fig1_true-termination.c__p23704_edge_closing_0.smt2	4	A	0.009875	2
QF_NIA_20170427-VeryMax__Stroeder_15__GulwaniJainKoskinen-PLDI2009-Fig1_true-termination.c__p23704_edge_closing_0.smt2	4	B	0.010876	2
QF_NIA_20170427-VeryMax__Stroeder_15__svcomp_ex2.c__p25876_terminationG_0.smt2	4	A	0.010916	2
QF_NIA_20170427-VeryMax__Stroeder_15__svcomp_ex2.c__p25876_terminationG_0.smt2	4	B	0.012167	2
QF_NIA_20170427-VeryMax__Stroeder_15__svcomp_ex2.c__p25876_terminationG_0.smt2	4	M	0.008417	2
QF_NIA_20170427-VeryMax__Stroeder_15__svcomp_ex2.c__p25913_terminationG_0.smt2	4	B	0.332836	523
QF_NIA_20170427-VeryMax__Stroeder_15__svcomp_ex2.c__p25913_terminationG_0.smt2	4	M	0.373781	523
QF_NIA_20170427-VeryMax__Stroeder_15__svcomp_ex2.c__p25913_terminationG_0.smt2	4	A	0.239045	523
QF_NIA_20210219-Dartagnan__lcm2_unwindbound10-O0.smt2	4	M	0.005833	2
QF_NIA_20210219-Dartagnan__lcm2_unwindbound10-O0.smt2	4	A	0.006541	2
QF_NIA_20210219-Dartagnan__lcm2_unwindbound10-O0.smt2	4	B	0.008917	2
QF_NIA_20220315-MathProblems__MS_07.smt2	4	A	0.913594	3518
QF_NIA_20220315-MathProblems__MS_07.smt2	4	B	1.60042	3518
QF_NIA_20220315-MathProblems__MS_07.smt2	4	M	1.98497	3518
QF_NIA_20220315-MathProblems__SF_11.smt2	4	B	0.016042	3
QF_NIA_20220315-MathProblems__SF_11.smt2	4	M	0.010876	3
QF_NIA_20220315-MathProblems__SF_11.smt2	4	A	0.012208	3
QF_NIA_20220315-MathProblems__STC_0030.smt2	4	M	8.42303	9772
QF_NIA_20220315-MathProblems__STC_0030.smt2	4	A	5.02567	9772
QF_NIA_20220315-MathProblems__STC_0030.smt2	4	B	7.88129	9772
QF_NIA_20220315-MathProblems__STC_0148.smt2	4	A	4.64784	9264
QF_NIA_20220315-MathProblems__STC_0148.smt2	4	B	7.29023	9264
QF_NIA_20220315-MathProblems__STC_0148.smt2	4	M	8.04391	9264
QF_NIA_20220315-MathProblems__STC_0157.smt2	4	B	9.75717	12123
QF_NIA_20220315-MathProblems__STC_0157.smt2	4	M	10.3433	12123
QF_NIA_20220315-MathProblems__STC_0157.smt2	4	A	6.30422	12123
QF_NIA_20220315-MathProblems__STC_0173.smt2	4	M	9.7865	11212
QF_NIA_20220315-MathProblems__STC_0173.smt2	4	A	5.5928	11212
QF_NIA_20220315-MathProblems__STC_0173.smt2	4	B	8.80228	11212
QF_NIA_20220315-MathProblems__STC_0176.smt2	4	A	5.21089	10116
QF_NIA_20220315-MathProblems__STC_0176.smt2	4	B	8.37067	10116
QF_NIA_20220315-MathProblems__STC_0176.smt2	4	M	9.47525	10116
QF_NIA_20220315-MathProblems__STC_0183.smt2	4	B	8.18066	10134
QF_NIA_20220315-MathProblems__STC_0183.smt2	4	M	8.78263	10134
QF_NIA_20220315-MathProblems__STC_0183.smt2	4	A	5.07062	10134
QF_NIA_20220315-MathProblems__STC_0187.smt2	4	M	9.09775	10563
QF_NIA_20220315-MathProblems__STC_0187.smt2	4	A	5.47553	10563
QF_NIA_20220315-MathProblems__STC_0187.smt2	4	B	8.15832	10563
QF_NIA_20220315-MathProblems__STC_0189.smt2	4	A	0.009543	5
QF_NIA_20220315-MathProblems__STC_0189.smt2	4	B	0.013501	5
QF_NIA_20220315-MathProblems__STC_0189.smt2	4	M	0.017584	5
QF_NIA_20220315-MathProblems__STC_0205.smt2	4	B	0.434776	454
QF_NIA_20220315-MathProblems__STC_0205.smt2	4	M	0.530792	454
QF_NIA_20220315-MathProblems__STC_0205.smt2	4	A	0.271582	454
QF_NIA_20220315-MathProblems__STC_0340.smt2	4	M	0.680419	560
QF_NIA_20220315-MathProblems__STC_0340.smt2	4	A	0.31498	560
QF_NIA_20220315-MathProblems__STC_0340.smt2	4	B	0.508908	560
QF_NIA_20220315-MathProblems__STC_0385.smt2	4	A	0.269703	457
QF_NIA_20220315-MathProblems__STC_0385.smt2	4	B	0.426587	457
QF_NIA_20220315-MathProblems__STC_0385.smt2	4	M	0.574699	457
QF_NIA_20220315-MathProblems__STC_0388.smt2	4	B	0.585424	663
QF_NIA_20220315-MathProblems__STC_0388.smt2	4	M	0.699988	663
QF_NIA_20220315-MathProblems__STC_0388.smt2	4	A	0.356167	663
QF_NIA_20220315-MathProblems__STC_0456.smt2	4	M	0.593039	518
QF_NIA_20220315-MathProblems__STC_0456.smt2	4	A	0.293285	518
QF_NIA_20220315-MathProblems__STC_0456.smt2	4	B	0.515828	518
QF_NIA_20220315-MathProblems__STC_0493.smt2	4	A	0.308833	574
QF_NIA_20220315-MathProblems__STC_0493.smt2	4	B	0.566137	574
QF_NIA_20220315-MathProblems__STC_0493.smt2	4	M	0.659238	574
QF_NIA_20220315-MathProblems__STC_0541.smt2	4	B	0.530747	587
QF_NIA_20220315-MathProblems__STC_0541.smt2	4	M	0.626966	587
QF_NIA_20220315-MathProblems__STC_0541.smt2	4	A	0.315377	587
QF_NIA_20220315-MathProblems__STC_0563.smt2	4	M	11.8726	13992
QF_NIA_20220315-MathProblems__STC_0563.smt2	4	A	7.0843	13992
QF_NIA_20220315-MathProblems__STC_0563.smt2	4	B	11.0397	13992
QF_NIA_20220315-MathProblems__STC_0584.smt2	4	A	0.297338	563
QF_NIA_20220315-MathProblems__STC_0584.smt2	4	B	0.49662	563
QF_NIA_20220315-MathProblems__STC_0584.smt2	4	M	0.598944	563
QF_NIA_20220315-MathProblems__STC_0609.smt2	4	B	1.5791	1737
QF_NIA_20220315-MathProblems__STC_0609.smt2	4	M	2.12433	1737
QF_NIA_20220315-MathProblems__STC_0609.smt2	4	A	0.964857	1737
QF_NIA_20220315-MathProblems__STC_0629.smt2	4	M	0.514268	472
QF_NIA_20220315-MathProblems__STC_0629.smt2	4	A	0.276137	472
QF_NIA_20220315-MathProblems__STC_0629.smt2	4	B	0.413736	472
QF_NIA_20220315-MathProblems__STC_0650.smt2	4	A	5.41967	10714
QF_NIA_20220315-MathProblems__STC_0650.smt2	4	B	8.39853	10714
QF_NIA_20220315-MathProblems__STC_0650.smt2	4	M	9.08323	10714
QF_NIA_20220315-MathProblems__STC_0693.smt2	4	B	7.50684	9612
QF_NIA_20220315-MathProblems__STC_0693.smt2	4	M	8.25127	9612
QF_NIA_20220315-MathProblems__STC_0693.smt2	4	A	4.71462	9612
QF_NIA_20220315-MathProblems__STC_0707.smt2	4	M	8.25435	9587
QF_NIA_20220315-MathProblems__STC_0707.smt2	4	A	4.86181	9587
QF_NIA_20220315-MathProblems__STC_0707.smt2	4	B	7.55046	9587
QF_NIA_20220315-MathProblems__STC_0739.smt2	4	A	0.226201	433
QF_NIA_20220315-MathProblems__STC_0739.smt2	4	B	0.401787	433
QF_NIA_20220315-MathProblems__STC_0739.smt2	4	M	0.483247	433
QF_NIA_20220315-MathProblems__STC_0755.smt2	4	B	0.534532	598
QF_NIA_20220315-MathProblems__STC_0755.smt2	4	M	0.729961	598
QF_NIA_20220315-MathProblems__STC_0755.smt2	4	A	0.3294	598
QF_NIA_20220315-MathProblems__STC_0770.smt2	4	M	9.09537	10729
QF_NIA_20220315-MathProblems__STC_0770.smt2	4	A	5.52969	10729
QF_NIA_20220315-MathProblems__STC_0770.smt2	4	B	8.59971	10729
QF_NIA_20220315-MathProblems__STC_0903.smt2	4	A	4.71435	8955
QF_NIA_20220315-MathProblems__STC_0903.smt2	4	B	6.99119	8955
QF_NIA_20220315-MathProblems__STC_0903.smt2	4	M	7.747	8955
QF_NIA_20220315-MathProblems__STC_0959.smt2	4	B	8.58657	10640
QF_NIA_20220315-MathProblems__STC_0959.smt2	4	M	9.05367	10640
QF_NIA_20220315-MathProblems__STC_0959.smt2	4	A	5.54647	10640
QF_NIA_20220315-MathProblems__STC_1000.smt2	4	M	0.008	2
QF_NIA_20220315-MathProblems__STC_1000.smt2	4	A	0.008917	2
QF_NIA_20220315-MathProblems__STC_1000.smt2	4	B	0.008792	2
QF_NIA_20230321-UltimateAutomizerSvcomp2023__egcd.c_1.smt2	4	A	0.031251	13
QF_NIA_20230321-UltimateAutomizerSvcomp2023__egcd.c_1.smt2	4	B	0.031626	13
QF_NIA_20230321-UltimateAutomizerSvcomp2023__egcd.c_1.smt2	4	M	0.020125	13
QF_NIA_20230321-UltimateAutomizerSvcomp2023__ps5-ll.c_10.smt2	4	B	3.38056	1869
QF_NIA_20230321-UltimateAutomizerSvcomp2023__ps5-ll.c_10.smt2	4	M	2.18397	1869
QF_NIA_20230321-UltimateAutomizerSvcomp2023__ps5-ll.c_10.smt2	4	A	2.77028	1869
QF_NIA_20230321-UltimateAutomizerSvcomp2023__ps6.c_0.smt2	4	M	2.02883	2514
QF_NIA_20230321-UltimateAutomizerSvcomp2023__ps6.c_0.smt2	4	A	2.60299	2514
QF_NIA_20230321-UltimateAutomizerSvcomp2023__ps6.c_0.smt2	4	B	2.96545	2514
QF_NIA_20230321-UltimateAutomizerSvcomp2023__ps6.c_11.smt2	4	A	1.56391	1547
QF_NIA_20230321-UltimateAutomizerSvcomp2023__ps6.c_11.smt2	4	B	2.04786	1547
QF_NIA_20230321-UltimateAutomizerSvcomp2023__ps6.c_11.smt2	4	M	1.39902	1547
QF_NIA_20230321-UltimateAutomizerSvcomp2023__ps6.c_13.smt2	4	B	5.17517	4633
QF_NIA_20230321-UltimateAutomizerSvcomp2023__ps6.c_13.smt2	4	M	3.47047	4633
QF_NIA_20230321-UltimateAutomizerSvcomp2023__ps6.c_13.smt2	4	A	4.22083	4633
QF_NIA_20230328-sqrtmodinv-hoenicke__modInv16.smt2	4	M	10.5555	6905
QF_NIA_20230328-sqrtmodinv-hoenicke__modInv16.smt2	4	A	17.981	6905
QF_NIA_20230328-sqrtmodinv-hoenicke__modInv16.smt2	4	B	19.2523	6905
QF_NIA_20230328-sqrtmodinv-hoenicke__modInv32.smt2	4	A	0.057791	10
QF_NIA_20230328-sqrtmodinv-hoenicke__modInv32.smt2	4	B	0.065168	10
QF_NIA_20230328-sqrtmodinv-hoenicke__modInv32.smt2	4	M	0.036291	10
QF_NIA_20230328-sqrtmodinv-hoenicke__modInv8.smt2	4	B	32.641	63091
QF_NIA_20230328-sqrtmodinv-hoenicke__modInv8.smt2	4	M	34.017	63091
QF_NIA_20230328-sqrtmodinv-hoenicke__modInv8.smt2	4	A	23.007	63091
QF_NIA_20230328-sqrtmodinv-hoenicke__modInvInitial.smt2	4	M	1.30413	2812
QF_NIA_20230328-sqrtmodinv-hoenicke__modInvInitial.smt2	4	A	0.708932	2812
QF_NIA_20230328-sqrtmodinv-hoenicke__modInvInitial.smt2	4	B	1.09167	2812
QF_NIA_20230328-sqrtmodinv-hoenicke__modInvStep.smt2	4	A	17.4621	57748
QF_NIA_20230328-sqrtmodinv-hoenicke__modInvStep.smt2	4	B	25.4665	57748
QF_NIA_20230328-sqrtmodinv-hoenicke__modInvStep.smt2	4	M	28.2289	57748
QF_NIA_20230328-sqrtmodinv-hoenicke__modInvStepSimplified.smt2	4	B	1.09366	2830
QF_NIA_20230328-sqrtmodinv-hoenicke__modInvStepSimplified.smt2	4	M	1.24396	2830
QF_NIA_20230328-sqrtmodinv-hoenicke__modInvStepSimplified.smt2	4	A	0.657708	2830
QF_NIA_20230328-sqrtmodinv-hoenicke__modInvVar1.smt2	4	M	37.7582	71013
QF_NIA_20230328-sqrtmodinv-hoenicke__modInvVar1.smt2	4	A	18.9045	71013
QF_NIA_20230328-sqrtmodinv-hoenicke__modInvVar1.smt2	4	B	29.7739	71013
QF_NIA_20230328-sqrtmodinv-hoenicke__modSimpleTest.smt2	4	A	0.009542	2
QF_NIA_20230328-sqrtmodinv-hoenicke__modSimpleTest.smt2	4	B	0.0105	2
QF_NIA_20230328-sqrtmodinv-hoenicke__modSimpleTest.smt2	4	M	0.008083	2
QF_NIA_20230328-sqrtmodinv-hoenicke__sqrtStep1.smt2	4	B	0.137789	126
QF_NIA_20230328-sqrtmodinv-hoenicke__sqrtStep1.smt2	4	M	0.104292	126
QF_NIA_20230328-sqrtmodinv-hoenicke__sqrtStep1.smt2	4	A	0.103921	126
QF_NIA_20230328-sqrtmodinv-hoenicke__sqrtStep1a.smt2	4	M	0.096837	126
QF_NIA_20230328-sqrtmodinv-hoenicke__sqrtStep1a.smt2	4	A	0.102499	126
QF_NIA_20230328-sqrtmodinv-hoenicke__sqrtStep1a.smt2	4	B	0.126917	126
QF_NIA_20230328-sqrtmodinv-hoenicke__sqrtStep2.smt2	4	A	0.048126	82
QF_NIA_20230328-sqrtmodinv-hoenicke__sqrtStep2.smt2	4	B	0.069832	82
QF_NIA_20230328-sqrtmodinv-hoenicke__sqrtStep2.smt2	4	M	0.064786	82
QF_NIA_20230328-sqrtmodinv-hoenicke__sqrtStep2a.smt2	4	B	0.070877	82
QF_NIA_20230328-sqrtmodinv-hoenicke__sqrtStep2a.smt2	4	M	0.063459	82
QF_NIA_20230328-sqrtmodinv-hoenicke__sqrtStep2a.smt2	4	A	0.049794	82
QF_NIA_20230328-sqrtmodinv-hoenicke__sqrtStep3.smt2	4	M	0.084833	98
QF_NIA_20230328-sqrtmodinv-hoenicke__sqrtStep3.smt2	4	A	0.06229	98
QF_NIA_20230328-sqrtmodinv-hoenicke__sqrtStep3.smt2	4	B	0.08621	98
QF_NIA_20230328-sqrtmodinv-hoenicke__sqrtStep3a.smt2	4	A	0.093747	128
QF_NIA_20230328-sqrtmodinv-hoenicke__sqrtStep3a.smt2	4	B	0.121911	128
QF_NIA_20230328-sqrtmodinv-hoenicke__sqrtStep3a.smt2	4	M	0.099129	128
QF_NIA_20230328-sqrtmodinv-hoenicke__sqrtStep4.smt2	4	B	0.068585	68
QF_NIA_20230328-sqrtmodinv-hoenicke__sqrtStep4.smt2	4	M	0.065836	68
QF_NIA_20230328-sqrtmodinv-hoenicke__sqrtStep4.smt2	4	A	0.054251	68
QF_NIA_20230328-sqrtmodinv-hoenicke__sqrtStep4a.smt2	4	M	0.108499	128
QF_NIA_20230328-sqrtmodinv-hoenicke__sqrtStep4a.smt2	4	A	0.083047	128
QF_NIA_20230328-sqrtmodinv-hoenicke__sqrtStep4a.smt2	4	B	0.109042	128
QF_NIA_20230328-sqrtmodinv-hoenicke__sqrtStep5.smt2	4	A	0.066624	86
QF_NIA_20230328-sqrtmodinv-hoenicke__sqrtStep5.smt2	4	B	0.088583	86
QF_NIA_20230328-sqrtmodinv-hoenicke__sqrtStep5.smt2	4	M	0.097624	86
QF_NIA_20230328-sqrtmodinv-hoenicke__sqrtStep5a.smt2	4	B	0.119004	128
QF_NIA_20230328-sqrtmodinv-hoenicke__sqrtStep5a.smt2	4	M	0.132336	128
QF_NIA_20230328-sqrtmodinv-hoenicke__sqrtStep5a.smt2	4	A	0.091751	128
QF_NIA_20230328-sqrtmodinv-hoenicke__sqrtStep6.smt2	4	M	0.129462	86
QF_NIA_20230328-sqrtmodinv-hoenicke__sqrtStep6.smt2	4	A	0.078419	86
QF_NIA_20230328-sqrtmodinv-hoenicke__sqrtStep6.smt2	4	B	0.099248	86
QF_NIA_20230328-sqrtmodinv-hoenicke__sqrtStep6a.smt2	4	A	0.136544	122
QF_NIA_20230328-sqrtmodinv-hoenicke__sqrtStep6a.smt2	4	B	0.166913	122
QF_NIA_20230328-sqrtmodinv-hoenicke__sqrtStep6a.smt2	4	M	0.187832	122
QF_NIA_20230328-sqrtmodinv-hoenicke__sqrtStep7.smt2	4	B	0.973169	206
QF_NIA_20230328-sqrtmodinv-hoenicke__sqrtStep7.smt2	4	M	0.840998	206
QF_NIA_20230328-sqrtmodinv-hoenicke__sqrtStep7.smt2	4	A	0.888122	206
QF_NIA_20230328-sqrtmodinv-hoenicke__sqrtStep7a.smt2	4	M	0.274288	122
QF_NIA_20230328-sqrtmodinv-hoenicke__sqrtStep7a.smt2	4	A	0.188708	122
QF_NIA_20230328-sqrtmodinv-hoenicke__sqrtStep7a.smt2	4	B	0.232457	122
QF_NIA_20230328-sqrtmodinv-hoenicke__sqrtStepFinal.smt2	4	A	2.04859	6674
QF_NIA_20230328-sqrtmodinv-hoenicke__sqrtStepFinal.smt2	4	B	2.98165	6674
QF_NIA_20230328-sqrtmodinv-hoenicke__sqrtStepFinal.smt2	4	M	3.31166	6674
QF_NIA_20230328-sqrtmodinv-hoenicke__sqrtStepFinala.smt2	4	B	18.0706	39614
QF_NIA_20230328-sqrtmodinv-hoenicke__sqrtStepFinala.smt2	4	M	19.532	39614
QF_NIA_20230328-sqrtmodinv-hoenicke__sqrtStepFinala.smt2	4	A	12.1941	39614
QF_NIA_20250331-elster__C_2.smt2	4	M	0.007417	2
QF_NIA_20250331-elster__C_2.smt2	4	A	0.009917	2
QF_NIA_20250331-elster__C_2.smt2	4	B	0.010125	2
QF_NIA_AProVE__aproveSMT1273731352138297194.smt2	4	A	0.29725	224
QF_NIA_AProVE__aproveSMT1273731352138297194.smt2	4	B	0.355372	224
QF_NIA_AProVE__aproveSMT1273731352138297194.smt2	4	M	0.28171	224
QF_NIA_AProVE__aproveSMT1682483342197094972.smt2	4	B	0.054915	30
QF_NIA_AProVE__aproveSMT1682483342197094972.smt2	4	M	0.050374	30
QF_NIA_AProVE__aproveSMT1682483342197094972.smt2	4	A	0.04396	30
QF_NIA_AProVE__aproveSMT2104748456448998709.smt2	4	M	0.279624	219
QF_NIA_AProVE__aproveSMT2104748456448998709.smt2	4	A	0.296341	219
QF_NIA_AProVE__aproveSMT2104748456448998709.smt2	4	B	0.352332	219
QF_NIA_AProVE__aproveSMT2163640444650240229.smt2	4	A	0.076874	88
QF_NIA_AProVE__aproveSMT2163640444650240229.smt2	4	B	0.100335	88
QF_NIA_AProVE__aproveSMT2163640444650240229.smt2	4	M	0.084664	88
QF_NIA_AProVE__aproveSMT3306422790231477425.smt2	4	B	0.658661	241
QF_NIA_AProVE__aproveSMT3306422790231477425.smt2	4	M	0.375127	241
QF_NIA_AProVE__aproveSMT3306422790231477425.smt2	4	A	0.559418	241
QF_NIA_AProVE__aproveSMT3420388863619787077.smt2	4	M	0.135374	93
QF_NIA_AProVE__aproveSMT3420388863619787077.smt2	4	A	0.171375	93
QF_NIA_AProVE__aproveSMT3420388863619787077.smt2	4	B	0.174748	93
QF_NIA_AProVE__aproveSMT3483701614621556321.smt2	4	A	0.043878	22
QF_NIA_AProVE__aproveSMT3483701614621556321.smt2	4	B	0.053832	22
QF_NIA_AProVE__aproveSMT3483701614621556321.smt2	4	M	0.037501	22
QF_NIA_AProVE__aproveSMT3711749212931521777.smt2	4	B	0.228999	284
QF_NIA_AProVE__aproveSMT3711749212931521777.smt2	4	M	0.199498	284
QF_NIA_AProVE__aproveSMT3711749212931521777.smt2	4	A	0.17592	284
QF_NIA_AProVE__aproveSMT4239815710630693785.smt2	4	M	0.013043	7
QF_NIA_AProVE__aproveSMT4239815710630693785.smt2	4	A	0.016	7
QF_NIA_AProVE__aproveSMT4239815710630693785.smt2	4	B	0.017709	7
QF_NIA_AProVE__aproveSMT4709971078612194434.smt2	4	A	0.36643	449
QF_NIA_AProVE__aproveSMT4709971078612194434.smt2	4	B	0.456555	449
QF_NIA_AProVE__aproveSMT4709971078612194434.smt2	4	M	0.403619	449
QF_NIA_AProVE__aproveSMT4870145291684036249.smt2	4	B	0.058247	58
QF_NIA_AProVE__aproveSMT4870145291684036249.smt2	4	M	0.050874	58
QF_NIA_AProVE__aproveSMT4870145291684036249.smt2	4	A	0.045496	58
QF_NIA_AProVE__aproveSMT4968692977299917888.smt2	4	M	0.043293	43
QF_NIA_AProVE__aproveSMT4968692977299917888.smt2	4	A	0.022664	43
QF_NIA_AProVE__aproveSMT4968692977299917888.smt2	4	B	0.036457	43
QF_NIA_AProVE__aproveSMT4972425496508857728.smt2	4	A	0.048083	38
QF_NIA_AProVE__aproveSMT4972425496508857728.smt2	4	B	0.054877	38
QF_NIA_AProVE__aproveSMT4972425496508857728.smt2	4	M	0.040044	38
QF_NIA_AProVE__aproveSMT5081480561387483523.smt2	4	B	0.020043	9
QF_NIA_AProVE__aproveSMT5081480561387483523.smt2	4	M	0.023624	9
QF_NIA_AProVE__aproveSMT5081480561387483523.smt2	4	A	0.016166	9
QF_NIA_AProVE__aproveSMT6061013276766078350.smt2	4	M	0.544077	445
QF_NIA_AProVE__aproveSMT6061013276766078350.smt2	4	A	0.67762	445
QF_NIA_AProVE__aproveSMT6061013276766078350.smt2	4	B	0.762204	445
QF_NIA_AProVE__aproveSMT6531155344723557531.smt2	4	A	0.628338	882
QF_NIA_AProVE__aproveSMT6531155344723557531.smt2	4	B	0.782125	882
QF_NIA_AProVE__aproveSMT6531155344723557531.smt2	4	M	0.612877	882
QF_NIA_AProVE__aproveSMT6744620754635880037.smt2	4	B	0.112749	78
QF_NIA_AProVE__aproveSMT6744620754635880037.smt2	4	M	0.080292	78
QF_NIA_AProVE__aproveSMT6744620754635880037.smt2	4	A	0.096666	78
QF_NIA_AProVE__aproveSMT6761189929823789229.smt2	4	M	0.09425	97
QF_NIA_AProVE__aproveSMT6761189929823789229.smt2	4	A	0.061916	97
QF_NIA_AProVE__aproveSMT6761189929823789229.smt2	4	B	0.086368	97
QF_NIA_AProVE__aproveSMT7934578101815516403.smt2	4	A	0.289342	333
QF_NIA_AProVE__aproveSMT7934578101815516403.smt2	4	B	0.348174	333
QF_NIA_AProVE__aproveSMT7934578101815516403.smt2	4	M	0.287135	333
QF_NIA_AProVE__aproveSMT8211259659113423333.smt2	4	B	0.018752	12
QF_NIA_AProVE__aproveSMT8211259659113423333.smt2	4	M	0.01425	12
QF_NIA_AProVE__aproveSMT8211259659113423333.smt2	4	A	0.015792	12
QF_NIA_AProVE__aproveSMT8505973648273075649.smt2	4	M	0.728	722
QF_NIA_AProVE__aproveSMT8505973648273075649.smt2	4	A	0.628083	722
QF_NIA_AProVE__aproveSMT8505973648273075649.smt2	4	B	0.77341	722
QF_NIA_AProVE__aproveSMT9058095127082541976.smt2	4	A	0.656495	298
QF_NIA_AProVE__aproveSMT9058095127082541976.smt2	4	B	0.668169	298
QF_NIA_AProVE__aproveSMT9058095127082541976.smt2	4	M	0.491908	298
QF_NIA_leipzig__term-4AzLVe.smt2	4	B	0.014667	4
QF_NIA_leipzig__term-4AzLVe.smt2	4	M	0.009917	4
QF_NIA_leipzig__term-4AzLVe.smt2	4	A	0.013668	4
QF_NIA_leipzig__term-4LNX6G.smt2	4	M	0.020331	20
QF_NIA_leipzig__term-4LNX6G.smt2	4	A	0.013291	20
QF_NIA_leipzig__term-4LNX6G.smt2	4	B	0.019042	20
QF_NIA_leipzig__term-BWHEfg.smt2	4	A	0.023666	26
QF_NIA_leipzig__term-BWHEfg.smt2	4	B	0.029248	26
QF_NIA_leipzig__term-BWHEfg.smt2	4	M	0.032375	26
QF_NIA_leipzig__term-H9wl52.smt2	4	B	0.007209	2
QF_NIA_leipzig__term-H9wl52.smt2	4	M	0.006	2
QF_NIA_leipzig__term-H9wl52.smt2	4	A	0.006542	2
QF_NIA_leipzig__term-bEER96.smt2	4	M	0.063245	66
QF_NIA_leipzig__term-bEER96.smt2	4	A	0.039416	66
QF_NIA_leipzig__term-bEER96.smt2	4	B	0.06984	66
QF_NIA_leipzig__term-ddoFAO.smt2	4	A	0.190206	49
QF_NIA_leipzig__term-ddoFAO.smt2	4	B	0.209293	49
QF_NIA_leipzig__term-ddoFAO.smt2	4	M	0.171999	49
QF_NIA_leipzig__term-f2cozZ.smt2	4	B	0.012333	4
QF_NIA_leipzig__term-f2cozZ.smt2	4	M	0.008	4
QF_NIA_leipzig__term-f2cozZ.smt2	4	A	0.007374	4
QF_NIA_leipzig__term-gHq3ie.smt2	4	M	0.028583	3
QF_NIA_leipzig__term-gHq3ie.smt2	4	A	0.010417	3
QF_NIA_leipzig__term-gHq3ie.smt2	4	B	0.020498	3
QF_NIA_leipzig__term-ye1ece.smt2	4	A	0.00625	2
QF_NIA_leipzig__term-ye1ece.smt2	4	B	0.007334	2
QF_NIA_leipzig__term-ye1ece.smt2	4	M	0.00625	2
QF_NIA_mcm__10.smt2	4	B	0.007084	2
QF_NIA_mcm__10.smt2	4	M	0.006166	2
QF_NIA_mcm__10.smt2	4	A	0.012125	2
QF_NIA_mcm__23.smt2	4	M	0.00575	2
QF_NIA_mcm__23.smt2	4	A	0.006125	2
QF_NIA_mcm__23.smt2	4	B	0.007042	2
QF_NIA_mcm__41.smt2	4	A	0.006208	2
QF_NIA_mcm__41.smt2	4	B	0.006958	2
QF_NIA_mcm__41.smt2	4	M	0.006209	2
QF_NIA_mcm__52.smt2	4	B	0.006416	2
QF_NIA_mcm__52.smt2	4	M	0.00575	2
QF_NIA_mcm__52.smt2	4	A	0.006167	2
QF_NIA_mcm__81.smt2	4	M	0.005708	2
QF_NIA_mcm__81.smt2	4	A	0.006208	2
QF_NIA_mcm__81.smt2	4	B	0.007209	2
QF_NIA_mcm__89.smt2	4	A	0.005959	2
QF_NIA_mcm__89.smt2	4	B	0.007125	2
QF_NIA_mcm__89.smt2	4	M	0.006041	2
QF_NIA_mcm__94.smt2	4	B	0.007292	2
QF_NIA_mcm__94.smt2	4	M	0.005833	2
QF_NIA_mcm__94.smt2	4	A	0.00625	2
QF_NRA_20161105-Sturm-MBO__mbo_E10E25.smt2	4	M	0.011167	6
QF_NRA_20161105-Sturm-MBO__mbo_E10E25.smt2	4	A	0.014542	6
QF_NRA_20161105-Sturm-MBO__mbo_E10E25.smt2	4	B	0.015584	6
QF_NRA_20161105-Sturm-MBO__mbo_E11E13.smt2	4	A	0.022042	6
QF_NRA_20161105-Sturm-MBO__mbo_E11E13.smt2	4	B	0.024417	6
QF_NRA_20161105-Sturm-MBO__mbo_E11E13.smt2	4	M	0.012334	6
QF_NRA_20161105-Sturm-MBO__mbo_E12E17.smt2	4	B	0.02825	4
QF_NRA_20161105-Sturm-MBO__mbo_E12E17.smt2	4	M	0.014292	4
QF_NRA_20161105-Sturm-MBO__mbo_E12E17.smt2	4	A	0.024542	4
QF_NRA_20161105-Sturm-MBO__mbo_E15E24.smt2	4	M	0.013958	6
QF_NRA_20161105-Sturm-MBO__mbo_E15E24.smt2	4	A	0.025167	6
QF_NRA_20161105-Sturm-MBO__mbo_E15E24.smt2	4	B	0.028917	6
QF_NRA_20161105-Sturm-MBO__mbo_E1E22.smt2	4	A	0.025875	4
QF_NRA_20161105-Sturm-MBO__mbo_E1E22.smt2	4	B	0.028459	4
QF_NRA_20161105-Sturm-MBO__mbo_E1E22.smt2	4	M	0.015666	4
QF_NRA_20161105-Sturm-MBO__mbo_E20E21.smt2	4	B	0.026956	13
QF_NRA_20161105-Sturm-MBO__mbo_E20E21.smt2	4	M	0.03296	13
QF_NRA_20161105-Sturm-MBO__mbo_E20E21.smt2	4	A	0.022	13
QF_NRA_20161105-Sturm-MBO__mbo_E24E25.smt2	4	M	0.005917	2
QF_NRA_20161105-Sturm-MBO__mbo_E24E25.smt2	4	A	0.010583	2
QF_NRA_20161105-Sturm-MBO__mbo_E24E25.smt2	4	B	0.011542	2
QF_NRA_20161105-Sturm-MBO__mbo_E25E26.smt2	4	A	0.225166	62
QF_NRA_20161105-Sturm-MBO__mbo_E25E26.smt2	4	B	0.239791	62
QF_NRA_20161105-Sturm-MBO__mbo_E25E26.smt2	4	M	0.12454	62
QF_NRA_20161105-Sturm-MBO__mbo_E2E7.smt2	4	B	0.0375	8
QF_NRA_20161105-Sturm-MBO__mbo_E2E7.smt2	4	M	0.020709	8
QF_NRA_20161105-Sturm-MBO__mbo_E2E7.smt2	4	A	0.033168	8
QF_NRA_20161105-Sturm-MBO__mbo_E3E27.smt2	4	M	0.519738	383
QF_NRA_20161105-Sturm-MBO__mbo_E3E27.smt2	4	A	0.86629	383
QF_NRA_20161105-Sturm-MBO__mbo_E3E27.smt2	4	B	0.96038	383
QF_NRA_20161105-Sturm-MBO__mbo_E3E9.smt2	4	A	0.028209	6
QF_NRA_20161105-Sturm-MBO__mbo_E3E9.smt2	4	B	0.029792	6
QF_NRA_20161105-Sturm-MBO__mbo_E3E9.smt2	4	M	0.014916	6
QF_NRA_20161105-Sturm-MBO__mbo_E4E13.smt2	4	B	0.064334	12
QF_NRA_20161105-Sturm-MBO__mbo_E4E13.smt2	4	M	0.032875	12
QF_NRA_20161105-Sturm-MBO__mbo_E4E13.smt2	4	A	0.059208	12
QF_NRA_20161105-Sturm-MBO__mbo_E5E12.smt2	4	M	0.0085	4
QF_NRA_20161105-Sturm-MBO__mbo_E5E12.smt2	4	A	0.017833	4
QF_NRA_20161105-Sturm-MBO__mbo_E5E12.smt2	4	B	0.019209	4
QF_NRA_20161105-Sturm-MBO__mbo_E5E16.smt2	4	A	0.031042	11
QF_NRA_20161105-Sturm-MBO__mbo_E5E16.smt2	4	B	0.033125	11
QF_NRA_20161105-Sturm-MBO__mbo_E5E16.smt2	4	M	0.020665	11
QF_NRA_20161105-Sturm-MBO__mbo_E5E19.smt2	4	B	0.032291	7
QF_NRA_20161105-Sturm-MBO__mbo_E5E19.smt2	4	M	0.014709	7
QF_NRA_20161105-Sturm-MBO__mbo_E5E19.smt2	4	A	0.030583	7
QF_NRA_20161105-Sturm-MBO__mbo_E6E14.smt2	4	M	0.009917	2
QF_NRA_20161105-Sturm-MBO__mbo_E6E14.smt2	4	A	0.01975	2
QF_NRA_20161105-Sturm-MBO__mbo_E6E14.smt2	4	B	0.021458	2
QF_NRA_20161105-Sturm-MBO__mbo_E6E17.smt2	4	A	0.991668	642
QF_NRA_20161105-Sturm-MBO__mbo_E6E17.smt2	4	B	1.11203	642
QF_NRA_20161105-Sturm-MBO__mbo_E6E17.smt2	4	M	0.738165	642
QF_NRA_20161105-Sturm-MBO__mbo_E8E19.smt2	4	B	0.031209	6
QF_NRA_20161105-Sturm-MBO__mbo_E8E19.smt2	4	M	0.015833	6
QF_NRA_20161105-Sturm-MBO__mbo_E8E19.smt2	4	A	0.029542	6
QF_NRA_20161105-Sturm-MBO__mbo_E8E9.smt2	4	M	0.01475	4
QF_NRA_20161105-Sturm-MBO__mbo_E8E9.smt2	4	A	0.023	4
QF_NRA_20161105-Sturm-MBO__mbo_E8E9.smt2	4	B	0.025208	4
QF_NRA_20161105-Sturm-MGC__mgc_02.smt2	4	A	0.059498	18
QF_NRA_20161105-Sturm-MGC__mgc_02.smt2	4	B	0.066581	18
QF_NRA_20161105-Sturm-MGC__mgc_02.smt2	4	M	0.035626	18
QF_NRA_20161105-Sturm-MGC__mgc_03.smt2	4	B	0.098	18
QF_NRA_20161105-Sturm-MGC__mgc_03.smt2	4	M	0.044041	18
QF_NRA_20161105-Sturm-MGC__mgc_03.smt2	4	A	0.082625	18
QF_NRA_20161105-Sturm-MGC__mgc_04.smt2	4	M	0.040792	16
QF_NRA_20161105-Sturm-MGC__mgc_04.smt2	4	A	0.072916	16
QF_NRA_20161105-Sturm-MGC__mgc_04.smt2	4	B	0.078793	16
QF_NRA_20161105-Sturm-MGC__mgc_05.smt2	4	A	0.081833	18
QF_NRA_20161105-Sturm-MGC__mgc_05.smt2	4	B	0.08975	18
QF_NRA_20161105-Sturm-MGC__mgc_05.smt2	4	M	0.055208	18
QF_NRA_20161105-Sturm-MGC__mgc_06.smt2	4	B	0.04725	18
QF_NRA_20161105-Sturm-MGC__mgc_06.smt2	4	M	0.028833	18
QF_NRA_20161105-Sturm-MGC__mgc_06.smt2	4	A	0.036666	18
QF_NRA_20161105-Sturm-MGC__mgc_07.smt2	4	M	0.047876	18
QF_NRA_20161105-Sturm-MGC__mgc_07.smt2	4	A	0.087292	18
QF_NRA_20161105-Sturm-MGC__mgc_07.smt2	4	B	0.098334	18
QF_NRA_20161105-Sturm-MGC__mgc_08.smt2	4	A	0.060543	18
QF_NRA_20161105-Sturm-MGC__mgc_08.smt2	4	B	0.067375	18
QF_NRA_20161105-Sturm-MGC__mgc_08.smt2	4	M	0.038751	18
QF_NRA_20161105-Sturm-MGC__mgc_09.smt2	4	B	0.102873	35
QF_NRA_20161105-Sturm-MGC__mgc_09.smt2	4	M	0.062335	35
QF_NRA_20161105-Sturm-MGC__mgc_09.smt2	4	A	0.101706	35
QF_NRA_20161105-Sturm-MGC__mgc_10.smt2	4	M	0.058374	27
QF_NRA_20161105-Sturm-MGC__mgc_10.smt2	4	A	0.106041	27
QF_NRA_20161105-Sturm-MGC__mgc_10.smt2	4	B	0.112208	27
QF_NRA_20170501-Heizmann-UltimateInvariantSynthesis__array_ptr_single_elem_init.i_4_2_2.bpl_5.smt2	4	A	0.040877	35
QF_NRA_20170501-Heizmann-UltimateInvariantSynthesis__array_ptr_single_elem_init.i_4_2_2.bpl_5.smt2	4	B	0.047831	35
QF_NRA_20170501-Heizmann-UltimateInvariantSynthesis__array_ptr_single_elem_init.i_4_2_2.bpl_5.smt2	4	M	0.048128	35
QF_NRA_20170501-Heizmann-UltimateInvariantSynthesis__array_single_elem_init.i_4_2_2.bpl_5.smt2	4	B	0.050877	64
QF_NRA_20170501-Heizmann-UltimateInvariantSynthesis__array_single_elem_init.i_4_2_2.bpl_5.smt2	4	M	0.065376	64
QF_NRA_20170501-Heizmann-UltimateInvariantSynthesis__array_single_elem_init.i_4_2_2.bpl_5.smt2	4	A	0.033917	64
QF_NRA_20170501-Heizmann-UltimateInvariantSynthesis__gj2007.c.i_4_3_3.bpl_5.smt2	4	M	3.78937	4669
QF_NRA_20170501-Heizmann-UltimateInvariantSynthesis__gj2007.c.i_4_3_3.bpl_5.smt2	4	A	4.59704	4669
QF_NRA_20170501-Heizmann-UltimateInvariantSynthesis__gj2007.c.i_4_3_3.bpl_5.smt2	4	B	5.32135	4669
QF_NRA_20170501-Heizmann-UltimateInvariantSynthesis__gr2006.c.i_4_4_3.bpl_5.smt2	4	A	1.27766	1343
QF_NRA_20170501-Heizmann-UltimateInvariantSynthesis__gr2006.c.i_4_4_3.bpl_5.smt2	4	B	1.45754	1343
QF_NRA_20170501-Heizmann-UltimateInvariantSynthesis__gr2006.c.i_4_4_3.bpl_5.smt2	4	M	1.08883	1343
QF_NRA_20170501-Heizmann-UltimateInvariantSynthesis__linear_search.i_7_23_3.bpl_3.smt2	4	B	0.817494	740
QF_NRA_20170501-Heizmann-UltimateInvariantSynthesis__linear_search.i_7_23_3.bpl_3.smt2	4	M	0.969746	740
QF_NRA_20170501-Heizmann-UltimateInvariantSynthesis__linear_search.i_7_23_3.bpl_3.smt2	4	A	0.699922	740
QF_NRA_20170501-Heizmann-UltimateInvariantSynthesis__standard_copy1_ground.i_3_2_2.bpl_9.smt2	4	M	1.69172	1930
QF_NRA_20170501-Heizmann-UltimateInvariantSynthesis__standard_copy1_ground.i_3_2_2.bpl_9.smt2	4	A	1.02717	1930
QF_NRA_20170501-Heizmann-UltimateInvariantSynthesis__standard_copy1_ground.i_3_2_2.bpl_9.smt2	4	B	1.31007	1930
QF_NRA_20170501-Heizmann-UltimateInvariantSynthesis__standard_copy3_ground.i_3_2_2.bpl_5.smt2	4	A	0.10371	256
QF_NRA_20170501-Heizmann-UltimateInvariantSynthesis__standard_copy3_ground.i_3_2_2.bpl_5.smt2	4	B	0.156201	256
QF_NRA_20170501-Heizmann-UltimateInvariantSynthesis__standard_copy3_ground.i_3_2_2.bpl_5.smt2	4	M	0.215839	256
QF_NRA_20170501-Heizmann-UltimateInvariantSynthesis__standard_init9_ground.i_3_2_2.bpl_3.smt2	4	B	1.92484	683
QF_NRA_20170501-Heizmann-UltimateInvariantSynthesis__standard_init9_ground.i_3_2_2.bpl_3.smt2	4	M	1.19329	683
QF_NRA_20170501-Heizmann-UltimateInvariantSynthesis__standard_init9_ground.i_3_2_2.bpl_3.smt2	4	A	1.633	683
QF_NRA_2019-ezsmt__inst_1_1000000.smt2	4	M	0.170712	292
QF_NRA_2019-ezsmt__inst_1_1000000.smt2	4	A	0.099625	292
QF_NRA_2019-ezsmt__inst_1_1000000.smt2	4	B	0.153996	292
QF_NRA_20200911-Pine__1599121684477306000.smt2	4	A	0.068206	28
QF_NRA_20200911-Pine__1599121684477306000.smt2	4	B	0.076042	28
QF_NRA_20200911-Pine__1599121684477306000.smt2	4	M	0.051041	28
QF_NRA_20200911-Pine__1599121684653478000.smt2	4	B	0.056292	20
QF_NRA_20200911-Pine__1599121684653478000.smt2	4	M	0.041044	20
QF_NRA_20200911-Pine__1599121684653478000.smt2	4	A	0.048749	20
QF_NRA_20200911-Pine__1599121861020640000.smt2	4	M	0.006083	2
QF_NRA_20200911-Pine__1599121861020640000.smt2	4	A	0.006458	2
QF_NRA_20200911-Pine__1599121861020640000.smt2	4	B	0.007333	2
QF_NRA_20200911-Pine__1599121889458073000.smt2	4	A	0.266753	114
QF_NRA_20200911-Pine__1599121889458073000.smt2	4	B	0.344794	114
QF_NRA_20200911-Pine__1599121889458073000.smt2	4	M	0.194961	114
QF_NRA_20200911-Pine__1599121899872501000.smt2	4	B	0.191792	27
QF_NRA_20200911-Pine__1599121899872501000.smt2	4	M	0.12375	27
QF_NRA_20200911-Pine__1599121899872501000.smt2	4	A	0.202084	27
QF_NRA_20200911-Pine__1599121900961647000.smt2	4	M	0.064708	23
QF_NRA_20200911-Pine__1599121900961647000.smt2	4	A	0.065668	23
QF_NRA_20200911-Pine__1599121900961647000.smt2	4	B	0.069166	23
QF_NRA_20200911-Pine__1599121904275696000.smt2	4	A	0.213207	27
QF_NRA_20200911-Pine__1599121904275696000.smt2	4	B	0.21929	27
QF_NRA_20200911-Pine__1599121904275696000.smt2	4	M	0.149626	27
QF_NRA_20200911-Pine__1599121979753628000.smt2	4	B	0.061082	50
QF_NRA_20200911-Pine__1599121979753628000.smt2	4	M	0.058501	50
QF_NRA_20200911-Pine__1599121979753628000.smt2	4	A	0.050334	50
QF_NRA_20200911-Pine__1599122159324430000.smt2	4	M	0.019001	14
QF_NRA_20200911-Pine__1599122159324430000.smt2	4	A	0.024458	14
QF_NRA_20200911-Pine__1599122159324430000.smt2	4	B	0.028667	14
QF_NRA_20200911-Pine__1599122159846134000.smt2	4	A	0.025541	16
QF_NRA_20200911-Pine__1599122159846134000.smt2	4	B	0.027874	16
QF_NRA_20200911-Pine__1599122159846134000.smt2	4	M	0.021167	16
QF_NRA_20200911-Pine__1599122162465867000.smt2	4	B	0.012458	10
QF_NRA_20200911-Pine__1599122162465867000.smt2	4	M	0.012582	10
QF_NRA_20200911-Pine__1599122162465867000.smt2	4	A	0.009625	10
QF_NRA_20200911-Pine__1599122162569064000.smt2	4	M	0.007291	4
QF_NRA_20200911-Pine__1599122162569064000.smt2	4	A	0.00725	4
QF_NRA_20200911-Pine__1599122162569064000.smt2	4	B	0.008834	4
QF_NRA_20200911-Pine__1599122163190413000.smt2	4	A	0.009416	10
QF_NRA_20200911-Pine__1599122163190413000.smt2	4	B	0.011959	10
QF_NRA_20200911-Pine__1599122163190413000.smt2	4	M	0.012333	10
QF_NRA_20200911-Pine__1599122163683961000.smt2	4	B	0.041665	16
QF_NRA_20200911-Pine__1599122163683961000.smt2	4	M	0.02471	16
QF_NRA_20200911-Pine__1599122163683961000.smt2	4	A	0.034794	16
QF_NRA_20200911-Pine__1599122165140235000.smt2	4	M	0.012333	10
QF_NRA_20200911-Pine__1599122165140235000.smt2	4	A	0.009166	10
QF_NRA_20200911-Pine__1599122165140235000.smt2	4	B	0.012084	10
QF_NRA_20200911-Pine__1599122166207559000.smt2	4	A	0.009792	10
QF_NRA_20200911-Pine__1599122166207559000.smt2	4	B	0.011917	10
QF_NRA_20200911-Pine__1599122166207559000.smt2	4	M	0.012291	10
QF_NRA_20211101-Geogebra__IsoRightTriangle-Bottema1_12b.smt2	4	B	0.012625	4
QF_NRA_20211101-Geogebra__IsoRightTriangle-Bottema1_12b.smt2	4	M	0.008583	4
QF_NRA_20211101-Geogebra__IsoRightTriangle-Bottema1_12b.smt2	4	A	0.011167	4
QF_NRA_20211101-Geogebra__IsoRightTriangle-Bottema1_2b.smt2	4	M	0.007707	4
QF_NRA_20211101-Geogebra__IsoRightTriangle-Bottema1_2b.smt2	4	A	0.007124	4
QF_NRA_20211101-Geogebra__IsoRightTriangle-Bottema1_2b.smt2	4	B	0.008667	4
QF_NRA_20211101-Geogebra__IsoTriangle-Area_Perimeter_a.smt2	4	A	0.009542	4
QF_NRA_20211101-Geogebra__IsoTriangle-Area_Perimeter_a.smt2	4	B	0.011917	4
QF_NRA_20211101-Geogebra__IsoTriangle-Area_Perimeter_a.smt2	4	M	0.008875	4
QF_NRA_20211101-Geogebra__IsoTriangle-Bottema6_1a.smt2	4	B	0.028958	14
QF_NRA_20211101-Geogebra__IsoTriangle-Bottema6_1a.smt2	4	M	0.017251	14
QF_NRA_20211101-Geogebra__IsoTriangle-Bottema6_1a.smt2	4	A	0.024916	14
QF_NRA_20211101-Geogebra__IsoTriangle-Bottema6_1b.smt2	4	M	0.026917	20
QF_NRA_20211101-Geogebra__IsoTriangle-Bottema6_1b.smt2	4	A	0.037873	20
QF_NRA_20211101-Geogebra__IsoTriangle-Bottema6_1b.smt2	4	B	0.037918	20
QF_NRA_20211101-Geogebra__IsoTriangle-Median_Perimeter_a2.smt2	4	A	0.020958	10
QF_NRA_20211101-Geogebra__IsoTriangle-Median_Perimeter_a2.smt2	4	B	0.023667	10
QF_NRA_20211101-Geogebra__IsoTriangle-Median_Perimeter_a2.smt2	4	M	0.026751	10
QF_NRA_20211101-Geogebra__IsoTriangle-Perimeter_CircumRadius_a.smt2	4	B	0.023665	20
QF_NRA_20211101-Geogebra__IsoTriangle-Perimeter_CircumRadius_a.smt2	4	M	0.023958	20
QF_NRA_20211101-Geogebra__IsoTriangle-Perimeter_CircumRadius_a.smt2	4	A	0.01821	20
QF_NRA_20211101-Geogebra__PythagoreanGeneralization_Triangle-aa+bb_cc.smt2	4	M	0.008834	4
QF_NRA_20211101-Geogebra__PythagoreanGeneralization_Triangle-aa+bb_cc.smt2	4	A	0.007459	4
QF_NRA_20211101-Geogebra__PythagoreanGeneralization_Triangle-aa+bb_cc.smt2	4	B	0.008417	4
QF_NRA_20211101-Geogebra__RightTriangle-Bottema1_1b.smt2	4	A	0.006875	4
QF_NRA_20211101-Geogebra__RightTriangle-Bottema1_1b.smt2	4	B	0.008625	4
QF_NRA_20211101-Geogebra__RightTriangle-Bottema1_1b.smt2	4	M	0.00825	4
QF_NRA_20211101-Geogebra__RightTriangle-Bottema5_3b.smt2	4	B	0.014	4
QF_NRA_20211101-Geogebra__RightTriangle-Bottema5_3b.smt2	4	M	0.009376	4
QF_NRA_20211101-Geogebra__RightTriangle-Bottema5_3b.smt2	4	A	0.013208	4
QF_NRA_20211101-Geogebra__Triangle-Bottema1_9.smt2	4	M	0.0075	4
QF_NRA_20211101-Geogebra__Triangle-Bottema1_9.smt2	4	A	0.007	4
QF_NRA_20211101-Geogebra__Triangle-Bottema1_9.smt2	4	B	0.008833	4
QF_NRA_20220314-Uncu__BDC_ProveIneq_Mitrinovic_4_22b.smt2	4	A	0.006166	2
QF_NRA_20220314-Uncu__BDC_ProveIneq_Mitrinovic_4_22b.smt2	4	B	0.007167	2
QF_NRA_20220314-Uncu__BDC_ProveIneq_Mitrinovic_4_22b.smt2	4	M	0.006041	2
QF_NRA_20240407-pPDA-Chiari-Pontiggia-Winkler__and_or_PRAY.smt2	4	B	4.10603	1305
QF_NRA_20240407-pPDA-Chiari-Pontiggia-Winkler__and_or_PRAY.smt2	4	M	2.784	1305
QF_NRA_20240407-pPDA-Chiari-Pontiggia-Winkler__and_or_PRAY.smt2	4	A	3.82284	1305
QF_NRA_20240407-pPDA-Chiari-Pontiggia-Winkler__call_ret_loop_1_POMC_hints.smt2	4	M	0.139043	80
QF_NRA_20240407-pPDA-Chiari-Pontiggia-Winkler__call_ret_loop_1_POMC_hints.smt2	4	A	0.185376	80
QF_NRA_20240407-pPDA-Chiari-Pontiggia-Winkler__call_ret_loop_1_POMC_hints.smt2	4	B	0.188086	80
QF_NRA_20240407-pPDA-Chiari-Pontiggia-Winkler__call_ret_loop_1_POMC_no_hints.smt2	4	A	0.449042	120
QF_NRA_20240407-pPDA-Chiari-Pontiggia-Winkler__call_ret_loop_1_POMC_no_hints.smt2	4	B	0.467914	120
QF_NRA_20240407-pPDA-Chiari-Pontiggia-Winkler__call_ret_loop_1_POMC_no_hints.smt2	4	M	0.335791	120
QF_NRA_20240407-pPDA-Chiari-Pontiggia-Winkler__call_ret_loop_2_POMC_hints.smt2	4	B	0.197708	84
QF_NRA_20240407-pPDA-Chiari-Pontiggia-Winkler__call_ret_loop_2_POMC_hints.smt2	4	M	0.145252	84
QF_NRA_20240407-pPDA-Chiari-Pontiggia-Winkler__call_ret_loop_2_POMC_hints.smt2	4	A	0.18225	84
QF_NRA_20240407-pPDA-Chiari-Pontiggia-Winkler__call_ret_loop_2_POMC_no_hints.smt2	4	M	0.335501	130
QF_NRA_20240407-pPDA-Chiari-Pontiggia-Winkler__call_ret_loop_2_POMC_no_hints.smt2	4	A	0.445873	130
QF_NRA_20240407-pPDA-Chiari-Pontiggia-Winkler__call_ret_loop_2_POMC_no_hints.smt2	4	B	0.485338	130
QF_NRA_20240407-pPDA-Chiari-Pontiggia-Winkler__escape25_POMC_hints.smt2	4	A	0.63888	376
QF_NRA_20240407-pPDA-Chiari-Pontiggia-Winkler__escape25_POMC_hints.smt2	4	B	0.699116	376
QF_NRA_20240407-pPDA-Chiari-Pontiggia-Winkler__escape25_POMC_hints.smt2	4	M	0.512711	376
QF_NRA_20240407-pPDA-Chiari-Pontiggia-Winkler__escape25_POMC_no_hints.smt2	4	B	0.573921	707
QF_NRA_20240407-pPDA-Chiari-Pontiggia-Winkler__escape25_POMC_no_hints.smt2	4	M	0.596706	707
QF_NRA_20240407-pPDA-Chiari-Pontiggia-Winkler__escape25_POMC_no_hints.smt2	4	A	0.453634	707
QF_NRA_20240407-pPDA-Chiari-Pontiggia-Winkler__mod5_POMC_hints.smt2	4	M	0.230292	64
QF_NRA_20240407-pPDA-Chiari-Pontiggia-Winkler__mod5_POMC_hints.smt2	4	A	0.341958	64
QF_NRA_20240407-pPDA-Chiari-Pontiggia-Winkler__mod5_POMC_hints.smt2	4	B	0.356207	64
QF_NRA_20240407-pPDA-Chiari-Pontiggia-Winkler__mod5_POMC_no_hints.smt2	4	A	0.019916	20
QF_NRA_20240407-pPDA-Chiari-Pontiggia-Winkler__mod5_POMC_no_hints.smt2	4	B	0.023418	20
QF_NRA_20240407-pPDA-Chiari-Pontiggia-Winkler__mod5_POMC_no_hints.smt2	4	M	0.021166	20
QF_NRA_20240407-pPDA-Chiari-Pontiggia-Winkler__mod7_POMC_no_hints.smt2	4	B	0.022085	16
QF_NRA_20240407-pPDA-Chiari-Pontiggia-Winkler__mod7_POMC_no_hints.smt2	4	M	0.019416	16
QF_NRA_20240407-pPDA-Chiari-Pontiggia-Winkler__mod7_POMC_no_hints.smt2	4	A	0.016958	16
QF_NRA_20240407-pPDA-Chiari-Pontiggia-Winkler__schelling_POMC_hints.smt2	4	M	0.57921	381
QF_NRA_20240407-pPDA-Chiari-Pontiggia-Winkler__schelling_POMC_hints.smt2	4	A	0.77112	381
QF_NRA_20240407-pPDA-Chiari-Pontiggia-Winkler__schelling_POMC_hints.smt2	4	B	0.854204	381
QF_NRA_20240407-pPDA-Chiari-Pontiggia-Winkler__schelling_POMC_no_hints.smt2	4	A	2.93533	1779
QF_NRA_20240407-pPDA-Chiari-Pontiggia-Winkler__schelling_POMC_no_hints.smt2	4	B	3.16069	1779
QF_NRA_20240407-pPDA-Chiari-Pontiggia-Winkler__schelling_POMC_no_hints.smt2	4	M	2.12357	1779
QF_NRA_20240407-pPDA-Chiari-Pontiggia-Winkler__sqrt2by2_bern_PRAY.smt2	4	B	0.199087	44
QF_NRA_20240407-pPDA-Chiari-Pontiggia-Winkler__sqrt2by2_bern_PRAY.smt2	4	M	0.101376	44
QF_NRA_20240407-pPDA-Chiari-Pontiggia-Winkler__sqrt2by2_bern_PRAY.smt2	4	A	0.176208	44
QF_NRA_LassoRanker__Ben-Amram-2010LMCS-Ex2.3_true-termination.c_Iteration1_Lasso_3-pieceTemplate.smt2	4	M	0.024747	28
QF_NRA_LassoRanker__Ben-Amram-2010LMCS-Ex2.3_true-termination.c_Iteration1_Lasso_3-pieceTemplate.smt2	4	A	0.019125	28
QF_NRA_LassoRanker__Ben-Amram-2010LMCS-Ex2.3_true-termination.c_Iteration1_Lasso_3-pieceTemplate.smt2	4	B	0.025085	28
QF_NRA_LassoRanker__BradleyMannaSipma-2005ICALP-Fig1-deterministic.bpl_Iteration1_Lasso_3-pieceTemplate.smt2	4	A	0.333785	232
QF_NRA_LassoRanker__BradleyMannaSipma-2005ICALP-Fig1-deterministic.bpl_Iteration1_Lasso_3-pieceTemplate.smt2	4	B	0.431583	232
QF_NRA_LassoRanker__BradleyMannaSipma-2005ICALP-Fig1-deterministic.bpl_Iteration1_Lasso_3-pieceTemplate.smt2	4	M	0.325465	232
QF_NRA_LassoRanker__Braverman-2006CAV-Ex1-int.bpl_Iteration1_Loop_4-pieceTemplate.smt2	4	B	0.057917	22
QF_NRA_LassoRanker__Braverman-2006CAV-Ex1-int.bpl_Iteration1_Loop_4-pieceTemplate.smt2	4	M	0.044332	22
QF_NRA_LassoRanker__Braverman-2006CAV-Ex1-int.bpl_Iteration1_Loop_4-pieceTemplate.smt2	4	A	0.048998	22
QF_NRA_LassoRanker__Khartoum.bpl_Iteration1_Loop_4-pieceTemplate.smt2	4	M	5.34277	6186
QF_NRA_LassoRanker__Khartoum.bpl_Iteration1_Loop_4-pieceTemplate.smt2	4	A	6.57519	6186
QF_NRA_LassoRanker__Khartoum.bpl_Iteration1_Loop_4-pieceTemplate.smt2	4	B	7.71319	6186
QF_NRA_LassoRanker__Mysore2.bpl_Iteration1_Loop_4-pieceTemplate.smt2	4	A	0.280176	572
QF_NRA_LassoRanker__Mysore2.bpl_Iteration1_Loop_4-pieceTemplate.smt2	4	B	0.365835	572
QF_NRA_LassoRanker__Mysore2.bpl_Iteration1_Loop_4-pieceTemplate.smt2	4	M	0.340864	572
QF_NRA_LassoRanker__NoriSharma-2013FSE-Fig8_true-termination.c_Iteration1_Lasso_3-pieceTemplate.smt2	4	B	3.91297	4046
QF_NRA_LassoRanker__NoriSharma-2013FSE-Fig8_true-termination.c_Iteration1_Lasso_3-pieceTemplate.smt2	4	M	2.76339	4046
QF_NRA_LassoRanker__NoriSharma-2013FSE-Fig8_true-termination.c_Iteration1_Lasso_3-pieceTemplate.smt2	4	A	3.10957	4046
QF_NRA_LassoRanker__NoriSharma-2013FSE-Fig8_true-termination.c_Iteration1_Loop_3-pieceTemplate.smt2	4	M	0.055164	43
QF_NRA_LassoRanker__NoriSharma-2013FSE-Fig8_true-termination.c_Iteration1_Loop_3-pieceTemplate.smt2	4	A	0.035336	43
QF_NRA_LassoRanker__NoriSharma-2013FSE-Fig8_true-termination.c_Iteration1_Loop_3-pieceTemplate.smt2	4	B	0.052126	43
QF_NRA_LassoRanker__TwoPhase.bpl_Iteration1_Loop_3-pieceTemplate.smt2	4	A	1.2163	2564
QF_NRA_LassoRanker__TwoPhase.bpl_Iteration1_Loop_3-pieceTemplate.smt2	4	B	1.56132	2564
QF_NRA_LassoRanker__TwoPhase.bpl_Iteration1_Loop_3-pieceTemplate.smt2	4	M	1.50502	2564
QF_NRA_LassoRanker__fun4.t2.c_Iteration1_Loop_4-pieceTemplate.smt2	4	B	0.018293	8
QF_NRA_LassoRanker__fun4.t2.c_Iteration1_Loop_4-pieceTemplate.smt2	4	M	0.013042	8
QF_NRA_LassoRanker__fun4.t2.c_Iteration1_Loop_4-pieceTemplate.smt2	4	A	0.013876	8
QF_NRA_LassoRanker__nested.t2.c_Iteration4_Loop_4-pieceTemplate.smt2	4	M	0.042165	42
QF_NRA_LassoRanker__nested.t2.c_Iteration4_Loop_4-pieceTemplate.smt2	4	A	0.030792	42
QF_NRA_LassoRanker__nested.t2.c_Iteration4_Loop_4-pieceTemplate.smt2	4	B	0.040498	42
QF_NRA_UltimateAutomizer__InVarSynth_StructPositiveSum-Safe.c_Iteration2_0.smt2	4	A	0.105125	238
QF_NRA_UltimateAutomizer__InVarSynth_StructPositiveSum-Safe.c_Iteration2_0.smt2	4	B	0.15146	238
QF_NRA_UltimateAutomizer__InVarSynth_StructPositiveSum-Safe.c_Iteration2_0.smt2	4	M	0.170911	238
QF_NRA_hycomp__ball_count_1d_plain.02.seq_lazy_linear_enc_lemmas_global_8.smt2	4	B	0.028374	26
QF_NRA_hycomp__ball_count_1d_plain.02.seq_lazy_linear_enc_lemmas_global_8.smt2	4	M	0.028462	26
QF_NRA_hycomp__ball_count_1d_plain.02.seq_lazy_linear_enc_lemmas_global_8.smt2	4	A	0.021083	26
QF_NRA_hycomp__ball_count_1d_plain.03.seq_lazy_linear_enc_global_10.smt2	4	M	0.288037	356
QF_NRA_hycomp__ball_count_1d_plain.03.seq_lazy_linear_enc_global_10.smt2	4	A	0.13142	356
QF_NRA_hycomp__ball_count_1d_plain.03.seq_lazy_linear_enc_global_10.smt2	4	B	0.215289	356
QF_NRA_hycomp__ball_count_1d_plain.04.redlog_global_6.smt2	4	A	3.56254	3162
QF_NRA_hycomp__ball_count_1d_plain.04.redlog_global_6.smt2	4	B	4.21021	3162
QF_NRA_hycomp__ball_count_1d_plain.04.redlog_global_6.smt2	4	M	3.22085	3162
QF_NRA_hycomp__ball_count_1d_plain.04.seq_lazy_linear_enc_lemmas_global_12.smt2	4	B	1.3938	1894
QF_NRA_hycomp__ball_count_1d_plain.04.seq_lazy_linear_enc_lemmas_global_12.smt2	4	M	1.52277	1894
QF_NRA_hycomp__ball_count_1d_plain.04.seq_lazy_linear_enc_lemmas_global_12.smt2	4	A	1.10153	1894
QF_NRA_hycomp__ball_count_2d_hill_simple.01.seq_lazy_global_14.smt2	4	M	0.011833	10
QF_NRA_hycomp__ball_count_2d_hill_simple.01.seq_lazy_global_14.smt2	4	A	0.009167	10
QF_NRA_hycomp__ball_count_2d_hill_simple.01.seq_lazy_global_14.smt2	4	B	0.011917	10
QF_NRA_hycomp__ball_count_2d_hill_simple.02.seq_lazy_lemmas_global_14.smt2	4	A	0.063874	178
QF_NRA_hycomp__ball_count_2d_hill_simple.02.seq_lazy_lemmas_global_14.smt2	4	B	0.100045	178
QF_NRA_hycomp__ball_count_2d_hill_simple.02.seq_lazy_lemmas_global_14.smt2	4	M	0.119586	178
QF_NRA_hycomp__ball_count_2d_plain.03.seq_lazy_linear_enc_lemmas_global_4.smt2	4	B	0.652583	542
QF_NRA_hycomp__ball_count_2d_plain.03.seq_lazy_linear_enc_lemmas_global_4.smt2	4	M	0.406838	542
QF_NRA_hycomp__ball_count_2d_plain.03.seq_lazy_linear_enc_lemmas_global_4.smt2	4	A	0.553877	542
QF_NRA_hycomp__ball_count_2d_plain.05.seq_lazy_linear_enc_global_14.smt2	4	M	5.65017	8642
QF_NRA_hycomp__ball_count_2d_plain.05.seq_lazy_linear_enc_global_14.smt2	4	A	6.71473	8642
QF_NRA_hycomp__ball_count_2d_plain.05.seq_lazy_linear_enc_global_14.smt2	4	B	8.17259	8642
QF_NRA_hycomp__ball_count_2d_plain.10.redlog_global_4.smt2	4	A	0.042501	24
QF_NRA_hycomp__ball_count_2d_plain.10.redlog_global_4.smt2	4	B	0.050998	24
QF_NRA_hycomp__ball_count_2d_plain.10.redlog_global_4.smt2	4	M	0.045456	24
QF_NRA_hycomp__ball_count_2d_slope.03.seq_lazy_lemmas_global_6.smt2	4	B	6.87849	2434
QF_NRA_hycomp__ball_count_2d_slope.03.seq_lazy_lemmas_global_6.smt2	4	M	4.32363	2434
QF_NRA_hycomp__ball_count_2d_slope.03.seq_lazy_lemmas_global_6.smt2	4	A	6.61555	2434
QF_NRA_hycomp__ball_count_2d_slope.04.seq_lazy_linear_enc_global_8.smt2	4	M	0.022584	17
QF_NRA_hycomp__ball_count_2d_slope.04.seq_lazy_linear_enc_global_8.smt2	4	A	0.028459	17
QF_NRA_hycomp__ball_count_2d_slope.04.seq_lazy_linear_enc_global_8.smt2	4	B	0.032167	17
QF_NRA_hycomp__etcs_braking_2.01.seq_lazy_linear_enc_global_15.smt2	4	A	2.69338	629
QF_NRA_hycomp__etcs_braking_2.01.seq_lazy_linear_enc_global_15.smt2	4	B	2.63875	629
QF_NRA_hycomp__etcs_braking_2.01.seq_lazy_linear_enc_global_15.smt2	4	M	1.73432	629
QF_NRA_hycomp__simple_ballistics_reach.01.seq_lazy_global_15.smt2	4	B	4.67824	1545
QF_NRA_hycomp__simple_ballistics_reach.01.seq_lazy_global_15.smt2	4	M	3.10222	1545
QF_NRA_hycomp__simple_ballistics_reach.01.seq_lazy_global_15.smt2	4	A	4.49537	1545
QF_NRA_hycomp__simple_ballistics_reach.01.seq_lazy_linear_enc_lemmas_global_9.smt2	4	M	3.12349	743
QF_NRA_hycomp__simple_ballistics_reach.01.seq_lazy_linear_enc_lemmas_global_9.smt2	4	A	4.40766	743
QF_NRA_hycomp__simple_ballistics_reach.01.seq_lazy_linear_enc_lemmas_global_9.smt2	4	B	4.55121	743
QF_NRA_meti-tarski__CMOS-opamp-chunk-0029.smt2	4	A	0.0055	0
QF_NRA_meti-tarski__CMOS-opamp-chunk-0029.smt2	4	B	0.005542	0
QF_NRA_meti-tarski__CMOS-opamp-chunk-0029.smt2	4	M	0.004917	0
QF_NRA_meti-tarski__CMOS-opamp-chunk-0071.smt2	4	B	0.014376	4
QF_NRA_meti-tarski__CMOS-opamp-chunk-0071.smt2	4	M	0.010875	4
QF_NRA_meti-tarski__CMOS-opamp-chunk-0071.smt2	4	A	0.011208	4
QF_NRA_meti-tarski__CMOS-opamp-chunk-0269.smt2	4	M	0.022126	4
QF_NRA_meti-tarski__CMOS-opamp-chunk-0269.smt2	4	A	0.043375	4
QF_NRA_meti-tarski__CMOS-opamp-chunk-0269.smt2	4	B	0.044458	4
QF_NRA_meti-tarski__CMOS-opamp-chunk-0285.smt2	4	A	0.012085	4
QF_NRA_meti-tarski__CMOS-opamp-chunk-0285.smt2	4	B	0.013625	4
QF_NRA_meti-tarski__CMOS-opamp-chunk-0285.smt2	4	M	0.010667	4
QF_NRA_meti-tarski__Chua-1-VC1-L-chunk-0135.smt2	4	B	0.006167	0
QF_NRA_meti-tarski__Chua-1-VC1-L-chunk-0135.smt2	4	M	0.004167	0
QF_NRA_meti-tarski__Chua-1-VC1-L-chunk-0135.smt2	4	A	0.00525	0
QF_NRA_meti-tarski__Chua-2-IL-U-chunk-0022.smt2	4	M	0.016333	3
QF_NRA_meti-tarski__Chua-2-IL-U-chunk-0022.smt2	4	A	0.028999	3
QF_NRA_meti-tarski__Chua-2-IL-U-chunk-0022.smt2	4	B	0.027708	3
QF_NRA_meti-tarski__Chua-2-IL-U-chunk-0039.smt2	4	A	0.007375	1
QF_NRA_meti-tarski__Chua-2-IL-U-chunk-0039.smt2	4	B	0.007792	1
QF_NRA_meti-tarski__Chua-2-IL-U-chunk-0039.smt2	4	M	0.007458	1
QF_NRA_meti-tarski__Chua-2-IL-U-chunk-0099.smt2	4	B	0.040541	2
QF_NRA_meti-tarski__Chua-2-IL-U-chunk-0099.smt2	4	M	0.017541	2
QF_NRA_meti-tarski__Chua-2-IL-U-chunk-0099.smt2	4	A	0.037	2
QF_NRA_meti-tarski__Chua-2-VC1-U-chunk-0123.smt2	4	M	0.115625	6
QF_NRA_meti-tarski__Chua-2-VC1-U-chunk-0123.smt2	4	A	0.285791	6
QF_NRA_meti-tarski__Chua-2-VC1-U-chunk-0123.smt2	4	B	0.249375	6
QF_NRA_meti-tarski__Chua-2-VC2-U-chunk-0108.smt2	4	A	0.037458	2
QF_NRA_meti-tarski__Chua-2-VC2-U-chunk-0108.smt2	4	B	0.037917	2
QF_NRA_meti-tarski__Chua-2-VC2-U-chunk-0108.smt2	4	M	0.016792	2
QF_NRA_meti-tarski__Lyapunov1a-chunk-0036.smt2	4	B	0.032625	26
QF_NRA_meti-tarski__Lyapunov1a-chunk-0036.smt2	4	M	0.032	26
QF_NRA_meti-tarski__Lyapunov1a-chunk-0036.smt2	4	A	0.021498	26
QF_NRA_meti-tarski__Nichols-Plot-Inverted-Pendulum-Fails-1-6-chunk-0034.smt2	4	M	0.012084	4
QF_NRA_meti-tarski__Nichols-Plot-Inverted-Pendulum-Fails-1-6-chunk-0034.smt2	4	A	0.016708	4
QF_NRA_meti-tarski__Nichols-Plot-Inverted-Pendulum-Fails-1-6-chunk-0034.smt2	4	B	0.018124	4
QF_NRA_meti-tarski__Nichols-Plot-Inverted-Pendulum-Fails-1-6-chunk-0234.smt2	4	A	0.010751	2
QF_NRA_meti-tarski__Nichols-Plot-Inverted-Pendulum-Fails-1-6-chunk-0234.smt2	4	B	0.013	2
QF_NRA_meti-tarski__Nichols-Plot-Inverted-Pendulum-Fails-1-6-chunk-0234.smt2	4	M	0.008916	2
QF_NRA_meti-tarski__asin-8-vars4-chunk-0029.smt2	4	B	0.016874	8
QF_NRA_meti-tarski__asin-8-vars4-chunk-0029.smt2	4	M	0.014291	8
QF_NRA_meti-tarski__asin-8-vars4-chunk-0029.smt2	4	A	0.016791	8
QF_NRA_meti-tarski__atan-problem-1-chunk-0032.smt2	4	M	0.009917	8
QF_NRA_meti-tarski__atan-problem-1-chunk-0032.smt2	4	A	0.008334	8
QF_NRA_meti-tarski__atan-problem-1-chunk-0032.smt2	4	B	0.010792	8
QF_NRA_meti-tarski__atan-problem-1-chunk-0087.smt2	4	A	0.021292	20
QF_NRA_meti-tarski__atan-problem-1-chunk-0087.smt2	4	B	0.027333	20
QF_NRA_meti-tarski__atan-problem-1-chunk-0087.smt2	4	M	0.023291	20
QF_NRA_meti-tarski__atan-problem-2-chunk-0101.smt2	4	B	0.009666	6
QF_NRA_meti-tarski__atan-problem-2-chunk-0101.smt2	4	M	0.008874	6
QF_NRA_meti-tarski__atan-problem-2-chunk-0101.smt2	4	A	0.006875	6
QF_NRA_meti-tarski__atan-problem-2-chunk-0107.smt2	4	M	0.004208	0
QF_NRA_meti-tarski__atan-problem-2-chunk-0107.smt2	4	A	0.005375	0
QF_NRA_meti-tarski__atan-problem-2-chunk-0107.smt2	4	B	0.005916	0
QF_NRA_meti-tarski__atan-problem-2-weak-chunk-0061.smt2	4	A	0.00525	0
QF_NRA_meti-tarski__atan-problem-2-weak-chunk-0061.smt2	4	B	0.005875	0
QF_NRA_meti-tarski__atan-problem-2-weak-chunk-0061.smt2	4	M	0.004709	0
QF_NRA_meti-tarski__atan-problem-2-weak-chunk-0100.smt2	4	B	0.009624	4
QF_NRA_meti-tarski__atan-problem-2-weak-chunk-0100.smt2	4	M	0.009042	4
QF_NRA_meti-tarski__atan-problem-2-weak-chunk-0100.smt2	4	A	0.007292	4
QF_NRA_meti-tarski__atan-problem-2-weak-chunk-0225.smt2	4	M	0.004375	0
QF_NRA_meti-tarski__atan-problem-2-weak-chunk-0225.smt2	4	A	0.005292	0
QF_NRA_meti-tarski__atan-problem-2-weak-chunk-0225.smt2	4	B	0.006167	0
QF_NRA_meti-tarski__atan-problem-2-weakT-chunk-0054.smt2	4	A	0.006375	2
QF_NRA_meti-tarski__atan-problem-2-weakT-chunk-0054.smt2	4	B	0.007958	2
QF_NRA_meti-tarski__atan-problem-2-weakT-chunk-0054.smt2	4	M	0.008	2
QF_NRA_meti-tarski__atan-vega-3-chunk-0434.smt2	4	B	0.006333	0
QF_NRA_meti-tarski__atan-vega-3-chunk-0434.smt2	4	M	0.006375	0
QF_NRA_meti-tarski__atan-vega-3-chunk-0434.smt2	4	A	0.00525	0
QF_NRA_meti-tarski__atan-vega-3-chunk-0489.smt2	4	M	0.004459	0
QF_NRA_meti-tarski__atan-vega-3-chunk-0489.smt2	4	A	0.007333	0
QF_NRA_meti-tarski__atan-vega-3-chunk-0489.smt2	4	B	0.007916	0
QF_NRA_meti-tarski__atan-vega-3-chunk-0640.smt2	4	A	0.005417	0
QF_NRA_meti-tarski__atan-vega-3-chunk-0640.smt2	4	B	0.006208	0
QF_NRA_meti-tarski__atan-vega-3-chunk-0640.smt2	4	M	0.005959	0
QF_NRA_meti-tarski__atan-vega-3-weak-chunk-0195.smt2	4	B	0.005708	0
QF_NRA_meti-tarski__atan-vega-3-weak-chunk-0195.smt2	4	M	0.008042	0
QF_NRA_meti-tarski__atan-vega-3-weak-chunk-0195.smt2	4	A	0.006458	0
QF_NRA_meti-tarski__atan-vega-3-weak-chunk-0243.smt2	4	M	0.004375	0
QF_NRA_meti-tarski__atan-vega-3-weak-chunk-0243.smt2	4	A	0.005542	0
QF_NRA_meti-tarski__atan-vega-3-weak-chunk-0243.smt2	4	B	0.006416	0
QF_NRA_meti-tarski__atan-vega-3-weak-chunk-0360.smt2	4	A	0.0055	0
QF_NRA_meti-tarski__atan-vega-3-weak-chunk-0360.smt2	4	B	0.006083	0
QF_NRA_meti-tarski__atan-vega-3-weak-chunk-0360.smt2	4	M	0.007625	0
QF_NRA_meti-tarski__atan-vega-3-weak-chunk-0435.smt2	4	B	0.026167	3
QF_NRA_meti-tarski__atan-vega-3-weak-chunk-0435.smt2	4	M	0.014541	3
QF_NRA_meti-tarski__atan-vega-3-weak-chunk-0435.smt2	4	A	0.023001	3
QF_NRA_meti-tarski__atan-vega-3-weak-chunk-0622.smt2	4	M	0.004959	0
QF_NRA_meti-tarski__atan-vega-3-weak-chunk-0622.smt2	4	A	0.007167	0
QF_NRA_meti-tarski__atan-vega-3-weak-chunk-0622.smt2	4	B	0.008291	0
QF_NRA_meti-tarski__exp-problem-10-2-chunk-0145.smt2	4	A	0.004875	0
QF_NRA_meti-tarski__exp-problem-10-2-chunk-0145.smt2	4	B	0.006084	0
QF_NRA_meti-tarski__exp-problem-10-2-chunk-0145.smt2	4	M	0.007083	0
QF_NRA_meti-tarski__exp-problem-10-2-chunk-0295.smt2	4	B	0.012	7
QF_NRA_meti-tarski__exp-problem-10-2-chunk-0295.smt2	4	M	0.012376	7
QF_NRA_meti-tarski__exp-problem-10-2-chunk-0295.smt2	4	A	0.008959	7
QF_NRA_meti-tarski__exp-problem-10-3-chunk-0187.smt2	4	M	0.00675	1
QF_NRA_meti-tarski__exp-problem-10-3-chunk-0187.smt2	4	A	0.006083	1
QF_NRA_meti-tarski__exp-problem-10-3-chunk-0187.smt2	4	B	0.006833	1
QF_NRA_meti-tarski__exp-problem-10-3-weak-chunk-0042.smt2	4	A	0.016041	1
QF_NRA_meti-tarski__exp-problem-10-3-weak-chunk-0042.smt2	4	B	0.016291	1
QF_NRA_meti-tarski__exp-problem-10-3-weak-chunk-0042.smt2	4	M	0.009125	1
QF_NRA_meti-tarski__exp-problem-10-3-weak-chunk-0129.smt2	4	B	0.008959	1
QF_NRA_meti-tarski__exp-problem-10-3-weak-chunk-0129.smt2	4	M	0.010249	1
QF_NRA_meti-tarski__exp-problem-10-3-weak-chunk-0129.smt2	4	A	0.006708	1
QF_NRA_meti-tarski__polypaver-bench-sqrt-3d-chunk-0407.smt2	4	M	0.006084	2
QF_NRA_meti-tarski__polypaver-bench-sqrt-3d-chunk-0407.smt2	4	A	0.011	2
QF_NRA_meti-tarski__polypaver-bench-sqrt-3d-chunk-0407.smt2	4	B	0.010125	2
QF_NRA_meti-tarski__polypaver-bench-sqrt-3d-chunk-0437.smt2	4	A	0.043793	14
QF_NRA_meti-tarski__polypaver-bench-sqrt-3d-chunk-0437.smt2	4	B	0.048457	14
QF_NRA_meti-tarski__polypaver-bench-sqrt-3d-chunk-0437.smt2	4	M	0.028707	14
QF_NRA_meti-tarski__polypaver-bench-sqrt-3d-chunk-0469.smt2	4	B	0.014249	8
QF_NRA_meti-tarski__polypaver-bench-sqrt-3d-chunk-0469.smt2	4	M	0.01125	8
QF_NRA_meti-tarski__polypaver-bench-sqrt-3d-chunk-0469.smt2	4	A	0.011416	8
QF_NRA_meti-tarski__sin-344-3-chunk-0046.smt2	4	M	0.0075	1
QF_NRA_meti-tarski__sin-344-3-chunk-0046.smt2	4	A	0.006375	1
QF_NRA_meti-tarski__sin-344-3-chunk-0046.smt2	4	B	0.007084	1
QF_NRA_meti-tarski__sin-cos-346-b-chunk-0119.smt2	4	A	0.079625	6
QF_NRA_meti-tarski__sin-cos-346-b-chunk-0119.smt2	4	B	0.080375	6
QF_NRA_meti-tarski__sin-cos-346-b-chunk-0119.smt2	4	M	0.057625	6
QF_NRA_meti-tarski__sin-cos-346-b-chunk-0350.smt2	4	B	0.010042	2
QF_NRA_meti-tarski__sin-cos-346-b-chunk-0350.smt2	4	M	0.006917	2
QF_NRA_meti-tarski__sin-cos-346-b-chunk-0350.smt2	4	A	0.008833	2
QF_NRA_meti-tarski__sin-cos-346-b-chunk-0458.smt2	4	M	0.007166	2
QF_NRA_meti-tarski__sin-cos-346-b-chunk-0458.smt2	4	A	0.006751	2
QF_NRA_meti-tarski__sin-cos-346-b-chunk-0458.smt2	4	B	0.007876	2
QF_NRA_meti-tarski__sin-cos-346-b-chunk-0479.smt2	4	A	0.025166	2
QF_NRA_meti-tarski__sin-cos-346-b-chunk-0479.smt2	4	B	0.026458	2
QF_NRA_meti-tarski__sin-cos-346-b-chunk-0479.smt2	4	M	0.01575	2
QF_NRA_meti-tarski__sin-cos-346-b-chunk-0505.smt2	4	B	0.007916	2
QF_NRA_meti-tarski__sin-cos-346-b-chunk-0505.smt2	4	M	0.007084	2
QF_NRA_meti-tarski__sin-cos-346-b-chunk-0505.smt2	4	A	0.006751	2
QF_NRA_meti-tarski__sin-cos-346-b-chunk-0515.smt2	4	M	0.018416	6
QF_NRA_meti-tarski__sin-cos-346-b-chunk-0515.smt2	4	A	0.028833	6
QF_NRA_meti-tarski__sin-cos-346-b-chunk-0515.smt2	4	B	0.032376	6
QF_NRA_meti-tarski__sin-cos-346-b-chunk-0593.smt2	4	A	0.017958	2
QF_NRA_meti-tarski__sin-cos-346-b-chunk-0593.smt2	4	B	0.019834	2
QF_NRA_meti-tarski__sin-cos-346-b-chunk-0593.smt2	4	M	0.011792	2
QF_NRA_meti-tarski__sin-problem-7-chunk-0017.smt2	4	B	0.007084	2
QF_NRA_meti-tarski__sin-problem-7-chunk-0017.smt2	4	M	0.005958	2
QF_NRA_meti-tarski__sin-problem-7-chunk-0017.smt2	4	A	0.006375	2
QF_NRA_meti-tarski__sin-problem-7-chunk-0125.smt2	4	M	0.011625	8
QF_NRA_meti-tarski__sin-problem-7-chunk-0125.smt2	4	A	0.023333	8
QF_NRA_meti-tarski__sin-problem-7-chunk-0125.smt2	4	B	0.025208	8
QF_NRA_meti-tarski__sin-problem-7-chunk-0264.smt2	4	A	0.19929	20
QF_NRA_meti-tarski__sin-problem-7-chunk-0264.smt2	4	B	0.203625	20
QF_NRA_meti-tarski__sin-problem-7-chunk-0264.smt2	4	M	0.213459	20
QF_NRA_meti-tarski__sin-problem-7-weak2-chunk-0113.smt2	4	B	0.281126	24
QF_NRA_meti-tarski__sin-problem-7-weak2-chunk-0113.smt2	4	M	0.106167	24
QF_NRA_meti-tarski__sin-problem-7-weak2-chunk-0113.smt2	4	A	0.229958	24
QF_NRA_meti-tarski__sqrt-1mcosq-7-chunk-0023.smt2	4	M	0.005667	2
QF_NRA_meti-tarski__sqrt-1mcosq-7-chunk-0023.smt2	4	A	0.006292	2
QF_NRA_meti-tarski__sqrt-1mcosq-7-chunk-0023.smt2	4	B	0.006917	2
QF_NRA_meti-tarski__sqrt-1mcosq-7-chunk-0094.smt2	4	A	0.018542	4
QF_NRA_meti-tarski__sqrt-1mcosq-7-chunk-0094.smt2	4	B	0.020708	4
QF_NRA_meti-tarski__sqrt-1mcosq-7-chunk-0094.smt2	4	M	0.012667	4
QF_NRA_meti-tarski__sqrt-1mcosq-7-chunk-0190.smt2	4	B	0.152541	24
QF_NRA_meti-tarski__sqrt-1mcosq-7-chunk-0190.smt2	4	M	0.071543	24
QF_NRA_meti-tarski__sqrt-1mcosq-7-chunk-0190.smt2	4	A	0.149499	24
QF_NRA_meti-tarski__sqrt-1mcosq-8-chunk-0045.smt2	4	M	0.006334	2
QF_NRA_meti-tarski__sqrt-1mcosq-8-chunk-0045.smt2	4	A	0.006334	2
QF_NRA_meti-tarski__sqrt-1mcosq-8-chunk-0045.smt2	4	B	0.007083	2
QF_NRA_meti-tarski__sqrt-1mcosq-8-chunk-0092.smt2	4	A	0.026041	4
QF_NRA_meti-tarski__sqrt-1mcosq-8-chunk-0092.smt2	4	B	0.020459	4
QF_NRA_meti-tarski__sqrt-1mcosq-8-chunk-0092.smt2	4	M	0.014375	4
QF_NRA_meti-tarski__sqrt-1mcosq-8-chunk-0116.smt2	4	B	0.102957	6
QF_NRA_meti-tarski__sqrt-1mcosq-8-chunk-0116.smt2	4	M	0.049625	6
QF_NRA_meti-tarski__sqrt-1mcosq-8-chunk-0116.smt2	4	A	0.099083	6
QF_NRA_meti-tarski__sqrt-1mcosq-8-chunk-0130.smt2	4	M	0.050666	4
QF_NRA_meti-tarski__sqrt-1mcosq-8-chunk-0130.smt2	4	A	0.097958	4
QF_NRA_meti-tarski__sqrt-1mcosq-8-chunk-0130.smt2	4	B	0.097833	4
QF_NRA_meti-tarski__sqrt-1mcosq-8-chunk-0164.smt2	4	A	0.015542	2
QF_NRA_meti-tarski__sqrt-1mcosq-8-chunk-0164.smt2	4	B	0.016959	2
QF_NRA_meti-tarski__sqrt-1mcosq-8-chunk-0164.smt2	4	M	0.010166	2
QF_NRA_meti-tarski__sqrt-1mcosq-8-chunk-0447.smt2	4	B	0.191334	6
QF_NRA_meti-tarski__sqrt-1mcosq-8-chunk-0447.smt2	4	M	0.255334	6
QF_NRA_meti-tarski__sqrt-1mcosq-8-chunk-0447.smt2	4	A	0.205291	6
QF_NRA_meti-tarski__sqrt-1mcosq-8-chunk-0531.smt2	4	M	0.011083	2
QF_NRA_meti-tarski__sqrt-1mcosq-8-chunk-0531.smt2	4	A	0.015791	2
QF_NRA_meti-tarski__sqrt-1mcosq-8-chunk-0531.smt2	4	B	0.016375	2
QF_NRA_meti-tarski__sqrt-1mcosq-8-chunk-0674.smt2	4	A	0.209167	6
QF_NRA_meti-tarski__sqrt-1mcosq-8-chunk-0674.smt2	4	B	0.191958	6
QF_NRA_meti-tarski__sqrt-1mcosq-8-chunk-0674.smt2	4	M	0.258792	6
QF_NRA_meti-tarski__sqrt-problem-12vars3-chunk-0033.smt2	4	B	0.0075	2
QF_NRA_meti-tarski__sqrt-problem-12vars3-chunk-0033.smt2	4	M	0.006166	2
QF_NRA_meti-tarski__sqrt-problem-12vars3-chunk-0033.smt2	4	A	0.006958	2
QF_NRA_meti-tarski__sqrt-problem-13-sqrt1-chunk-0051.smt2	4	M	0.005875	2
QF_NRA_meti-tarski__sqrt-problem-13-sqrt1-chunk-0051.smt2	4	A	0.006208	2
QF_NRA_meti-tarski__sqrt-problem-13-sqrt1-chunk-0051.smt2	4	B	0.006958	2
QF_NRA_meti-tarski__sqrt-problem-Melquiond2-chunk-0041.smt2	4	A	0.023916	8
QF_NRA_meti-tarski__sqrt-problem-Melquiond2-chunk-0041.smt2	4	B	0.027041	8
QF_NRA_meti-tarski__sqrt-problem-Melquiond2-chunk-0041.smt2	4	M	0.014958	8
QF_NRA_zankl__matrix-1-all-41.smt2	4	B	0.018626	12
QF_NRA_zankl__matrix-1-all-41.smt2	4	M	0.014206	12
QF_NRA_zankl__matrix-1-all-41.smt2	4	A	0.013335	12
QF_NRA_zankl__matrix-3-all-16.smt2	4	M	0.005875	2
QF_NRA_zankl__matrix-3-all-16.smt2	4	A	0.005792	2
QF_NRA_zankl__matrix-3-all-16.smt2	4	B	0.006959	2
QF_NRA_zankl__matrix-3-all-17.smt2	4	A	0.007083	2
QF_NRA_zankl__matrix-3-all-17.smt2	4	B	0.008709	2
QF_NRA_zankl__matrix-3-all-17.smt2	4	M	0.008167	2
QF_NRA_zankl__matrix-4-all-21.smt2	4	B	0.010416	4
QF_NRA_zankl__matrix-4-all-21.smt2	4	M	0.009833	4
QF_NRA_zankl__matrix-4-all-21.smt2	4	A	0.008165	4
QF_NRA_zankl__matrix-4-all-22.smt2	4	M	0.005875	2
QF_NRA_zankl__matrix-4-all-22.smt2	4	A	0.006292	2
QF_NRA_zankl__matrix-4-all-22.smt2	4	B	0.007125	2
